1942.1858447488585, 0, nan, nan, 41.67474919483212
1945.3552511415523, 1, nan, nan, 36.58355629333073
1944.7214611872148, 1, nan, nan, 55.12377096587623
1945.4127853881278, 1, nan, nan, 31.59142496847415
2025.5575342465754, 0, nan, nan, 23.36110671936759
2025.2159817351599, 0, nan, nan, 38.5395602330389
2023.8470319634703, 0, nan, nan, 44.401525658807216
2025.4742009132422, 0, nan, nan, 41.12937851553367
2024.1189497716894, 0, nan, nan, 40.79073640064142
2023.3267123287671, 0, nan, nan, 38.72656339644291
2022.3470319634703, 0, nan, nan, 43.50633571854502
2024.8415525114156, 0, nan, nan, 41.452362341497306
2023.1353881278537, 0, nan, nan, 43.57014320546722
2024.9413242009134, 0, nan, nan, 31.157571772956388
1848.4687214611872, 1, nan, nan, 54.13266811889537
1863.9687214611872, 0, nan, nan, 40.89640591966173
2025.3075342465754, 0, nan, nan, 32.0887832364853
2023.7965753424658, 1, nan, nan, 33.21776757329565
2023.1803652968038, 1, nan, nan, 31.01084175324598
1819.8771689497717, 0, nan, nan, 52.625287356321834
2025.5027397260274, 0, nan, nan, 45.3730193328279
2025.4851598173516, 0, nan, nan, 46.67774086378738
1945.3744292237443, 1, nan, nan, 31.107843137254903
1939.7527397260274, 0, nan, nan, 42.45303940980773
1940.1655251141551, 0, nan, nan, 39.44147355912062
1843.0, 1, nan, nan, 37.53399122807018
2023.3853881278537, 0, nan, nan, 29.812664428921344
2024.4440639269408, 0, nan, nan, 31.172703484368544
2025.1858447488585, 0, nan, nan, 38.77860696517413
2022.907305936073, 0, nan, nan, 31.145918966529656
2026.304794520548, 0, nan, nan, 31.74256718124643
2025.513698630137, 0, nan, nan, 34.41049067905119
2024.9550228310502, 0, nan, nan, 34.198774676650785
2024.9577625570778, 0, nan, nan, 42.46757901596611
2024.4550228310502, 0, nan, nan, 30.044108498195843
2024.8415525114156, 0, nan, nan, 37.694917518199425
2024.4961187214612, 0, nan, nan, 44.72407492005482
2023.4495433789955, 0, nan, nan, 140.054932735426
2023.1353881278537, 0, nan, nan, 43.411564625850346
2023.9358447488585, 0, nan, nan, 38.26013425365876
2023.3267123287671, 0, nan, nan, 47.338405797101444
2026.4385844748858, 0, nan, nan, 27.081222402974667
1958.419406392694, 0, Socialistisk Folkeparti, nan, 51.2415458937198
1931.85799086758, 0, Danmarks Kommunistiske Parti, nan, 52.613732259301884
1940.5860730593606, 0, Danmarks Kommunistiske Parti, nan, 52.455174633832286
1940.594292237443, 0, Danmarks Kommunistiske Parti, nan, 53.4887493458922
1940.9769406392695, 0, Danmarks Kommunistiske Parti, nan, 47.25007192174914
1956.3689497716894, 0, Danmarks Kommunistiske Parti, nan, 49.38257518242959
1956.3689497716894, 0, Danmarks Kommunistiske Parti, nan, 27.82828282828283
1939.804794520548, 0, Danmarks Kommunistiske Parti, nan, 56.05493156409989
2026.401826484018, 0, nan, nan, 33.06597774244833
2024.6627853881278, 0, nan, nan, 38.288730429908895
2024.9155251141551, 0, nan, nan, 38.06901658767772
2021.5465753424658, 0, Regnbuebevægelsen, nan, 29.9279294635386
2021.9522831050228, 0, nan, nan, 23.312927496580027
2024.3853881278537, 0, nan, nan, 33.898276820455806
1588.4824200913242, 1, nan, nan, 75.4205662278042
2025.3321917808219, 1, nan, nan, 32.58996308297464
-324.0, 0, nan, nan, 45.207483556033594
2025.5520547945205, 1, nan, nan, 37.12999445294246
1912.3130136986301, 0, nan, nan, 51.080147933981394
2024.5767123287671, 0, nan, nan, 39.988212927756656
2024.5767123287671, 0, nan, nan, 31.88382768361582
1899.0, 0, nan, nan, 50.57229033733313
2022.3963470319634, 0, Liberal Alliance, nan, 35.07313875270779
2024.419406392694, 0, Liberal Alliance, nan, 36.94534976152623
2025.513698630137, 0, Liberal Alliance, nan, 38.46793648784281
2024.535616438356, 0, Liberal Alliance, nan, 43.354235814762134
2025.7582191780823, 0, Liberal Alliance, nan, 28.725945179584123
2023.2433789954339, 0, Liberal Alliance, nan, 52.52613798008535
2025.7664383561644, 0, Liberal Alliance, nan, 37.33080606101002
2022.2406392694065, 0, Liberal Alliance, nan, 32.29879149881928
2019.8415525114156, 0, Liberal Alliance, nan, 47.47916666666667
2024.8415525114156, 0, Liberal Alliance, nan, 45.39259377155287
2024.4961187214612, 0, Liberal Alliance, nan, 44.80231267170976
2026.3634703196346, 0, Liberal Alliance, nan, 38.0627339837643
2022.7378995433792, 0, Liberal Alliance, nan, 44.04442028206262
2023.1353881278537, 0, Liberal Alliance, nan, 63.625491281090824
2024.2324200913242, 0, Liberal Alliance, nan, 35.339117023327546
2023.844292237443, 0, Liberal Alliance, nan, 35.633567495728116
2020.9742009132422, 0, Liberal Alliance, nan, 37.694152183513886
2023.3267123287671, 0, Liberal Alliance, nan, 46.03365303718661
2022.0712328767124, 1, nan, nan, 32.72983114446529
2020.3689497716894, 1, nan, nan, 31.613912814780722
2021.4824200913242, 1, nan, nan, 36.75933593438968
2020.3102739726028, 1, nan, nan, 38.806811145510835
2022.5657534246575, 0, nan, nan, 29.026497085320614
2026.0860730593606, 0, nan, nan, 24.076479076479075
1909.669406392694, 0, Kvindebevægelsen, nan, 43.286885245901644
2024.5164383561644, 0, nan, nan, 34.712370907492854
2025.7582191780823, 0, nan, nan, 28.617915147497513
2025.0328767123287, 0, nan, nan, 41.355160038086865
2023.777397260274, 0, nan, nan, 35.97195792266869
2025.9742009132422, 0, nan, nan, 36.742842535787325
2025.169406392694, 0, nan, nan, 29.785761154855642
2024.513698630137, 0, nan, nan, 35.532762793914245
2024.7609589041097, 0, nan, nan, 36.65339853300733
2021.8470319634703, 0, nan, nan, 32.19544191217343
2025.3607305936073, 0, nan, nan, 30.157712511938872
2023.777397260274, 0, nan, nan, 29.547454458501804
2023.924885844749, 0, nan, nan, 36.77281947261663
2025.271917808219, 0, nan, nan, 37.446291175332775
2024.379908675799, 0, nan, nan, 33.53064331937571
2025.7582191780823, 0, Radikale Venstre, nan, 26.72598639455782
2024.9468036529681, 0, nan, nan, 32.97794062098663
2024.7883561643835, 0, Radikale Venstre, nan, 37.869281045751634
2024.7132420091325, 0, nan, nan, 29.962314225053078
2023.3908675799087, 0, nan, nan, 35.168725648579304
2021.513698630137, 0, Det Konservative Folkeparti, nan, 29.99086248093849
1983.5657534246575, 0, Venstre, nan, 43.31481481481481
2024.513698630137, 0, nan, nan, 40.63605930176949
2009.0860730593606, 0, Venstre, nan, 33.61740584685212
2003.2993150684931, 0, Venstre, nan, 41.90191387559808
2003.1244292237443, 0, Venstre, nan, 43.34658474024971
1976.5520547945205, 0, Venstre, nan, 45.86752136752137
1998.3826484018264, 0, Venstre, nan, 36.79611319248645
1985.8102739726028, 0, Venstre, nan, 42.12765957446808
2005.3294520547945, 0, Venstre, nan, 38.97214410070979
2003.7461187214612, 0, Venstre, nan, 43.329004329004334
2008.4605022831051, 0, Venstre, nan, 36.04508544418859
2003.2433789954339, 0, Venstre, nan, 43.801336749886815
2005.4961187214612, 0, EU, nan, 36.95969020501139
2003.0493150684931, 0, Venstre, nan, 43.882481052027664
2002.5915525114156, 0, Venstre, nan, 42.457976747941224
2004.4276255707764, 0, Venstre, nan, 38.21815718157181
2003.7324200913242, 0, Venstre, nan, 40.44808645583046
2008.852511415525, 0, Venstre, nan, 39.76338182577524
2008.3294520547945, 0, Venstre, nan, 39.91135279967813
2005.4276255707764, 0, Venstre, nan, 35.157268820391224
2002.594292237443, 0, Venstre, nan, 40.59803539244722
2002.0109589041097, 0, Venstre, nan, 42.95711157595997
2008.9605022831051, 0, Venstre, nan, 40.05350175327645
2001.8102739726028, 0, Venstre, nan, 37.85284578846067
2019.602511415525, 1, nan, nan, 33.40773334549268
2017.777397260274, 1, nan, nan, 36.45970599289687
2020.3689497716894, 1, nan, nan, 32.9510996477799
2023.9495433789955, 1, nan, nan, 39.140586189766516
2015.0383561643835, 1, nan, nan, 35.392024494614134
2025.1721461187215, 1, nan, nan, 35.29863196529863
2016.629908675799, 1, nan, nan, 35.900445103857564
2023.9303652968038, 1, nan, nan, 36.464604498357346
2026.094292237443, 1, nan, nan, 40.9464896028723
2022.0657534246575, 1, nan, nan, 36.1802893442021
2002.0821917808219, 1, nan, nan, 38.37080300208792
2015.3294520547945, 1, nan, nan, 37.724476561052434
2011.3990867579907, 1, nan, nan, 35.40339220437935
2024.1408675799087, 1, nan, nan, 34.35705139930492
2019.9687214611872, 0, nan, nan, 33.644541289529556
2021.7187214611872, 0, nan, nan, 34.62828228490737
2021.7159817351599, 0, nan, nan, 43.13974878444084
2025.3607305936073, 0, nan, nan, 36.34058412567018
2024.9906392694065, 0, nan, nan, 41.33990536800961
2026.021917808219, 0, nan, nan, 25.138845025941798
2022.3020547945205, 0, nan, nan, 24.166360856269115
2024.7461187214612, 0, nan, nan, 30.820998934064264
2019.5164383561644, 0, Liberal Alliance, nan, 35.96390930465809
2019.3321917808219, 0, Liberal Alliance, nan, 30.162508080155142
2023.8321917808219, 0, nan, nan, 28.150395362375086
2019.8267123287671, 0, Det Konservative Folkeparti, nan, 36.23645565636964
2019.3294520547945, 0, Det Konservative Folkeparti, nan, 44.44251220362622
1591.8689497716894, 1, nan, nan, 41.801108394458026
1572.0520547945205, 1, nan, nan, 45.66393676896399
2012.791095890411, 0, Dansk Folkeparti, nan, 41.15367358906813
2025.1408675799087, 0, Dansk Folkeparti, nan, 34.69056939501779
2021.5684931506848, 0, nan, nan, 45.01787151145555
2025.5739726027398, 0, nan, nan, 42.10852600455625
2025.419406392694, 0, Socialdemokratiet, nan, 30.33901681140945
2025.271917808219, 0, Socialdemokratiet, nan, 44.998029556650245
2025.513698630137, 0, Socialdemokratiet, nan, 39.15554886312302
2024.2461187214612, 0, Socialdemokratiet, nan, 33.13178294573643
2025.501598173516, 0, Socialdemokratiet, nan, 25.413972150106208
2026.129908675799, 0, nan, nan, 35.15091324200913
2024.419406392694, 0, Socialdemokratiet, nan, 45.21872815411591
2026.419406392694, 0, Socialdemokratiet, nan, 31.44025557107419
2026.419406392694, 0, Socialdemokratiet, nan, 31.73017145401915
2024.419406392694, 0, nan, nan, 34.381827731092436
2022.2324200913242, 0, nan, nan, 28.10722513089005
2025.5630136986301, 0, nan, nan, 27.9651998849583
1923.901826484018, 0, nan, nan, 58.74130575307046
2025.7609589041097, 0, nan, nan, 32.52170267655595
2024.4495433789955, 1, nan, nan, 37.88752819851756
2023.4495433789955, 0, nan, nan, 26.320334875523244
1899.419406392694, 0, Kvindebevægelsen, nan, 32.21212121212121
1908.1682648401825, 0, Kvindebevægelsen, nan, 52.92081736909323
2023.777397260274, 0, nan, nan, 45.904517391038574
2017.5630136986301, 0, nan, nan, 39.028458075837335
2025.2077625570778, 0, nan, nan, 34.8057961359094
2023.7351598173516, 0, nan, nan, 31.26724256136021
2023.541095890411, 0, nan, nan, 33.29576624925462
2024.8497716894976, 1, nan, nan, 30.838111890903576
2020.7105022831051, 0, nan, nan, 39.629296324406376
2021.0657534246575, 1, nan, nan, 29.265456721180694
2024.7214611872148, 0, nan, nan, 38.40635113268608
2020.7077625570778, 0, Socialdemokratiet, nan, 31.237018874671165
2019.9714611872148, 0, Socialdemokratiet, nan, 35.40160642570281
2024.3826484018264, 0, Socialdemokratiet, nan, 30.25449470568369
2020.852511415525, 0, Socialdemokratiet, nan, 34.313294009068656
2019.9988584474886, 0, Socialdemokratiet, nan, 32.068719140284635
2020.2433789954339, 0, Socialdemokratiet, nan, 32.325414999688135
2021.8321917808219, 0, Socialdemokratiet, nan, 32.76315789473684
2020.1803652968038, 0, Socialdemokratiet, nan, 38.845197740112994
2019.9687214611872, 0, Socialdemokratiet, nan, 31.60237037037037
2020.1858447488585, 0, Socialdemokratiet, nan, 30.551181102362204
2020.0164383561644, 0, Socialdemokratiet, nan, 32.464159811985894
2020.263698630137, 0, Socialdemokratiet, nan, 31.983439697353194
2020.0109589041097, 0, Socialdemokratiet, nan, 31.974681747712733
2020.2664383561644, 0, Socialdemokratiet, nan, 30.924195668323904
2020.2433789954339, 0, Socialdemokratiet, nan, 30.774596520645566
2022.174885844749, 0, Socialdemokratiet, nan, 39.28773126035249
2020.143607305936, 0, Socialdemokratiet, nan, 30.60550898203593
2020.2609589041097, 0, nan, nan, 31.015782347465514
2020.7609589041097, 0, Socialdemokratiet, nan, 30.116333370993864
2020.1463470319634, 0, Socialdemokratiet, nan, 30.104895066894173
2020.1655251141551, 0, Socialdemokratiet, nan, 30.069606876144853
2026.2993150684931, 0, nan, nan, 26.480014803849002
2018.901826484018, 0, nan, nan, 22.178006307418073
2025.271917808219, 0, nan, nan, 30.903743315508024
2024.7938356164384, 0, nan, nan, 42.288475377814336
2025.419406392694, 0, nan, nan, 32.03060081466395
2025.513698630137, 0, nan, nan, 25.856846113899948
2023.2664383561644, 0, nan, nan, 30.434046666366946
2023.1803652968038, 0, Fagbevægelsen, nan, 29.0600456984962
2024.013698630137, 0, Fagbevægelsen, nan, 32.26831501831502
2024.271917808219, 0, nan, nan, 34.47245113204894
2024.271917808219, 0, nan, nan, 33.91231684981685
2021.9155251141551, 0, Kvindebevægelsen, nan, 29.63983488132095
2021.9155251141551, 0, Fagbevægelsen, nan, 32.11785229695678
2026.129908675799, 0, nan, nan, 31.201923076923077
2020.513698630137, 0, Kvindebevægelsen, nan, 38.80440666497505
2022.6858447488585, 1, nan, nan, 29.176036728650793
1973.419406392694, 0, Socialdemokratiet, nan, 38.01360668842848
1982.0860730593606, 0, Socialdemokratiet, nan, 34.36669756543458
1973.0915525114156, 0, Socialdemokratiet, nan, 45.74479038729223
1985.4276255707764, 0, Socialdemokratiet, nan, 31.559909198578758
1966.3415525114156, 0, Socialdemokratiet, nan, 36.57825103138639
1981.8497716894976, 0, Socialdemokratiet, nan, 51.5659153336275
2025.2993150684931, 0, nan, nan, 32.95962902345882
2024.3853881278537, 0, nan, nan, 38.22364532019704
2023.541095890411, 0, Den Grønne Ungdomsbevægelse, nan, 44.48213478064224
2021.4714611872148, 0, Den Grønne Ungdomsbevægelse, nan, 38.995369495369495
2021.5712328767124, 0, Den Grønne Ungdomsbevægelse, nan, 106.5812294965055
2021.9522831050228, 0, Den Grønne Studenterbevægelse, nan, 30.49751737835154
2024.3771689497717, 0, Den Grønne Ungdomsbevægelse, nan, 31.983990470206304
2024.1885844748858, 0, Den Grønne Ungdomsbevægelse, nan, 41.32162849872773
2026.304794520548, 0, nan, nan, 37.365026639479055
2024.8415525114156, 0, nan, nan, 41.261612475116124
2025.4742009132422, 0, nan, nan, 42.12250245660007
2023.1353881278537, 0, nan, nan, 45.1677811550152
2023.3267123287671, 0, nan, nan, 46.749890045447884
1911.8267123287671, 0, Kvindebevægelsen, nan, 46.55768372635842
2024.4303652968038, 1, nan, nan, 36.19030785093534
1898.7050228310502, 0, Kvindebevægelsen, nan, 50.94297047730524
1902.1858447488585, 0, Kvindebevægelsen, nan, 45.84055644729802
1905.616210045662, 0, Kvindebevægelsen, nan, 37.62015503875969
2024.5767123287671, 0, nan, nan, 29.118076912225263
1911.8267123287671, 0, Kvindebevægelsen, nan, 47.28980181126132
2023.0849315068492, 0, nan, nan, 37.585642967808575
2024.5767123287671, 0, nan, nan, 40.79275538824919
2018.513698630137, 0, nan, nan, 42.877526897427565
2019.513698630137, 0, nan, nan, 39.838095238095235
2023.513698630137, 0, nan, nan, 43.83653038138332
2023.5575342465754, 0, nan, nan, 40.65817555938038
2022.3157534246575, 0, Den liberale bevægelse, nan, 33.87643196739869
2024.419406392694, 0, Fagbevægelsen, nan, 36.4955572480325
2023.9182648401825, 0, nan, nan, 36.30091185410334
1919.2351598173516, 0, Kvindebevægelsen, nan, 40.686442493039195
2019.5630136986301, 0, nan, nan, 47.723998512872946
2022.9851598173516, 0, nan, nan, 42.919394512771994
2020.8184931506848, 0, nan, nan, 39.0638891184004
2023.5630136986301, 0, nan, nan, 42.7948314889336
2024.5630136986301, 1, nan, nan, 31.844202898550726
2024.838812785388, 0, nan, nan, 46.93374485596708
2023.763698630137, 0, nan, nan, 43.580051688641646
2024.7077625570778, 0, Socialistisk Folkeparti, nan, 39.92089470812875
2024.5739726027398, 0, nan, nan, 33.29841125494811
2025.271917808219, 0, nan, nan, 37.89460226003841
2024.291095890411, 0, nan, nan, 39.85442329227324
2024.013698630137, 0, nan, nan, 34.07061969172696
2023.3184931506848, 0, nan, nan, 37.75693503207735
2024.5575342465754, 0, nan, nan, 40.25407458964097
2022.844292237443, 1, nan, nan, 34.90515166104959
2023.271917808219, 0, nan, nan, 34.04995471330036
2013.419406392694, 0, Socialistisk Folkeparti, nan, 38.348071590890946
2013.4276255707764, 0, Socialistisk Folkeparti, nan, 40.47600628116374
2005.419406392694, 0, Socialistisk Folkeparti, nan, 33.27936507936508
2004.513698630137, 0, Socialistisk Folkeparti, nan, 40.42408201554543
2004.8552511415523, 0, Socialistisk Folkeparti, nan, 38.802183600713015
2001.785616438356, 0, Socialistisk Folkeparti, nan, 34.131104100946374
1997.419406392694, 0, Socialistisk Folkeparti, nan, 39.069881809536746
2003.8552511415523, 0, Socialistisk Folkeparti, nan, 37.06089069710291
1999.2378995433792, 0, Socialistisk Folkeparti, nan, 37.72964689956004
2025.2993150684931, 0, nan, nan, 30.66235701945552
2022.5630136986301, 0, nan, nan, 26.951515518913673
2023.9495433789955, 1, nan, nan, 38.28588169987047
1980.785616438356, 0, nan, nan, 33.79168609168609
1891.0, 0, Kvindebevægelsen, nan, 44.46561929119474
2024.0915525114156, 0, nan, nan, 27.697071787945802
2015.4127853881278, 0, Kvindebevægelsen, nan, 38.4873919184264
2024.2582191780823, 1, nan, nan, 32.1311975528089
2026.271917808219, 0, nan, nan, 37.68955094991364
2023.5520547945205, 0, nan, nan, 45.06273995692481
2021.5630136986301, 0, nan, nan, 32.81497862302816
2021.116210045662, 0, nan, nan, 44.013294479748154
2023.5575342465754, 0, nan, nan, 50.83364602876798
2026.419406392694, 0, nan, nan, 31.588391582989544
2025.419406392694, 0, nan, nan, 36.3281807623271
2026.2801369863014, 0, nan, nan, 30.873423904922817
2025.285616438356, 0, nan, nan, 30.435895352616186
2020.9933789954339, 0, nan, nan, 31.717624854819977
2019.4100456621004, 1, nan, nan, 28.260073260073263
2021.7828767123287, 1, nan, nan, 29.933835974765348
2023.8552511415523, 1, nan, nan, 31.984120396446606
2026.0712328767124, 1, nan, nan, 30.801829661126142
2020.271917808219, 1, nan, nan, 25.804942761745764
2025.4468036529681, 1, nan, nan, 31.51517267570779
2025.5997716894976, 1, nan, nan, 29.509378837278234
2011.643607305936, 1, nan, nan, 29.70967741935484
2020.6353881278537, 1, nan, nan, 26.31849074291071
2012.643607305936, 1, nan, nan, 28.312413898668296
2023.0657534246575, 1, nan, nan, 31.517758665624186
2024.1776255707764, 1, nan, nan, 33.57083637026239
2025.2105022831051, 1, nan, nan, 32.55995745640894
2020.5191780821917, 1, nan, nan, 31.199516518936342
2024.4769406392695, 0, nan, nan, 38.6584603497928
2024.5767123287671, 0, nan, nan, 32.03092961144137
2023.8881278538813, 0, Det Konservative Folkeparti, nan, 37.48957584471603
2023.9714611872148, 0, nan, nan, 32.16725291200554
2025.5915525114156, 0, nan, nan, 44.84506341116511
2024.419406392694, 0, nan, nan, 33.771452069113934
2024.5767123287671, 0, nan, nan, 30.98018729743206
2023.7691780821917, 0, Fagbevægelsen, nan, 30.88235294117647
2023.9714611872148, 0, nan, nan, 40.93736297730972
2024.2938356164384, 0, Den Grønne Ungdomsbevægelse, nan, 41.74384236453202
2026.271917808219, 0, nan, nan, 31.483720180528692
2022.2746575342467, 0, Venstre, nan, 38.5226402640264
2022.8497716894976, 0, Venstre, nan, 35.02093549603923
2024.1858447488585, 0, Venstre, nan, 30.469762941461052
2022.8470319634703, 0, Venstre, nan, 38.64586357039187
2023.3853881278537, 0, Venstre, nan, 31.653763440860217
2024.513698630137, 0, nan, nan, 29.059050064184852
2023.7664383561644, 0, nan, nan, 30.669260381685643
2024.366210045662, 0, nan, nan, 33.34170650441837
2025.9045662100457, 0, nan, nan, 36.60054719562243
2026.1831050228311, 0, nan, nan, 43.41081517352704
2026.021917808219, 0, nan, nan, 29.021671826625386
2025.919406392694, 0, nan, nan, 32.05671641791045
2026.2406392694065, 0, nan, nan, 39.77668308702791
2024.2242009132422, 0, nan, nan, 37.74944812362031
2021.5438356164384, 0, Regnbuebevægelsen, nan, 40.87894863756932
2022.7159817351599, 0, Regnbuebevægelsen, nan, 40.49480299734107
1845.9906392694065, 0, Bondebevægelsen, nan, 55.2995319291207
2025.271917808219, 0, nan, nan, 34.3607413439071
2021.513698630137, 0, nan, nan, 30.870689655172413
2024.513698630137, 0, nan, nan, 36.85705437879351
2025.4495433789955, 0, nan, nan, 30.035714285714285
2026.2965753424658, 0, nan, nan, 32.43004115226337
2023.7938356164384, 0, nan, nan, 35.750354609929076
2023.7554794520547, 0, nan, nan, 34.019958901713885
1916.021917808219, 0, Kvindebevægelsen, nan, 52.917065657128006
2026.419406392694, 0, nan, nan, 26.58050736158153
1918.157305936073, 0, Kvindebevægelsen, nan, 42.526100420261
1915.5520547945205, 0, Kvindebevægelsen, nan, 38.642819359957684
1915.541095890411, 0, Kvindebevægelsen, nan, 41.905991480973
1908.0, 0, Kvindebevægelsen, nan, 47.622009569377994
1923.0, 0, Kvindebevægelsen, nan, 36.21628548895899
1912.5109589041097, 0, Kvindebevægelsen, nan, 53.228662655041134
1919.5027397260274, 0, Kvindebevægelsen, nan, 29.78754997144489
1919.401826484018, 0, Kvindebevægelsen, nan, 58.88095238095238
2019.4358447488585, 0, nan, nan, 34.58180794142495
1953.9906392694065, 0, nan, nan, 49.17202124968378
1952.8552511415523, 0, nan, nan, 53.09779972279972
1905.9045662100457, 0, Kvindebevægelsen, nan, 50.514358853012666
2024.3771689497717, 0, nan, nan, 40.41359541359542
2026.0860730593606, 0, nan, nan, 44.78850237560536
2025.5575342465754, 0, nan, nan, 99.66425120772946
2024.763698630137, 0, nan, nan, 36.63461538461539
2024.594292237443, 0, Kongehuset, nan, 43.51573642397572
2023.9550228310502, 0, nan, nan, 35.62853897676594
2024.4550228310502, 0, nan, nan, 39.06847183317772
2026.129908675799, 0, nan, nan, 34.01006441223832
2024.4440639269408, 0, nan, nan, 34.24484629294756
2024.5575342465754, 0, nan, nan, 31.049549549549553
1941.1545662100457, 1, nan, nan, 37.95652173913044
1945.1968036529681, 1, nan, nan, 39.85220297586528
2024.3853881278537, 0, nan, nan, 35.20803372710152
2022.527397260274, 0, NATO, nan, 48.177962800662186
2016.4522831050228, 0, Højskolebevægelsen, nan, 34.07633258582025
2021.5794520547945, 0, nan, nan, 50.12888634411681
2025.027397260274, 0, nan, nan, 36.562354312354316
2025.7187214611872, 0, nan, nan, 32.613179289687636
2026.1052511415523, 0, nan, nan, 24.938745936853593
2008.513698630137, 0, Det Konservative Folkeparti, nan, 33.855946215612676
2004.2828767123287, 0, Det Konservative Folkeparti, nan, 43.18144375418723
2004.2828767123287, 0, Det Konservative Folkeparti, nan, 42.18919852836555
2004.2324200913242, 0, Det Konservative Folkeparti, nan, 41.08223844282239
2004.1627853881278, 0, Det Konservative Folkeparti, nan, 39.41643963321037
2007.8294520547945, 0, Det Konservative Folkeparti, nan, 35.82694269228306
2025.5630136986301, 0, Det Konservative Folkeparti, nan, 37.516304347826086
2023.513698630137, 0, nan, nan, 37.153685395064706
2023.1913242009134, 0, nan, nan, 38.08791984668662
2023.541095890411, 0, nan, nan, 30.191820040899795
2025.2132420091325, 0, nan, nan, 37.08329292401805
2025.6913242009134, 0, Regnbuebevægelsen, nan, 34.084478359014625
2026.419406392694, 0, nan, nan, 37.35996727570221
2024.7488584474886, 0, Fagbevægelsen, nan, 38.24980440371074
2025.4824200913242, 0, Socialdemokratiet, nan, 34.047946412832715
2023.5575342465754, 0, nan, nan, 41.50816326530612
2025.419406392694, 0, nan, nan, 28.49713295440054
2011.7965753424658, 0, Dansk Folkeparti, nan, 37.22500851366831
2019.419406392694, 0, nan, nan, 31.50375939849624
2004.401826484018, 0, nan, nan, 47.52333373220055
2025.9906392694065, 0, nan, nan, 45.11592356687898
2024.2159817351599, 1, nan, nan, 26.164601898138088
1849.3020547945205, 0, nan, nan, 62.58208480745278
2019.5630136986301, 0, Venstre, nan, 33.83302705945502
2021.513698630137, 0, Venstre, nan, 42.988737161531276
2006.0860730593606, 1, Venstre, nan, 34.40842517401392
2023.0164383561644, 0, nan, nan, 42.18360071301248
2026.3744292237443, 0, nan, nan, 32.81532857327032
2024.9495433789955, 0, nan, nan, 38.41534828807556
2020.9440639269408, 0, nan, nan, 34.11666068123429
2023.901826484018, 0, Venstre, nan, 37.60802355539198
2002.9577625570778, 0, Venstre, nan, 51.51784613012643
2022.844292237443, 0, Venstre, nan, 29.78787878787879
2015.4495433789955, 0, Venstre, nan, 36.498460485802255
2004.777397260274, 0, Venstre, nan, 45.33342420937841
2022.9605022831051, 0, nan, nan, 36.013229624849274
2022.9605022831051, 0, Kongehuset, nan, 35.81394226675371
2005.0027397260274, 0, Venstre, nan, 41.31520565791923
2019.4045662100457, 0, nan, nan, 51.15300546448087
1912.3157534246575, 0, Kvindebevægelsen, nan, 32.400940337224384
2024.379908675799, 0, nan, nan, 42.132508958055226
2022.8321917808219, 0, nan, nan, 110.65511811023622
2025.5739726027398, 0, nan, nan, 37.53136374666343
1928.013698630137, 0, Kvindebevægelsen, nan, 46.35945369184806
1997.616210045662, 0, NATO, nan, 44.37772841413946
1901.0, 0, Kvindebevægelsen, nan, 34.53996983408748
2022.0465753424658, 0, Det Konservative Folkeparti, nan, 41.72144396551724
2022.5493150684931, 0, EU, nan, 42.29802935010482
2022.0054794520547, 0, nan, nan, 50.61199657240788
1900.8689497716894, 0, Kvindebevægelsen, nan, 47.20220865370119
1920.5860730593606, 0, Kvindebevægelsen, nan, 58.19640519208469
1892.5860730593606, 0, Kvindebevægelsen, nan, 40.382894253717645
1888.6216894977167, 0, Kvindebevægelsen, nan, 42.95351880018972
1889.0027397260274, 0, Kvindebevægelsen, nan, 42.945875013445196
2025.7132420091325, 1, nan, nan, 27.82666262381241
2015.3881278538813, 0, nan, nan, 20.50942721830042
2024.3360730593606, 1, nan, nan, 36.734596347499576
2026.0860730593606, 1, nan, nan, 39.35294117647059
2023.2324200913242, 1, nan, nan, 39.01561915768721
2024.785616438356, 0, nan, nan, 46.75170068027211
2021.0082191780823, 0, nan, nan, 38.005206430398246
2023.169406392694, 0, nan, nan, 38.0942861675846
2023.866210045662, 0, nan, nan, 44.23809523809524
2022.5657534246575, 0, nan, nan, 40.85673942113733
2022.6107305936073, 1, nan, nan, 37.89426498090758
2020.0657534246575, 1, nan, nan, 35.44368605171098
2023.9906392694065, 0, nan, nan, 36.317434210526315
2019.7214611872148, 0, nan, nan, 30.54415118931248
2019.5767123287671, 0, nan, nan, 31.98934490923441
2020.8963470319634, 0, nan, nan, 38.453869047619044
2019.3321917808219, 0, nan, nan, 33.093643198906356
2023.879908675799, 0, nan, nan, 26.700853617308994
2023.3689497716894, 0, nan, nan, 30.73864711603994
2020.2691780821917, 0, Socialdemokratiet, nan, 29.26391820580475
2024.6940639269408, 0, nan, nan, 34.82877642039946
2020.1271689497717, 0, nan, nan, 36.824292350626614
2023.379908675799, 0, nan, nan, 31.57572417441912
2013.2132420091325, 1, nan, nan, 31.382183908045977
1978.6831050228311, 1, nan, nan, 32.938316243313224
1984.0657534246575, 1, nan, nan, 34.78888514238421
2011.0, 1, nan, nan, 33.68241489282801
1998.5860730593606, 0, Socialdemokratiet, nan, 38.37886745062222
2024.2461187214612, 0, nan, nan, 34.965714462375566
2022.1803652968038, 0, nan, nan, 39.19387755102041
2006.1682648401825, 0, Venstre, nan, 54.82291401948327
2021.9522831050228, 0, nan, nan, 25.29813664596273
2013.419406392694, 0, Socialdemokratiet, nan, 34.42445387856016
2015.513698630137, 0, Socialdemokratiet, nan, 36.438201827320114
2024.763698630137, 0, nan, nan, 28.07871148459384
1906.4632420091325, 0, nan, nan, 32.43212896078195
1887.0, 0, nan, nan, 41.61748588673651
1906.5109589041097, 0, nan, nan, 32.71592448269395
1902.1968036529681, 0, Kvindebevægelsen, nan, 35.06819586036453
1906.5191780821917, 0, Kvindebevægelsen, nan, 33.11445234189903
2023.9550228310502, 0, Socialdemokratiet, nan, 44.98289042591918
2026.129908675799, 0, nan, nan, 26.96972245584525
2024.8102739726028, 0, nan, nan, 35.12097718971815
2026.2351598173516, 0, nan, nan, 30.671381634575894
2025.4632420091325, 0, nan, nan, 36.672948193267985
2024.9495433789955, 0, nan, nan, 43.40292295681972
2025.9468036529681, 0, nan, nan, 55.74139247756634
1947.0, 0, Kvindebevægelsen, nan, 48.0389120508239
1946.4495433789955, 0, Kvindebevægelsen, nan, 35.01751949578036
1945.5027397260274, 0, Socialdemokratiet, nan, 37.81455111803315
1941.9933789954339, 0, nan, nan, 46.39983663467429
2021.9522831050228, 0, nan, nan, 28.38777474731269
2023.4155251141551, 1, nan, nan, 36.233069833521554
2025.5739726027398, 0, nan, nan, 37.80358952091475
2024.5767123287671, 0, nan, nan, 39.94287722359556
2024.7461187214612, 0, Venstre, nan, 36.68913043478261
2026.10799086758, 0, nan, nan, 31.576923076923077
2024.094292237443, 0, Fagbevægelsen, nan, 47.424828178694156
2024.785616438356, 0, nan, nan, 41.101186913460346
2021.5684931506848, 0, nan, nan, 31.67112965775543
2025.0, 0, nan, nan, 36.253246753246756
2005.513698630137, 0, Det Konservative Folkeparti, nan, 43.584936493571625
2002.9988584474886, 0, Det Konservative Folkeparti, nan, 43.6218386190285
2023.9714611872148, 0, nan, nan, 34.14183047380979
2024.8212328767124, 0, nan, nan, 32.927632224511825
2024.8212328767124, 0, nan, nan, 34.95238095238095
2005.594292237443, 0, Venstre, nan, 42.12402827936586
2024.9127853881278, 0, nan, nan, 34.65826330532213
2015.4045662100457, 1, nan, nan, 32.52083590439755
2024.7269406392695, 0, nan, nan, 40.00912620380174
2026.0027397260274, 0, Det Konservative Folkeparti, nan, 47.89002557544757
2021.0849315068492, 0, nan, nan, 32.15127347568819
2024.8130136986301, 0, nan, nan, 48.88137472283814
1760.8771689497717, 1, nan, nan, 36.688157002496695
2021.9221461187215, 0, Regnbuebevægelsen, nan, 41.08030303030303
2021.7214611872148, 0, Regnbuebevægelsen, nan, 33.6969090162251
1942.9961187214612, 1, nan, nan, 31.824293785310736
1944.0849315068492, 1, nan, nan, 27.24244657332351
1943.0860730593606, 1, nan, nan, 28.11187525191455
1943.7582191780823, 1, nan, nan, 29.740722801788372
1941.9221461187215, 1, nan, nan, 34.21368861024033
1943.3963470319634, 1, nan, nan, 34.672863964238545
1943.5301369863014, 1, nan, nan, 36.634742830332534
1941.2105022831051, 1, nan, nan, 30.42279942279942
1943.3881278538813, 1, nan, nan, 34.35742283194513
1945.102511415525, 1, nan, nan, 31.084780180729005
1945.1216894977167, 1, nan, nan, 34.655559762716145
1945.1408675799087, 1, nan, nan, 30.528799721212724
1848.1655251141551, 1, nan, nan, 50.20521470497374
1919.852511415525, 0, Radikale Venstre, nan, 49.74074074074074
1889.041095890411, 0, Kvindebevægelsen, nan, 55.304559819413086
2022.8321917808219, 0, nan, nan, 30.135632558328922
2026.2527397260274, 1, nan, nan, 29.558331070685128
2023.9413242009134, 0, nan, nan, 48.69069069069069
2026.129908675799, 0, nan, nan, 89.73272090988627
2024.5575342465754, 0, nan, nan, 55.674900023523875
1893.2214611872148, 0, Kvindebevægelsen, nan, 50.15530246529936
2024.5164383561644, 0, nan, nan, 44.293217489353566
2021.3634703196346, 1, nan, nan, 25.240961429628662
2022.304794520548, 1, nan, nan, 26.664661989085644
2013.0027397260274, 1, nan, nan, 26.30743881215981
2023.8716894977167, 0, nan, nan, 44.177041499330656
2024.8239726027398, 0, nan, nan, 37.79098092505914
1848.2433789954339, 1, nan, nan, 52.99168638402958
2024.5767123287671, 0, nan, nan, 35.04315113305181
2023.1803652968038, 0, Fagbevægelsen, nan, 37.6417617470249
2022.9182648401825, 0, Fagbevægelsen, nan, 34.50300751879699
2024.852511415525, 0, nan, nan, 29.874756554307115
2024.419406392694, 0, nan, nan, 32.75032175032175
1893.9906392694065, 1, Indre Mission, nan, 42.55099985613581
1898.7050228310502, 0, Kvindebevægelsen, nan, 43.37359855334539
1843.5082191780823, 0, Den nationalliberale bevægelse, nan, 48.67535747081202
1888.1940639269408, 0, Kvindebevægelsen, nan, 51.0755823134623
2024.419406392694, 0, Socialistisk Folkeparti, nan, 34.10736217971342
2025.513698630137, 0, nan, nan, 26.662120658135283
2025.401826484018, 0, nan, nan, 42.319577352472095
2024.9687214611872, 0, nan, nan, 32.319865319865315
2024.901826484018, 0, nan, nan, 35.73917973917974
2020.3908675799087, 0, nan, nan, 38.86627147948202
2021.271917808219, 0, Kvindebevægelsen, nan, 34.97198879551821
2021.513698630137, 0, nan, nan, 32.25439761035513
2024.379908675799, 0, nan, nan, 37.968189447713804
2024.379908675799, 0, nan, nan, 32.59964971415353
2024.0054794520547, 0, nan, nan, 45.728205128205126
2025.8963470319634, 0, Moderaterne, nan, 35.42898962863834
2025.893607305936, 0, Moderaterne, nan, 31.20861833105335
2025.8881278538813, 0, Moderaterne, nan, 40.24744254018866
1923.4550228310502, 0, Kvindebevægelsen, nan, 45.06489352773315
1908.541095890411, 0, Kvindebevægelsen, nan, 52.35112162273816
2023.8908675799087, 0, nan, nan, 43.833761920068575
2024.7801369863014, 0, nan, nan, 46.398809523809526
2023.013698630137, 0, nan, nan, 41.32094725913826
2025.5739726027398, 0, nan, nan, 35.70334788937409
2018.513698630137, 0, nan, nan, 38.10320921391032
2020.9659817351599, 0, nan, nan, 40.88342410919352
2022.4331050228311, 0, Socialdemokratiet, nan, 37.28276439089692
2024.3497716894976, 0, nan, nan, 36.962369904596706
2016.1545662100457, 0, nan, nan, 42.110588425476884
2020.919406392694, 0, nan, nan, 34.912889364606606
2022.9155251141551, 0, nan, nan, 36.12545760777272
2026.1682648401825, 0, nan, nan, 54.703886255924175
2020.5493150684931, 0, nan, nan, 32.45619624084104
2023.527397260274, 0, nan, nan, 27.243559307130923
1945.393607305936, 1, nan, nan, 42.11266390614217
2023.9100456621004, 0, nan, nan, 35.57353031702063
2022.2269406392695, 0, Venstre, nan, 32.97853107344633
2024.1381278538813, 0, nan, nan, 30.799343053074395
2022.9155251141551, 0, nan, nan, 29.84649279504585
2022.169406392694, 0, nan, nan, 50.111761426978816
2026.419406392694, 0, nan, nan, 27.11910669975186
2026.419406392694, 0, nan, nan, 34.54979740680713
2024.2242009132422, 0, Regnbuebevægelsen, nan, 37.27206370272064
2024.9182648401825, 0, nan, nan, 38.897869857017795
2022.5657534246575, 0, nan, nan, 31.0390625
2022.0383561643835, 0, Socialistisk Folkeparti, nan, 36.832903059248736
2021.8470319634703, 0, Socialistisk Folkeparti, nan, 39.21212121212121
2025.4632420091325, 0, nan, nan, 32.3243947858473
2021.9796803652969, 0, Socialistisk Folkeparti, nan, 31.923278820916615
2023.588812785388, 1, nan, nan, 27.6632281462086
1897.0, 0, Kvindebevægelsen, nan, 35.157139435045615
1895.7461187214612, 0, Kvindebevægelsen, nan, 48.69846184262555
1894.0, 0, Kvindebevægelsen, nan, 41.91165486873641
1899.0, 0, Kvindebevægelsen, nan, 48.35040827116255
2024.344292237443, 0, nan, nan, 44.486782720825275
2025.4632420091325, 0, nan, nan, 35.3118038237739
1945.0657534246575, 1, nan, nan, 35.63831272620382
2024.419406392694, 0, Socialdemokratiet, nan, 28.457467532467533
2024.513698630137, 0, Socialdemokratiet, nan, 32.64878793662913
2024.5246575342467, 0, EU, nan, 27.617805478608805
2022.7351598173516, 0, Socialdemokratiet, nan, 39.01391598387306
2014.751598173516, 1, nan, nan, 29.44615759809235
2023.7406392694065, 1, nan, nan, 27.495028497969308
2014.8470319634703, 1, nan, nan, 28.033574788334903
2015.1326484018264, 1, nan, nan, 34.058826459454075
2015.0191780821917, 1, nan, nan, 31.43726683170043
2014.6189497716894, 1, nan, nan, 32.12167255127544
2014.674885844749, 1, nan, nan, 33.12705994745642
2015.094292237443, 1, nan, nan, 33.5955249371091
2015.0767123287671, 1, nan, nan, 29.147944006999126
2015.291095890411, 1, nan, nan, 29.8957214137937
2015.3294520547945, 1, nan, nan, 27.79074719318622
2014.9796803652969, 1, nan, nan, 33.249819290915184
2015.338812785388, 1, nan, nan, 30.36594934109433
2015.1885844748858, 1, nan, nan, 30.31812180425859
2014.541095890411, 1, nan, nan, 32.75
2021.4577625570778, 1, nan, nan, 31.79170421666746
2023.4495433789955, 0, nan, nan, 25.773257256263953
2022.5657534246575, 0, nan, nan, 35.30892154095292
2022.304794520548, 1, nan, nan, 44.055183647967155
1945.2609589041097, 1, nan, nan, 33.33679759652832
1942.0, 1, Indre Mission, nan, 27.33688639551192
1942.0, 1, Indre Mission, nan, 23.943887610910288
1942.0, 1, Indre Mission, nan, 23.201751649037384
1942.521917808219, 1, Indre Mission, nan, 29.605077912171733
1945.5712328767124, 1, Indre Mission, nan, 29.842551206538843
1788.0, 1, nan, nan, 53.84335866755414
1781.0, 1, nan, nan, 48.76956615780426
2022.7993150684931, 0, Dansk Folkeparti, nan, 38.4009164863395
2022.4550228310502, 0, Dansk Folkeparti, nan, 39.33883926750683
2024.8415525114156, 0, Fagbevægelsen, nan, 37.04563202524157
2024.521917808219, 0, nan, nan, 40.546736178994244
1788.7077625570778, 0, nan, nan, 77.80561512965491
2023.9550228310502, 0, Radikale Venstre, nan, 57.12738328352056
1907.852511415525, 1, nan, nan, 53.632106166071814
2026.088812785388, 0, Venstre, nan, 47.22284821679304
2022.5493150684931, 0, nan, nan, 33.5039658784795
2024.7609589041097, 0, nan, nan, 27.71069661210506
2023.8157534246575, 0, Det Konservative Folkeparti, nan, 33.41522210184182
2024.291095890411, 0, Det Konservative Folkeparti, nan, 35.21641791044776
2020.8360730593606, 0, nan, nan, 40.72786131996658
2022.4276255707764, 0, nan, nan, 37.10222477943997
2024.157305936073, 0, nan, nan, 37.72619335591034
1864.3267123287671, 1, nan, nan, 48.35848742295519
2025.8020547945205, 0, nan, nan, 45.179260568566804
2023.7132420091325, 0, nan, nan, 46.54964539007092
1893.9906392694065, 1, nan, nan, 38.08707224334601
2018.3552511415523, 1, nan, nan, 38.76750413625523
2024.8415525114156, 0, Socialdemokratiet, nan, 47.411656187954996
2025.4742009132422, 0, Socialdemokratiet, nan, 46.0991620435923
2023.1353881278537, 0, Socialdemokratiet, nan, 44.617742927429276
1515.0, 1, nan, nan, 82.9186368506742
2023.419406392694, 0, Moderaterne, nan, 36.24427931849273
2023.10799086758, 0, Moderaterne, nan, 38.474533003004986
2024.1463470319634, 0, Moderaterne, nan, 34.435772767351054
2023.8102739726028, 0, Moderaterne, nan, 30.343838220242716
2024.785616438356, 0, Moderaterne, nan, 37.01801801801802
2023.3908675799087, 0, Moderaterne, nan, 42.240237691001695
2024.9933789954339, 0, Moderaterne, nan, 36.438207699773535
2024.5164383561644, 0, Moderaterne, nan, 33.76455627214098
2023.4100456621004, 0, Moderaterne, nan, 41.77400444713968
2024.2378995433792, 0, Moderaterne, nan, 40.035525083361435
2023.8184931506848, 0, Moderaterne, nan, 35.10759493670886
2023.379908675799, 0, Moderaterne, nan, 44.13002634895177
2024.3771689497717, 0, Moderaterne, nan, 37.60297283636295
2023.4769406392695, 0, Moderaterne, nan, 42.781958933598276
2024.35799086758, 0, Moderaterne, nan, 37.244316863836694
2024.3853881278537, 0, Moderaterne, nan, 41.144004227457856
2023.7488584474886, 0, Moderaterne, nan, 48.51282051282051
2023.1107305936073, 0, Moderaterne, nan, 43.52901484480432
2023.1885844748858, 0, Moderaterne, nan, 44.83269930870864
2023.7664383561644, 0, Moderaterne, nan, 35.71820436981204
2023.407305936073, 0, Moderaterne, nan, 44.81711325184166
2023.1831050228311, 0, Moderaterne, nan, 41.15637540453075
2023.4221461187215, 0, Moderaterne, nan, 38.8496046213353
2023.5164383561644, 0, Moderaterne, nan, 38.929887739910676
2023.7801369863014, 0, Moderaterne, nan, 49.85692883895131
2024.344292237443, 0, Moderaterne, nan, 34.00655553474434
2024.424885844749, 0, Moderaterne, nan, 36.90205004335439
2023.7488584474886, 0, Moderaterne, nan, 37.47146431550101
2023.5246575342467, 0, Moderaterne, nan, 42.83333333333333
2023.8607305936073, 0, Moderaterne, nan, 32.24641138812676
2024.3634703196346, 0, Moderaterne, nan, 39.34675598922304
2023.4468036529681, 0, Moderaterne, nan, 40.3554491650017
2024.271917808219, 0, Kvindebevægelsen, nan, 37.80642983948517
2019.9961187214612, 0, nan, nan, 35.78897916321229
2023.777397260274, 0, Alternativet, nan, 30.625458996328028
2024.513698630137, 0, Alternativet, nan, 34.739663540951945
2023.8415525114156, 1, nan, nan, 34.16883760172006
2025.7801369863014, 0, nan, nan, 36.154574592074596
2023.2527397260274, 0, nan, nan, 45.040391782959176
2024.2664383561644, 0, nan, nan, 48.4422883149162
2024.5575342465754, 0, Venstre, nan, 42.92466460268318
2023.5630136986301, 0, nan, nan, 33.244960939709
2017.7938356164384, 0, Dansk Folkeparti, nan, 36.14517232857442
2020.513698630137, 0, nan, nan, 41.81074977416441
2021.013698630137, 0, nan, nan, 39.03120366368108
2021.4495433789955, 0, nan, nan, 33.636088549132026
2025.9742009132422, 0, nan, nan, 35.40307955517537
2018.763698630137, 0, nan, nan, 37.63613738178198
2023.5575342465754, 0, nan, nan, 44.78307018206542
2019.419406392694, 0, Fagbevægelsen, nan, 30.565033272837265
2024.8130136986301, 0, nan, nan, 36.54443485763589
2023.513698630137, 0, nan, nan, 36.67922506057389
2024.8075342465754, 0, nan, nan, 35.14505648864133
2012.7801369863014, 0, nan, nan, 31.139883434420014
2024.2214611872148, 0, nan, nan, 34.73999079613438
2013.8470319634703, 0, nan, nan, 32.88826141861884
2023.9933789954339, 0, nan, nan, 34.52801595214357
2022.9100456621004, 0, nan, nan, 30.58528032863569
2025.2664383561644, 0, nan, nan, 33.82437793003967
2023.2406392694065, 0, nan, nan, 53.79487237406822
2023.9714611872148, 0, nan, nan, 41.754954100470854
2025.2746575342467, 1, nan, nan, 38.24727712787414
2023.3020547945205, 1, nan, nan, 39.287851499336114
2025.5739726027398, 0, nan, nan, 42.48959497206704
2024.5767123287671, 0, nan, nan, 42.65172027023502
2021.777397260274, 0, nan, nan, 40.1187826799836
2019.4851598173516, 0, nan, nan, 32.882710557532626
2023.8634703196346, 0, nan, nan, 26.89027409372237
2025.3908675799087, 1, nan, nan, 47.60695970695971
2025.3075342465754, 1, nan, nan, 44.72142457579713
1864.1858447488585, 0, nan, nan, 54.992390439625055
1972.1244292237443, 0, Kvindebevægelsen, nan, 37.1442799341959
1900.0, 0, Kvindebevægelsen, nan, 44.98953373617051
1924.0, 0, Kvindebevægelsen, nan, 46.681891751021865
1924.0, 0, Kvindebevægelsen, nan, 40.64205014805495
2024.5109589041097, 0, EU, nan, 38.43228454172366
2025.513698630137, 0, nan, nan, 33.965267665952894
2024.5246575342467, 0, EU, nan, 33.96343781023968
2024.151826484018, 0, nan, nan, 27.044444444444444
2020.9182648401825, 0, nan, nan, 39.50989345509893
2023.4100456621004, 0, nan, nan, 44.9809335149189
2023.0860730593606, 1, nan, nan, 37.69855722089929
2015.785616438356, 1, nan, nan, 31.587933177614772
2025.5027397260274, 1, nan, nan, 38.88385969141755
2023.8075342465754, 0, FN, nan, 42.1773276474769
2022.771917808219, 0, Socialdemokratiet, nan, 38.646929326043
2022.901826484018, 0, nan, nan, 38.019425019425015
2024.9045662100457, 0, nan, nan, 40.607759005989095
2025.901826484018, 0, nan, nan, 46.97414512093411
2024.157305936073, 0, nan, nan, 43.194925742574256
2023.8716894977167, 0, nan, nan, 42.95326856056606
2025.157305936073, 0, nan, nan, 45.74140947937007
2025.7269406392695, 0, nan, nan, 37.21619369955741
2025.9550228310502, 0, nan, nan, 39.29559176455728
2025.2609589041097, 0, nan, nan, 40.29084774063381
1915.616210045662, 0, Arbejderbevægelsen, nan, 32.565290841019085
2021.8607305936073, 1, nan, nan, 39.53693454988355
2024.7609589041097, 0, nan, nan, 39.89822595704948
2024.5860730593606, 0, nan, nan, 29.934111405835544
2004.419406392694, 0, Fagbevægelsen, nan, 39.55343712394705
2005.151826484018, 0, Fagbevægelsen, nan, 43.7848179827748
2003.907305936073, 0, Fagbevægelsen, nan, 48.69074189138809
2014.9100456621004, 1, nan, nan, 37.25170068027211
2023.0997716894976, 0, nan, nan, 38.67343291203881
2024.0970319634703, 0, nan, nan, 41.377440633245385
2025.1107305936073, 0, nan, nan, 41.233014885580985
2026.10799086758, 0, nan, nan, 40.350409046130125
2025.1107305936073, 0, nan, nan, 41.886877828054295
2026.10799086758, 0, nan, nan, 43.859683794466406
2023.3908675799087, 0, nan, nan, 40.26464700387028
2025.0, 0, nan, nan, 34.36284860557769
2025.5739726027398, 0, nan, nan, 35.073679392108396
2024.5767123287671, 0, nan, nan, 38.79613167022718
-428.0, 0, nan, nan, 61.374986389866805
1864.9303652968038, 0, nan, nan, 50.59210526315789
2026.419406392694, 0, nan, nan, 33.176865696830596
2024.5191780821917, 0, nan, nan, 42.97472844158723
2025.2609589041097, 0, nan, nan, 35.134070596185396
1924.0, 0, Kvindebevægelsen, nan, 44.03946493851778
2022.9769406392695, 0, nan, nan, 29.707031293798423
2024.271917808219, 0, nan, nan, 41.47323723321041
2026.419406392694, 0, nan, nan, 26.063635105611212
2024.4577625570778, 0, Fagbevægelsen, nan, 34.764310852844936
2021.3881278538813, 0, Fagbevægelsen, nan, 35.20651187414914
2023.9824200913242, 0, nan, nan, 37.49616828164913
2021.6885844748858, 0, Fagbevægelsen, nan, 32.3483306803167
2021.5630136986301, 0, nan, nan, 34.88580903199676
2025.5493150684931, 0, nan, nan, 98.80952380952381
2024.4440639269408, 0, nan, nan, 32.61184284273064
2016.2433789954339, 1, nan, nan, 30.597947622585437
2020.4440639269408, 0, nan, nan, 33.82100737008629
1865.0493150684931, 1, nan, nan, 56.990019431195904
1894.0, 0, Kvindebevægelsen, nan, 55.62668898430488
2023.4495433789955, 0, nan, nan, 34.888221619527314
2022.907305936073, 0, nan, nan, 77.96256684491979
2003.7488584474886, 0, nan, nan, 40.705916282135796
1968.8294520547945, 0, Kvindebevægelsen, nan, 42.72408963585434
1889.5794520547945, 0, Kvindebevægelsen, nan, 39.71888266259127
2022.8497716894976, 0, nan, nan, 42.28276782909205
2022.3470319634703, 0, nan, nan, 42.336032388663966
1918.4933789954339, 1, nan, nan, 41.52644087938206
2022.3239726027398, 1, nan, nan, 36.091985428051004
2022.3963470319634, 1, nan, nan, 31.964093585058873
1946.1995433789955, 0, Kvindebevægelsen, nan, 72.9179292929293
1898.0, 0, Kvindebevægelsen, nan, 48.01679586563307
1897.0, 0, Kvindebevægelsen, nan, 46.59835975632059
1896.657305936073, 0, Kvindebevægelsen, nan, 48.70786297771028
1908.5027397260274, 0, Kvindebevægelsen, nan, 49.91525423728814
2024.4045662100457, 0, nan, nan, 26.229412771785654
2025.513698630137, 0, nan, nan, 35.812089194667976
2024.7609589041097, 0, nan, nan, 36.62111801242236
2024.4358447488585, 0, nan, nan, 39.30326876513317
2023.5438356164384, 0, nan, nan, 31.566193853427897
1887.2938356164384, 0, Kvindebevægelsen, nan, 48.11694450006675
1890.0, 0, Kvindebevægelsen, nan, 59.15293583633239
2025.1353881278537, 1, nan, nan, 32.58656330749354
2022.6682648401825, 1, nan, nan, 34.530703624733476
2007.0970319634703, 0, Kvindebevægelsen, nan, 47.56024039815945
1888.6216894977167, 0, Kvindebevægelsen, nan, 56.301247771836
2025.5739726027398, 0, nan, nan, 31.57777057096013
2023.419406392694, 0, nan, nan, 32.771285232144486
2024.9933789954339, 0, Fagbevægelsen, nan, 35.25564017101823
2021.6885844748858, 0, Fagbevægelsen, nan, 31.146969426068296
1958.5082191780823, 0, Kvindebevægelsen, nan, 47.72296342946589
1924.0, 0, Kvindebevægelsen, nan, 51.78102766798419
1912.919406392694, 0, Kvindebevægelsen, nan, 52.56222404090005
1918.8908675799087, 0, Kvindebevægelsen, nan, 53.78506620499503
1918.5520547945205, 0, Radikale Venstre, nan, 57.30764876530107
1918.5520547945205, 0, Radikale Venstre, nan, 52.851282051282055
1919.3990867579907, 0, Radikale Venstre, nan, 61.13821138211382
1919.3990867579907, 0, Radikale Venstre, nan, 55.688616547771474
1919.3990867579907, 0, Radikale Venstre, nan, 48.91637630662021
1919.4933789954339, 0, Radikale Venstre, nan, 47.08585293019783
1919.4933789954339, 0, Radikale Venstre, nan, 43.03333333333333
1919.8321917808219, 0, Radikale Venstre, nan, 52.97619047619048
1919.1381278538813, 0, Radikale Venstre, nan, 56.32644539614561
1919.6600456621004, 0, Radikale Venstre, nan, 50.99031240947478
1919.4522831050228, 0, Radikale Venstre, nan, 52.178434496697946
1919.4742009132422, 0, Radikale Venstre, nan, 44.324594019680745
1919.7077625570778, 0, Radikale Venstre, nan, 50.63610818405339
1919.7077625570778, 0, Kvindebevægelsen, nan, 54.59776654024442
1919.2077625570778, 0, Kvindebevægelsen, nan, 54.62962962962963
1919.401826484018, 0, Radikale Venstre, nan, 46.74811691961776
1918.9155251141551, 0, Radikale Venstre, nan, 48.8736276849642
2024.0657534246575, 1, nan, nan, 36.1008995588151
2022.3826484018264, 1, nan, nan, 34.36828766038334
2025.021917808219, 1, nan, nan, 41.06899791231733
2026.0383561643835, 1, nan, nan, 37.34299516908213
2020.1913242009134, 1, nan, nan, 40.44444444444444
2023.4100456621004, 1, Kvindebevægelsen, nan, 39.510082849796575
2020.3294520547945, 1, nan, nan, 29.424404961448207
2026.291095890411, 1, nan, nan, 28.544579924885525
2022.3607305936073, 1, nan, nan, 35.39579831932773
2023.35799086758, 1, nan, nan, 39.834236109468506
2016.844292237443, 1, nan, nan, 38.46201576387725
2024.2324200913242, 1, nan, nan, 42.43994008924465
2025.1326484018264, 1, nan, nan, 38.564498118703725
2000.7406392694065, 0, Radikale Venstre, nan, 43.14649326122414
2024.8552511415523, 0, nan, nan, 34.2762459393075
2022.8184931506848, 1, nan, nan, 37.25243625684155
2021.0712328767124, 1, nan, nan, 35.19508752117448
2020.3689497716894, 1, nan, nan, 34.07388636781317
2020.424885844749, 1, nan, nan, 34.96502505992591
2021.2691780821917, 1, nan, nan, 36.64866911172238
2021.0657534246575, 1, nan, nan, 38.25066021126761
2021.0739726027398, 1, nan, nan, 31.791304599698762
2021.1490867579907, 1, nan, nan, 36.81863280506796
2022.907305936073, 0, nan, nan, 83.92483660130718
2024.5767123287671, 0, nan, nan, 33.43818275185957
2022.7801369863014, 0, Kongehuset, nan, 28.948730711796912
2025.3075342465754, 0, nan, nan, 37.00489641031918
2024.4440639269408, 0, nan, nan, 32.93366651522035
1888.6216894977167, 0, Kvindebevægelsen, nan, 48.721373312190664
2025.3607305936073, 0, nan, nan, 33.35959687635903
2020.513698630137, 0, nan, nan, 27.05038893690579
2026.1803652968038, 0, nan, nan, 33.87135913903836
2026.271917808219, 0, nan, nan, 39.37588417329796
2025.513698630137, 0, nan, nan, 34.34108744394619
2025.7609589041097, 0, nan, nan, 27.62764260071799
2022.0438356164384, 0, Regnbuebevægelsen, nan, 30.522385660316694
2021.5465753424658, 0, Regnbuebevægelsen, nan, 43.98580166011359
2021.5860730593606, 0, Regnbuebevægelsen, nan, 35.60649911144961
2023.3349315068492, 0, Regnbuebevægelsen, nan, 32.98193496587716
2022.7159817351599, 0, Regnbuebevægelsen, nan, 33.0647209075201
2024.9182648401825, 0, nan, nan, 35.11904761904762
2025.5383561643835, 0, nan, nan, 38.85144376899696
2026.304794520548, 0, nan, nan, 31.53716772524112
2024.513698630137, 0, Liberal Alliance, nan, 35.38461538461539
2025.4796803652969, 0, nan, nan, 36.973519813519815
2024.3470319634703, 0, nan, nan, 31.123490813648296
2022.4550228310502, 0, Enhedslisten, nan, 26.24404761904762
2024.2938356164384, 0, nan, nan, 34.113519813519815
1898.2022831050228, 0, Kvindebevægelsen, nan, 56.68795786236649
1915.2132420091325, 0, Kvindebevægelsen, nan, 46.54743278242063
1901.6216894977167, 0, Kvindebevægelsen, nan, 61.74726990783209
2022.271917808219, 0, nan, nan, 52.80237288135593
2015.407305936073, 0, nan, nan, 27.83010752688172
2023.8552511415523, 0, nan, nan, 35.13655939237334
2023.3990867579907, 0, nan, nan, 37.08362369337979
2022.4742009132422, 0, Regnbuebevægelsen, nan, 40.02434883956623
2021.8184931506848, 0, Kongehuset, nan, 35.75983796296296
2019.785616438356, 0, nan, nan, 37.61546787061661
1953.0860730593606, 0, Venstre, nan, 46.30106439911994
1952.852511415525, 0, Venstre, nan, 58.68762637760773
2024.7296803652969, 0, nan, nan, 44.83340804569076
2024.771917808219, 1, nan, nan, 33.84409888357257
2026.1326484018264, 1, nan, nan, 36.830464540556285
2024.5246575342467, 1, nan, nan, 34.49833412660638
2022.4961187214612, 1, nan, nan, 39.89013732833958
2024.1968036529681, 1, nan, nan, 38.9055023923445
2026.0657534246575, 1, nan, nan, 39.38967529297968
1945.4331050228311, 1, nan, nan, 35.71008403361344
2008.4824200913242, 1, nan, nan, 34.44721407624633
2009.7296803652969, 1, nan, nan, 36.12893934259573
2003.521917808219, 1, nan, nan, 38.8029429218592
1997.143607305936, 1, nan, nan, 36.852514410653946
2005.088812785388, 1, nan, nan, 36.15024875621891
2009.7488584474886, 1, nan, nan, 36.147619047619045
2006.1408675799087, 1, nan, nan, 30.414401328076366
2007.5860730593606, 1, nan, nan, 32.5900944933203
2018.2214611872148, 1, nan, nan, 42.32874251497006
2022.5767123287671, 1, Venstre, nan, 39.33339473765005
1918.8963470319634, 0, Radikale Venstre, nan, 56.483666163226495
1942.9468036529681, 0, Radikale Venstre, nan, 55.90368625277162
2022.907305936073, 0, nan, nan, 44.02067153951576
2025.1545662100457, 1, nan, nan, 32.93745596129679
2026.151826484018, 1, nan, nan, 33.87707979626486
1943.8157534246575, 1, Tidehverv, nan, 42.87212251268045
1941.021917808219, 1, Tidehverv, nan, 36.158711460836514
1944.1463470319634, 1, Tidehverv, nan, 44.69663920208153
1942.0575342465754, 1, Tidehverv, nan, 44.6090361942452
1940.4303652968038, 1, Tidehverv, nan, 36.62876566815381
1943.0860730593606, 1, Tidehverv, nan, 44.63135950225755
1942.3470319634703, 1, nan, nan, 51.08874021711689
2022.9851598173516, 0, nan, nan, 36.17143421251292
2023.7801369863014, 0, nan, nan, 38.21173754375512
2022.2324200913242, 0, nan, nan, 32.70112893642305
2013.7296803652969, 0, nan, nan, 37.97838345864662
2022.513698630137, 0, nan, nan, 34.461372953798744
2023.9550228310502, 0, nan, nan, 40.439654122518576
2021.4495433789955, 0, nan, nan, 40.50491183879093
2020.8497716894976, 1, nan, nan, 37.324199926529374
2025.9221461187215, 1, nan, nan, 28.96641791044776
2021.3360730593606, 1, nan, nan, 34.741084513922814
2019.291095890411, 0, nan, nan, 29.89300232288037
2025.0, 0, nan, nan, 39.0260547742413
2023.3908675799087, 0, nan, nan, 31.0718954248366
2025.0712328767124, 1, nan, nan, 30.533055250640324
2025.2993150684931, 0, nan, nan, 28.944444444444443
2024.1803652968038, 0, nan, nan, 51.925482021886396
2024.6545662100457, 0, nan, nan, 40.97147950089126
1929.3294520547945, 1, nan, nan, 36.708106772120615
2025.0109589041097, 0, nan, nan, 29.82965470548409
2020.5191780821917, 0, nan, nan, 39.583948544089225
2024.9550228310502, 0, nan, nan, 30.400654853620956
2024.7965753424658, 0, Den Grønne Ungdomsbevægelse, nan, 34.681860117390684
1971.1189497716894, 0, nan, nan, 52.14462103891634
1968.9742009132422, 0, nan, nan, 33.835779816513764
2023.9769406392695, 0, nan, nan, 30.95481348969721
2025.3239726027398, 0, nan, nan, 28.384384384384383
2024.8267123287671, 0, nan, nan, 31.529733204757314
2023.7214611872148, 1, nan, nan, 26.609139917550472
2014.3908675799087, 1, nan, nan, 27.198938819506395
2004.9550228310502, 1, nan, nan, 28.891228070175437
2020.291095890411, 1, nan, nan, 28.716385640732636
2022.0520547945205, 1, nan, nan, 25.996632996632997
2013.0997716894976, 1, nan, nan, 25.94369502042099
2023.0657534246575, 1, nan, nan, 23.946172248803826
2014.3826484018264, 1, nan, nan, 25.434673342733543
2025.0860730593606, 1, nan, nan, 26.11018662291624
2022.513698630137, 0, Folkebevægelsen mod EU, nan, 42.6456038771659
2024.5684931506848, 0, nan, nan, 45.77763041556145
2026.419406392694, 0, nan, nan, 32.75874485596708
2024.271917808219, 0, Fagbevægelsen, nan, 40.178877474984034
2023.7691780821917, 0, Fagbevægelsen, nan, 39.16268107844532
2023.407305936073, 0, nan, nan, 30.370778000121277
1945.027397260274, 1, nan, nan, 32.61726756225774
2024.907305936073, 1, nan, nan, 28.56739067258001
2024.924885844749, 1, nan, nan, 29.451033243486073
2025.513698630137, 0, Alternativet, nan, 30.98758865248227
2025.5383561643835, 0, Alternativet, nan, 35.701687073294586
2022.7691780821917, 0, Alternativet, nan, 29.99958610699134
2025.4632420091325, 0, Alternativet, nan, 35.78834746403615
2024.7828767123287, 0, Alternativet, nan, 33.732080536912754
2023.0520547945205, 0, Alternativet, nan, 33.4912424740011
2024.8415525114156, 0, Alternativet, nan, 39.94822766409482
2025.4742009132422, 0, Alternativet, nan, 43.50181755236282
2023.1353881278537, 0, Alternativet, nan, 40.51834748907397
2023.3267123287671, 0, Alternativet, nan, 40.183232931726906
2013.419406392694, 0, Socialdemokratiet, nan, 35.67447408371286
2024.5630136986301, 0, Radikale Venstre, nan, 31.675213675213676
1992.3634703196346, 0, Socialdemokratiet, nan, 34.411764705882355
2018.6913242009134, 0, Socialdemokratiet, nan, 66.31919601696478
2024.6189497716894, 0, Radikale Venstre, nan, 36.44155844155844
2019.2433789954339, 0, Socialdemokratiet, nan, 37.099980648906666
2019.7433789954339, 0, Socialdemokratiet, nan, 38.0886287625418
2019.8294520547945, 0, nan, nan, 30.07302659349937
2017.7242009132422, 0, Socialdemokratiet, nan, 33.51638123603872
2019.541095890411, 0, Socialdemokratiet, nan, 39.013335224854586
2019.838812785388, 0, nan, nan, 32.241000877963124
2019.8130136986301, 0, nan, nan, 41.376699681047505
2003.777397260274, 0, Socialdemokratiet, nan, 39.153120850594036
2004.852511415525, 0, Socialdemokratiet, nan, 44.33856429430299
2015.3689497716894, 0, Socialdemokratiet, nan, 32.47497823292839
2019.513698630137, 0, Socialdemokratiet, nan, 39.28892125173161
2016.8184931506848, 0, nan, nan, 31.459693769187695
2019.8321917808219, 0, nan, nan, 67.31847575057736
2020.8853881278537, 0, Socialdemokratiet, nan, 39.576501825423165
2020.8826484018264, 0, nan, nan, 40.28976239734186
2019.8294520547945, 0, Socialdemokratiet, nan, 30.903593865484112
2024.7609589041097, 0, nan, nan, 33.66805700382343
2025.9495433789955, 0, nan, nan, 32.71465000637511
2023.5657534246575, 0, nan, nan, 37.57691548305095
2024.8102739726028, 0, nan, nan, 33.488344479170166
2025.4632420091325, 0, nan, nan, 37.0585910652921
2025.7105022831051, 0, nan, nan, 40.5162213740458
2023.151826484018, 0, nan, nan, 26.949678536102866
1905.9221461187215, 0, nan, nan, 54.807560137457045
2026.304794520548, 0, nan, nan, 28.869883040935672
2024.271917808219, 0, nan, nan, 35.12057438794727
2025.0246575342467, 0, nan, nan, 33.53746530989824
2024.9769406392695, 0, nan, nan, 39.163959892670526
1888.1776255707764, 0, Venstre, nan, 47.567460317460316
1889.629908675799, 0, Kvindebevægelsen, nan, 43.70279180695847
1864.4769406392695, 1, nan, nan, 49.13273628658244
2025.4796803652969, 0, Det Konservative Folkeparti, nan, 37.90108311229001
1907.8826484018264, 0, Socialdemokratiet, nan, 47.836907943561755
1902.277397260274, 0, Socialdemokratiet, nan, 41.61837709544562
1933.7801369863014, 0, Socialdemokratiet, nan, 39.403116323615244
2023.4961187214612, 0, Enhedslisten, nan, 35.43880833032678
2023.7691780821917, 0, nan, nan, 33.84462588349987
1945.2351598173516, 1, nan, nan, 44.51911976911977
1849.7746575342467, 1, nan, nan, 41.0412231620639
1849.7938356164384, 1, nan, nan, 40.686704238460244
1864.0860730593606, 1, nan, nan, 73.7018262806236
2023.0997716894976, 0, nan, nan, 33.88318264014467
2019.8552511415523, 0, nan, nan, 47.23982529283303
2024.3470319634703, 0, Socialdemokratiet, nan, 47.56959299902765
2020.419406392694, 0, Socialdemokratiet, nan, 33.244792465564316
2020.1858447488585, 0, Socialdemokratiet, nan, 37.152312599681025
2020.1885844748858, 0, Socialdemokratiet, nan, 38.65206461868323
2021.9358447488585, 0, nan, nan, 40.53514667956157
1864.2050228310502, 1, nan, nan, 40.78750616255622
2024.379908675799, 0, nan, nan, 31.576704545454547
1889.2077625570778, 0, Venstre, nan, 42.92476590248628
2026.304794520548, 0, nan, nan, 23.081339031339034
2023.5657534246575, 0, nan, nan, 34.43154761904762
2023.7664383561644, 0, nan, nan, 35.46897220426632
2025.5739726027398, 0, nan, nan, 30.8815207780725
2025.2187214611872, 0, nan, nan, 32.71764705882353
2025.7582191780823, 0, nan, nan, 33.71897317120247
2026.3990867579907, 0, nan, nan, 31.80808080808081
2026.2296803652969, 0, nan, nan, 27.61525445789405
2023.8239726027398, 0, nan, nan, 29.63131313131313
2026.304794520548, 0, nan, nan, 28.789077212806028
2024.4440639269408, 0, nan, nan, 32.033691201599126
1925.0, 0, Kvindebevægelsen, nan, 41.65880116588519
2025.2993150684931, 0, nan, nan, 32.51679658500371
1826.0, 1, nan, nan, 51.537777578528946
1936.3908675799087, 0, nan, nan, 47.53852852348305
1936.4824200913242, 0, nan, nan, 48.53646361211105
1936.8239726027398, 0, nan, nan, 49.17766708177667
1937.344292237443, 0, nan, nan, 45.62883684096729
1935.1271689497717, 0, nan, nan, 50.84516718743922
1936.1913242009134, 0, nan, nan, 43.83739608980974
1937.304794520548, 0, nan, nan, 40.57411038063373
1936.4155251141551, 0, nan, nan, 46.95417626125183
1985.4276255707764, 0, nan, nan, 29.39839208410637
1941.116210045662, 1, nan, nan, 32.73873720136519
1864.4577625570778, 1, nan, nan, 46.919865261393724
2024.1216894977167, 1, Kongehuset, nan, 38.164964187494334
2021.513698630137, 0, nan, nan, 39.553296001571866
2020.4468036529681, 0, nan, nan, 42.37672214262096
2020.8360730593606, 0, nan, nan, 33.685947137655134
1945.0849315068492, 1, nan, nan, 29.958311463154715
1884.513698630137, 0, nan, nan, 41.7799043062201
1871.924885844749, 0, nan, nan, 49.6017927454188
1913.8130136986301, 0, nan, nan, 40.642138180396756
1908.0, 0, nan, nan, 46.66666666666667
1914.0164383561644, 0, nan, nan, 35.82020922877301
1914.0164383561644, 0, nan, nan, 39.93150684931507
1900.0, 0, nan, nan, 38.177339901477836
1914.2022831050228, 0, nan, nan, 40.94699822773593
1914.4796803652969, 0, nan, nan, 39.15610671453047
1886.535616438356, 0, nan, nan, 34.20236762020694
1908.0, 0, nan, nan, 42.22843340234645
1876.0, 0, nan, nan, 46.30541752514847
1892.3771689497717, 0, nan, nan, 42.214285714285715
1914.2159817351599, 0, nan, nan, 42.165656756183246
1914.4851598173516, 0, nan, nan, 45.558815192743765
1913.3908675799087, 0, nan, nan, 42.58702592261525
1902.0, 0, nan, nan, 41.3864894081599
1889.0, 0, nan, nan, 42.26027802425318
1901.0, 0, nan, nan, 42.30729374252691
1885.0, 0, nan, nan, 34.67459324155194
1906.8607305936073, 0, nan, nan, 40.103873065488216
1914.5191780821917, 0, nan, nan, 52.39831027617541
1913.9906392694065, 0, nan, nan, 39.38931022029614
1850.924885844749, 1, nan, nan, 65.82846080431042
1985.0, 1, nan, nan, 30.53435821038619
1985.0, 1, nan, nan, 31.80517290766106
1945.2801369863014, 1, nan, nan, 26.64800874210782
1978.419406392694, 0, Socialistisk Folkeparti, nan, 47.55649006098044
1991.4045662100457, 0, Socialistisk Folkeparti, nan, 45.815815532871966
2024.8294520547945, 1, nan, nan, 30.02131463146315
2025.674885844749, 1, nan, nan, 33.167378033007395
2024.5191780821917, 0, nan, nan, 39.90397532215533
2023.0915525114156, 0, nan, nan, 47.90046227259171
2023.763698630137, 0, nan, nan, 43.38843813387424
2023.9385844748858, 0, nan, nan, 36.81200251361542
2023.2691780821917, 0, nan, nan, 40.60544319507069
2024.9413242009134, 0, nan, nan, 47.261458425182965
2023.8020547945205, 0, Fagbevægelsen, nan, 36.08698996240551
2024.419406392694, 0, nan, nan, 34.611478117258464
2023.3771689497717, 1, nan, nan, 38.643008154636064
2019.4851598173516, 0, nan, nan, 35.80701082271813
2022.419406392694, 0, Fagbevægelsen, nan, 32.443501791852555
2022.4632420091325, 0, Fagbevægelsen, nan, 39.983859906798926
2021.7050228310502, 0, Fagbevægelsen, nan, 32.554864711910554
2024.5575342465754, 0, nan, nan, 88.94474802671525
2026.129908675799, 0, nan, nan, 35.49338006230529
1849.0246575342467, 0, Højskolebevægelsen, nan, 101.05963400588662
2023.4824200913242, 0, Kvindebevægelsen, nan, 44.24142857142857
2022.3908675799087, 0, Kvindebevægelsen, nan, 40.58946800724219
2023.7609589041097, 0, nan, nan, 38.24160965315362
2026.2965753424658, 0, nan, nan, 29.53255235330707
2016.9522831050228, 1, nan, nan, 31.11776577247889
2025.116210045662, 1, nan, nan, 31.046995870412374
2022.4577625570778, 1, nan, nan, 31.73363894040662
2025.0657534246575, 1, nan, nan, 37.814110696292005
2024.3157534246575, 1, nan, nan, 29.983607482967592
2024.1408675799087, 1, nan, nan, 37.45633832524784
2025.116210045662, 1, nan, nan, 34.08579232081686
1977.777397260274, 0, nan, nan, 43.30627600752437
2021.2242009132422, 1, nan, nan, 24.632444848031625
2021.7269406392695, 1, nan, nan, 26.59289911445833
2021.344292237443, 1, nan, nan, 25.353864734299517
1959.1940639269408, 0, Socialdemokratiet, nan, 62.86640976236352
1915.554794520548, 0, Kvindebevægelsen, nan, 42.831439056543275
1909.0, 0, Kvindebevægelsen, nan, 51.52803446553447
1920.169406392694, 0, Kvindebevægelsen, nan, 50.785217669668626
1913.521917808219, 0, Kvindebevægelsen, nan, 50.831208257437765
1924.5082191780823, 0, Kvindebevægelsen, nan, 60.39453700555367
1923.0, 0, Kvindebevægelsen, nan, 38.963900134952766
1916.021917808219, 0, Kvindebevægelsen, nan, 52.90876998455255
1927.0, 0, Kvindebevægelsen, nan, 44.042805391951504
1908.5767123287671, 0, Kvindebevægelsen, nan, 48.902447645862026
1912.5109589041097, 0, Kvindebevægelsen, nan, 50.154061605349554
1927.0, 0, Kvindebevægelsen, nan, 54.906738157561435
1912.9100456621004, 0, Kvindebevægelsen, nan, 54.2772770398482
1909.0082191780823, 0, Kvindebevægelsen, nan, 54.08767319270896
1765.0, 1, nan, nan, 31.195365606250526
1953.419406392694, 0, Socialdemokratiet, nan, 41.47937166195413
1959.0860730593606, 0, Socialdemokratiet, nan, 44.07319645619463
1958.1408675799087, 0, Socialdemokratiet, nan, 56.76624261478115
1840.013698630137, 0, Kongehuset, nan, 62.99015531660693
1814.0, 0, nan, nan, 67.07272388075522
1829.9303652968038, 0, nan, nan, 63.32952688889459
1844.616210045662, 0, nan, nan, 63.009289095755264
1826.4550228310502, 0, nan, nan, 67.22646510829728
2021.3020547945205, 0, Kongehuset, nan, 42.78139534883721
2016.271917808219, 0, Kvindebevægelsen, nan, 45.329518713765495
2020.9659817351599, 0, nan, nan, 39.805038823336226
2018.4878995433792, 0, nan, nan, 26.923305691833455
2022.1721461187215, 0, Kongehuset, nan, 43.81000100010001
2021.7105022831051, 0, Regnbuebevægelsen, nan, 37.73195649440463
2021.7242009132422, 0, Regnbuebevægelsen, nan, 41.74793137016306
2020.9495433789955, 0, Kongehuset, nan, 31.93561040371734
2020.7269406392695, 0, Regnbuebevægelsen, nan, 38.024719101123594
2020.8294520547945, 0, Kongehuset, nan, 38.83001621701312
2021.527397260274, 0, Kongehuset, nan, 41.01536581107037
2023.5739726027398, 0, Kongehuset, nan, 55.53713606654783
2021.9413242009134, 0, Kongehuset, nan, 40.53192322060733
2023.7269406392695, 0, Kongehuset, nan, 39.706652126499456
2022.9632420091325, 0, Kongehuset, nan, 41.07047872340426
2022.7324200913242, 0, Kongehuset, nan, 32.97251585623679
2020.2433789954339, 0, Kongehuset, nan, 36.3419311507738
2021.7132420091325, 0, Regnbuebevægelsen, nan, 44.863888888888894
2022.8239726027398, 0, Kongehuset, nan, 37.29192546583851
2023.4221461187215, 0, Kongehuset, nan, 50.71079885506115
2023.8744292237443, 0, Kongehuset, nan, 25.850412920548393
2010.3771689497717, 0, Kongehuset, nan, 41.67607340720222
2015.3744292237443, 0, Kongehuset, nan, 32.87767808093756
2004.4550228310502, 0, Kongehuset, nan, 34.7623493464607
2021.3744292237443, 0, Kongehuset, nan, 42.344297053386974
2021.8689497716894, 0, Kongehuset, nan, 47.044949114210326
2024.0164383561644, 0, Kongehuset, nan, 43.86772486772487
2016.1408675799087, 0, Kongehuset, nan, 44.903208556149735
2023.129908675799, 0, nan, nan, 56.29029088050314
2022.2582191780823, 0, Kongehuset, nan, 52.22358208955224
2022.7801369863014, 0, Kongehuset, nan, 26.564556176288022
2021.4276255707764, 0, Kongehuset, nan, 41.67310126582278
2023.6913242009134, 0, Kongehuset, nan, 48.081342281879195
2021.6913242009134, 0, Kongehuset, nan, 36.09567682494685
2023.1381278538813, 0, Kongehuset, nan, 44.324074074074076
1992.527397260274, 0, Kongehuset, nan, 35.763073209975865
2022.804794520548, 0, Kongehuset, nan, 38.7190170940171
2025.3634703196346, 0, nan, nan, 20.941941624365484
2022.5630136986301, 0, Kongehuset, nan, 35.1240464854349
2022.2664383561644, 0, Kongehuset, nan, 45.30713865078846
2023.8744292237443, 0, Kongehuset, nan, 23.81108961960026
2023.1885844748858, 0, Kongehuset, nan, 41.446127946127945
1992.527397260274, 0, Kongehuset, nan, 42.71713383339913
1912.4577625570778, 0, nan, nan, 31.875
2024.0849315068492, 0, Kongehuset, nan, 32.9325017088175
1972.1244292237443, 0, nan, nan, 22.77093596059113
2023.8744292237443, 0, Kongehuset, nan, 36.54385964912281
2004.4522831050228, 0, Kongehuset, nan, 38.513916417155144
2007.7828767123287, 0, Kongehuset, nan, 51.61438487667996
2013.344292237443, 0, Kongehuset, nan, 45.85853227232538
2012.5383561643835, 0, Kongehuset, nan, 41.30209099077024
2015.2965753424658, 0, Kongehuset, nan, 46.68186183055312
2023.9331050228311, 0, Kongehuset, nan, 48.686971030613726
2014.2965753424658, 0, Kongehuset, nan, 45.894576646375214
2014.8908675799087, 0, Kongehuset, nan, 42.95481807277089
2020.2965753424658, 0, Kongehuset, nan, 31.520492494518468
2015.3744292237443, 0, Kongehuset, nan, 34.183340489480464
2020.3771689497717, 0, Kongehuset, nan, 30.35043804755945
2014.3826484018264, 0, Kongehuset, nan, 35.49500674763833
2019.8294520547945, 0, Kongehuset, nan, 38.111111111111114
2014.5164383561644, 0, Kongehuset, nan, 45.20833333333333
1979.419406392694, 0, Kongehuset, nan, 47.8150406504065
1998.9303652968038, 0, Kongehuset, nan, 38.17832167832168
2023.0849315068492, 0, Kongehuset, nan, 35.36302824988516
2021.535616438356, 0, Kongehuset, nan, 36.06699346405229
2022.7801369863014, 0, Kongehuset, nan, 40.8393605870021
2023.541095890411, 0, Kongehuset, nan, 43.62387633927091
2000.5860730593606, 0, Kongehuset, nan, 34.425034053317766
1998.5383561643835, 0, Kongehuset, nan, 41.390825110224654
2015.513698630137, 0, Kvindebevægelsen, nan, 53.03929164360819
2022.8212328767124, 0, Kongehuset, nan, 37.99924709103354
2018.4878995433792, 0, Kongehuset, nan, 32.496828752642706
2022.9605022831051, 0, Kongehuset, nan, 28.685350918511542
2021.85799086758, 0, Kongehuset, nan, 44.72156505914468
2024.9276255707764, 0, nan, nan, 34.083474218089606
2024.9851598173516, 0, Kongehuset, nan, 37.18118616144976
2025.9495433789955, 0, Kongehuset, nan, 48.26917130488559
2024.4769406392695, 0, nan, nan, 48.60903269295585
2024.5054794520547, 0, Kongehuset, nan, 41.14936440677966
2024.352511415525, 0, Kongehuset, nan, 30.906277630415563
2024.3415525114156, 0, Kongehuset, nan, 40.088765705838874
2024.8607305936073, 0, nan, nan, 38.82857142857142
2026.2993150684931, 0, Kongehuset, nan, 39.602945095948826
2026.2993150684931, 0, Kongehuset, nan, 37.54883720930232
2026.3990867579907, 0, Kongehuset, nan, 33.71544787337518
1901.8470319634703, 0, Kongehuset, nan, 57.69230769230769
1947.0860730593606, 0, Kongehuset, nan, 51.30048661800487
1945.4303652968038, 0, Kongehuset, nan, 37.80063329679698
1920.6134703196346, 0, Kongehuset, nan, 38.057113187954315
1918.4933789954339, 0, nan, nan, 60.686440677966104
1918.3267123287671, 0, Kongehuset, nan, 60.525486219928105
1913.0860730593606, 0, Kongehuset, nan, 45.367924528301884
1917.3963470319634, 0, nan, nan, 47.83567299752271
1912.852511415525, 0, nan, nan, 56.008658008658
1920.8470319634703, 0, nan, nan, 61.42910866266411
1972.0849315068492, 0, Kongehuset, nan, 41.76556215284428
1947.3881278538813, 0, nan, nan, 26.631086142322097
1948.8470319634703, 0, nan, nan, 58.22764474921196
1948.0860730593606, 0, Kongehuset, nan, 42.2621055920025
1906.8360730593606, 0, Kongehuset, nan, 53.026437060392915
2026.0849315068492, 0, Kongehuset, nan, 33.22742792399676
2024.1216894977167, 0, Kongehuset, nan, 28.210062893081762
2024.7828767123287, 0, Kongehuset, nan, 29.467440273037546
2024.5164383561644, 0, Kongehuset, nan, 51.88974358974359
2025.174885844749, 0, Kongehuset, nan, 27.610513739545997
2024.3716894977167, 0, Kongehuset, nan, 39.07807308970099
2024.85799086758, 0, Kongehuset, nan, 45.39445589061622
2025.3990867579907, 0, nan, nan, 52.458333333333336
2024.8908675799087, 0, Kongehuset, nan, 48.44164978340004
2025.0164383561644, 0, Kongehuset, nan, 50.10733778047301
2025.5301369863014, 0, Kongehuset, nan, 33.51136363636364
2025.2609589041097, 0, Kongehuset, nan, 33.16611097880448
2024.4550228310502, 0, Kongehuset, nan, 37.78103432267649
2024.4331050228311, 0, Kongehuset, nan, 39.20072518913111
2025.0164383561644, 0, Kongehuset, nan, 38.70899730899731
2024.8552511415523, 0, Kongehuset, nan, 42.42351046698873
2025.3349315068492, 0, Kongehuset, nan, 55.85043238993711
2024.169406392694, 0, Kongehuset, nan, 42.73086642599278
2024.1682648401825, 0, Kongehuset, nan, 48.50738605656639
2024.8020547945205, 0, Kongehuset, nan, 33.78443496801706
2024.3020547945205, 0, nan, nan, 39.137587822014055
2024.594292237443, 0, Kongehuset, nan, 40.211009174311926
2024.4796803652969, 0, nan, nan, 37.63247863247864
2024.4577625570778, 0, Kongehuset, nan, 37.71652421652422
2026.1600456621004, 0, Kongehuset, nan, 38.748242852145154
2025.9100456621004, 0, Kongehuset, nan, 36.66314616755793
2026.291095890411, 0, Kongehuset, nan, 40.74686505708404
2024.4988584474886, 0, Kongehuset, nan, 48.851626329582245
2025.8360730593606, 0, nan, nan, 38.28502415458937
1945.0465753424658, 1, nan, nan, 31.32658538008284
1864.2242009132422, 1, nan, nan, 44.699707256515424
1962.8634703196346, 0, nan, nan, 44.86809183091172
1956.3689497716894, 0, Socialdemokratiet, nan, 52.57487730468232
1959.8497716894976, 0, Socialdemokratiet, nan, 60.32648103683109
1813.4413242009134, 1, nan, nan, 36.397386934673364
1826.0, 1, nan, nan, 47.792760699296366
1864.7433789954339, 1, nan, nan, 63.0193706863177
1848.1831050228311, 1, nan, nan, 79.46072162151688
1881.379908675799, 1, nan, nan, 49.17420193095728
1864.9331050228311, 1, nan, nan, 62.54853017852291
1849.9468036529681, 1, nan, nan, 64.1298749080206
2023.3908675799087, 0, nan, nan, 38.23925041186162
1940.3716894977167, 1, nan, nan, 32.964630586121714
2024.5246575342467, 0, nan, nan, 40.12348371268911
2021.6885844748858, 0, Socialistisk Folkeparti, nan, 33.36728004171943
2023.3360730593606, 0, Socialistisk Folkeparti, nan, 33.56566803602641
2024.151826484018, 0, nan, nan, 182.90243902439025
2024.9769406392695, 0, nan, nan, 34.90575402442016
2023.5630136986301, 0, nan, nan, 37.846774193548384
2023.169406392694, 0, nan, nan, 31.88408703846187
2024.9495433789955, 1, nan, nan, 31.546816479400746
2021.344292237443, 1, nan, nan, 35.21797052154195
2022.2022831050228, 1, nan, nan, 36.739268383725275
2022.85799086758, 1, nan, nan, 79.66600199401795
2025.541095890411, 1, nan, nan, 29.394394286806154
2023.7801369863014, 0, nan, nan, 36.429736291805256
2025.5712328767124, 0, nan, nan, 31.595201238390096
2024.5712328767124, 0, nan, nan, 36.29794762915782
2021.879908675799, 1, nan, nan, 36.85635079749148
2021.8415525114156, 1, nan, nan, 36.46053180594014
2022.5328767123287, 1, Indre Mission, nan, 31.12578056750898
2019.4045662100457, 0, nan, nan, 42.35892255892256
1851.2406392694065, 1, nan, nan, 40.46472513422145
1849.8212328767124, 1, nan, nan, 38.28665570368393
2026.1134703196346, 1, nan, nan, 29.058193245494472
2025.5602739726028, 1, nan, nan, 36.05557958477509
2025.9988584474886, 1, nan, nan, 24.55196933578936
2025.8853881278537, 1, nan, nan, 30.320441792740965
2026.0191780821917, 1, nan, nan, 26.73551912568306
2026.0383561643835, 1, nan, nan, 28.92421879512505
2025.657305936073, 1, nan, nan, 41.83660130718954
2025.674885844749, 1, nan, nan, 38.898729303041975
2025.7132420091325, 1, nan, nan, 32.18926733440318
2026.0657534246575, 1, nan, nan, 26.305348258706466
2025.3881278538813, 1, nan, nan, 27.166666666666668
2025.521917808219, 1, nan, nan, 39.290362116991645
2025.379908675799, 1, nan, nan, 28.9210922787194
1850.5997716894976, 1, nan, nan, 46.71359990963515
1848.3963470319634, 1, nan, nan, 54.373894442387595
1848.4550228310502, 1, nan, nan, 82.1331728840754
2024.7269406392695, 0, Venstre, nan, 31.407688214950788
1995.9276255707764, 0, Det Konservative Folkeparti, nan, 40.196731455194005
1945.0082191780823, 1, nan, nan, 31.097985125084513
1939.7746575342467, 1, nan, nan, 26.999307630293544
1940.513698630137, 1, nan, nan, 33.00032087277395
1945.60799086758, 1, nan, nan, 34.786135834370114
1941.2022831050228, 0, Socialdemokratiet, nan, 42.42213383562335
1948.419406392694, 0, Socialdemokratiet, nan, 41.552095291993425
1955.0860730593606, 0, Socialdemokratiet, nan, 46.07123822765116
1949.3130136986301, 0, Socialdemokratiet, nan, 48.61902494297321
1948.424885844749, 0, Socialdemokratiet, nan, 38.43973582828839
1950.4303652968038, 0, nan, nan, 49.081875589751036
1954.8470319634703, 0, Socialdemokratiet, nan, 57.26764006042649
1945.5794520547945, 0, Socialdemokratiet, nan, 54.34384590239118
1950.8415525114156, 0, Socialdemokratiet, nan, 62.34706616729089
2005.419406392694, 0, Fagbevægelsen, nan, 38.11266126612661
1920.6134703196346, 0, nan, nan, 53.510633005845044
2024.6776255707764, 1, nan, nan, 32.683129642233595
2024.6968036529681, 1, nan, nan, 38.416584500098594
2026.4045662100457, 1, nan, nan, 31.526545086119555
2024.3267123287671, 1, nan, nan, 31.64074603575066
1918.8963470319634, 0, nan, nan, 52.075287970549816
1906.5860730593606, 0, nan, nan, 35.83433930727087
1918.9632420091325, 0, nan, nan, 43.82242582897033
1920.6134703196346, 0, nan, nan, 41.262489762489764
2022.8321917808219, 0, nan, nan, 36.33710801393728
1639.263698630137, 1, nan, nan, 33.63835464015947
2019.5630136986301, 0, nan, nan, 34.75252474752524
1657.3294520547945, 1, nan, nan, 60.47118123402063
1539.0, 1, nan, nan, 44.43435838772626
1539.0, 1, nan, nan, 67.38039857401671
1540.0684931506848, 1, nan, nan, 55.95491256959147
1539.0, 1, nan, nan, 53.88169518058817
1539.0, 1, nan, nan, 49.90626086500174
2023.379908675799, 0, nan, nan, 36.261847146602136
1948.4100456621004, 1, nan, nan, 38.37147595356551
2015.419406392694, 0, Fagbevægelsen, nan, 34.19514137601483
2019.9385844748858, 0, nan, nan, 26.9415334344731
1945.7664383561644, 0, Socialdemokratiet, nan, 61.61188743242766
1945.1776255707764, 1, nan, nan, 36.33226141078838
2021.304794520548, 0, nan, nan, 39.07178043631245
1890.669406392694, 0, Kvindebevægelsen, nan, 54.76310291470236
2023.6463470319634, 1, nan, nan, 30.67644084934277
2025.9468036529681, 0, nan, nan, 40.712407089765584
2025.651826484018, 0, nan, nan, 50.71014144465806
2020.5520547945205, 0, nan, nan, 38.66620697681185
2024.5191780821917, 0, nan, nan, 40.57206379727711
2025.7691780821917, 1, nan, nan, 32.216981132075475
1893.0, 0, Kvindebevægelsen, nan, 36.43611793611794
1913.0, 0, Kvindebevægelsen, nan, 50.47996463029706
2026.271917808219, 0, nan, nan, 45.911392405063296
1918.9100456621004, 0, Socialdemokratiet, nan, 43.911682237415135
1911.8267123287671, 0, Kvindebevægelsen, nan, 40.42145593869732
2021.5684931506848, 0, nan, nan, 39.71781588116633
1987.3552511415523, 1, nan, nan, 36.67269984917044
1990.3744292237443, 1, nan, nan, 32.3511219442254
1991.4687214611872, 1, nan, nan, 31.326648694523488
2024.919406392694, 0, nan, nan, 38.074008848417165
2026.0860730593606, 0, nan, nan, 25.929339477726575
2025.4824200913242, 0, nan, nan, 37.027188328912466
2026.0684931506848, 1, nan, nan, 31.794185863462243
2026.3102739726028, 1, nan, nan, 25.347296189022806
2015.419406392694, 0, Socialdemokratiet, nan, 30.891032270552774
2015.5767123287671, 0, Socialdemokratiet, nan, 27.419279520273847
2015.513698630137, 0, Socialistisk Folkeparti, nan, 30.54882154882155
2015.0860730593606, 0, Socialdemokratiet, nan, 26.338877277387805
2015.3744292237443, 0, Socialdemokratiet, nan, 31.191237446347458
2012.1244292237443, 0, Socialdemokratiet, nan, 34.075824369599715
2015.5328767123287, 0, Socialdemokratiet, nan, 30.267779516605806
2011.791095890411, 0, Socialdemokratiet, nan, 30.54479634348582
2014.3826484018264, 0, Socialdemokratiet, nan, 30.94271892176794
2014.852511415525, 0, Socialdemokratiet, nan, 32.85093065470312
2005.366210045662, 0, Socialdemokratiet, nan, 37.038764208685514
2015.2105022831051, 0, Socialdemokratiet, nan, 28.882731423827313
2009.8184931506848, 0, Socialdemokratiet, nan, 31.99609548935471
2014.804794520548, 0, Socialdemokratiet, nan, 30.344943388984838
2012.8075342465754, 0, Socialdemokratiet, nan, 32.02710614416716
2005.2828767123287, 0, Socialdemokratiet, nan, 39.22185465238395
2008.7664383561644, 0, Socialdemokratiet, nan, 37.87897025521117
2020.527397260274, 0, nan, nan, 45.38868691020028
2026.419406392694, 0, Fagbevægelsen, nan, 35.56577682419828
2024.513698630137, 0, nan, nan, 42.2608932842815
2022.8157534246575, 0, Fagbevægelsen, nan, 39.68546153452648
2023.1803652968038, 0, Fagbevægelsen, nan, 37.634422224233106
2024.3020547945205, 0, Fagbevægelsen, nan, 42.41343356420219
2022.3552511415523, 0, Fagbevægelsen, nan, 35.79484132683929
2012.8415525114156, 1, nan, nan, 28.81692181692182
1940.513698630137, 0, Kvindebevægelsen, nan, 44.61550198352151
1915.513698630137, 0, Kvindebevægelsen, nan, 57.48205128205128
1848.35799086758, 1, nan, nan, 39.23668878459297
1848.8963470319634, 1, nan, nan, 39.51347900455323
1848.3771689497717, 1, nan, nan, 37.76899458008056
1848.3881278538813, 1, nan, nan, 35.115216739725
1848.5493150684931, 1, nan, nan, 41.303076692972965
1848.0, 1, nan, nan, 37.826397388820894
1848.3963470319634, 1, nan, nan, 38.28467208112295
2025.271917808219, 0, nan, nan, 38.78375688267683
2025.4276255707764, 1, nan, nan, 36.132060138155225
2023.513698630137, 0, nan, nan, 35.937793655108145
2023.0, 0, nan, nan, 36.20357541009715
2021.0493150684931, 0, nan, nan, 35.51415094339623
2024.7296803652969, 0, nan, nan, 34.75430004777831
2024.7269406392695, 0, nan, nan, 37.08971253465636
2023.6913242009134, 0, nan, nan, 50.535275080906146
2024.9385844748858, 0, nan, nan, 39.96234127754811
2024.3853881278537, 0, nan, nan, 41.146009637987774
2024.513698630137, 0, Liberal Alliance, nan, 36.31563610518835
2022.0438356164384, 0, Liberal Alliance, nan, 37.77329536465749
2021.0602739726028, 0, nan, nan, 38.32764346677142
2024.3689497716894, 0, Liberal Alliance, nan, 31.98244181298489
2022.513698630137, 0, Socialdemokratiet, nan, 38.798854532932175
2022.8184931506848, 0, Socialdemokratiet, nan, 35.28721569648261
2021.8497716894976, 0, Venstre, nan, 34.731924134483194
2022.541095890411, 0, nan, nan, 35.13416656554625
2020.527397260274, 0, Socialdemokratiet, nan, 40.67780068728523
2022.1216894977167, 0, Socialdemokratiet, nan, 39.41638248246478
2022.2269406392695, 0, Socialdemokratiet, nan, 33.18490730432257
2022.5328767123287, 0, Socialdemokratiet, nan, 33.679045776918116
1747.5301369863014, 1, nan, nan, 51.48402287436673
2023.513698630137, 0, Venstre, nan, 38.809889173060526
2019.541095890411, 0, nan, nan, 34.84126984126984
2022.3990867579907, 1, nan, nan, 31.163977293044876
2022.0684931506848, 1, nan, nan, 35.06128419807651
2025.419406392694, 0, nan, nan, 33.12472351929221
2024.513698630137, 0, nan, nan, 37.66379429678848
2024.9413242009134, 0, nan, nan, 36.17038875103391
2025.4276255707764, 0, nan, nan, 40.42364572947823
2024.9045662100457, 0, Fagbevægelsen, nan, 39.84189948263119
2023.9961187214612, 0, Fagbevægelsen, nan, 41.48316549689757
2025.393607305936, 0, nan, nan, 32.568975091226406
1942.0849315068492, 0, nan, nan, 52.51109765940274
1980.9933789954339, 0, nan, nan, 47.99728842585985
2019.8130136986301, 0, nan, nan, 44.46586568083796
2023.9303652968038, 1, nan, nan, 30.62072700707862
2022.3607305936073, 1, nan, nan, 41.81150143117356
2023.35799086758, 1, nan, nan, 38.474619512624265
2017.8415525114156, 1, nan, nan, 34.30085281336098
2024.2746575342467, 0, nan, nan, 35.349342900025626
2025.5739726027398, 0, nan, nan, 27.24172532560236
2022.541095890411, 0, nan, nan, 40.47533849799743
2019.513698630137, 0, nan, nan, 41.01076718072849
2020.513698630137, 0, nan, nan, 43.17465783802681
2024.5767123287671, 0, nan, nan, 33.91448176755328
2025.419406392694, 0, Fagbevægelsen, nan, 29.5333700198107
2025.4100456621004, 0, nan, nan, 28.934911655841887
2024.5054794520547, 1, nan, nan, 32.006402901661794
2023.0109589041097, 1, nan, nan, 38.09333734832263
2026.0383561643835, 1, nan, nan, 30.194455140546786
2023.4100456621004, 1, Kvindebevægelsen, nan, 42.63670650300219
2022.0684931506848, 1, nan, nan, 39.38387553041018
2023.35799086758, 1, nan, nan, 36.6007204610951
2020.501598173516, 1, nan, nan, 33.659147869674186
2025.4961187214612, 1, nan, nan, 30.431818181818183
2024.1408675799087, 1, Kongehuset, nan, 30.94562889355179
2019.8360730593606, 1, nan, nan, 37.798884214377175
2022.4796803652969, 0, nan, nan, 40.83724119018237
2024.157305936073, 0, nan, nan, 34.89942967306611
2023.9413242009134, 0, nan, nan, 42.17131937520771
2025.8075342465754, 0, nan, nan, 28.326066090771974
1899.0, 0, Kvindebevægelsen, nan, 43.41659311562224
2026.0657534246575, 1, nan, nan, 35.36443264014467
2026.291095890411, 1, nan, nan, 38.52172542662885
1971.0860730593606, 0, Radikale Venstre, nan, 42.72924254299018
1971.8470319634703, 0, Radikale Venstre, nan, 60.728420038535646
1905.6913242009134, 0, Højskolebevægelsen, nan, 48.24682306940372
2002.419406392694, 0, Socialistisk Folkeparti, nan, 40.42222899255672
2004.513698630137, 0, Socialistisk Folkeparti, nan, 38.93451491209339
2003.3102739726028, 0, Socialistisk Folkeparti, nan, 36.20619359864961
2005.338812785388, 0, Socialistisk Folkeparti, nan, 40.03007596664047
1993.4385844748858, 0, Socialistisk Folkeparti, nan, 41.7567322913547
2001.4495433789955, 0, Socialistisk Folkeparti, nan, 40.99750632646061
2002.4045662100457, 0, Socialistisk Folkeparti, nan, 41.160885783375164
1916.7351598173516, 0, nan, nan, 40.35034269587421
2025.419406392694, 0, Socialdemokratiet, nan, 40.31762395679921
2023.3716894977167, 0, nan, nan, 34.572959827058185
2024.5739726027398, 0, Socialdemokratiet, nan, 23.721732157177225
2022.751598173516, 0, Kongehuset, nan, 33.09355215440408
2024.7828767123287, 0, Socialdemokratiet, nan, 39.136212624584715
2023.6216894977167, 0, nan, nan, 33.49268748937135
2024.8020547945205, 0, Socialdemokratiet, nan, 31.400306884895926
2023.3184931506848, 0, nan, nan, 29.42240476154325
2023.7050228310502, 0, nan, nan, 39.0734394124847
2024.5465753424658, 0, Socialdemokratiet, nan, 43.08398426679962
2024.5794520547945, 0, Socialdemokratiet, nan, 37.25929896522793
2023.3360730593606, 0, nan, nan, 33.64978202784418
2024.2691780821917, 0, Socialdemokratiet, nan, 40.27877647929451
2024.9550228310502, 0, nan, nan, 38.22810391363023
1927.0, 0, Kvindebevægelsen, nan, 32.16935596593004
1918.304794520548, 0, Kvindebevægelsen, nan, 46.11027568922306
2002.0164383561644, 0, nan, nan, 44.52286381203842
2024.9100456621004, 0, nan, nan, 35.938818714275634
2025.8267123287671, 1, nan, nan, 29.17809292163087
2025.1545662100457, 1, nan, nan, 40.01120108681175
2025.263698630137, 1, nan, nan, 30.531594170653023
2023.2828767123287, 1, nan, nan, 30.804844883158744
2020.5712328767124, 0, nan, nan, 36.282520088505876
2023.9100456621004, 0, nan, nan, 37.874787595581985
1960.419406392694, 0, Danmarks Kommunistiske Parti, nan, 36.80564790736291
1938.3020547945205, 0, Danmarks Kommunistiske Parti, nan, 37.063696126452044
2017.0, 0, nan, nan, 27.87198557583953
2025.419406392694, 0, Socialdemokratiet, nan, 33.760822668470155
2013.1408675799087, 0, Socialistisk Folkeparti, nan, 40.511565357719206
2011.9605022831051, 0, Socialistisk Folkeparti, nan, 45.749552583243066
2025.3157534246575, 0, nan, nan, 37.33124527309197
2013.1831050228311, 0, Socialistisk Folkeparti, nan, 47.316570955559
2011.9358447488585, 0, Socialistisk Folkeparti, nan, 43.736545026359
2011.9961187214612, 0, Socialistisk Folkeparti, nan, 41.6250424995079
2012.1271689497717, 0, Socialistisk Folkeparti, nan, 46.02695810564663
2013.0383561643835, 0, Socialistisk Folkeparti, nan, 48.481740361050704
2025.7461187214612, 0, Socialdemokratiet, nan, 37.85760891903
2011.9577625570778, 0, Socialistisk Folkeparti, nan, 44.66034361627387
2012.0246575342467, 0, Socialistisk Folkeparti, nan, 46.04435956813329
2012.4468036529681, 0, Socialistisk Folkeparti, nan, 44.64226747385801
2012.271917808219, 0, Socialistisk Folkeparti, nan, 49.98642850661724
2011.9659817351599, 0, Socialistisk Folkeparti, nan, 42.558498656279255
2013.035616438356, 0, Socialistisk Folkeparti, nan, 36.85433500764359
2012.8826484018264, 0, Socialistisk Folkeparti, nan, 52.40343915343915
2012.3267123287671, 0, Socialistisk Folkeparti, nan, 45.36764705882353
2023.4100456621004, 0, nan, nan, 33.63659704924315
2025.5739726027398, 0, nan, nan, 40.45256166982922
1893.0, 0, Kvindebevægelsen, nan, 41.37325637325637
1908.1682648401825, 0, Kvindebevægelsen, nan, 37.66390081068192
1898.0, 0, Kvindebevægelsen, nan, 36.5118783655369
2025.657305936073, 0, nan, nan, 36.99575047413691
2024.419406392694, 0, Fagbevægelsen, nan, 35.821151403979115
2024.4045662100457, 0, nan, nan, 27.71571906354515
2024.5767123287671, 0, nan, nan, 27.64712918660287
2026.2965753424658, 0, nan, nan, 28.490029093851756
2026.3157534246575, 0, nan, nan, 28.447308132875143
2026.2132420091325, 0, nan, nan, 36.86511000796715
2025.3020547945205, 0, nan, nan, 35.9440252675908
2023.4331050228311, 0, nan, nan, 42.6061872909699
2026.157305936073, 0, nan, nan, 37.23684210526316
2025.9413242009134, 0, nan, nan, 29.33282583824694
2026.0438356164384, 0, nan, nan, 31.529874274289668
1919.2242009132422, 0, nan, nan, 53.67904855001629
1919.8212328767124, 0, Venstre, nan, 54.20833333333333
1919.8212328767124, 0, Venstre, nan, 51.22773263433814
1919.8212328767124, 0, Kvindebevægelsen, nan, 38.54887218045113
1919.5657534246575, 0, Venstre, nan, 65.75335775335775
1919.5657534246575, 0, Venstre, nan, 53.18227028013504
1919.5712328767124, 0, nan, nan, 45.87310030395137
1976.7828767123287, 0, nan, nan, 42.07905663511045
1946.0383561643835, 0, Kvindebevægelsen, nan, 49.96612475140654
2022.5630136986301, 0, nan, nan, 36.20516641828117
2025.513698630137, 0, Danmarksdemokraterne, nan, 41.88504409491772
2021.9851598173516, 0, Danmarksdemokraterne, nan, 36.91974696105184
2023.3963470319634, 0, Danmarksdemokraterne, nan, 36.340410474168436
2023.9550228310502, 0, Danmarksdemokraterne, nan, 39.671940232915844
2025.5328767123287, 0, Danmarksdemokraterne, nan, 35.69917559234015
2024.0191780821917, 0, Danmarksdemokraterne, nan, 44.18783004305793
2023.2433789954339, 0, Danmarksdemokraterne, nan, 48.11730756473476
2021.1721461187215, 0, Venstre, nan, 35.30819191284308
2024.9045662100457, 0, Danmarksdemokraterne, nan, 38.71309315832424
2024.8415525114156, 0, Danmarksdemokraterne, nan, 47.46804345811712
2025.4742009132422, 0, Danmarksdemokraterne, nan, 48.54213483146067
2024.1408675799087, 0, Danmarksdemokraterne, nan, 33.929690689276185
2023.1353881278537, 0, Danmarksdemokraterne, nan, 45.71437503005819
2020.9742009132422, 0, Venstre, nan, 35.86089078706528
2023.3267123287671, 0, Danmarksdemokraterne, nan, 44.97951641854081
2021.1490867579907, 0, Venstre, nan, 33.631647064166025
2019.9605022831051, 0, Venstre, nan, 34.31910299003322
2004.5630136986301, 0, nan, nan, 38.520105365014516
2025.9045662100457, 1, nan, nan, 28.834910358565736
2025.3908675799087, 1, nan, nan, 28.791137664924072
2025.2938356164384, 1, nan, nan, 29.65109908161357
2022.0657534246575, 1, nan, nan, 27.22380275011854
2020.4742009132422, 1, nan, nan, 28.58444212952002
2021.0849315068492, 1, nan, nan, 28.9416917601971
2025.4276255707764, 1, nan, nan, 33.39880680607555
2020.4276255707764, 0, nan, nan, 29.12822609960015
2020.7296803652969, 0, nan, nan, 35.97960584371017
2024.8102739726028, 0, nan, nan, 40.954154824739476
2023.9522831050228, 0, nan, nan, 35.21412258214869
1968.2242009132422, 0, Kvindebevægelsen, nan, 46.93374485596708
1945.0, 0, Kvindebevægelsen, nan, 56.36333179297597
1945.0, 0, Kvindebevægelsen, nan, 48.25477776803717
2022.907305936073, 0, nan, nan, 36.792957746478876
2026.3826484018264, 0, nan, nan, 35.24148948396736
2026.3607305936073, 0, nan, nan, 38.77677288347392
2021.513698630137, 0, Kristendemokraterne, nan, 35.659388932599
2021.5520547945205, 0, Kristendemokraterne, nan, 36.9023199023199
2021.8771689497717, 0, Kristendemokraterne, nan, 36.95348647768003
2025.3075342465754, 0, nan, nan, 28.259420816672723
2026.419406392694, 0, Enhedslisten, nan, 35.26852659110724
2025.4632420091325, 0, nan, nan, 34.80866308418825
2026.151826484018, 0, nan, nan, 41.49182389937107
2026.1600456621004, 0, Enhedslisten, nan, 44.78478478478478
2025.3102739726028, 0, nan, nan, 36.63237991605783
2021.2828767123287, 0, nan, nan, 34.47815724062787
2025.3020547945205, 0, nan, nan, 30.905287219240705
2025.513698630137, 0, nan, nan, 40.952380952380956
2024.9413242009134, 0, nan, nan, 32.65537361189535
1942.4632420091325, 1, nan, nan, 34.18197463190771
1942.0767123287671, 1, nan, nan, 31.03907084460505
1942.4550228310502, 1, nan, nan, 29.029397747979257
1942.0860730593606, 1, nan, nan, 29.3338674691732
2025.5575342465754, 0, nan, nan, 95.35437430786268
2026.129908675799, 0, nan, nan, 24.59337909337909
2022.907305936073, 0, nan, nan, 22.52629425935185
1999.513698630137, 0, Venstre, nan, 41.73912482251194
1894.3360730593606, 0, Venstre, nan, 46.53628573699109
1920.3349315068492, 0, Venstre, nan, 38.56635686379189
1905.838812785388, 0, Venstre, nan, 51.45238095238095
1864.7433789954339, 1, nan, nan, 45.660241397946315
1904.8415525114156, 0, Venstre, nan, 53.23867809057528
1848.8552511415523, 1, nan, nan, 54.21488926746167
1850.3716894977167, 1, nan, nan, 54.63885600234687
1848.4933789954339, 1, nan, nan, 52.13506846715789
1849.4714611872148, 1, nan, nan, 51.08788896001499
1848.8963470319634, 1, nan, nan, 53.19264767168959
1850.9632420091325, 1, nan, nan, 60.704266642612296
1848.5684931506848, 1, nan, nan, 51.82295991910673
1850.0246575342467, 1, nan, nan, 56.39414640169673
1849.5657534246575, 1, nan, nan, 60.00510461267499
1850.4687214611872, 1, nan, nan, 56.34664679582713
1908.8267123287671, 0, Venstre, nan, 50.105879150789335
1836.2378995433792, 0, Den liberale bevægelse, nan, 58.40761478163494
1772.0, 0, nan, nan, 37.10416666666667
1772.4100456621004, 0, nan, nan, 43.265350135037394
1898.8415525114156, 1, nan, nan, 37.092060960482016
1803.0, 1, nan, nan, 49.59159102370147
1848.9878995433792, 1, nan, nan, 55.78663581243497
1850.5821917808219, 1, nan, nan, 51.53613352898019
1848.7022831050228, 1, nan, nan, 53.85333308204075
1849.6803652968038, 1, nan, nan, 50.342102226837426
1820.0, 1, nan, nan, 43.3017574473389
1848.777397260274, 1, nan, nan, 59.60411653175819
1850.7351598173516, 1, nan, nan, 52.434778280663096
1945.3360730593606, 1, nan, nan, 39.790530846484934
1945.2159817351599, 1, nan, nan, 36.550989697881704
1900.0, 0, nan, nan, 59.95248019070894
2025.521917808219, 1, nan, nan, 31.87555209513024
2023.2938356164384, 0, nan, nan, 32.98646577538846
2020.5301369863014, 0, nan, nan, 43.08974358974359
2024.7488584474886, 0, Socialdemokratiet, nan, 35.83858944954129
2022.2965753424658, 0, Socialdemokratiet, nan, 38.558319228787994
2024.2378995433792, 0, nan, nan, 44.08728308728309
2024.1134703196346, 0, nan, nan, 36.800687704238406
2022.2609589041097, 0, nan, nan, 22.840909090909093
2026.3470319634703, 1, nan, nan, 34.59024096385542
2026.0657534246575, 1, nan, nan, 31.365945444651384
2023.401826484018, 0, Socialistisk Folkeparti, nan, 49.129518740297186
1896.1968036529681, 0, Kvindebevægelsen, nan, 51.37729089529762
1996.657305936073, 0, Kvindebevægelsen, nan, 49.807550782370086
2024.3853881278537, 0, nan, nan, 34.34385707293196
2024.7187214611872, 0, Kongehuset, nan, 46.842514124293785
2024.535616438356, 0, Det Konservative Folkeparti, nan, 34.68548644338118
2022.2664383561644, 1, nan, nan, 39.929406264609625
2023.1627853881278, 1, nan, nan, 37.851545793918305
2025.2296803652969, 1, nan, nan, 33.5303776683087
2023.8689497716894, 0, Fagbevægelsen, nan, 27.945578231292515
2023.9413242009134, 0, nan, nan, 30.71589650659418
2023.8716894977167, 0, nan, nan, 26.883165396903415
2024.852511415525, 0, nan, nan, 32.894155238982826
1908.7132420091325, 0, nan, nan, 51.16737507775244
1938.0, 0, nan, nan, 52.538701986754965
1920.0, 0, nan, nan, 44.10697515580978
1924.5860730593606, 0, nan, nan, 45.7921118429593
1941.8267123287671, 0, nan, nan, 48.19615913255956
2023.8963470319634, 0, Venstre, nan, 32.75881420758516
2022.513698630137, 0, Venstre, nan, 34.78986499706515
2022.7527397260274, 0, Venstre, nan, 38.129905320539386
2020.9550228310502, 0, nan, nan, 33.95521515488874
2020.777397260274, 0, Venstre, nan, 37.787452299192566
2022.2406392694065, 0, Venstre, nan, 27.25756275477365
2022.8239726027398, 0, Venstre, nan, 34.79278114745948
2022.8497716894976, 0, Venstre, nan, 42.72940544412607
2022.2664383561644, 0, Venstre, nan, 27.826463010673535
2023.0383561643835, 0, Venstre, nan, 37.96149465345188
2022.3470319634703, 0, Venstre, nan, 45.75943551033804
2019.8075342465754, 0, Venstre, nan, 33.221965871361284
2023.9659817351599, 0, Venstre, nan, 31.95829636202307
2022.7187214611872, 0, Venstre, nan, 36.809374064091045
2023.8689497716894, 0, Moderaterne, nan, 40.48314203730273
2023.9605022831051, 0, nan, nan, 35.5639002317625
2023.6968036529681, 0, Moderaterne, nan, 28.071523354564757
2023.1655251141551, 0, nan, nan, 37.27366504854369
2024.2828767123287, 0, nan, nan, 37.61469884757556
2023.907305936073, 0, nan, nan, 33.71748496993988
2024.2938356164384, 0, nan, nan, 39.61014391829155
2023.2324200913242, 0, Moderaterne, nan, 39.377990430622006
2024.9851598173516, 0, Moderaterne, nan, 42.75252525252525
2023.2582191780823, 0, nan, nan, 39.63846890971039
2023.7324200913242, 0, Moderaterne, nan, 38.31325104892257
2022.513698630137, 0, Moderaterne, nan, 35.545896175789416
2024.9577625570778, 0, nan, nan, 42.36604273019474
2018.513698630137, 0, nan, nan, 35.75591075145668
2023.844292237443, 0, nan, nan, 38.24987882215132
2023.9522831050228, 0, nan, nan, 38.811158415620895
2021.513698630137, 0, nan, nan, 40.072645055203196
2024.4769406392695, 0, nan, nan, 42.76740237691001
2023.8157534246575, 1, nan, nan, 28.692426816700554
2023.7691780821917, 0, EU, nan, 35.609962406015036
2020.9742009132422, 0, EU, nan, 39.210930256515915
2025.3267123287671, 0, nan, nan, 40.45541663305639
2023.9522831050228, 0, nan, nan, 48.04054054054054
2026.419406392694, 0, nan, nan, 34.66030975496995
2021.9358447488585, 0, nan, nan, 32.03215037195354
2025.419406392694, 0, nan, nan, 32.16842238221548
2021.9331050228311, 0, Den Grønne Ungdomsbevægelse, nan, 35.13505823775229
2022.513698630137, 0, Venstre, nan, 40.50755404216075
2022.0465753424658, 0, Venstre, nan, 29.5202878516832
2019.771917808219, 0, nan, nan, 37.95945945945946
2013.5109589041097, 0, Venstre, nan, 37.0375234521576
2026.129908675799, 0, Venstre, nan, 32.81250125980125
2024.8415525114156, 0, Venstre, nan, 41.95660898717142
2025.4742009132422, 0, Venstre, nan, 31.64730734263864
2018.1271689497717, 0, Venstre, nan, 34.55130249867092
1979.7828767123287, 0, nan, nan, 39.09340472810321
2025.513698630137, 0, nan, nan, 41.508454386534865
2025.4276255707764, 0, nan, nan, 37.996593766051205
2023.8689497716894, 0, nan, nan, 34.289989680082556
2021.9522831050228, 0, nan, nan, 37.933532486930545
2018.3349315068492, 0, nan, nan, 45.20483613109512
2024.6913242009134, 0, nan, nan, 39.190560853402296
2021.771917808219, 0, nan, nan, 30.219225634178905
2026.0860730593606, 0, nan, nan, 96.63971587085963
2026.1189497716894, 0, nan, nan, 38.487969924812035
2025.763698630137, 0, nan, nan, 27.59597572660492
2023.9182648401825, 0, nan, nan, 40.87492474220201
2023.9796803652969, 0, Venstre, nan, 35.22839905192846
2024.8963470319634, 0, Venstre, nan, 31.603892027620844
2004.513698630137, 0, Juni-bevægelsen, nan, 44.9404780876494
2021.513698630137, 0, nan, nan, 33.18273154277217
1996.0, 0, Juni-bevægelsen, nan, 40.964367352427054
2005.1134703196346, 0, Juni-bevægelsen, nan, 41.03286953014721
2004.8497716894976, 0, Juni-bevægelsen, nan, 44.74991181657848
2006.2077625570778, 0, Juni-bevægelsen, nan, 40.66085181762169
2004.3294520547945, 0, Juni-bevægelsen, nan, 41.942906762183874
2005.5602739726028, 0, Juni-bevægelsen, nan, 38.75987597611392
2004.174885844749, 0, Juni-bevægelsen, nan, 31.782691292875988
2005.907305936073, 0, Juni-bevægelsen, nan, 38.970884353741496
2005.4440639269408, 0, Juni-bevægelsen, nan, 37.69882121992884
1864.9906392694065, 1, nan, nan, 45.06994615804199
1864.9331050228311, 1, nan, nan, 56.090957125603865
2024.521917808219, 0, nan, nan, 42.80223331184388
2024.2324200913242, 0, nan, nan, 35.65371900826446
2020.513698630137, 0, nan, nan, 57.10367892976589
2022.7433789954339, 1, nan, nan, 34.93043884220354
2022.379908675799, 1, nan, nan, 27.177927498059574
2023.5575342465754, 0, nan, nan, 47.684108527131784
1899.513698630137, 0, Arbejderbevægelsen, nan, 34.5127608189552
1926.8212328767124, 0, Socialdemokratiet, nan, 49.19301994301995
1963.419406392694, 0, Socialdemokratiet, nan, 48.25261509817197
1971.0, 0, Socialdemokratiet, nan, 42.47341736355189
1960.513698630137, 0, Socialdemokratiet, nan, 48.25384765244496
1967.0860730593606, 0, Socialdemokratiet, nan, 41.251879527119215
1972.1244292237443, 0, Socialdemokratiet, nan, 34.87956989247312
1949.4824200913242, 0, Socialdemokratiet, nan, 45.721776072728744
1964.3826484018264, 0, Socialdemokratiet, nan, 43.43350578960335
1972.8415525114156, 0, Socialdemokratiet, nan, 52.91342377240042
1968.8552511415523, 0, Socialdemokratiet, nan, 52.33701047986762
2024.9276255707764, 0, nan, nan, 42.01109243697479
2024.9605022831051, 0, Venstre, nan, 43.033266302205966
2024.8470319634703, 0, nan, nan, 41.996114996115
2024.513698630137, 0, nan, nan, 34.26463633784167
2019.5109589041097, 0, nan, nan, 34.51695985258237
2024.901826484018, 0, nan, nan, 38.567968689452066
2022.5630136986301, 0, nan, nan, 38.99696158669822
2011.6490867579907, 0, nan, nan, 24.785390133216218
2023.8294520547945, 0, nan, nan, 46.607359727957245
2023.9155251141551, 0, NATO, nan, 37.07832231656387
2022.4687214611872, 0, NATO, nan, 44.9577922077922
2014.3908675799087, 1, nan, nan, 37.628305624946165
2016.0164383561644, 1, nan, nan, 45.55832673528636
2021.0657534246575, 1, nan, nan, 45.84346772416832
2014.0684931506848, 1, nan, nan, 47.12491225607188
2015.3415525114156, 1, nan, nan, 43.9010242164638
2015.3470319634703, 1, nan, nan, 40.09707413126782
2021.4796803652969, 1, nan, nan, 42.17439486730825
1903.021917808219, 0, Højskolebevægelsen, nan, 54.028298155406134
1916.5493150684931, 0, Husmandsbevægelsen, nan, 44.08288218426208
1916.669406392694, 0, nan, nan, 45.727299016772704
1910.2883561643835, 0, nan, nan, 44.812670309834076
1914.3470319634703, 0, Socialdemokratiet, nan, 44.66229629830705
1907.9550228310502, 0, nan, nan, 40.525159989480144
1915.0, 0, Kvindebevægelsen, nan, 52.440789473684205
1916.6655251141551, 0, Husmandsbevægelsen, nan, 40.331370119530845
1908.1326484018264, 0, nan, nan, 39.712521355353076
1926.777397260274, 0, nan, nan, 41.52520273571079
1905.0246575342467, 0, Socialdemokratiet, nan, 46.08114478114478
1912.602511415525, 0, nan, nan, 39.77506506109126
1908.2433789954339, 0, nan, nan, 43.59083259083259
1912.4906392694065, 0, Husmandsbevægelsen, nan, 47.798559750875825
1916.2105022831051, 0, nan, nan, 43.524143737708215
1896.054794520548, 0, nan, nan, 47.47690147069942
1918.771917808219, 0, Husmandsbevægelsen, nan, 51.12010044541405
1915.1913242009134, 0, nan, nan, 42.636270682282955
1912.6776255707764, 0, Husmandsbevægelsen, nan, 45.647766342392714
1908.6545662100457, 0, Kvindebevægelsen, nan, 51.93046058573087
1909.2242009132422, 0, Bondebevægelsen, nan, 53.03908641393925
1910.0301369863014, 0, nan, nan, 45.183386714243746
1913.2242009132422, 0, nan, nan, 41.87775510462744
1899.9632420091325, 0, nan, nan, 41.51894105601872
1926.777397260274, 0, nan, nan, 38.798049340218014
1908.616210045662, 0, nan, nan, 50.218061622827406
1913.4742009132422, 0, Husmandsbevægelsen, nan, 40.78709123821614
1909.5164383561644, 0, Husmandsbevægelsen, nan, 46.213471314988325
1911.6463470319634, 0, nan, nan, 42.43701245724388
2023.7691780821917, 0, Socialdemokratiet, nan, 29.249741180218205
2023.838812785388, 0, Socialdemokratiet, nan, 34.538412883763925
2023.2993150684931, 0, Kristendemokraterne, nan, 40.38321520618557
2020.2214611872148, 0, Socialdemokratiet, nan, 39.89531467878163
2020.763698630137, 0, Socialdemokratiet, nan, 34.439470118385394
2022.669406392694, 0, Socialdemokratiet, nan, 54.898824431959206
2021.763698630137, 0, Socialdemokratiet, nan, 31.227272727272727
2020.594292237443, 0, Socialdemokratiet, nan, 33.55305383022774
2005.9851598173516, 0, Socialdemokratiet, nan, 51.94629913073613
2024.5767123287671, 0, nan, nan, 36.66531754919213
2024.8415525114156, 0, nan, nan, 43.81935166994106
1635.0, 1, nan, nan, 34.507470653188115
1638.0, 1, nan, nan, 34.84378589509909
1638.0, 1, nan, nan, 29.2414153619388
2025.4714611872148, 0, nan, nan, 33.83351777028592
2024.804794520548, 0, Venstre, nan, 39.62405200433369
2023.9045662100457, 0, nan, nan, 36.87577458286143
2024.763698630137, 0, nan, nan, 26.719501593740944
2025.5575342465754, 0, nan, nan, 31.723721391390562
2024.5767123287671, 0, nan, nan, 32.56063038953316
2024.651826484018, 0, nan, nan, 36.66461969403146
2025.419406392694, 0, Socialdemokratiet, nan, 37.88937149806715
2023.513698630137, 0, Socialdemokratiet, nan, 37.232513120949115
2022.4851598173516, 0, Socialdemokratiet, nan, 34.63882697573712
2022.771917808219, 0, Socialdemokratiet, nan, 37.63828888302086
2021.7214611872148, 0, Socialdemokratiet, nan, 34.438588645136996
2022.7488584474886, 0, Socialdemokratiet, nan, 34.68106312292359
2022.7883561643835, 0, Socialdemokratiet, nan, 37.25806451612903
2022.393607305936, 0, Socialdemokratiet, nan, 34.294795555654915
2021.7406392694065, 0, Socialdemokratiet, nan, 35.0635128498936
2022.7132420091325, 0, Socialdemokratiet, nan, 32.8740730441231
2023.7801369863014, 0, Socialdemokratiet, nan, 36.32773109243698
2025.2214611872148, 0, Socialdemokratiet, nan, 38.164267797419974
2022.407305936073, 0, Socialdemokratiet, nan, 43.98664207467024
2022.3267123287671, 0, Socialdemokratiet, nan, 39.850276963180185
2022.424885844749, 0, Socialdemokratiet, nan, 36.67866913421307
2022.5054794520547, 0, Socialdemokratiet, nan, 38.14792899408284
2022.4127853881278, 0, Socialdemokratiet, nan, 32.17165850991479
2022.5246575342467, 0, Socialdemokratiet, nan, 39.578473463881544
2022.2324200913242, 0, Socialdemokratiet, nan, 35.91717956132017
2022.2582191780823, 0, Socialdemokratiet, nan, 39.82636921624174
2022.5657534246575, 0, Socialdemokratiet, nan, 34.867366675877314
2022.1940639269408, 0, Socialdemokratiet, nan, 34.07699654356922
2021.844292237443, 0, nan, nan, 33.73402259472246
2021.9127853881278, 0, Socialdemokratiet, nan, 34.27534148094895
2021.8157534246575, 0, Socialdemokratiet, nan, 34.825630252100844
2022.407305936073, 0, nan, nan, 42.56214542165703
2022.785616438356, 0, Socialdemokratiet, nan, 35.43400824896888
2022.2527397260274, 0, Socialdemokratiet, nan, 33.87237679578105
2022.7883561643835, 0, Socialdemokratiet, nan, 42.74360856269113
2022.4127853881278, 0, Socialdemokratiet, nan, 41.42455980137554
2022.4824200913242, 0, Socialdemokratiet, nan, 40.02239632581386
2022.7461187214612, 0, Socialdemokratiet, nan, 39.51872794560634
2022.3470319634703, 0, Socialdemokratiet, nan, 40.24721941354904
2021.7554794520547, 0, Socialdemokratiet, nan, 32.30895744699828
2022.1600456621004, 0, Socialdemokratiet, nan, 34.463320463320464
2022.2965753424658, 0, Socialdemokratiet, nan, 41.12831684366585
2022.3157534246575, 0, Socialdemokratiet, nan, 41.74978354978355
2022.352511415525, 0, Socialdemokratiet, nan, 38.675331766493365
2021.8497716894976, 0, Socialdemokratiet, nan, 37.085360686416436
2022.8294520547945, 0, Socialdemokratiet, nan, 36.106479945133955
2022.751598173516, 0, Socialdemokratiet, nan, 35.67470945265507
2021.8239726027398, 0, Socialdemokratiet, nan, 33.04204339963834
2022.8075342465754, 0, Socialdemokratiet, nan, 43.80982400840557
2006.0712328767124, 1, nan, nan, 38.11031390134529
2010.2433789954339, 1, nan, nan, 35.92500299868058
2010.9550228310502, 1, nan, nan, 34.15248268254415
2010.035616438356, 1, nan, nan, 31.32859381997313
2006.1627853881278, 1, nan, nan, 38.50042913850446
2017.4550228310502, 1, nan, nan, 38.44017855104231
1994.0, 1, nan, nan, 33.89849835259106
2010.0657534246575, 1, nan, nan, 32.19011499877661
1994.0, 1, nan, nan, 34.626461744069495
2006.3212328767124, 1, nan, nan, 33.13825446082234
2010.4988584474886, 1, nan, nan, 38.69023228233755
2025.7691780821917, 1, nan, nan, 35.00064002560102
2023.7582191780823, 1, nan, nan, 40.36522326931488
2024.3360730593606, 1, nan, nan, 31.132190249837308
2023.0109589041097, 1, nan, nan, 38.84082163424537
2023.9127853881278, 1, nan, nan, 43.4478050112651
2025.9221461187215, 1, nan, nan, 44.49598163030999
2026.094292237443, 1, nan, nan, 38.683033821608106
2024.3294520547945, 1, nan, nan, 35.54779656270783
2026.3102739726028, 1, nan, nan, 38.83005079469113
2024.3349315068492, 1, nan, nan, 34.82463689406916
2024.3267123287671, 1, nan, nan, 33.53682671216183
2020.7296803652969, 1, nan, nan, 35.30296458222169
2024.3853881278537, 0, nan, nan, 39.82718255354689
2022.513698630137, 0, nan, nan, 43.15958843825872
2019.4851598173516, 0, nan, nan, 37.312669024339506
2023.5465753424658, 0, nan, nan, 40.244296244296244
2022.9605022831051, 0, nan, nan, 30.5518018018018
2022.9605022831051, 0, Kongehuset, nan, 30.202305706400782
2024.852511415525, 0, nan, nan, 38.41896938013443
2026.419406392694, 0, Fagbevægelsen, nan, 35.77544040606932
2024.5767123287671, 0, nan, nan, 36.98198198198198
2025.513698630137, 0, nan, nan, 42.61977278220933
2023.419406392694, 0, nan, nan, 44.52010399661406
2024.8826484018264, 0, nan, nan, 33.24735222617004
2025.4796803652969, 0, nan, nan, 36.949350521064844
2023.271917808219, 0, nan, nan, 32.184298083471155
2024.366210045662, 0, nan, nan, 30.708864620828507
2024.5767123287671, 0, nan, nan, 28.838809784592918
2024.9468036529681, 0, nan, nan, 30.964874162592793
2025.401826484018, 0, nan, nan, 34.75871106999692
2025.3075342465754, 0, nan, nan, 33.05570845906423
2024.8239726027398, 0, nan, nan, 35.300106609808104
2000.8470319634703, 0, nan, nan, 41.94418604651163
1907.651826484018, 0, nan, nan, 51.18396372256004
2025.3020547945205, 0, nan, nan, 25.302505226604303
2022.2527397260274, 0, NATO, nan, 36.99081338727905
2022.2324200913242, 0, NATO, nan, 44.13363231969664
2025.5630136986301, 0, nan, nan, 28.222364489970126
1864.9878995433792, 1, nan, nan, 42.32730776165756
2021.0657534246575, 1, nan, nan, 32.61341538807396
2022.5657534246575, 0, nan, nan, 38.00395512087977
1864.4577625570778, 1, nan, nan, 39.125310781285314
1864.0520547945205, 1, nan, nan, 60.120230113950655
2023.5630136986301, 0, Regnbuebevægelsen, nan, 32.57134177390982
2025.5630136986301, 0, Socialdemokratiet, nan, 36.10179056643211
2025.3990867579907, 0, nan, nan, 38.17663782783763
1997.0, 1, nan, nan, 34.862106964443136
1997.0, 1, nan, nan, 31.29573398469412
1978.5493150684931, 1, nan, nan, 33.508364516839094
1997.0, 1, nan, nan, 35.64542905792209
1945.3184931506848, 1, nan, nan, 37.540985784509104
2002.0, 0, nan, nan, 67.31143573918256
2001.0, 0, nan, nan, 55.42076993929709
2006.0, 0, nan, nan, 54.01864090059706
2023.3908675799087, 0, nan, nan, 48.95926122976363
2003.0, 0, nan, nan, 59.23390950263847
2009.0, 0, nan, nan, 47.44996772493353
2005.0, 0, nan, nan, 60.33994878361075
1999.0, 0, nan, nan, 60.80740305235051
1999.0, 0, nan, nan, 63.357029211480935
1943.035616438356, 1, nan, nan, 34.16684244548021
1943.0739726027398, 1, nan, nan, 35.07415915800938
1889.0, 0, Kvindebevægelsen, nan, 41.66544676149703
2005.4961187214612, 1, nan, nan, 38.630290179603534
2005.6858447488585, 1, nan, nan, 32.61642861376163
2005.838812785388, 1, nan, nan, 42.029411764705884
2004.0712328767124, 1, nan, nan, 40.08102570283545
2004.554794520548, 1, nan, nan, 32.803720493791054
2004.4714611872148, 1, nan, nan, 44.388451986754966
1948.4221461187215, 1, nan, nan, 38.45838587641867
1946.6968036529681, 1, nan, nan, 42.83187252479857
1965.0657534246575, 1, nan, nan, 35.215349369988544
2023.9687214611872, 0, nan, nan, 41.47797669792555
1928.4714611872148, 0, Kvindebevægelsen, nan, 45.34090909090909
2019.7664383561644, 0, nan, nan, 38.942134341378306
1890.513698630137, 0, Kvindebevægelsen, nan, 54.90353871025687
1888.6189497716894, 0, Kvindebevægelsen, nan, 52.85792778649922
1894.393607305936, 0, Kvindebevægelsen, nan, 47.94117647058823
1890.4303652968038, 0, Kvindebevægelsen, nan, 54.86945923986639
1889.2527397260274, 0, Kvindebevægelsen, nan, 49.78634151236891
1888.6216894977167, 0, Kvindebevægelsen, nan, 52.13392857142857
1901.1776255707764, 0, Kvindebevægelsen, nan, 50.11973809730292
2016.419406392694, 0, Enhedslisten, nan, 32.16735676418919
2012.5630136986301, 0, Fagbevægelsen, nan, 32.08501865896232
2013.5465753424658, 0, Enhedslisten, nan, 41.209375788097105
2024.0246575342467, 0, nan, nan, 34.097523536635286
2025.5493150684931, 0, nan, nan, 27.663149008020262
2014.4605022831051, 0, Enhedslisten, nan, 33.83264169503905
1843.0970319634703, 0, Bondebevægelsen, nan, 63.74493927125506
2022.2582191780823, 0, nan, nan, 33.5
2022.5630136986301, 0, nan, nan, 34.50458626546955
1794.2938356164384, 1, nan, nan, 44.88091287201259
1908.3771689497717, 0, Husmandsbevægelsen, nan, 39.26585605093184
2024.2938356164384, 0, Enhedslisten, nan, 42.08296287160628
1942.7664383561644, 0, nan, nan, 35.81238141703258
2004.4550228310502, 0, Kongehuset, nan, 46.166666666666664
2024.419406392694, 0, nan, nan, 49.848412017167384
2024.4045662100457, 0, Fagbevægelsen, nan, 41.26792295803115
2024.893607305936, 0, Fagbevægelsen, nan, 53.69134521880065
2025.4276255707764, 0, nan, nan, 36.17434547316074
2024.7077625570778, 0, Fagbevægelsen, nan, 36.67018927444795
2023.8716894977167, 0, nan, nan, 52.903119868637106
1963.5712328767124, 0, nan, nan, 43.20230036871939
2021.7324200913242, 0, nan, nan, 39.80060912217098
2025.513698630137, 0, nan, nan, 36.29595536959553
2026.027397260274, 0, nan, nan, 35.322307792151605
2025.5054794520547, 0, nan, nan, 40.535714285714285
2026.2296803652969, 0, nan, nan, 28.717727634073256
2023.419406392694, 0, nan, nan, 44.97156862745098
2019.9127853881278, 0, nan, nan, 46.63025210084034
2025.3607305936073, 0, nan, nan, 28.27805987116332
2023.8360730593606, 1, nan, nan, 40.257850234344254
2025.041095890411, 1, nan, nan, 49.513316229225325
2026.271917808219, 1, nan, nan, 39.714600397120876
2026.094292237443, 1, nan, nan, 38.73046831694145
2024.0849315068492, 1, nan, nan, 42.723087308730875
2014.5602739726028, 1, nan, nan, 34.54314660743869
2014.9988584474886, 1, nan, nan, 31.442908994441026
2015.2269406392695, 1, nan, nan, 31.935158085262067
2023.7582191780823, 1, nan, nan, 28.347337171644476
2014.8267123287671, 1, nan, nan, 33.332541906557296
2014.8853881278537, 1, nan, nan, 29.886317016317015
2014.9413242009134, 1, nan, nan, 35.054047903510266
2014.5997716894976, 1, nan, nan, 27.53548687684423
2015.0383561643835, 1, nan, nan, 27.331456559553235
2015.271917808219, 1, nan, nan, 35.41848033600611
2014.6381278538813, 1, nan, nan, 23.381296655498737
2014.7132420091325, 1, nan, nan, 27.746732456966363
2015.3415525114156, 1, nan, nan, 37.13201416169552
2015.3102739726028, 1, nan, nan, 30.332274156074895
2015.0860730593606, 1, nan, nan, 31.74746139711808
2015.151826484018, 1, nan, nan, 35.0786982035497
2024.419406392694, 0, nan, nan, 33.848376778558034
2025.3020547945205, 0, nan, nan, 35.86280487804878
2023.2324200913242, 0, nan, nan, 36.927085985909514
2025.0860730593606, 0, nan, nan, 48.34328690807799
2025.0860730593606, 0, nan, nan, 49.09447771124418
2022.657305936073, 0, nan, nan, 29.855390904445578
2023.102511415525, 0, nan, nan, 27.207169459962756
2023.777397260274, 0, nan, nan, 25.63765736179529
2024.9413242009134, 0, nan, nan, 35.33801819363223
2023.7664383561644, 0, nan, nan, 32.71982855853823
1979.419406392694, 0, nan, nan, 41.96947133283693
2022.419406392694, 1, nan, nan, 36.19792450801162
2024.419406392694, 0, Fagbevægelsen, nan, 40.784648187633266
2024.1326484018264, 0, nan, nan, 37.698548276077844
2024.4742009132422, 0, Fagbevægelsen, nan, 39.25674837108284
2023.9550228310502, 0, nan, nan, 43.08788321167883
2024.0191780821917, 0, nan, nan, 34.26209677419355
2024.0860730593606, 0, nan, nan, 32.93915167666
2022.9303652968038, 0, Kongehuset, nan, 58.368852459016395
2026.304794520548, 0, nan, nan, 25.992857638166562
2009.5575342465754, 0, nan, nan, 48.62276520662954
2024.5767123287671, 0, nan, nan, 38.064935064935064
2020.8212328767124, 0, Alternativet, nan, 33.03124206269024
2021.027397260274, 0, Socialdemokratiet, nan, 34.47135785007072
2024.9550228310502, 0, nan, nan, 33.62981869389192
1923.0, 0, Kvindebevægelsen, nan, 52.23511227283612
1920.1189497716894, 0, Kvindebevægelsen, nan, 48.647338359185404
1929.013698630137, 0, Kvindebevægelsen, nan, 62.40577482868973
1919.9687214611872, 0, Kvindebevægelsen, nan, 49.2063492063492
2019.5630136986301, 0, nan, nan, 30.824832439263105
2023.777397260274, 1, nan, nan, 38.674725518465124
2023.6271689497717, 1, nan, nan, 31.267403754541363
2023.6655251141551, 1, nan, nan, 32.91908421701203
2023.0520547945205, 0, nan, nan, 42.43141521598969
2020.5630136986301, 0, nan, nan, 32.98952371389363
2019.844292237443, 0, nan, nan, 42.709016393442624
1951.838812785388, 0, Socialdemokratiet, nan, 39.59013882877784
1956.0465753424658, 0, Socialdemokratiet, nan, 36.4
1955.7378995433792, 0, nan, nan, 49.364580664993085
2022.304794520548, 1, nan, nan, 37.69945219123506
2023.0657534246575, 1, nan, nan, 37.343838902214536
2024.2965753424658, 1, nan, nan, 39.257605377029016
2023.3020547945205, 1, nan, nan, 35.728438501837516
2024.1408675799087, 1, nan, nan, 40.08310270027676
2021.9742009132422, 1, nan, nan, 36.816587798951275
1899.3294520547945, 0, Kvindebevægelsen, nan, 47.22268907563026
1915.5164383561644, 0, Kvindebevægelsen, nan, 53.06606606606607
1912.5109589041097, 0, Kvindebevægelsen, nan, 41.23049645390071
1983.9495433789955, 0, Kvindebevægelsen, nan, 43.915887190709824
2025.5739726027398, 0, nan, nan, 37.40582631491479
2024.521917808219, 0, nan, nan, 36.93017347117575
2024.277397260274, 1, nan, nan, 35.37879649641679
2016.513698630137, 0, Højskolebevægelsen, nan, 35.2448003825006
2025.8853881278537, 1, nan, nan, 38.000934649319575
2009.5383561643835, 1, nan, nan, 30.941155618574975
2010.7828767123287, 1, nan, nan, 34.4726502311248
2011.304794520548, 1, nan, nan, 34.74549495377096
2011.0684931506848, 1, nan, nan, 40.65291837372086
2011.393607305936, 1, nan, nan, 38.2296418053558
2010.3267123287671, 1, nan, nan, 37.28477505077278
2025.674885844749, 1, nan, nan, 33.46323648519298
2024.5191780821917, 0, nan, nan, 48.09361664295875
2020.5493150684931, 0, nan, nan, 39.93781795556857
2019.5438356164384, 1, nan, nan, 29.579178844815587
1794.3321917808219, 1, nan, nan, 59.58794415851448
1998.5860730593606, 0, nan, nan, 36.682466453357144
1864.0, 1, nan, nan, 46.3580879214682
1941.2296803652969, 1, Tidehverv, nan, 42.08120124865413
1950.35799086758, 1, Tidehverv, nan, 39.02476343101343
2022.3157534246575, 0, Socialdemokratiet, nan, 39.78316714551293
2024.3497716894976, 0, nan, nan, 38.73654916512059
1941.1353881278537, 1, nan, nan, 31.055384615384618
1955.0, 0, Socialdemokratiet, nan, 40.65124837409981
2014.0, 1, nan, nan, 33.93277031995126
2014.0, 1, nan, nan, 31.298334089735363
2014.0, 1, nan, nan, 30.70544431418523
2014.0, 1, nan, nan, 32.20794331204619
1988.0, 1, nan, nan, 34.66983966945416
2014.0, 1, nan, nan, 34.15833106081265
1987.169406392694, 1, nan, nan, 36.041018568181244
2014.0, 1, nan, nan, 33.92410626633037
2014.0, 1, nan, nan, 31.35700890764182
1941.3881278538813, 1, nan, nan, 37.44723818381107
1941.9988584474886, 1, nan, nan, 31.975100603621733
1943.7461187214612, 1, nan, nan, 36.30958953629761
1941.7691780821917, 1, nan, nan, 36.801530213336314
1941.8075342465754, 1, nan, nan, 35.9797507788162
1941.8470319634703, 1, nan, nan, 37.000295508274235
1941.866210045662, 1, nan, nan, 30.57896817162225
1944.013698630137, 1, nan, nan, 37.220602410439476
1940.3716894977167, 1, nan, nan, 32.7350372279496
1941.657305936073, 1, nan, nan, 35.28987373112156
1944.0860730593606, 1, nan, nan, 32.487057498351156
1940.7159817351599, 0, nan, nan, 30.499395114002493
1941.5027397260274, 1, nan, nan, 33.48123511538145
2024.513698630137, 0, nan, nan, 42.1929710026658
2023.5630136986301, 0, nan, nan, 36.11335563561503
1919.1381278538813, 0, Kvindebevægelsen, nan, 52.506798187150096
1918.9659817351599, 0, nan, nan, 56.27074829931973
1953.1134703196346, 0, Kvindebevægelsen, nan, 48.16558941884593
2025.7691780821917, 1, nan, nan, 33.17697594501718
2003.407305936073, 1, nan, nan, 34.05172805928565
2007.2351598173516, 1, nan, nan, 34.64055875396082
2003.8853881278537, 1, nan, nan, 36.28527833756445
1974.013698630137, 1, nan, nan, 36.7199466079762
2004.8990867579907, 1, nan, nan, 31.20602298464894
1980.0, 1, nan, nan, 40.92614530803917
2004.151826484018, 1, nan, nan, 32.11589756177385
2006.4358447488585, 1, nan, nan, 30.741043903476136
2008.521917808219, 1, nan, nan, 37.26928622927181
2007.6052511415523, 1, nan, nan, 37.04901647131819
2003.657305936073, 1, nan, nan, 33.58312711643657
2006.6831050228311, 1, nan, nan, 30.832587800369687
1986.0684931506848, 1, nan, nan, 38.26836929072411
2006.35799086758, 1, nan, nan, 33.68409507320435
2005.4577625570778, 1, nan, nan, 39.0269273922103
2006.9878995433792, 1, nan, nan, 33.36312119885909
1978.8415525114156, 1, nan, nan, 42.39714758925285
2007.4577625570778, 1, nan, nan, 37.75266955266955
1927.919406392694, 0, nan, nan, 40.120361007179696
1921.8184931506848, 0, Kvindebevægelsen, nan, 42.74761533969243
1916.5821917808219, 0, Kvindebevægelsen, nan, 44.73874371242792
2024.3990867579907, 0, Radikale Venstre, nan, 39.956112852664575
2024.785616438356, 0, nan, nan, 40.76610767872904
1970.7582191780823, 0, Kvindebevægelsen, nan, 31.336047037539572
2024.419406392694, 0, Enhedslisten, nan, 40.77752691338634
2024.8294520547945, 1, nan, nan, 23.854030740793714
2025.9550228310502, 0, nan, nan, 42.3230946218004
2024.6885844748858, 0, nan, nan, 36.57993885813435
2024.271917808219, 0, Socialistisk Folkeparti, nan, 35.85169706180344
2023.9550228310502, 0, Socialistisk Folkeparti, nan, 42.46678321678321
2024.0191780821917, 0, Socialistisk Folkeparti, nan, 51.73039317661743
2024.5630136986301, 0, nan, nan, 34.58061173580995
2025.5630136986301, 0, Enhedslisten, nan, 36.5812215477997
2021.344292237443, 1, nan, nan, 41.58848732566061
1994.2406392694065, 1, nan, nan, 36.83675088063079
1994.0657534246575, 1, nan, nan, 34.878023431594855
2012.0, 1, nan, nan, 31.810211883625996
1996.4605022831051, 1, nan, nan, 33.27109035014173
2023.3908675799087, 0, nan, nan, 31.14111218257795
1792.3990867579907, 0, nan, nan, 46.706196735519285
1930.513698630137, 0, Socialdemokratiet, nan, 51.53605613813767
1937.407305936073, 0, Socialdemokratiet, nan, 59.50464249500797
1934.0, 0, Socialdemokratiet, nan, 52.96078431372549
2019.2993150684931, 0, nan, nan, 49.076190476190476
2010.035616438356, 1, nan, nan, 33.16457455393168
2009.901826484018, 1, nan, nan, 30.25750433275563
2023.2433789954339, 0, Socialistisk Folkeparti, nan, 44.65534248085083
2024.0520547945205, 0, Socialistisk Folkeparti, nan, 40.72439895516818
2023.7828767123287, 0, Venstre, nan, 38.99321705426357
2025.0027397260274, 0, Socialdemokratiet, nan, 29.45537190082645
2022.8020547945205, 0, nan, nan, 36.8651362984218
2023.8470319634703, 0, nan, nan, 39.3312281968002
2024.513698630137, 0, nan, nan, 31.719806763285025
2024.7609589041097, 0, Fagbevægelsen, nan, 30.2276295133438
2022.2324200913242, 0, nan, nan, 33.761438772811424
2021.771917808219, 0, nan, nan, 40.03260869565217
2021.419406392694, 0, Socialdemokratiet, nan, 37.4970398970399
2020.4127853881278, 0, Socialdemokratiet, nan, 36.94795393285959
2013.8267123287671, 0, Socialdemokratiet, nan, 31.75537275064267
2025.513698630137, 0, nan, nan, 48.351853764329235
2020.513698630137, 0, Det Konservative Folkeparti, nan, 39.47937710437711
2022.8321917808219, 0, nan, nan, 34.84800192052002
1916.5821917808219, 0, Kvindebevægelsen, nan, 55.54085497835498
2025.4276255707764, 1, nan, nan, 26.37903753581245
2019.0684931506848, 1, nan, nan, 27.976897689768975
2023.1216894977167, 1, nan, nan, 29.192305192330966
2023.4632420091325, 0, nan, nan, 39.06265984654732
2024.651826484018, 0, nan, nan, 36.1616444253121
2024.419406392694, 0, Fagbevægelsen, nan, 33.643516857366876
2023.2938356164384, 0, nan, nan, 40.209650856389985
2025.419406392694, 0, Socialdemokratiet, nan, 35.484068293347875
2023.419406392694, 0, nan, nan, 36.16437897068252
2023.419406392694, 0, nan, nan, 32.07129726311455
2025.513698630137, 0, nan, nan, 27.02593730193555
2023.844292237443, 0, Socialdemokratiet, nan, 34.295482295482294
2023.8689497716894, 0, Socialdemokratiet, nan, 41.11363636363636
2023.8130136986301, 0, Socialdemokratiet, nan, 35.61274872943406
2024.791095890411, 0, Socialdemokratiet, nan, 30.71979722167358
2026.0657534246575, 1, nan, nan, 25.201090104292525
2026.291095890411, 1, nan, nan, 24.841138727315563
2024.7077625570778, 0, nan, nan, 36.75724532325288
2024.3771689497717, 0, nan, nan, 29.324882512985404
2024.1216894977167, 1, Tidehverv, nan, 35.92836663177536
2021.5465753424658, 0, Regnbuebevægelsen, nan, 25.455525606469003
2021.5630136986301, 0, nan, nan, 26.69387356602392
2016.7993150684931, 1, nan, nan, 29.48834853090172
2016.2242009132422, 1, nan, nan, 27.80247137425551
2021.8212328767124, 1, nan, nan, 37.33601279033619
2024.763698630137, 0, nan, nan, 37.33867521367522
2024.8102739726028, 1, nan, nan, 29.128008441901052
2023.7159817351599, 0, Regnbuebevægelsen, nan, 44.389131338320865
2024.5054794520547, 1, nan, nan, 29.918505236350406
2026.2077625570778, 1, nan, nan, 30.452332858048162
2025.3607305936073, 0, nan, nan, 33.390560063328714
2023.2433789954339, 0, Nye Borgerlige, nan, 42.33993096357227
2023.7132420091325, 0, Nye Borgerlige, nan, 43.378221539511856
2025.419406392694, 0, nan, nan, 35.62741207258505
2020.419406392694, 0, nan, nan, 45.83333333333333
2021.0860730593606, 0, nan, nan, 97.92184782273087
2023.4100456621004, 0, nan, nan, 47.18435698668257
2020.8184931506848, 0, nan, nan, 46.6086913769623
2022.35799086758, 1, nan, nan, 36.39022959611195
2024.419406392694, 0, Socialistisk Folkeparti, nan, 32.491069636765005
2024.513698630137, 0, Socialistisk Folkeparti, nan, 37.09617376775272
2024.5246575342467, 0, EU, nan, 25.896604059950675
2024.3990867579907, 0, Socialistisk Folkeparti, nan, 35.15425531914894
2022.2105022831051, 0, Socialistisk Folkeparti, nan, 35.33038277511962
2025.535616438356, 0, Socialistisk Folkeparti, nan, 41.136309794988605
2022.3157534246575, 0, Socialistisk Folkeparti, nan, 31.855614973262032
2024.4605022831051, 0, Socialistisk Folkeparti, nan, 25.739077669902912
2023.0575342465754, 0, nan, nan, 46.904485250408676
2020.0849315068492, 0, nan, nan, 44.2052063666185
2017.0849315068492, 0, nan, nan, 49.206745563188775
2015.3881278538813, 0, Socialdemokratiet, nan, 28.354102771051924
2006.7214611872148, 1, nan, nan, 34.041722047524885
1986.8075342465754, 1, nan, nan, 32.842512687849286
2005.838812785388, 1, nan, nan, 33.21961244862008
1986.521917808219, 1, nan, nan, 36.57840140682899
2000.013698630137, 1, nan, nan, 34.109044162129464
1984.2993150684931, 1, nan, nan, 32.66373551465576
1994.3990867579907, 1, nan, nan, 35.07351284143451
1994.0, 1, nan, nan, 33.8586614095223
1985.924885844749, 1, nan, nan, 39.63782423538521
1985.0684931506848, 1, nan, nan, 38.257541315967316
1928.2296803652969, 0, Kvindebevægelsen, nan, 51.38303854315156
1946.0, 0, Kvindebevægelsen, nan, 53.424788167310396
2025.5630136986301, 0, nan, nan, 39.87276245766812
2022.2214611872148, 1, nan, nan, 31.367310850069472
2024.9851598173516, 0, nan, nan, 43.470588235294116
2024.9851598173516, 0, nan, nan, 40.69864306784661
2024.102511415525, 1, nan, nan, 35.43860579338059
1994.7433789954339, 1, nan, nan, 37.74462365591398
2023.263698630137, 1, nan, nan, 32.336886993603414
2024.907305936073, 1, nan, nan, 31.462902867622304
2024.3908675799087, 1, nan, nan, 32.957494604237326
2024.1968036529681, 1, nan, nan, 30.33153909733773
2024.0684931506848, 1, nan, nan, 32.441184548682635
2024.4687214611872, 1, nan, nan, 36.79846761757903
2024.3267123287671, 1, nan, nan, 33.874949253592845
2023.777397260274, 0, nan, nan, 44.05621099843994
2024.521917808219, 0, nan, nan, 38.61479991057456
2024.5767123287671, 0, nan, nan, 46.396520163008574
2024.866210045662, 0, nan, nan, 35.21969967397254
2021.3470319634703, 1, nan, nan, 37.0344751866491
2025.3020547945205, 0, nan, nan, 39.59326875310482
2017.535616438356, 1, nan, nan, 35.711228984986064
2016.338812785388, 1, nan, nan, 37.265590008613266
2024.5191780821917, 0, nan, nan, 34.8484026138156
1912.8963470319634, 0, Venstre, nan, 56.5088698580469
1911.838812785388, 0, Venstre, nan, 47.16228070175439
2022.513698630137, 0, Regnbuebevægelsen, nan, 40.04456989582683
1978.8020547945205, 0, nan, nan, 54.69949980761832
2022.5684931506848, 0, nan, nan, 29.568554929190157
-428.0, 0, nan, nan, 56.96620878670015
1983.9577625570778, 0, Fagbevægelsen, nan, 46.091352221787005
2022.4303652968038, 1, nan, nan, 33.978194103194106
2022.1682648401825, 0, Kongehuset, nan, 31.795287187039765
1990.0, 1, nan, nan, 34.64109983149069
1939.263698630137, 1, nan, nan, 32.90681360458012
1977.3607305936073, 1, nan, nan, 37.7905229099259
1982.838812785388, 1, nan, nan, 32.49303696605456
1975.013698630137, 0, Danmarks Kommunistiske Parti, nan, 44.82255499602438
1974.8157534246575, 0, Danmarks Kommunistiske Parti, nan, 45.44463229078613
1974.1244292237443, 0, Danmarks Kommunistiske Parti, nan, 45.014734921533076
1977.5054794520547, 0, Danmarks Kommunistiske Parti, nan, 41.443028932015714
1976.501598173516, 0, Danmarks Kommunistiske Parti, nan, 39.59168973957706
1976.7187214611872, 0, Danmarks Kommunistiske Parti, nan, 39.630904119076476
1974.3415525114156, 0, Danmarks Kommunistiske Parti, nan, 38.563580774628946
1946.0860730593606, 0, Venstre, nan, 53.959790209790214
1946.6408675799087, 0, Venstre, nan, 44.204795204795204
1947.852511415525, 0, Venstre, nan, 65.00834568587487
1930.9127853881278, 0, nan, nan, 40.192529880291815
1932.0, 0, nan, nan, 60.62431048069346
2020.4385844748858, 0, nan, nan, 41.910935962769315
2022.7461187214612, 0, Venstre, nan, 39.45887445887446
1890.0, 0, Kvindebevægelsen, nan, 41.70349102178471
2023.4100456621004, 0, nan, nan, 36.33555194805194
2019.541095890411, 0, Venstre, nan, 38.930192502532925
2024.4796803652969, 0, nan, nan, 35.91790461790462
1942.0383561643835, 1, nan, nan, 35.04864097051597
2022.8321917808219, 0, nan, nan, 26.717794644739616
2022.1463470319634, 0, Dansk Folkeparti, nan, 33.0062580239644
2021.513698630137, 0, Dansk Folkeparti, nan, 33.81228888413639
2019.541095890411, 0, Dansk Folkeparti, nan, 34.182478879094006
2021.1721461187215, 0, Dansk Folkeparti, nan, 41.28799702712746
2021.7993150684931, 0, Dansk Folkeparti, nan, 34.88706227150142
2022.771917808219, 0, Socialistisk Folkeparti, nan, 34.25520896061664
2021.7801369863014, 0, nan, nan, 37.77297297297297
2023.7691780821917, 0, nan, nan, 37.672619047619044
2023.4358447488585, 1, nan, nan, 36.713941811678936
2023.4550228310502, 1, nan, nan, 34.94321966693101
2023.4742009132422, 1, nan, nan, 42.64049764049764
2025.3497716894976, 1, nan, nan, 38.379888928276024
2025.3321917808219, 1, nan, nan, 38.27387683766835
2025.3689497716894, 1, nan, nan, 35.75122805644167
2025.3881278538813, 1, nan, nan, 38.291513667890655
2023.4933789954339, 1, nan, nan, 36.41116405718175
2025.2554794520547, 1, nan, nan, 36.551864819303546
2024.5602739726028, 0, nan, nan, 59.7071522786616
2023.777397260274, 0, nan, nan, 41.3187984496124
2018.7554794520547, 1, nan, nan, 43.56507839430668
2024.763698630137, 0, nan, nan, 45.67026055705301
2015.5712328767124, 0, nan, nan, 35.12211242324044
2022.10799086758, 1, nan, nan, 32.86633249791144
2022.1271689497717, 1, nan, nan, 37.98471074380166
2024.5246575342467, 1, nan, nan, 35.39542352468888
2022.1463470319634, 1, nan, nan, 32.17947178871549
2022.088812785388, 1, nan, nan, 34.221335010969156
2023.5630136986301, 0, nan, nan, 41.539935160624815
1901.8607305936073, 0, Socialdemokratiet, nan, 48.897239060804196
1944.3771689497717, 1, Tidehverv, nan, 39.75871128318584
1941.021917808219, 1, nan, nan, 34.90666892923808
1944.0520547945205, 1, Tidehverv, nan, 43.781859931113665
1943.3881278538813, 1, Tidehverv, nan, 37.31133382162049
1945.407305936073, 1, Tidehverv, nan, 36.51658454512679
2025.419406392694, 0, Socialdemokratiet, nan, 32.821314945938184
2024.5767123287671, 0, nan, nan, 34.130038759689924
1864.393607305936, 1, nan, nan, 47.015122189764114
2006.2077625570778, 0, nan, nan, 53.10102629718534
2025.3607305936073, 0, nan, nan, 36.78047112934303
1997.088812785388, 0, nan, nan, 41.16740526732447
2003.5082191780823, 0, nan, nan, 55.67769058295964
2025.5739726027398, 0, nan, nan, 48.01403149307532
2024.5767123287671, 0, nan, nan, 47.21789447921401
2013.513698630137, 0, Det Konservative Folkeparti, nan, 38.86147550057426
2014.541095890411, 0, Det Konservative Folkeparti, nan, 41.368129626391564
2023.1940639269408, 0, nan, nan, 43.95790316126451
2011.2828767123287, 0, Det Konservative Folkeparti, nan, 39.802532474454445
2013.8267123287671, 0, Det Konservative Folkeparti, nan, 40.34456342233818
2012.8294520547945, 0, Det Konservative Folkeparti, nan, 41.038773096283684
2023.9577625570778, 0, nan, nan, 43.66059822747415
2025.4440639269408, 0, nan, nan, 44.172195606978214
2022.9851598173516, 0, nan, nan, 39.52683982683983
2021.0191780821917, 0, Nye Borgerlige, nan, 41.55216554757136
2021.4714611872148, 0, nan, nan, 32.516129032258064
2024.0191780821917, 0, nan, nan, 46.80201863354037
2024.8415525114156, 0, nan, nan, 41.37897237897238
2025.4742009132422, 0, Borgernes Parti, nan, 41.532584911045575
2021.9155251141551, 0, Nye Borgerlige, nan, 38.35015290519878
2023.1858447488585, 0, Nye Borgerlige, nan, 36.183494933294455
2025.6940639269408, 1, nan, nan, 38.254071070555554
1979.0860730593606, 0, nan, nan, 50.74766901523051
2025.5630136986301, 0, nan, nan, 29.122377622377623
2025.513698630137, 0, Liberal Alliance, nan, 36.45602581753046
2026.0027397260274, 0, Liberal Alliance, nan, 51.637630662020904
2023.2883561643835, 0, Venstre, nan, 37.96357576478991
2025.116210045662, 1, nan, nan, 35.64740732588639
2025.8470319634703, 1, nan, nan, 37.8548805815161
2025.4276255707764, 1, nan, nan, 36.662454491575645
2025.5794520547945, 1, nan, nan, 35.55295807757607
2025.5739726027398, 0, nan, nan, 34.960201012398215
2024.5767123287671, 0, nan, nan, 38.47046451189084
2023.9440639269408, 0, nan, nan, 47.78568941504179
2024.419406392694, 0, Socialdemokratiet, nan, 36.23158323158323
2025.3157534246575, 0, nan, nan, 36.63649659298654
2023.2938356164384, 0, nan, nan, 43.79605478508054
2024.2187214611872, 0, nan, nan, 35.25909295015716
2023.2214611872148, 0, Regnbuebevægelsen, nan, 42.04757738160342
2023.7664383561644, 0, nan, nan, 35.9874213836478
1901.0, 0, Kvindebevægelsen, nan, 43.080191645144694
1916.0, 0, Kvindebevægelsen, nan, 40.118343282265414
2023.1885844748858, 0, Moderaterne, nan, 36.820613911574206
2019.9605022831051, 0, Venstre, nan, 31.085752333206507
2011.1134703196346, 0, Venstre, nan, 36.94000928934075
2024.513698630137, 0, Moderaterne, nan, 31.66675434205279
2019.0860730593606, 0, Venstre, nan, 29.517024358311325
2019.4878995433792, 0, Venstre, nan, 33.77832512315271
2017.3349315068492, 0, Venstre, nan, 29.704149933065594
2009.5575342465754, 0, Venstre, nan, 38.10123170357228
2018.8634703196346, 0, Venstre, nan, 32.978329393223014
2015.763698630137, 0, Venstre, nan, 29.22162650991538
2025.535616438356, 0, Moderaterne, nan, 34.136254881299195
2011.5191780821917, 0, Venstre, nan, 34.74199792276461
2026.3184931506848, 0, Moderaterne, nan, 28.474094040131778
2026.0027397260274, 0, nan, nan, 40.481024331418034
2025.594292237443, 0, nan, nan, 33.539986609135546
2023.8716894977167, 0, nan, nan, 28.489007867925213
2019.535616438356, 0, Venstre, nan, 29.610835521836396
2018.5383561643835, 0, Venstre, nan, 24.51473091032866
2021.1721461187215, 0, nan, nan, 43.60903534748913
2019.541095890411, 0, Venstre, nan, 26.88328236493374
2010.5602739726028, 0, Venstre, nan, 32.30018491325393
2018.838812785388, 0, Venstre, nan, 32.60464539795289
2011.501598173516, 0, Venstre, nan, 39.88714823380851
2025.2187214611872, 0, Moderaterne, nan, 39.8642993520924
2024.7433789954339, 0, Moderaterne, nan, 31.306000414434152
2023.4605022831051, 0, Moderaterne, nan, 33.24650568569083
2015.8744292237443, 0, Venstre, nan, 31.320605435156516
2019.3990867579907, 0, Venstre, nan, 30.44131185270426
2026.2691780821917, 0, Moderaterne, nan, 30.45673086621951
2016.4522831050228, 0, Venstre, nan, 33.90581720837561
2024.7433789954339, 0, Moderaterne, nan, 36.558420834744645
2023.0383561643835, 0, Moderaterne, nan, 40.65201616668223
2011.5109589041097, 0, Venstre, nan, 33.96684881602914
2009.3716894977167, 0, Venstre, nan, 40.92204869788878
2023.3267123287671, 0, Moderaterne, nan, 44.13073394495413
2010.9331050228311, 0, Venstre, nan, 33.812952620816816
2019.7527397260274, 0, Venstre, nan, 52.7438055868721
2019.4358447488585, 0, Venstre, nan, 41.37894597807423
2022.8497716894976, 0, Moderaterne, nan, 47.73149709010636
2016.535616438356, 0, Regnbuebevægelsen, nan, 38.55055849500294
2017.7187214611872, 0, Regnbuebevægelsen, nan, 36.989558614143334
2022.7214611872148, 0, Regnbuebevægelsen, nan, 41.15709570957095
2022.7159817351599, 0, Regnbuebevægelsen, nan, 44.990675990675996
2016.157305936073, 0, Regnbuebevægelsen, nan, 47.54756938197193
2023.7187214611872, 0, Regnbuebevægelsen, nan, 46.002593148628364
2023.6627853881278, 0, Regnbuebevægelsen, nan, 37.082331981350215
2019.7105022831051, 0, Regnbuebevægelsen, nan, 47.04708900730215
2023.7159817351599, 0, Regnbuebevægelsen, nan, 46.02782734506872
2023.6995433789955, 0, Regnbuebevægelsen, nan, 41.86831417813512
2015.6995433789955, 0, Regnbuebevægelsen, nan, 42.99181669394436
2023.7050228310502, 0, Regnbuebevægelsen, nan, 43.175044352454165
2020.2132420091325, 0, Regnbuebevægelsen, nan, 37.804639804639805
2023.7132420091325, 0, Regnbuebevægelsen, nan, 39.83005263735059
2022.7022831050228, 0, Regnbuebevægelsen, nan, 47.925839006068735
2016.7105022831051, 0, Regnbuebevægelsen, nan, 42.164800995024876
2020.7269406392695, 0, Regnbuebevægelsen, nan, 39.99465240641712
2017.4358447488585, 0, Regnbuebevægelsen, nan, 39.86646586345381
2014.7746575342467, 0, Regnbuebevægelsen, nan, 53.05068226120858
2016.4632420091325, 0, Regnbuebevægelsen, nan, 42.27991205739413
2020.7077625570778, 0, Regnbuebevægelsen, nan, 43.538346681145654
2025.5739726027398, 0, nan, nan, 49.7477508650519
2023.013698630137, 0, nan, nan, 43.246386569710026
2023.8267123287671, 0, nan, nan, 38.42713635749358
2021.4961187214612, 0, Liberal Alliance, nan, 38.71561217716631
2026.0246575342467, 0, nan, nan, 38.67646251568381
2025.5630136986301, 0, Socialdemokratiet, nan, 33.10810810810811
2026.102511415525, 0, Socialdemokratiet, nan, 42.639941303892115
2024.8075342465754, 0, Socialdemokratiet, nan, 42.416196586369686
2026.10799086758, 0, nan, nan, 42.82432432432432
2022.3415525114156, 1, nan, nan, 29.4759504374126
2022.4358447488585, 1, nan, nan, 32.736691542288554
2022.8321917808219, 0, nan, nan, 25.2953181272509
2024.379908675799, 0, nan, nan, 24.15892672858617
1893.0, 0, Kvindebevægelsen, nan, 46.75
2024.169406392694, 0, nan, nan, 41.83142935184293
2024.9358447488585, 0, nan, nan, 33.30357142857143
2023.419406392694, 0, Socialdemokratiet, nan, 30.475217038019075
2023.271917808219, 0, nan, nan, 29.033904987187068
2025.5739726027398, 0, nan, nan, 25.976331901672303
2019.804794520548, 0, nan, nan, 38.769187199093736
1844.594292237443, 0, nan, nan, 43.27251068798614
1843.4659817351599, 0, nan, nan, 43.21483549243862
1864.85799086758, 1, nan, nan, 51.070361145703615
2026.419406392694, 0, nan, nan, 39.58281646969276
2025.7582191780823, 0, nan, nan, 32.57361557361558
2020.6803652968038, 0, nan, nan, 45.3737529569063
2022.2296803652969, 0, nan, nan, 36.81562275017998
2024.7883561643835, 0, Socialdemokratiet, nan, 37.692871231332774
2024.5767123287671, 0, nan, nan, 35.61998213307974
1908.2938356164384, 0, nan, nan, 42.75452674352424
2024.763698630137, 0, nan, nan, 38.779310344827586
2019.513698630137, 0, nan, nan, 42.735275395262576
2026.3075342465754, 0, nan, nan, 34.479327500428894
2025.1107305936073, 0, nan, nan, 37.7852636572061
2026.0860730593606, 1, nan, nan, 33.97452038369305
2022.5520547945205, 1, Socialdemokratiet, nan, 27.06733375026058
2022.4687214611872, 0, Socialdemokratiet, nan, 31.169257681870725
2024.7461187214612, 0, nan, nan, 53.74372294372294
2023.1940639269408, 0, nan, nan, 39.81295136639555
2025.5630136986301, 0, nan, nan, 35.263006957260075
1998.5860730593606, 0, nan, nan, 43.57300527619253
2024.9495433789955, 0, nan, nan, 38.807351451180566
2010.838812785388, 0, Det Konservative Folkeparti, nan, 34.99666425528494
2023.9276255707764, 0, nan, nan, 39.68131956443123
2024.2351598173516, 0, nan, nan, 42.29962894248608
2024.4878995433792, 0, nan, nan, 41.23058638626267
2021.5465753424658, 0, Regnbuebevægelsen, nan, 31.855698529411764
2023.7664383561644, 0, nan, nan, 40.28138528138528
2026.2993150684931, 0, nan, nan, 31.36640701071081
2025.1858447488585, 0, nan, nan, 24.913533834586467
2024.513698630137, 0, nan, nan, 36.05944005046339
2023.3908675799087, 0, nan, nan, 31.439862034983985
2025.7938356164384, 0, nan, nan, 35.88171506917612
2025.419406392694, 0, Enhedslisten, nan, 28.777078965758214
2023.8470319634703, 0, Enhedslisten, nan, 32.9135870564442
2025.5630136986301, 0, Enhedslisten, nan, 35.78408832233099
2023.751598173516, 0, Enhedslisten, nan, 37.94801740812379
2024.2433789954339, 0, nan, nan, 43.912664405658035
2024.9851598173516, 0, Enhedslisten, nan, 30.538519813519812
2024.379908675799, 0, nan, nan, 29.384987277353687
2023.8415525114156, 0, Enhedslisten, nan, 33.182931973310836
2023.4331050228311, 0, Enhedslisten, nan, 37.08568834411531
2024.7828767123287, 0, Enhedslisten, nan, 35.253858990404666
2025.3267123287671, 0, Enhedslisten, nan, 47.56533177433499
1888.6189497716894, 0, Kvindebevægelsen, nan, 49.470209339774556
1888.6189497716894, 0, Kvindebevægelsen, nan, 49.470209339774556
2025.5602739726028, 0, nan, nan, 32.78427550357375
2023.4100456621004, 0, nan, nan, 33.98827372028271
2023.2187214611872, 1, nan, nan, 31.247357293868923
2025.0860730593606, 0, nan, nan, 30.237308507170795
2024.3771689497717, 0, nan, nan, 38.02125800815376
2024.3771689497717, 0, nan, nan, 39.00262691853601
2015.513698630137, 0, nan, nan, 37.00522583053378
2023.4495433789955, 0, nan, nan, 35.63085300898322
2024.419406392694, 0, Socialistisk Folkeparti, nan, 32.992678725236864
2024.0191780821917, 0, Socialistisk Folkeparti, nan, 48.652560816366005
2022.771917808219, 0, Socialistisk Folkeparti, nan, 33.059535241021706
2025.4742009132422, 0, Socialistisk Folkeparti, nan, 39.49076376735951
2021.4605022831051, 1, nan, nan, 49.86066578418395
2020.2296803652969, 1, nan, nan, 40.551270815074496
2023.3497716894976, 1, nan, nan, 38.23791973791974
2021.4155251141551, 1, nan, nan, 37.61242256195044
2021.1682648401825, 1, nan, nan, 46.53836530442035
2020.8415525114156, 1, nan, nan, 37.68904739261372
2020.9303652968038, 1, nan, nan, 38.374149659863946
2025.3908675799087, 1, nan, nan, 31.826609090780803
2024.2351598173516, 1, nan, nan, 36.17498514557338
2023.9495433789955, 1, nan, nan, 44.21568627450981
2024.4303652968038, 1, nan, nan, 29.63261839870443
2024.0849315068492, 1, nan, nan, 38.54411630524043
2019.5246575342467, 1, nan, nan, 32.38046766413213
2024.10799086758, 1, nan, nan, 34.31345603780624
2020.513698630137, 0, nan, nan, 32.35369125050527
2009.8239726027398, 1, nan, nan, 33.423684486190155
1994.1463470319634, 1, nan, nan, 35.10495566041573
1994.1831050228311, 1, nan, nan, 33.00954275762915
1994.4961187214612, 1, nan, nan, 41.85550082101806
2018.304794520548, 0, nan, nan, 44.72278389358935
2023.6627853881278, 0, nan, nan, 36.1657720891825
2021.669406392694, 0, nan, nan, 39.30083731195481
2025.271917808219, 0, nan, nan, 42.603755868544596
2023.4100456621004, 0, nan, nan, 39.964080536707385
1988.7050228310502, 1, nan, nan, 25.301960362170632
1995.379908675799, 1, nan, nan, 28.36796536796537
2012.0109589041097, 1, nan, nan, 27.972317300186152
1997.0657534246575, 1, nan, nan, 22.95933190962061
2009.9769406392695, 1, nan, nan, 23.73041395826206
2006.4495433789955, 1, nan, nan, 28.968211648892535
2023.4100456621004, 0, nan, nan, 30.33455971677484
2020.5383561643835, 1, nan, nan, 41.924253990873154
2015.1134703196346, 1, nan, nan, 32.40559186637618
2014.7324200913242, 1, nan, nan, 32.790217391304346
2014.8075342465754, 1, nan, nan, 34.8866443911434
2014.866210045662, 1, nan, nan, 27.061958694203867
2014.9045662100457, 1, nan, nan, 32.65854963874766
2015.0712328767124, 1, nan, nan, 35.07384376214536
2015.3497716894976, 1, nan, nan, 35.94777397260274
2014.5794520547945, 1, nan, nan, 34.54721645637521
2015.2527397260274, 1, nan, nan, 33.73439463762044
2015.0575342465754, 1, nan, nan, 28.269095816464237
2014.657305936073, 1, nan, nan, 27.942693323727184
2014.6940639269408, 1, nan, nan, 29.88033787582662
2015.2077625570778, 1, nan, nan, 23.10763377515955
2015.3470319634703, 1, nan, nan, 29.917450066759315
2015.169406392694, 1, nan, nan, 31.623389211996805
2022.2609589041097, 0, nan, nan, 31.396334478808708
2023.143607305936, 1, nan, nan, 23.183707181359765
2021.513698630137, 0, nan, nan, 39.498548201573044
2021.7050228310502, 0, Dansk Folkeparti, nan, 46.36664295874822
2021.513698630137, 0, nan, nan, 42.83367577048359
1946.0, 0, Kvindebevægelsen, nan, 44.79586584912672
1967.2324200913242, 0, Det Konservative Folkeparti, nan, 48.90180077052792
2023.777397260274, 0, nan, nan, 35.426923076923075
2024.3853881278537, 0, nan, nan, 40.30709600477042
2024.7527397260274, 1, nan, nan, 29.774831772459244
2026.419406392694, 0, nan, nan, 37.08409689971131
2026.271917808219, 0, nan, nan, 42.203007518796994
2026.1858447488585, 0, nan, nan, 42.06060606060606
2022.4276255707764, 0, nan, nan, 38.90272507761297
2022.844292237443, 0, nan, nan, 45.16344501718213
2022.419406392694, 0, Fagbevægelsen, nan, 36.79442724458204
2021.8744292237443, 0, Fagbevægelsen, nan, 28.474893671046786
2019.8212328767124, 0, Fagbevægelsen, nan, 28.50926743159753
2022.9182648401825, 0, Fagbevægelsen, nan, 33.878143378854745
2022.4824200913242, 0, Fagbevægelsen, nan, 49.844407064760304
2020.763698630137, 0, nan, nan, 38.14884033810067
2023.5630136986301, 0, nan, nan, 32.422697368421055
2025.116210045662, 1, nan, nan, 28.68695466979029
2025.0970319634703, 1, nan, nan, 26.972955734149764
2025.0657534246575, 1, nan, nan, 28.763414302032665
2025.0849315068492, 1, nan, nan, 24.405412115193645
2025.3689497716894, 1, nan, nan, 32.22367086773866
2025.1913242009134, 1, nan, nan, 35.096122150698136
2025.0657534246575, 1, nan, nan, 26.723060900804494
2000.5630136986301, 0, Radikale Venstre, nan, 31.073313940961
2024.5767123287671, 0, nan, nan, 39.15140390627241
2015.2527397260274, 1, nan, nan, 56.25101086348328
2007.2801369863014, 1, nan, nan, 57.19420682444634
2009.616210045662, 1, nan, nan, 50.04695331047217
2013.6408675799087, 1, nan, nan, 53.270613074134566
2011.0860730593606, 1, nan, nan, 50.039138378123525
2011.379908675799, 1, nan, nan, 58.28729169489229
2012.1627853881278, 1, nan, nan, 52.06849315068493
2011.5520547945205, 1, nan, nan, 51.75394501475464
2025.0027397260274, 1, nan, nan, 28.14188034188034
2023.4659817351599, 1, nan, nan, 32.84707193914355
2026.419406392694, 0, nan, nan, 39.278195488721806
2023.554794520548, 0, nan, nan, 35.402808274586846
2015.4413242009134, 0, nan, nan, 39.81726579520697
2024.7488584474886, 0, nan, nan, 35.74144961304818
2021.5164383561644, 1, nan, nan, 29.494467967839363
2024.3908675799087, 1, nan, nan, 30.55058635481398
2020.2296803652969, 1, nan, nan, 31.015966045497386
2025.0657534246575, 1, nan, nan, 30.079529108940875
2024.419406392694, 0, nan, nan, 36.383861356464095
1911.8267123287671, 0, Kvindebevægelsen, nan, 47.556243350420736
2025.3020547945205, 0, nan, nan, 26.243437694381093
2025.0246575342467, 0, nan, nan, 35.73306870528276
2023.7077625570778, 0, Regnbuebevægelsen, nan, 50.272183971781956
1911.5027397260274, 0, Kvindebevægelsen, nan, 50.43341321465252
2024.9824200913242, 0, nan, nan, 44.10654594871252
1890.513698630137, 0, Kvindebevægelsen, nan, 49.3596256684492
1906.1490867579907, 0, Kvindebevægelsen, nan, 53.135497529992946
1889.2077625570778, 0, Kvindebevægelsen, nan, 40.636905931310395
1902.2828767123287, 0, Kvindebevægelsen, nan, 52.0691703628943
2024.513698630137, 0, Venstre, nan, 36.57859911406423
2023.7461187214612, 0, Venstre, nan, 35.87218239359297
2023.5630136986301, 0, Venstre, nan, 32.20470896010464
2023.513698630137, 0, Venstre, nan, 37.62438129521304
2023.4100456621004, 0, Venstre, nan, 40.49067599067599
2023.5520547945205, 0, Venstre, nan, 31.802934841141624
2023.7461187214612, 0, Venstre, nan, 31.367719231500857
2025.9988584474886, 1, nan, nan, 34.049019607843135
2026.2269406392695, 1, nan, nan, 32.40413104740314
2025.866210045662, 1, nan, nan, 38.180199749451205
2025.8853881278537, 1, nan, nan, 31.782306469305006
2026.094292237443, 1, nan, nan, 36.47430401254738
2026.0657534246575, 1, nan, nan, 37.616641203431655
2024.763698630137, 0, nan, nan, 34.04627450980392
2024.271917808219, 0, nan, nan, 43.453365272099006
1910.5164383561644, 0, Kvindebevægelsen, nan, 36.26783007911614
2016.4385844748858, 1, nan, nan, 34.20426124535183
2025.4824200913242, 0, nan, nan, 32.34719188388913
2023.866210045662, 0, nan, nan, 42.10416975080187
2023.5246575342467, 0, nan, nan, 34.6985751555288
2023.5657534246575, 0, nan, nan, 33.76623376623377
1890.4100456621004, 0, Kvindebevægelsen, nan, 63.21781609195402
1885.8771689497717, 0, Venstre, nan, 56.81338305583276
1909.844292237443, 0, Venstre, nan, 48.97101449275362
2025.3607305936073, 0, nan, nan, 30.38254677926809
2024.3853881278537, 0, nan, nan, 28.453245658404988
2025.3020547945205, 0, nan, nan, 27.74583195036638
2024.3771689497717, 0, nan, nan, 41.58147681098501
-403.0, 0, nan, nan, 42.16033116082438
-396.0, 0, nan, nan, 40.87036791856069
2026.304794520548, 0, nan, nan, 29.53983120625772
2024.5630136986301, 0, nan, nan, 33.46056920263932
2024.513698630137, 0, nan, nan, 39.818992486039235
2023.9714611872148, 0, nan, nan, 28.638236922558434
2025.1831050228311, 0, nan, nan, 33.98380507427039
2024.379908675799, 0, nan, nan, 27.344155844155843
2025.3607305936073, 0, nan, nan, 34.86069651741293
2024.379908675799, 0, nan, nan, 33.587151841868824
1925.419406392694, 0, Socialdemokratiet, nan, 32.15205223880597
2015.5657534246575, 0, nan, nan, 41.41455465417207
2014.1721461187215, 0, nan, nan, 43.52764400586955
2017.4358447488585, 1, nan, nan, 41.80389585388743
2023.777397260274, 0, nan, nan, 44.530750678323784
2023.0520547945205, 0, nan, nan, 35.941638218279195
2023.2296803652969, 0, nan, nan, 34.87024228618762
2022.419406392694, 0, Fagbevægelsen, nan, 36.592233009708735
2023.777397260274, 0, nan, nan, 51.724738675958186
2025.5739726027398, 0, nan, nan, 43.716175368255904
2024.5767123287671, 0, nan, nan, 40.8412928263199
2024.0657534246575, 1, nan, nan, 31.811873180200582
2024.771917808219, 1, nan, nan, 37.79849498327759
2023.8157534246575, 1, nan, nan, 35.766724325950435
2023.4100456621004, 1, Kvindebevægelsen, nan, 44.88027466498188
2025.0657534246575, 1, nan, nan, 35.17055368649142
2026.3470319634703, 1, nan, nan, 36.04098058207647
2023.9878995433792, 1, nan, nan, 36.17650496785506
2023.338812785388, 1, nan, nan, 39.00303364589079
2023.8552511415523, 1, nan, nan, 37.61608394990087
2025.6776255707764, 1, nan, nan, 37.948266373142545
2024.7269406392695, 0, Venstre, nan, 37.229359839774496
2024.419406392694, 0, nan, nan, 36.11229050279329
2024.5630136986301, 0, Venstre, nan, 39.92740230053663
2025.5164383561644, 0, nan, nan, 41.44197031039137
2025.2664383561644, 0, nan, nan, 39.89379229871645
2024.5767123287671, 0, nan, nan, 41.98774126238915
2021.5465753424658, 0, Regnbuebevægelsen, nan, 30.255769536845456
1848.4358447488585, 1, nan, nan, 42.639069416523014
2015.4155251141551, 0, Regnbuebevægelsen, nan, 32.23451581975072
2021.8130136986301, 0, nan, nan, 33.26063739616884
2024.763698630137, 0, Socialistisk Folkeparti, nan, 35.93631516587678
2024.9468036529681, 0, Socialistisk Folkeparti, nan, 28.04694137638063
2023.8689497716894, 0, nan, nan, 40.66787439613526
2026.419406392694, 0, Fagbevægelsen, nan, 28.328328211700622
2025.9303652968038, 0, HK, nan, 32.13203463203463
2024.2324200913242, 0, Socialdemokratiet, nan, 35.08906509312189
2024.513698630137, 0, nan, nan, 36.80887238616377
2024.379908675799, 0, nan, nan, 28.915543005806022
2024.7269406392695, 0, nan, nan, 42.271441202475685
1898.7050228310502, 0, Kvindebevægelsen, nan, 50.902889518413595
1893.1463470319634, 0, Kvindebevægelsen, nan, 43.976873265494916
2024.419406392694, 0, Socialdemokratiet, nan, 34.70488627671108
2026.0849315068492, 0, nan, nan, 35.55770470664088
2025.3020547945205, 0, nan, nan, 35.1501630156549
2023.5630136986301, 0, Socialdemokratiet, nan, 30.30880526123493
2022.7187214611872, 0, Socialdemokratiet, nan, 39.765960074452416
2024.5630136986301, 0, nan, nan, 40.89016872160934
1900.0, 0, Kvindebevægelsen, nan, 40.22402696904689
2023.9550228310502, 0, Det Konservative Folkeparti, nan, 47.50207125103563
2024.0191780821917, 0, Det Konservative Folkeparti, nan, 45.43589299927328
2023.419406392694, 0, Enhedslisten, nan, 32.40435135867112
2021.5630136986301, 0, nan, nan, 34.770905104917006
2023.513698630137, 0, Enhedslisten, nan, 31.303124363652373
2021.5438356164384, 0, Enhedslisten, nan, 40.962394303515794
2022.5438356164384, 0, Enhedslisten, nan, 37.603681141601
2021.9605022831051, 0, Enhedslisten, nan, 33.22103719172633
2022.771917808219, 0, Enhedslisten, nan, 32.9349593495935
2022.919406392694, 0, Enhedslisten, nan, 33.73113753957834
2022.2406392694065, 0, Enhedslisten, nan, 37.84143518518519
2023.4906392694065, 0, Enhedslisten, nan, 34.76287963633968
2022.7296803652969, 0, Enhedslisten, nan, 38.8179500254972
2022.8497716894976, 0, Enhedslisten, nan, 42.872316477241526
2023.501598173516, 0, Enhedslisten, nan, 45.465321563682224
2021.7324200913242, 0, Enhedslisten, nan, 35.385379229561
2023.1353881278537, 0, Enhedslisten, nan, 41.41049629848146
2023.3267123287671, 0, Enhedslisten, nan, 41.14042553191489
2024.5630136986301, 0, nan, nan, 31.567877320419694
2021.777397260274, 0, nan, nan, 36.742061733865015
2023.513698630137, 0, nan, nan, 40.826173236884145
2023.5630136986301, 0, nan, nan, 29.542886519119996
2024.1885844748858, 0, Dansk Folkeparti, nan, 30.61904761904762
2021.271917808219, 0, Kvindebevægelsen, nan, 38.86975257158743
2025.5027397260274, 0, nan, nan, 27.188025210084035
2024.0860730593606, 0, nan, nan, 41.95455004035513
2020.7269406392695, 0, nan, nan, 35.07316486161251
2025.5739726027398, 0, nan, nan, 24.61455692288665
2025.5739726027398, 0, nan, nan, 31.11385559777843
2023.8634703196346, 0, nan, nan, 38.65437788018433
2023.263698630137, 0, nan, nan, 46.51992838622052
2023.9440639269408, 0, nan, nan, 41.24810984618058
2024.9824200913242, 0, Den Grønne Ungdomsbevægelse, nan, 53.22866186422179
2024.4440639269408, 0, nan, nan, 38.12409381663113
2026.0109589041097, 0, nan, nan, 33.75281009662788
2025.3267123287671, 0, nan, nan, 36.41197183098592
2023.271917808219, 0, nan, nan, 32.51602564102564
2025.027397260274, 0, nan, nan, 31.539817629179332
2024.7609589041097, 0, nan, nan, 35.5608292416803
2024.027397260274, 0, nan, nan, 35.811339198435974
2023.8415525114156, 0, nan, nan, 38.54887218045113
2023.2269406392695, 0, nan, nan, 30.81766660152433
2024.8470319634703, 0, nan, nan, 35.52953445572899
2021.9522831050228, 0, nan, nan, 31.83778157360948
2022.3552511415523, 0, nan, nan, 42.909834811869075
2024.893607305936, 0, nan, nan, 32.84293065885358
2023.9687214611872, 0, nan, nan, 39.210605699769786
2024.763698630137, 0, nan, nan, 34.71190476190476
2021.513698630137, 0, nan, nan, 30.78961271872425
2021.8470319634703, 0, nan, nan, 24.654901960784315
1949.0, 0, Kvindebevægelsen, nan, 53.88187763395821
1998.5860730593606, 0, nan, nan, 38.57628749529348
1998.5860730593606, 0, Socialistisk Folkeparti, nan, 37.63655387531093
2023.3360730593606, 0, Socialistisk Folkeparti, nan, 34.089776868167526
2023.8744292237443, 1, nan, nan, 30.710524921870864
2018.338812785388, 1, nan, nan, 29.586928592150525
2021.6134703196346, 1, nan, nan, 37.17802815448873
2022.3415525114156, 1, nan, nan, 35.46205136219201
2018.3184931506848, 1, nan, nan, 33.049765887587185
2025.1913242009134, 1, nan, nan, 31.320546070167854
2011.5630136986301, 0, Radikale Venstre, nan, 31.85600630733945
2024.513698630137, 0, nan, nan, 28.961101135739625
2012.7378995433792, 0, Radikale Venstre, nan, 36.719077682672655
2012.5712328767124, 0, Radikale Venstre, nan, 36.63153043900073
2011.777397260274, 0, Radikale Venstre, nan, 36.571455637958096
2023.304794520548, 0, nan, nan, 44.08481421077528
2022.7050228310502, 1, nan, nan, 36.24770038026045
2025.3497716894976, 1, nan, nan, 39.70719345856977
2021.1490867579907, 1, nan, nan, 40.538851351351354
1992.3634703196346, 0, Socialdemokratiet, nan, 35.74174697964091
2025.9988584474886, 1, nan, nan, 33.05398618957941
2021.8212328767124, 1, nan, nan, 42.4844002655274
2021.535616438356, 1, nan, nan, 41.634783325094745
2024.027397260274, 1, nan, nan, 32.680292455965436
2026.0684931506848, 1, nan, nan, 37.771052742883725
2023.35799086758, 1, nan, nan, 35.85567765567765
2015.8497716894976, 1, nan, nan, 41.45687461310957
2024.5767123287671, 0, nan, nan, 38.18819447279259
2025.041095890411, 1, nan, nan, 39.788194513616354
2023.4100456621004, 1, Kvindebevægelsen, nan, 44.47583448094957
2026.3470319634703, 1, nan, nan, 38.14581130204891
2024.4687214611872, 1, nan, nan, 39.10555851915075
2024.9824200913242, 1, nan, nan, 33.92524665865299
2017.777397260274, 1, nan, nan, 39.117511520737324
2021.8470319634703, 1, nan, nan, 40.706438145462535
2024.9824200913242, 1, nan, nan, 39.44823768369907
2003.5082191780823, 0, Radikale Venstre, nan, 40.29949696920569
2006.7938356164384, 0, Radikale Venstre, nan, 43.48094013009029
2022.5493150684931, 0, Kristendemokraterne, nan, 40.712779722133845
2025.116210045662, 1, nan, nan, 32.30911282810017
2024.419406392694, 0, Socialdemokratiet, nan, 33.15926856985433
2003.4769406392695, 0, Venstre, nan, 46.22222708378911
2004.2406392694065, 0, Venstre, nan, 33.21794488314589
2003.9331050228311, 0, Venstre, nan, 39.61638386335543
2003.9687214611872, 0, Venstre, nan, 43.83747524614398
2004.9714611872148, 0, Venstre, nan, 41.21212121212121
2024.0860730593606, 0, nan, nan, 33.75879653238144
2026.4331050228311, 0, nan, nan, 37.85845460845461
2024.0301369863014, 0, nan, nan, 47.89531680440771
2023.9495433789955, 0, nan, nan, 39.868020093826544
2024.352511415525, 0, nan, nan, 45.58253033547466
2026.157305936073, 0, nan, nan, 35.168983550867154
2024.5712328767124, 0, nan, nan, 33.96022050992921
2022.9687214611872, 0, Venstre, nan, 37.96155194095697
2024.271917808219, 0, nan, nan, 45.468983050847456
2023.5082191780823, 0, nan, nan, 36.49221904565416
2022.5383561643835, 0, nan, nan, 24.617891601084878
2023.901826484018, 0, nan, nan, 46.06857142857143
2023.804794520548, 0, nan, nan, 35.61251554082055
2024.271917808219, 0, nan, nan, 35.98908044271683
2024.0301369863014, 0, Venstre, nan, 38.40070643642072
2024.513698630137, 0, Venstre, nan, 37.772202614540404
2023.763698630137, 0, Venstre, nan, 36.55809349779199
2023.7132420091325, 0, Venstre, nan, 36.477225977079044
2024.8990867579907, 0, Venstre, nan, 40.36497095721826
2024.174885844749, 0, Venstre, nan, 37.66228893058161
2023.4824200913242, 0, Venstre, nan, 34.669071873231466
2024.1490867579907, 0, nan, nan, 37.85384964355153
2023.041095890411, 0, Venstre, nan, 33.30344165638283
2025.5520547945205, 0, Venstre, nan, 37.92658041802676
2024.169406392694, 0, nan, nan, 38.325232221714636
2024.1545662100457, 0, Venstre, nan, 36.51139789495954
2024.379908675799, 0, nan, nan, 32.984569129415924
2024.379908675799, 0, nan, nan, 49.513626834381554
1915.419406392694, 0, Kvindebevægelsen, nan, 42.45276292335116
1918.602511415525, 0, Kvindebevægelsen, nan, 39.57971014492753
1912.0301369863014, 0, Kvindebevægelsen, nan, 39.668656716417914
1903.027397260274, 0, Kvindebevægelsen, nan, 45.13125
1919.1216894977167, 0, Venstre, nan, 48.77596113019129
1919.1216894977167, 0, Venstre, nan, 45.2279176201373
1919.1381278538813, 0, Venstre, nan, 42.98129102844639
1916.8689497716894, 0, nan, nan, 37.96296296296296
1899.9577625570778, 0, Kvindebevægelsen, nan, 33.31330036769367
2024.674885844749, 0, nan, nan, 33.80390146926351
2025.6721461187215, 0, Regnbuebevægelsen, nan, 45.7991447843893
2019.7050228310502, 0, Regnbuebevægelsen, nan, 40.47480620155039
2022.4742009132422, 0, Regnbuebevægelsen, nan, 34.78538602941177
2022.344292237443, 0, nan, nan, 44.15911582024114
2026.2993150684931, 0, nan, nan, 33.04041641151255
1918.9045662100457, 0, Radikale Venstre, nan, 44.64874371859297
1924.0, 0, Kvindebevægelsen, nan, 45.29131353944496
2024.419406392694, 0, Socialdemokratiet, nan, 35.90438897046826
2024.3607305936073, 0, nan, nan, 31.541666666666664
2023.1803652968038, 0, nan, nan, 48.78378378378378
2024.6968036529681, 1, nan, nan, 41.0009431386662
2025.3497716894976, 1, nan, nan, 38.94368702851571
2024.379908675799, 0, nan, nan, 36.77191360220025
2021.513698630137, 0, nan, nan, 40.542874795886846
2020.5328767123287, 0, nan, nan, 37.43910467412771
1911.4045662100457, 0, Kvindebevægelsen, nan, 42.69483469995299
2024.9358447488585, 0, nan, nan, 35.21559860904124
1911.8267123287671, 0, Kvindebevægelsen, nan, 45.759282034236335
2024.271917808219, 0, Socialdemokratiet, nan, 31.22135642135642
2020.3157534246575, 0, nan, nan, 43.87949346405229
2024.3294520547945, 1, nan, nan, 30.280168776371305
2024.3267123287671, 1, nan, nan, 30.09279688513952
2025.8075342465754, 0, nan, nan, 35.69514632405425
2023.8470319634703, 0, nan, nan, 95.9867716535433
2026.1381278538813, 0, nan, nan, 43.22317160466866
2020.513698630137, 0, nan, nan, 45.98649799482836
2024.8634703196346, 0, nan, nan, 50.830970728487905
1945.5712328767124, 0, Danmarks Kommunistiske Parti, nan, 33.70659407138536
1948.9358447488585, 0, Land og Folk, nan, 34.643501073217266
1947.9769406392695, 0, Danmarks Kommunistiske Parti, nan, 46.09946236559139
1937.2022831050228, 0, Danmarks Kommunistiske Parti, nan, 50.735219741890475
1948.4100456621004, 0, Land og Folk, nan, 37.41614906832298
1906.771917808219, 0, nan, nan, 41.370107505282945
1944.7527397260274, 0, Danmarks Kommunistiske Parti, nan, 40.311555956059046
1947.4331050228311, 0, Land og Folk, nan, 29.965714285714284
1950.5712328767124, 0, Røde Hjælp, nan, 45.030305905046504
2022.907305936073, 0, Regnbuebevægelsen, nan, 23.93044760117931
2024.3075342465754, 0, nan, nan, 33.57850686912509
2023.116210045662, 0, nan, nan, 31.815508021390375
2026.4045662100457, 1, nan, nan, 34.061861697980824
2023.2378995433792, 1, nan, nan, 28.330561399205685
2024.291095890411, 0, nan, nan, 34.690202104385875
2022.1463470319634, 0, Dansk Folkeparti, nan, 46.85975534235874
2024.3771689497717, 0, Nye Borgerlige, nan, 48.84620095152857
2023.7406392694065, 1, nan, nan, 34.9398912506179
2025.5794520547945, 1, nan, nan, 41.30852171128133
2016.0164383561644, 1, nan, nan, 42.14094560377194
2025.6189497716894, 1, nan, nan, 36.526548209925515
2024.9824200913242, 1, nan, nan, 39.697063198784704
2024.513698630137, 0, nan, nan, 42.274171861630606
2025.8075342465754, 1, nan, nan, 31.503030303030304
2025.513698630137, 0, Radikale Venstre, nan, 38.43856516799221
2025.5383561643835, 0, Radikale Venstre, nan, 36.96177603371848
2024.3497716894976, 0, Radikale Venstre, nan, 43.096923076923076
2024.013698630137, 0, Radikale Venstre, nan, 38.61408058396965
2024.8415525114156, 0, Radikale Venstre, nan, 36.99490509927403
2025.4742009132422, 0, Radikale Venstre, nan, 39.06494960806271
2023.1353881278537, 0, Radikale Venstre, nan, 41.930633347694965
2025.2324200913242, 0, Radikale Venstre, nan, 26.27929917550059
2025.804794520548, 0, Radikale Venstre, nan, 33.65986155746878
2023.3267123287671, 0, Radikale Venstre, nan, 46.044223461880506
1521.3826484018264, 0, nan, nan, 49.667844176233935
2019.9769406392695, 0, nan, nan, 34.51357199055862
2019.554794520548, 0, Fagbevægelsen, nan, 42.111603221083456
2024.5739726027398, 0, nan, nan, 37.969420702754036
2025.4276255707764, 1, nan, nan, 39.07090719499479
2022.6831050228311, 0, Regnbuebevægelsen, nan, 37.155509815366656
2020.4522831050228, 0, nan, nan, 28.31030064259486
2025.3075342465754, 0, nan, nan, 30.160953800298063
2025.419406392694, 0, nan, nan, 36.415780930938794
2023.541095890411, 0, nan, nan, 31.865365365365363
2022.4824200913242, 0, nan, nan, 45.58647409778813
2022.9605022831051, 0, Fagbevægelsen, nan, 40.88270804063002
2025.7582191780823, 0, nan, nan, 31.00318102949682
2026.1463470319634, 0, nan, nan, 30.011084641936893
1888.6189497716894, 0, Kvindebevægelsen, nan, 35.24706095134744
2025.751598173516, 1, nan, nan, 41.055370014750494
2026.169406392694, 1, nan, nan, 22.583918984870667
1918.8908675799087, 0, Kvindebevægelsen, nan, 55.8109884247284
1918.8908675799087, 0, Kvindebevægelsen, nan, 55.527894240769626
1919.4522831050228, 0, Kvindebevægelsen, nan, 53.389870234438334
1919.4933789954339, 0, Kvindebevægelsen, nan, 57.9475371611775
1919.1381278538813, 0, Kvindebevægelsen, nan, 49.25634371395617
1918.9155251141551, 0, nan, nan, 46.7187435779889
2025.116210045662, 1, nan, nan, 33.45810684161199
2024.513698630137, 0, nan, nan, 33.303030303030305
2023.7691780821917, 0, Det Konservative Folkeparti, nan, 37.41666666666667
1940.513698630137, 0, Kvindebevægelsen, nan, 51.564516129032256
2022.5438356164384, 0, Den Grønne Ungdomsbevægelse, nan, 27.812820056547444
2023.4495433789955, 0, nan, nan, 29.3048128342246
1888.6216894977167, 0, Kvindebevægelsen, nan, 46.41503267973856
1888.6216894977167, 0, nan, nan, 50.40909090909091
2025.419406392694, 0, nan, nan, 30.014375634517766
2025.4796803652969, 0, nan, nan, 33.029806259314455
2024.513698630137, 0, Socialdemokratiet, nan, 36.726824910429535
2024.291095890411, 0, Socialdemokratiet, nan, 44.22830571035681
2024.379908675799, 0, nan, nan, 32.10599140007494
2023.804794520548, 0, Socialdemokratiet, nan, 37.63268672472948
2026.2993150684931, 0, nan, nan, 36.969508142239945
2024.3853881278537, 0, nan, nan, 45.00408580183861
2023.7664383561644, 0, nan, nan, 35.803662408624376
2022.1463470319634, 0, Dansk Folkeparti, nan, 39.641706449248154
2023.9440639269408, 0, nan, nan, 45.47210463132622
2024.7938356164384, 0, nan, nan, 46.093613933236576
2024.4742009132422, 0, Fagbevægelsen, nan, 43.80063483172292
2024.7609589041097, 0, nan, nan, 39.596516535769624
2023.8552511415523, 1, nan, nan, 27.30599837695831
2024.5630136986301, 0, nan, nan, 41.137670740474476
2022.513698630137, 0, Radikale Venstre, nan, 39.31275521169138
2022.0915525114156, 0, nan, nan, 49.90064102564102
2021.304794520548, 0, nan, nan, 45.049555694849005
2017.8470319634703, 0, Det Konservative Folkeparti, nan, 37.202663578459756
2025.513698630137, 0, Det Konservative Folkeparti, nan, 38.14873959538957
2024.7828767123287, 0, nan, nan, 40.06220810760321
2022.907305936073, 0, nan, nan, 24.14326628025912
2022.513698630137, 0, nan, nan, 41.172892561983474
2019.0860730593606, 0, Liberal Alliance, nan, 39.132622123036
2022.838812785388, 1, nan, nan, 29.35821457536786
2024.2582191780823, 1, nan, nan, 36.585286341173045
2017.2554794520547, 0, Liberal Alliance, nan, 37.7786941580756
2024.5767123287671, 0, nan, nan, 39.67032356617136
2023.5684931506848, 1, nan, nan, 32.34259928024569
2026.419406392694, 0, Socialdemokratiet, nan, 33.7653680781759
2024.271917808219, 0, Socialdemokratiet, nan, 30.146987967246304
2025.5328767123287, 0, Socialdemokratiet, nan, 28.49898580121704
2019.8415525114156, 0, Socialdemokratiet, nan, 33.646601571348526
2025.513698630137, 0, Socialdemokratiet, nan, 28.59249594258236
2020.6600456621004, 0, Socialdemokratiet, nan, 23.685953268478954
2026.0860730593606, 0, Socialdemokratiet, nan, 29.187483743009494
2024.1216894977167, 0, nan, nan, 34.673595248972134
2022.5328767123287, 0, nan, nan, 43.12599681020734
2024.5191780821917, 0, Socialdemokratiet, nan, 36.51846153846154
2024.8415525114156, 0, Socialdemokratiet, nan, 37.78619322739875
2019.4878995433792, 0, Socialdemokratiet, nan, 29.50229801644896
2025.6052511415523, 0, nan, nan, 36.57750363572539
2023.7242009132422, 0, Socialdemokratiet, nan, 27.73076923076923
2022.7801369863014, 0, Socialdemokratiet, nan, 31.382518284625213
2017.013698630137, 0, Socialdemokratiet, nan, 37.06783806000822
2024.5164383561644, 0, nan, nan, 28.782195548887223
2020.2801369863014, 0, Socialdemokratiet, nan, 33.971623758034546
2025.2993150684931, 0, nan, nan, 33.36045957284516
2025.8184931506848, 0, Socialdemokratiet, nan, 33.874978708908195
2024.285616438356, 0, Socialdemokratiet, nan, 34.70013535935726
2024.157305936073, 0, Socialdemokratiet, nan, 30.861852433281005
2021.0164383561644, 0, Socialdemokratiet, nan, 33.536347762154215
2025.763698630137, 0, Socialdemokratiet, nan, 28.805704099821746
2023.5438356164384, 0, Socialdemokratiet, nan, 29.32968690434754
2026.3184931506848, 0, Socialdemokratiet, nan, 31.477911646586346
2019.8212328767124, 0, Socialdemokratiet, nan, 29.216788531593153
2025.8360730593606, 0, nan, nan, 31.13860252004582
2022.7527397260274, 0, Socialdemokratiet, nan, 33.28562171502628
2023.7664383561644, 0, Socialdemokratiet, nan, 29.92330067746241
2024.3881278538813, 0, nan, nan, 27.780483835973097
2024.2324200913242, 0, nan, nan, 29.560721894974307
2023.9413242009134, 0, nan, nan, 32.10857314804683
2024.2214611872148, 0, Socialdemokratiet, nan, 24.216210852220858
2019.7883561643835, 0, nan, nan, 30.140879504871872
2023.8716894977167, 0, Socialdemokratiet, nan, 31.898442334364663
2020.4824200913242, 0, Socialdemokratiet, nan, 24.898628445137803
2020.541095890411, 0, Socialdemokratiet, nan, 28.775680693069308
2020.4276255707764, 0, Socialdemokratiet, nan, 29.48447500661201
2025.4276255707764, 0, Socialdemokratiet, nan, 30.822706909814922
2021.5465753424658, 0, Socialdemokratiet, nan, 31.264392324093816
2019.8294520547945, 0, Socialdemokratiet, nan, 28.81076550568076
2023.8294520547945, 0, Socialdemokratiet, nan, 34.0193394032033
2025.5915525114156, 0, Socialdemokratiet, nan, 29.453714562275458
2023.541095890411, 0, Socialdemokratiet, nan, 28.393759613271808
2021.7242009132422, 0, Socialdemokratiet, nan, 23.581632653061224
2022.4276255707764, 0, Socialdemokratiet, nan, 29.236570247933884
2019.8634703196346, 0, nan, nan, 27.340994020926757
2024.8075342465754, 0, Socialdemokratiet, nan, 30.760380438640073
2022.2406392694065, 0, Socialdemokratiet, nan, 31.25007256051547
2023.2324200913242, 0, Socialdemokratiet, nan, 32.10539215686274
2023.6545662100457, 0, Socialdemokratiet, nan, 29.869612495057332
2025.2159817351599, 0, Socialdemokratiet, nan, 44.628490945674045
2021.9127853881278, 0, Socialdemokratiet, nan, 36.5189309471541
2022.8239726027398, 0, Socialdemokratiet, nan, 42.28767518103541
2024.763698630137, 0, Socialdemokratiet, nan, 27.587814613998084
2025.852511415525, 0, Socialdemokratiet, nan, 29.625801702819032
2023.8470319634703, 0, Socialdemokratiet, nan, 38.91460224951496
2024.4961187214612, 0, Socialdemokratiet, nan, 30.698296293286745
2025.4742009132422, 0, Socialdemokratiet, nan, 34.08460221664105
2023.129908675799, 0, Socialdemokratiet, nan, 33.44293426173165
2020.2664383561644, 0, Socialdemokratiet, nan, 45.72095165491392
2020.1107305936073, 0, Socialdemokratiet, nan, 29.635815671786894
2021.535616438356, 0, nan, nan, 31.752717391304348
2024.513698630137, 0, nan, nan, 33.95367343336275
2023.2324200913242, 0, Socialdemokratiet, nan, 27.949263999190656
2022.1216894977167, 0, Socialdemokratiet, nan, 32.894763785285946
2024.1244292237443, 0, Kongehuset, nan, 35.40269268587853
2023.2938356164384, 0, Socialdemokratiet, nan, 31.428418408172313
2021.7324200913242, 0, Socialdemokratiet, nan, 34.7415859541528
2025.9413242009134, 0, nan, nan, 29.45877637365696
2024.5739726027398, 0, Socialdemokratiet, nan, 30.437902028698662
2021.3963470319634, 0, Socialdemokratiet, nan, 34.78623045591907
2021.7132420091325, 0, Socialdemokratiet, nan, 31.65728118231622
2023.1353881278537, 0, Socialdemokratiet, nan, 42.47802197802198
2023.2324200913242, 0, Socialdemokratiet, nan, 24.57648401826484
2022.5970319634703, 0, Socialdemokratiet, nan, 26.368631158735163
2021.513698630137, 0, Socialdemokratiet, nan, 32.120380739081746
2022.5767123287671, 0, Socialdemokratiet, nan, 31.575324622461025
2019.9495433789955, 0, Socialdemokratiet, nan, 29.649057818843623
2024.4796803652969, 0, nan, nan, 27.1874783772594
2022.2746575342467, 0, Socialdemokratiet, nan, 37.00956937799043
2022.2324200913242, 0, Socialdemokratiet, nan, 38.51671538180489
2020.2965753424658, 0, Socialdemokratiet, nan, 32.13589050077862
2021.0438356164384, 0, Socialdemokratiet, nan, 39.31964549060035
2020.277397260274, 0, Socialdemokratiet, nan, 46.91907841974964
2021.0191780821917, 0, Socialdemokratiet, nan, 38.168581163735745
2022.2664383561644, 0, Socialdemokratiet, nan, 40.18743760667246
2021.0794520547945, 0, Socialdemokratiet, nan, 40.3267547942655
2020.3130136986301, 0, nan, nan, 35.05845312095312
2024.0520547945205, 0, Socialdemokratiet, nan, 37.50573534853272
2021.2324200913242, 0, Socialdemokratiet, nan, 36.18348382572105
2020.285616438356, 0, Socialdemokratiet, nan, 34.913890461689135
2020.3321917808219, 0, Socialdemokratiet, nan, 30.815091997445677
2020.9303652968038, 0, Socialdemokratiet, nan, 41.695656133321194
2024.7433789954339, 0, Socialdemokratiet, nan, 38.658426947689094
2023.0383561643835, 0, Socialdemokratiet, nan, 38.983552631578945
2026.1189497716894, 0, Socialdemokratiet, nan, 35.89523809523809
2021.0970319634703, 0, Socialdemokratiet, nan, 37.97888571513879
2022.1545662100457, 0, Socialdemokratiet, nan, 36.72323521750456
2022.7883561643835, 0, Socialdemokratiet, nan, 42.4638854805726
2021.0970319634703, 0, Socialdemokratiet, nan, 38.84995967958712
2024.4331050228311, 0, Socialdemokratiet, nan, 32.926330741266824
2024.3634703196346, 0, nan, nan, 29.590699390045067
2023.169406392694, 0, Socialdemokratiet, nan, 23.104574087035285
2023.169406392694, 0, Socialdemokratiet, nan, 29.35927520037523
2015.8020547945205, 0, Socialdemokratiet, nan, 31.066432572568353
2025.785616438356, 0, Socialdemokratiet, nan, 31.178476327769914
2024.7883561643835, 0, Socialdemokratiet, nan, 30.142304854753196
2018.8102739726028, 0, Socialdemokratiet, nan, 27.723961615319354
2024.1655251141551, 0, Socialdemokratiet, nan, 25.407824318051496
2024.8130136986301, 0, nan, nan, 29.970520480886904
2023.3267123287671, 0, Socialdemokratiet, nan, 46.9247191011236
2024.9878995433792, 0, Socialdemokratiet, nan, 41.441449403446754
2022.2746575342467, 0, Socialdemokratiet, nan, 22.577731092436977
2021.4495433789955, 0, Socialdemokratiet, nan, 28.37588721438989
2026.2378995433792, 0, Socialdemokratiet, nan, 36.5774090382387
2021.9221461187215, 0, Socialdemokratiet, nan, 42.098619329388555
2019.7022831050228, 0, Socialdemokratiet, nan, 26.134980754426483
2025.8157534246575, 0, Socialdemokratiet, nan, 27.383826905684003
2021.7993150684931, 0, Socialdemokratiet, nan, 32.81947537123803
2024.7159817351599, 1, nan, nan, 40.415345085402585
2020.785616438356, 1, nan, nan, 30.091562932226832
2024.5438356164384, 1, nan, nan, 45.53950313950314
2024.763698630137, 0, Moderaterne, nan, 36.455231611661986
2024.1655251141551, 0, Moderaterne, nan, 33.233786407766985
2022.5657534246575, 0, nan, nan, 34.269933049300064
1790.7554794520547, 0, Kvindebevægelsen, nan, 65.36203473945409
2026.271917808219, 0, nan, nan, 31.809241162571972
2024.419406392694, 0, nan, nan, 29.19734251968504
2023.8689497716894, 0, nan, nan, 29.497821655541788
2023.9221461187215, 0, Kvindebevægelsen, nan, 34.30957829355999
2024.102511415525, 0, nan, nan, 28.78502330845302
2023.419406392694, 0, Socialdemokratiet, nan, 35.028985507246375
2023.1968036529681, 0, nan, nan, 54.71323735865431
2018.8267123287671, 0, nan, nan, 43.93841394825647
2020.513698630137, 0, nan, nan, 34.36615442278861
2022.771917808219, 0, Nye Borgerlige, nan, 37.7179191775966
2022.2406392694065, 0, Nye Borgerlige, nan, 34.99011021246281
2024.2351598173516, 1, nan, nan, 34.377326826455814
2024.5767123287671, 0, nan, nan, 38.367619047619044
2024.844292237443, 0, nan, nan, 35.151000806510744
2016.8184931506848, 1, nan, nan, 33.95850784609371
2014.2296803652969, 1, nan, nan, 25.901552086594805
2022.8826484018264, 1, nan, nan, 44.94461420932009
2022.7801369863014, 1, nan, nan, 32.78783002044278
2023.4961187214612, 1, nan, nan, 38.77018176181064
2023.3963470319634, 1, nan, nan, 38.62297563884938
2025.3497716894976, 1, nan, nan, 28.482217429213897
2024.6968036529681, 1, nan, nan, 35.182683410442834
2024.379908675799, 0, nan, nan, 25.669565217391305
2025.2187214611872, 0, Venstre, nan, 42.83823529411765
2025.751598173516, 1, nan, nan, 31.78925939634577
2022.7242009132422, 1, nan, nan, 33.73291196629064
2023.9796803652969, 0, nan, nan, 48.400449507866384
2025.2351598173516, 0, nan, nan, 38.45083237223174
2012.5630136986301, 0, nan, nan, 31.566832710668326
2021.8771689497717, 0, nan, nan, 27.159165361059678
2026.0712328767124, 1, nan, nan, 34.28675907098409
2019.9824200913242, 1, nan, nan, 27.104937059733658
2024.5630136986301, 0, Socialdemokratiet, nan, 27.870640788662968
2024.5630136986301, 0, nan, nan, 21.53782894736842
2025.5630136986301, 0, Socialdemokratiet, nan, 30.210344003822264
2022.7527397260274, 0, Socialdemokratiet, nan, 40.11998527788002
2022.9824200913242, 0, Venstre, nan, 31.68660053783036
2025.5630136986301, 0, nan, nan, 33.71361132966169
2025.763698630137, 0, nan, nan, 28.342935239697223
2019.5767123287671, 0, nan, nan, 28.192090188781805
2024.751598173516, 0, nan, nan, 36.422046974595084
2024.9824200913242, 0, Den Grønne Ungdomsbevægelse, nan, 35.818002368732735
2022.513698630137, 0, nan, nan, 39.68707482993197
2023.513698630137, 0, nan, nan, 36.314486914418
2024.9495433789955, 0, nan, nan, 43.35107006742891
2026.419406392694, 0, nan, nan, 51.36271053662358
2026.0970319634703, 0, Venstre, nan, 30.791331031837363
2024.7296803652969, 0, Socialdemokratiet, nan, 35.8344671201814
2025.1600456621004, 0, nan, nan, 40.437710437710436
2021.5465753424658, 0, Regnbuebevægelsen, nan, 32.25638584800888
2022.907305936073, 0, nan, nan, 25.345378151260505
2022.907305936073, 0, nan, nan, 32.846218866223374
2024.893607305936, 0, Fagbevægelsen, nan, 43.52597402597403
2023.0712328767124, 1, nan, nan, 37.62740499457112
2024.3415525114156, 0, nan, nan, 35.38657817109144
2022.5191780821917, 0, nan, nan, 29.294100294985252
2025.379908675799, 0, nan, nan, 26.0
2025.407305936073, 1, nan, nan, 37.80156433780287
2024.3716894977167, 1, nan, nan, 36.458333333333336
2025.5794520547945, 1, nan, nan, 35.6801289578312
2024.907305936073, 1, nan, nan, 42.90978278103694
2025.1545662100457, 1, nan, nan, 37.77001972386588
2025.041095890411, 1, nan, nan, 41.34920634920635
2026.424885844749, 1, nan, nan, 41.07368421052632
2025.6381278538813, 1, nan, nan, 37.52581884291705
2023.6655251141551, 1, nan, nan, 48.67978848413631
2024.924885844749, 1, nan, nan, 41.65140817261369
2025.0970319634703, 1, nan, nan, 42.59140773158279
2024.0657534246575, 1, nan, nan, 37.171919841055704
2025.3826484018264, 1, nan, nan, 31.745807533539733
2026.3102739726028, 1, nan, nan, 49.731372194062274
2025.9796803652969, 1, nan, nan, 36.79687733452862
2025.379908675799, 1, nan, nan, 37.67194818000055
2025.2296803652969, 1, nan, nan, 37.70448917105678
2025.2105022831051, 1, nan, nan, 45.605705743116985
2020.0246575342467, 0, nan, nan, 39.28667272740086
2020.0657534246575, 1, nan, nan, 36.2486899475979
2025.5712328767124, 0, nan, nan, 44.821081496106174
2024.5739726027398, 0, nan, nan, 45.87831268862455
2025.3075342465754, 0, nan, nan, 34.230104388820294
2022.907305936073, 0, nan, nan, 30.007326007326007
2024.3470319634703, 0, nan, nan, 32.25787906785751
2026.021917808219, 0, nan, nan, 21.908222324299494
2023.9796803652969, 0, nan, nan, 38.86774506240155
1915.791095890411, 0, Kvindebevægelsen, nan, 43.15384615384615
2021.8470319634703, 0, nan, nan, 32.16092239028019
2022.8552511415523, 0, nan, nan, 45.39962151080272
2024.4769406392695, 0, nan, nan, 42.30412418480757
2024.4742009132422, 0, nan, nan, 42.92344786015672
2023.9687214611872, 1, nan, nan, 31.155913978494624
1977.0082191780823, 0, nan, nan, 46.20135297867819
2020.5657534246575, 0, nan, nan, 40.55164753794891
2019.4440639269408, 0, Venstre, nan, 46.00366337641193
1978.8826484018264, 0, nan, nan, 45.42191907709149
1974.424885844749, 0, nan, nan, 54.67609775884799
1974.1134703196346, 0, nan, nan, 42.98343909611515
1974.1463470319634, 0, nan, nan, 37.89529013969056
2021.419406392694, 0, Socialdemokratiet, nan, 41.38605292863414
2021.513698630137, 0, Socialdemokratiet, nan, 37.635830648048696
2023.419406392694, 0, Socialdemokratiet, nan, 47.09076855727927
2024.419406392694, 0, nan, nan, 46.4583099150329
2005.3908675799087, 0, Socialdemokratiet, nan, 28.97093141086887
2012.5630136986301, 0, Socialdemokratiet, nan, 33.85957506683552
2015.513698630137, 0, Socialdemokratiet, nan, 43.42401215805471
2009.6940639269408, 0, Socialdemokratiet, nan, 33.03181818181818
2004.777397260274, 0, Socialdemokratiet, nan, 41.74315716565039
2005.1885844748858, 0, Socialdemokratiet, nan, 35.13748422542034
2003.0383561643835, 0, Socialdemokratiet, nan, 42.072386534064634
2026.3075342465754, 0, nan, nan, 44.080049222225725
2020.1940639269408, 0, Socialdemokratiet, nan, 43.435261646171796
2023.9100456621004, 0, nan, nan, 49.1167097329888
2003.3102739726028, 0, nan, nan, 39.16250795221602
2003.5082191780823, 0, Socialdemokratiet, nan, 39.777628032345014
2025.4303652968038, 0, nan, nan, 47.21532585342564
2004.4878995433792, 0, Socialdemokratiet, nan, 42.86587183308495
2005.777397260274, 0, Socialdemokratiet, nan, 37.794326241134755
2003.9961187214612, 0, Socialdemokratiet, nan, 46.46718779549896
2024.9878995433792, 0, nan, nan, 43.01058201058201
2026.0054794520547, 0, nan, nan, 48.33822442290257
2023.013698630137, 0, nan, nan, 42.45380525091392
2013.2132420091325, 1, nan, nan, 33.283222993702566
2008.7324200913242, 1, nan, nan, 34.855043169242514
2012.2609589041097, 1, nan, nan, 38.1822196055343
2014.9605022831051, 1, nan, nan, 34.03160556257902
2010.554794520548, 1, nan, nan, 29.978689370485036
2015.271917808219, 1, nan, nan, 33.18079877112135
2016.4385844748858, 1, nan, nan, 37.54922538730635
2014.3497716894976, 1, nan, nan, 37.110729386892174
2008.2554794520547, 1, nan, nan, 31.470336486122072
2011.5328767123287, 1, nan, nan, 33.09520711342442
2025.4742009132422, 0, Moderaterne, nan, 33.14595580124836
2024.7433789954339, 0, Moderaterne, nan, 52.86557978838263
2023.4495433789955, 0, nan, nan, 42.325701437709796
2024.157305936073, 0, nan, nan, 40.692754613807246
2024.5767123287671, 0, nan, nan, 40.308832273496826
2026.419406392694, 0, Det Konservative Folkeparti, nan, 31.335491652383674
2025.513698630137, 0, Det Konservative Folkeparti, nan, 31.757825554194053
2024.8075342465754, 0, Det Konservative Folkeparti, nan, 30.69796104518607
2025.5383561643835, 0, Det Konservative Folkeparti, nan, 27.66927857720659
2024.3908675799087, 0, nan, nan, 27.07437917953932
2025.804794520548, 0, Det Konservative Folkeparti, nan, 28.622348886532343
2024.8415525114156, 0, Det Konservative Folkeparti, nan, 38.738451935081144
2025.4742009132422, 0, Det Konservative Folkeparti, nan, 39.1758587324625
2024.7269406392695, 0, Det Konservative Folkeparti, nan, 31.257048224695282
2025.2324200913242, 0, Det Konservative Folkeparti, nan, 21.233520809898764
2023.1803652968038, 0, Fagbevægelsen, nan, 35.28355057161582
2024.9358447488585, 0, nan, nan, 26.57783267005169
2024.4769406392695, 0, nan, nan, 33.63940698230512
2024.8415525114156, 0, Moderaterne, nan, 39.654238745841226
2024.4961187214612, 0, Moderaterne, nan, 42.14054714054714
2023.1353881278537, 0, Moderaterne, nan, 41.84172077922078
2018.791095890411, 0, Radikale Venstre, nan, 38.411803278688524
2025.4468036529681, 1, nan, nan, 38.32744334631127
2020.4522831050228, 0, nan, nan, 35.52910052910053
2019.4605022831051, 0, Venstre, nan, 40.34233931240658
2023.5712328767124, 0, nan, nan, 40.55250544662309
2025.116210045662, 1, Venstre, nan, 29.633933665164527
2023.8470319634703, 0, Venstre, nan, 43.18884810790287
2023.501598173516, 0, Venstre, nan, 37.42883480825959
2023.1353881278537, 0, Venstre, nan, 44.11206799250547
2022.3157534246575, 0, Radikale Venstre, nan, 30.45787545787546
2023.7938356164384, 0, Radikale Venstre, nan, 38.14751305927776
2018.838812785388, 1, nan, nan, 37.62159572166064
2022.419406392694, 0, NATO, nan, 47.507902621100605
2024.513698630137, 0, EU, nan, 34.12126068376068
2022.0465753424658, 0, Dansk Folkeparti, nan, 36.4160365902677
2023.5465753424658, 0, Dansk Folkeparti, nan, 37.75452942119609
2025.8239726027398, 0, nan, nan, 36.11293311343331
2023.2433789954339, 0, Dansk Folkeparti, nan, 50.42781940624111
2024.8267123287671, 0, Dansk Folkeparti, nan, 33.92374752005772
2022.1463470319634, 0, Dansk Folkeparti, nan, 35.336257309941516
2024.8415525114156, 0, Dansk Folkeparti, nan, 36.44156725388065
2025.4742009132422, 0, Dansk Folkeparti, nan, 42.4578647401929
2023.3267123287671, 0, Dansk Folkeparti, nan, 39.65587378025599
1892.0, 1, nan, nan, 40.121261428792806
1908.021917808219, 1, nan, nan, 40.294943240454074
2022.285616438356, 1, nan, nan, 36.5595370886782
2026.419406392694, 0, nan, nan, 27.32752335383914
2024.4577625570778, 0, Fagbevægelsen, nan, 33.16936349835228
2025.0301369863014, 0, Fagbevægelsen, nan, 28.85550887021475
2023.7691780821917, 0, Fagbevægelsen, nan, 29.11803084223013
2024.2938356164384, 0, nan, nan, 33.43908045977012
2024.7883561643835, 0, Fagbevægelsen, nan, 30.74538678368011
2025.3102739726028, 0, nan, nan, 31.187605021251358
2024.379908675799, 0, nan, nan, 29.083838844279256
2024.513698630137, 0, nan, nan, 32.9997202536367
2023.5630136986301, 0, nan, nan, 34.61912705031971
2023.513698630137, 0, nan, nan, 41.04159182116625
2014.7664383561644, 0, nan, nan, 39.00437481389862
2019.7828767123287, 0, nan, nan, 41.66239316239316
2025.5027397260274, 0, nan, nan, 38.94499708010413
2022.7965753424658, 0, nan, nan, 45.452184504164705
2019.9413242009134, 0, nan, nan, 48.26112185686654
2023.0575342465754, 0, nan, nan, 40.01680649526387
2020.852511415525, 0, Radikale Venstre, nan, 38.08272653721683
2019.535616438356, 0, Radikale Venstre, nan, 33.157242305813384
2020.8020547945205, 0, Radikale Venstre, nan, 32.87945485671091
1864.0493150684931, 1, nan, nan, 44.59390062673645
1864.6107305936073, 1, nan, nan, 39.14026941097724
1848.8239726027398, 1, nan, nan, 58.09829394072351
2024.5630136986301, 0, nan, nan, 39.61743044189853
2024.5054794520547, 0, nan, nan, 43.5236252310536
2025.0860730593606, 0, nan, nan, 101.41940306505198
2024.804794520548, 0, nan, nan, 94.38484558780925
2023.2324200913242, 0, nan, nan, 37.88100686498856
2023.2324200913242, 0, nan, nan, 39.29815263476681
1993.5821917808219, 0, nan, nan, 38.96889805653141
1842.4933789954339, 0, nan, nan, 92.0706973917921
1865.763698630137, 0, nan, nan, 52.05844854070661
1810.2965753424658, 1, nan, nan, 56.245665569541615
1864.1858447488585, 1, nan, nan, 109.54662840746055
1848.9385844748858, 0, nan, nan, 106.63719512195122
1868.513698630137, 0, Højskolebevægelsen, nan, 79.01960784313725
1864.1107305936073, 1, nan, nan, 128.25661080074488
1864.2242009132422, 1, nan, nan, 85.82817920507483
1864.2433789954339, 1, nan, nan, 72.7748538011696
1825.6682648401825, 1, nan, nan, 79.69526990185388
1864.285616438356, 1, nan, nan, 92.73060109289617
1864.0860730593606, 1, nan, nan, 91.71198288159772
1812.919406392694, 1, nan, nan, 55.838122042495286
1864.0915525114156, 1, nan, nan, 91.84904371584699
1864.1490867579907, 1, nan, nan, 93.6577432667246
1856.0860730593606, 1, nan, nan, 94.7094575799722
1848.2378995433792, 1, nan, nan, 72.70496583902683
1849.2378995433792, 0, nan, nan, 103.64641080312722
1849.1831050228311, 0, nan, nan, 77.93410165484633
1848.2883561643835, 0, nan, nan, 83.58557081979914
1850.5109589041097, 0, nan, nan, 119.37103032778515
1857.1271689497717, 0, nan, nan, 97.43452380952381
1850.2077625570778, 0, nan, nan, 88.0081300813008
1850.2527397260274, 0, nan, nan, 64.85252525252525
1852.263698630137, 0, nan, nan, 89.07952871870398
1850.9522831050228, 0, nan, nan, 69.23864395457582
1855.1463470319634, 0, nan, nan, 76.12948381452318
1850.2269406392695, 0, nan, nan, 98.11111111111111
1851.9851598173516, 0, nan, nan, 83.64344262295081
1850.9182648401825, 0, nan, nan, 80.2879193433262
1857.9522831050228, 0, nan, nan, 78.50469314079422
1857.9413242009134, 0, nan, nan, 94.02603249830737
1850.4824200913242, 0, nan, nan, 102.03482972136223
1850.5739726027398, 0, nan, nan, 58.005266773528746
1850.2242009132422, 0, nan, nan, 69.61156648451731
1850.2554794520547, 0, nan, nan, 69.26100628930817
1850.8826484018264, 0, nan, nan, 76.56252419667054
1857.1271689497717, 0, nan, nan, 79.88163497019586
1852.0082191780823, 0, nan, nan, 113.88858195211786
1852.263698630137, 0, nan, nan, 96.97729276895944
1866.616210045662, 0, nan, nan, 89.563421418637
1866.616210045662, 0, nan, nan, 183.33333333333334
1866.6271689497717, 0, nan, nan, 77.22096774193548
1866.6353881278537, 0, nan, nan, 112.41457586618877
1849.3771689497717, 0, nan, nan, 141.16384742951908
1849.271917808219, 0, nan, nan, 122.78121156211563
1850.2527397260274, 0, nan, nan, 74.06272401433692
1849.271917808219, 0, nan, nan, 109.97829131652661
1849.1189497716894, 0, nan, nan, 88.53175910671791
1841.8075342465754, 0, nan, nan, 71.17352640749864
1849.3130136986301, 0, nan, nan, 88.68955240509149
1849.291095890411, 0, nan, nan, 82.12929292929293
1849.1831050228311, 0, nan, nan, 98.01724137931035
1866.616210045662, 0, nan, nan, 107.149416909621
1866.6353881278537, 0, nan, nan, 107.80207426173699
1848.1271689497717, 0, nan, nan, 89.34817170111288
1849.143607305936, 0, nan, nan, 82.8017230294458
1849.0493150684931, 0, nan, nan, 116.00886786875554
1871.424885844749, 0, Højskolebevægelsen, nan, 81.21829140461216
1849.7691780821917, 0, nan, nan, 76.62068965517241
1866.4385844748858, 0, Højskolebevægelsen, nan, 73.6092395478986
1871.9221461187215, 0, Højskolebevægelsen, nan, 92.43692215926036
1860.9303652968038, 0, Højskolebevægelsen, nan, 133.0489101541733
1827.0, 1, nan, nan, 87.06939418215973
1815.0, 1, nan, nan, 51.16397148322031
1840.5767123287671, 1, nan, nan, 80.04193113642292
1813.0, 1, nan, nan, 55.33751871459661
1825.0, 1, nan, nan, 70.85095879656033
1813.0, 1, nan, nan, 60.333216635676095
1827.0, 1, nan, nan, 83.12257551669316
1860.0, 1, nan, nan, 92.92358062074186
1827.0, 1, nan, nan, 112.99282048867755
1860.2050228310502, 1, nan, nan, 102.02302745915885
1852.5054794520547, 1, nan, nan, 97.22222222222223
1871.2938356164384, 1, nan, nan, 63.464285714285715
1843.1408675799087, 1, nan, nan, 86.97446424172756
1863.0, 1, nan, nan, 43.11916947226884
2023.5575342465754, 0, nan, nan, 43.461676744566105
2021.9522831050228, 0, nan, nan, 33.223572938689216
2021.751598173516, 0, nan, nan, 37.32352941176471
2025.0246575342467, 0, nan, nan, 30.6839874411303
2024.763698630137, 0, nan, nan, 34.93399148277197
2023.1885844748858, 0, nan, nan, 45.67548500881834
2026.129908675799, 0, nan, nan, 42.97749070268154
2023.5164383561644, 0, nan, nan, 47.33490473501174
2024.2378995433792, 0, nan, nan, 41.599856321839084
2025.3020547945205, 0, nan, nan, 34.52855477855478
2026.1968036529681, 0, nan, nan, 37.314478725549506
2025.9988584474886, 1, nan, nan, 33.898455033338756
2024.6776255707764, 1, nan, nan, 27.149349676540687
2021.8212328767124, 1, nan, nan, 34.22236581373309
2025.0712328767124, 1, nan, nan, 29.125486655758053
2023.4155251141551, 1, nan, nan, 26.519016083254492
2025.041095890411, 1, nan, nan, 26.053203324389763
2025.4851598173516, 1, nan, nan, 29.746003383127245
2024.1968036529681, 1, nan, nan, 30.828421710494688
2025.0684931506848, 1, nan, nan, 26.64565920322128
2025.3881278538813, 1, nan, nan, 32.55965693192921
2022.513698630137, 1, nan, nan, 31.875340022296545
2024.1408675799087, 1, nan, nan, 23.107945897329458
2023.4303652968038, 1, nan, nan, 27.83804765178317
2024.419406392694, 0, Fagbevægelsen, nan, 33.117377806081834
2024.901826484018, 0, nan, nan, 37.65909907751288
2024.8239726027398, 0, nan, nan, 32.37037037037037
2024.5767123287671, 0, nan, nan, 37.98854355716878
2024.8634703196346, 1, nan, nan, 45.40039307609088
2026.419406392694, 0, nan, nan, 29.28788129973475
2025.271917808219, 0, nan, nan, 35.98003021433293
2019.271917808219, 0, nan, nan, 35.17626233570828
2024.263698630137, 0, Fagbevægelsen, nan, 30.919732441471574
2026.271917808219, 0, nan, nan, 34.974894847528915
2021.10799086758, 0, Men in Black, nan, 26.145451197053404
2023.271917808219, 0, nan, nan, 40.33165660630449
2022.9155251141551, 0, nan, nan, 37.033322073158956
2025.7461187214612, 0, nan, nan, 26.97610012476808
2004.513698630137, 0, Radikale Venstre, nan, 42.1363648830257
2024.3267123287671, 1, nan, nan, 35.350224373518884
2024.271917808219, 0, nan, nan, 34.71675199089875
2023.5997716894976, 0, nan, nan, 42.49692954104719
2024.5630136986301, 0, nan, nan, 34.00426626513583
2025.027397260274, 0, nan, nan, 39.55882352941177
2024.271917808219, 0, nan, nan, 31.03169214564295
2023.4100456621004, 0, nan, nan, 40.889582299127724
2022.8321917808219, 0, nan, nan, 39.50865139949109
2024.271917808219, 0, nan, nan, 38.219941348973606
1899.0, 0, Kvindebevægelsen, nan, 55.116894812680115
1999.2938356164384, 0, nan, nan, 56.0001421464108
2024.094292237443, 0, Fagbevægelsen, nan, 33.19947924969446
2023.2433789954339, 0, Dansk Folkeparti, nan, 47.9153605015674
2023.907305936073, 0, nan, nan, 32.17521446111574
1776.0, 1, nan, nan, 49.166293748967064
1782.9714611872148, 1, nan, nan, 44.57438661586566
1863.9961187214612, 1, nan, nan, 44.17375886524823
2024.419406392694, 0, Fagbevægelsen, nan, 37.57316350105293
2023.5465753424658, 0, nan, nan, 34.36692624828218
2025.513698630137, 0, Socialdemokratiet, nan, 28.977124802527648
2023.8130136986301, 0, nan, nan, 40.403614457831324
2022.7883561643835, 0, Socialdemokratiet, nan, 38.8768115942029
2024.3689497716894, 0, Liberal Alliance, nan, 37.57309941520468
2021.5860730593606, 0, Regnbuebevægelsen, nan, 33.78470572710478
2021.9522831050228, 0, Socialdemokratiet, nan, 37.07968580435119
1889.2077625570778, 0, Kvindebevægelsen, nan, 47.61000010631625
2024.379908675799, 0, nan, nan, 33.07312783870611
1905.0027397260274, 0, Radikale Venstre, nan, 49.98074974670719
2024.7159817351599, 0, nan, nan, 40.061529933481154
2024.419406392694, 0, Socialdemokratiet, nan, 40.829300196206674
1929.0, 1, nan, nan, 28.667381034681416
2019.393607305936, 1, nan, nan, 32.84440934760909
2020.0657534246575, 1, nan, nan, 33.71231638418079
2019.3853881278537, 1, nan, nan, 33.272943172179815
2019.3716894977167, 1, nan, nan, 32.18459022468561
2019.3908675799087, 1, nan, nan, 29.7728299392181
2019.3826484018264, 1, nan, nan, 28.77044300388566
2002.0860730593606, 0, Radikale Venstre, nan, 42.13157290414627
1574.7828767123287, 1, nan, nan, 45.49114372146653
1565.6244292237443, 1, nan, nan, 44.499401256140175
1571.6326484018264, 1, nan, nan, 48.59795447997695
2024.0657534246575, 1, nan, nan, 31.418711643773385
2024.1776255707764, 1, nan, nan, 31.001414148439217
1945.393607305936, 1, Tidehverv, nan, 56.93011166730844
1953.3212328767124, 1, Tidehverv, nan, 54.00135501355014
1978.6831050228311, 1, nan, nan, 35.00071337983513
1974.8102739726028, 1, nan, nan, 39.38651979648054
2019.6216894977167, 1, nan, nan, 32.47701149425288
1978.2828767123287, 1, nan, nan, 41.10223910041428
1994.844292237443, 1, nan, nan, 34.50515838419064
1909.1995433789955, 0, Venstre, nan, 49.89003604404837
1920.6134703196346, 0, Venstre, nan, 28.761412129833182
1923.838812785388, 0, Venstre, nan, 51.98667554963358
2017.5997716894976, 1, nan, nan, 36.313881520778075
2009.7664383561644, 1, nan, nan, 36.3047350045114
2023.0657534246575, 1, nan, nan, 35.1328032511706
1942.2527397260274, 1, Tidehverv, nan, 38.84859245431056
2026.271917808219, 1, nan, nan, 31.36714226633581
2011.7993150684931, 0, EU, nan, 37.75831608005521
2025.419406392694, 0, nan, nan, 35.80204111175449
2021.5712328767124, 0, nan, nan, 31.163255624830576
2016.513698630137, 0, Det Konservative Folkeparti, nan, 45.85207745808843
2026.35799086758, 0, nan, nan, 37.14632120910148
2021.0164383561644, 1, nan, nan, 43.85116407982262
2021.8990867579907, 1, nan, nan, 44.05680867468298
2020.4769406392695, 1, nan, nan, 38.301705961280426
2021.6134703196346, 1, nan, nan, 43.05972993224135
2020.919406392694, 1, nan, nan, 35.99190787426082
2021.2050228310502, 1, nan, nan, 40.53532687060493
2025.0684931506848, 1, nan, nan, 41.25374625374626
2025.3689497716894, 1, nan, nan, 43.70271755905945
2026.2965753424658, 0, nan, nan, 28.267572511105307
2023.9358447488585, 0, nan, nan, 37.63107009448473
2024.1216894977167, 1, nan, nan, 34.12908182865924
2023.7691780821917, 0, nan, nan, 30.10767756617559
2023.9550228310502, 0, Alternativet, nan, 45.346823968111096
1899.419406392694, 0, Kvindebevægelsen, nan, 51.388762287756926
1919.5657534246575, 0, Kvindebevægelsen, nan, 60.17203742203742
1924.4796803652969, 0, nan, nan, 44.11058311058311
2024.102511415525, 0, nan, nan, 38.24496383670696
2024.0054794520547, 0, nan, nan, 36.612069977691675
2024.277397260274, 0, Socialistisk Folkeparti, nan, 38.456885360628675
2026.271917808219, 0, nan, nan, 35.680975609756096
2024.419406392694, 0, Fagbevægelsen, nan, 37.74653326312094
2024.271917808219, 0, Kvindebevægelsen, nan, 39.12986061195439
2021.8184931506848, 0, Kongehuset, nan, 30.490112674781663
2021.9221461187215, 0, nan, nan, 26.654755609277025
2024.419406392694, 0, Fagbevægelsen, nan, 37.659183673469386
2024.419406392694, 0, Socialdemokratiet, nan, 35.738134206219314
2022.271917808219, 0, Regnbuebevægelsen, nan, 30.19361594569221
2024.3853881278537, 0, nan, nan, 30.303715955366208
2023.8607305936073, 0, nan, nan, 32.245860358410795
2021.7050228310502, 0, Regnbuebevægelsen, nan, 32.37940422360525
2024.3853881278537, 0, nan, nan, 35.25403341976376
2022.4742009132422, 0, Regnbuebevægelsen, nan, 31.069597069597066
2025.3020547945205, 0, nan, nan, 27.980392156862745
2022.2406392694065, 0, nan, nan, 40.83030159114932
1891.1134703196346, 0, Kvindebevægelsen, nan, 34.82794561933535
2022.9045662100457, 0, nan, nan, 41.863535577504535
2024.0191780821917, 0, nan, nan, 37.28748833245404
2018.3607305936073, 0, Fagbevægelsen, nan, 36.51774919995259
2018.393607305936, 0, nan, nan, 48.82558559742436
2025.1858447488585, 0, nan, nan, 25.523809523809526
2026.2269406392695, 0, nan, nan, 38.171433642679645
2024.1408675799087, 0, nan, nan, 34.5
2025.8634703196346, 0, nan, nan, 32.620654582765376
2021.4961187214612, 0, Liberal Alliance, nan, 31.392884655423693
1941.7214611872148, 0, Det Konservative Folkeparti, nan, 55.15932248246659
2017.0, 1, nan, nan, 38.52908740005515
2015.5970319634703, 1, nan, nan, 30.89899380804954
2017.0, 1, nan, nan, 29.32613908872902
2004.285616438356, 0, nan, nan, 30.549678164713647
2026.0054794520547, 0, nan, nan, 40.98058088818398
1983.9155251141551, 0, nan, nan, 25.419540229885058
2021.4303652968038, 0, nan, nan, 41.8925283286119
1980.9933789954339, 0, nan, nan, 54.92156862745098
2004.9127853881278, 0, Socialdemokratiet, nan, 49.4115763546798
2024.1381278538813, 0, nan, nan, 32.63867984404751
2026.094292237443, 1, nan, nan, 39.5774647887324
2022.5383561643835, 0, nan, nan, 39.726084373143195
1926.9933789954339, 1, nan, nan, 38.294921231296556
2022.9851598173516, 0, nan, nan, 172.14303482587064
2021.513698630137, 0, nan, nan, 32.18981481481481
2022.7159817351599, 0, Regnbuebevægelsen, nan, 36.20578537170264
2019.3415525114156, 0, nan, nan, 34.931088377379936
2023.8415525114156, 0, nan, nan, 33.83392551651533
1899.419406392694, 0, Kvindebevægelsen, nan, 35.8080808080808
2025.7582191780823, 0, nan, nan, 34.35042735042735
1867.7022831050228, 0, nan, nan, 50.09043927648579
1841.1655251141551, 0, Den liberale bevægelse, nan, 49.45286195286195
1842.1353881278537, 0, Den nationalliberale bevægelse, nan, 64.5920790956333
1845.0, 0, Den nationalliberale bevægelse, nan, 66.32575049806553
1865.9577625570778, 0, Kongehuset, nan, 55.04692082111437
1845.5657534246575, 0, nan, nan, 51.85583616642383
1863.9659817351599, 0, nan, nan, 63.60329949935475
1856.3607305936073, 0, Den liberale bevægelse, nan, 64.55246755198938
1856.3607305936073, 0, Den liberale bevægelse, nan, 67.36827149024536
1856.401826484018, 0, Den liberale bevægelse, nan, 59.581586041806844
1846.6408675799087, 0, Den nationalliberale bevægelse, nan, 65.14938445472748
1868.1831050228311, 0, nan, nan, 61.57537302474783
1855.7691780821917, 0, Den liberale bevægelse, nan, 74.11990950226244
1870.0, 0, Den nationalliberale bevægelse, nan, 68.75761210000782
1866.0164383561644, 0, nan, nan, 65.04718237468707
1868.2077625570778, 0, Den nationalliberale bevægelse, nan, 62.09303051821088
1844.594292237443, 0, nan, nan, 72.03571753571754
1867.0027397260274, 0, nan, nan, 57.464248900062856
1858.5997716894976, 0, nan, nan, 49.626525354437604
1848.304794520548, 0, nan, nan, 49.38119261966307
1865.763698630137, 0, nan, nan, 40.85748547673613
1842.4933789954339, 0, Den liberale bevægelse, nan, 50.79910357954196
1846.0, 0, Den liberale bevægelse, nan, 56.63668766475662
1866.5794520547945, 0, nan, nan, 51.59070359612409
1836.9276255707764, 0, Den nationalliberale bevægelse, nan, 63.7183563890988
1861.0, 0, nan, nan, 57.183938444125204
2025.3020547945205, 0, nan, nan, 34.00268961807423
1943.8607305936073, 1, Tidehverv, nan, 34.39380232244126
1968.1776255707764, 1, Tidehverv, nan, 26.284907325684024
1934.3360730593606, 1, Tidehverv, nan, 31.785529781342177
1956.1803652968038, 1, Tidehverv, nan, 26.08738857708815
1920.6134703196346, 0, nan, nan, 42.044528003166434
1920.3321917808219, 0, nan, nan, 72.49926362297496
1899.0, 1, nan, nan, 42.05900019728167
1981.8607305936073, 0, nan, nan, 46.75332446808511
1941.1913242009134, 1, nan, nan, 50.283140042399296
2023.9522831050228, 0, nan, nan, 38.888362438518115
1953.3470319634703, 1, nan, nan, 39.13929986373577
2025.271917808219, 0, nan, nan, 26.155510427243613
2024.4550228310502, 0, nan, nan, 26.13837950318637
2024.5575342465754, 0, nan, nan, 103.18910256410255
2023.35799086758, 1, nan, nan, 94.67301689807341
2020.271917808219, 0, nan, nan, 49.96356549191418
2025.9714611872148, 0, nan, nan, 29.772923545847092
2024.3826484018264, 0, nan, nan, 48.15882206965009
2024.893607305936, 0, nan, nan, 40.093448527453184
2024.5602739726028, 0, nan, nan, 45.286467751657625
2024.85799086758, 0, nan, nan, 49.6849087893864
2023.9303652968038, 0, nan, nan, 38.333858192575626
2024.3497716894976, 0, Danmarksdemokraterne, nan, 33.41332046332046
2024.3853881278537, 0, nan, nan, 34.95046854082999
2023.541095890411, 0, nan, nan, 36.62788550323177
1867.0, 0, nan, nan, 68.08460310719303
1871.3321917808219, 0, Kvindebevægelsen, nan, 58.43555384507732
1865.3157534246575, 0, Kvindebevægelsen, nan, 57.757882898505684
1872.3470319634703, 0, Kvindebevægelsen, nan, 56.08188265635074
1872.7746575342467, 0, Kvindebevægelsen, nan, 47.729390916250985
1872.7746575342467, 0, Kvindebevægelsen, nan, 54.54595739504397
1868.0, 0, nan, nan, 58.83879586884774
1867.0, 0, nan, nan, 62.01301269593952
1941.7132420091325, 1, nan, nan, 36.18635488720936
1942.352511415525, 1, nan, nan, 35.21102090129274
1942.151826484018, 1, nan, nan, 31.472823003076495
1940.3908675799087, 1, nan, nan, 32.63768115942029
1942.0684931506848, 1, nan, nan, 33.14227445882122
1942.3415525114156, 1, nan, nan, 30.327640361209266
1940.277397260274, 1, nan, nan, 35.48383095350046
1942.419406392694, 1, nan, nan, 31.721455264214462
2023.8470319634703, 0, nan, nan, 43.562091142962146
2018.0657534246575, 1, nan, nan, 34.896594619810294
2021.4413242009134, 1, nan, nan, 27.57722470672111
1739.0, 1, nan, nan, 65.71662962226483
1739.0, 1, nan, nan, 40.29045689019897
1730.0, 1, nan, nan, 45.33896814926747
2022.6600456621004, 0, nan, nan, 34.97688971679716
1555.0, 1, nan, nan, 48.109171720508066
1668.1600456621004, 1, nan, nan, 62.89513759702354
2026.419406392694, 0, Enhedslisten, nan, 26.431322855355386
2022.5630136986301, 0, Enhedslisten, nan, 36.91440731109021
2024.513698630137, 0, Enhedslisten, nan, 39.28907813299828
2025.4742009132422, 0, Enhedslisten, nan, 33.26746086131464
2025.535616438356, 0, Enhedslisten, nan, 31.872233591026223
2026.3157534246575, 0, Enhedslisten, nan, 29.879714879714882
2024.2214611872148, 0, nan, nan, 29.663124513185714
2023.838812785388, 0, Enhedslisten, nan, 37.64527757750541
2023.2433789954339, 0, Enhedslisten, nan, 43.163504091516366
2024.013698630137, 0, Enhedslisten, nan, 28.99659591509812
2026.129908675799, 0, Enhedslisten, nan, 29.268831857067152
2025.5191780821917, 0, Enhedslisten, nan, 36.30274858189776
2023.7269406392695, 0, Enhedslisten, nan, 36.03370030287005
2023.7324200913242, 0, Enhedslisten, nan, 44.600903614457835
2024.8415525114156, 0, Enhedslisten, nan, 42.95938168265412
2021.9155251141551, 0, Højskolebevægelsen, nan, 43.08230410495567
2024.7582191780823, 0, Enhedslisten, nan, 36.016469727073094
2024.7609589041097, 0, Enhedslisten, nan, 35.140657235484824
2026.419406392694, 0, nan, nan, 29.82769423558897
2022.804794520548, 0, Venstre, nan, 27.209825234441603
2019.4276255707764, 0, Venstre, nan, 29.436206363917208
2018.8075342465754, 0, Venstre, nan, 27.58895889588959
2024.419406392694, 0, Fagbevægelsen, nan, 41.10644002630647
2024.541095890411, 0, nan, nan, 27.430364887338182
2021.4495433789955, 0, Socialdemokratiet, nan, 36.67788461538461
2023.7801369863014, 0, nan, nan, 32.564912280701755
2020.419406392694, 0, Enhedslisten, nan, 30.703125
2018.5438356164384, 0, Enhedslisten, nan, 31.5201581027668
2020.8415525114156, 0, Enhedslisten, nan, 34.14685512367491
2024.3881278538813, 0, nan, nan, 34.19317074898606
2025.513698630137, 0, Liberal Alliance, nan, 42.19402013567704
2023.9550228310502, 0, Nye Borgerlige, nan, 42.92609199609566
2023.5465753424658, 0, Nye Borgerlige, nan, 35.634503084555256
2024.0191780821917, 0, Nye Borgerlige, nan, 44.26008054963279
2021.1721461187215, 0, Nye Borgerlige, nan, 35.73632538569425
2023.8470319634703, 0, Nye Borgerlige, nan, 45.562608527879604
2023.501598173516, 0, Nye Borgerlige, nan, 42.51306968967157
2023.9127853881278, 0, Nye Borgerlige, nan, 38.133904474989016
2023.1858447488585, 0, Nye Borgerlige, nan, 40.15631269641177
2023.7132420091325, 0, Nye Borgerlige, nan, 40.40563925930202
2020.9742009132422, 0, Nye Borgerlige, nan, 31.60289855072464
2023.3267123287671, 0, Nye Borgerlige, nan, 46.05455054084297
2023.1353881278537, 0, Nye Borgerlige, nan, 47.25734214390602
2025.0246575342467, 0, nan, nan, 34.64637534730993
2018.4276255707764, 0, nan, nan, 38.71007371007371
2021.4303652968038, 0, nan, nan, 45.204470938897174
2024.0657534246575, 0, nan, nan, 35.265071225071225
2025.3184931506848, 0, nan, nan, 41.2312925170068
2026.0915525114156, 0, Venstre, nan, 35.11507936507937
2013.8360730593606, 1, nan, nan, 34.29733216493841
2025.5630136986301, 0, Socialdemokratiet, nan, 32.24542124542125
2025.5630136986301, 0, Socialdemokratiet, nan, 31.794042232277526
2024.3853881278537, 0, nan, nan, 43.432500759647525
2004.3321917808219, 0, EU, nan, 43.86481744080471
2003.9358447488585, 0, Det Konservative Folkeparti, nan, 55.07193064667291
2003.3607305936073, 0, EU, nan, 45.72616107490259
2003.7242009132422, 0, EU, nan, 44.55813413785101
2004.1721461187215, 0, Det Konservative Folkeparti, nan, 49.05773775308169
2003.1052511415523, 0, EU, nan, 46.44431346457034
2022.0657534246575, 0, nan, nan, 37.63610791458893
2024.513698630137, 0, nan, nan, 45.36236330498177
2023.2269406392695, 1, nan, nan, 39.64673738347798
2024.0082191780823, 1, nan, nan, 30.491611639819933
2022.379908675799, 1, nan, nan, 27.030279626109
2024.8360730593606, 1, nan, nan, 37.17171764485456
2024.2296803652969, 1, nan, nan, 39.312952767313824
2025.2324200913242, 1, nan, nan, 34.8500891000891
2022.2378995433792, 1, nan, nan, 31.89019142116487
2024.901826484018, 0, nan, nan, 39.14730172849842
2016.763698630137, 0, nan, nan, 36.097945398255
2022.7242009132422, 1, nan, nan, 33.11572957116488
2020.0657534246575, 1, nan, nan, 32.06367560900401
2012.3184931506848, 1, nan, nan, 36.707544581618656
2022.379908675799, 1, nan, nan, 32.09876151159098
2010.8497716894976, 1, nan, nan, 33.664502373481376
1920.6107305936073, 0, nan, nan, 47.55235061434522
2021.8607305936073, 1, nan, nan, 36.88515176374077
2024.9632420091325, 1, nan, nan, 36.185209282151376
2025.419406392694, 0, Socialdemokratiet, nan, 33.38838256192932
2026.271917808219, 0, nan, nan, 30.48456348395011
2023.9550228310502, 0, Socialdemokratiet, nan, 47.98931548667371
2024.7242009132422, 0, nan, nan, 41.31918724279835
2025.157305936073, 0, Socialdemokratiet, nan, 32.485446060788526
2024.2324200913242, 0, Socialdemokratiet, nan, 30.723147409583472
2025.2077625570778, 0, nan, nan, 31.00166895474979
2024.0191780821917, 0, nan, nan, 40.556164711874054
2022.3184931506848, 0, Socialdemokratiet, nan, 34.29052936311001
2024.8321917808219, 0, Socialdemokratiet, nan, 29.948170696285626
2025.2050228310502, 0, Socialdemokratiet, nan, 29.495689934538856
2024.419406392694, 0, Socialdemokratiet, nan, 32.56352821593946
2023.9550228310502, 0, Dansk Folkeparti, nan, 46.211207742104236
2023.1353881278537, 0, Dansk Folkeparti, nan, 43.67530552043826
2025.419406392694, 0, nan, nan, 35.468885131596664
2023.785616438356, 0, Socialdemokratiet, nan, 32.96430473473955
2023.5575342465754, 0, Socialdemokratiet, nan, 38.62373737373737
2025.1271689497717, 0, Socialdemokratiet, nan, 39.29355531686359
2023.7132420091325, 0, Socialdemokratiet, nan, 40.67307692307692
2024.2351598173516, 0, Socialdemokratiet, nan, 31.205677464298155
2023.8321917808219, 0, Socialdemokratiet, nan, 43.72329840160897
2024.6913242009134, 0, Socialdemokratiet, nan, 38.36164917944579
2020.7938356164384, 0, Socialdemokratiet, nan, 33.9422817660937
2022.924885844749, 0, nan, nan, 31.263302867159133
2019.129908675799, 0, Socialdemokratiet, nan, 32.83333333333333
2023.1107305936073, 0, Socialdemokratiet, nan, 35.83647524250658
1864.285616438356, 1, nan, nan, 43.82673588578845
1864.3415525114156, 1, nan, nan, 52.64537769853385
1864.3607305936073, 1, nan, nan, 47.25877797411206
1864.379908675799, 1, nan, nan, 52.329299585642254
1864.3990867579907, 1, nan, nan, 57.4727917373208
1864.419406392694, 1, nan, nan, 64.15619191973872
1864.3239726027398, 1, nan, nan, 44.11472291338523
1864.3157534246575, 1, nan, nan, 48.51259846372132
1864.393607305936, 1, nan, nan, 57.32610376398779
1864.7242009132422, 1, nan, nan, 48.51226566336405
1907.0860730593606, 0, Socialdemokratiet, nan, 46.27409534210542
1906.0860730593606, 0, Socialdemokratiet, nan, 45.12608368742241
2021.0712328767124, 1, nan, nan, 35.360054347826086
2021.2433789954339, 1, nan, nan, 34.786715365667206
2024.6408675799087, 1, nan, nan, 37.45479064988441
2022.5630136986301, 0, nan, nan, 33.891243905387434
2022.513698630137, 0, Nye Borgerlige, nan, 39.87054009538184
2021.9155251141551, 0, Nye Borgerlige, nan, 35.7500875753609
2024.9045662100457, 0, Danmarksdemokraterne, nan, 33.76020633750922
2021.8020547945205, 0, Socialdemokratiet, nan, 40.40830002361303
2022.8497716894976, 0, Danmarksdemokraterne, nan, 43.75082684417651
2022.9906392694065, 1, nan, nan, 38.00753441802253
2023.3607305936073, 1, nan, nan, 34.80616513589941
2020.116210045662, 1, nan, nan, 39.18621178979389
2023.4155251141551, 1, Kvindebevægelsen, nan, 41.910922228315215
2020.366210045662, 1, nan, nan, 31.064894358021824
2011.844292237443, 1, nan, nan, 37.63248766737139
2025.4276255707764, 1, nan, nan, 38.96855865153079
2026.4276255707764, 1, nan, nan, 36.80973895582329
2022.7801369863014, 1, Kongehuset, nan, 38.32504161206927
2025.3075342465754, 1, nan, nan, 38.62241795113768
2022.088812785388, 1, nan, nan, 38.24150599322476
2026.2324200913242, 1, nan, nan, 41.20643166357452
2026.1490867579907, 1, nan, nan, 37.34887005649718
2022.7609589041097, 1, nan, nan, 39.96808050584977
2024.4045662100457, 0, nan, nan, 47.404235166768146
2021.513698630137, 1, Det Konservative Folkeparti, nan, 36.86238465844454
1889.852511415525, 0, Socialdemokratiet, nan, 59.021983250856486
2022.3020547945205, 0, nan, nan, 30.18425076452599
2021.271917808219, 0, Kvindebevægelsen, nan, 44.899681905857676
2023.5630136986301, 0, nan, nan, 44.593582887700535
2024.271917808219, 0, Fagbevægelsen, nan, 41.92917206299153
2023.2609589041097, 0, nan, nan, 35.71433659466594
2024.094292237443, 0, Fagbevægelsen, nan, 39.28086305101535
2023.9100456621004, 0, nan, nan, 34.33271889400922
2026.151826484018, 0, nan, nan, 36.82322006472492
2025.513698630137, 0, Dansk Folkeparti, nan, 36.28452854052733
2021.513698630137, 0, Dansk Folkeparti, nan, 39.36383155331747
2024.8267123287671, 0, Dansk Folkeparti, nan, 44.75
2020.9933789954339, 0, Dansk Folkeparti, nan, 35.619223708366114
1988.8497716894976, 0, nan, nan, 44.130282369744165
2014.419406392694, 0, Socialistisk Folkeparti, nan, 38.24482863208978
2025.419406392694, 0, Socialistisk Folkeparti, nan, 34.36860885966254
2026.419406392694, 0, Socialistisk Folkeparti, nan, 28.158582259979905
2022.304794520548, 0, Socialistisk Folkeparti, nan, 36.72624083474337
2025.513698630137, 0, Socialistisk Folkeparti, nan, 41.07267424486918
2023.7050228310502, 0, Socialistisk Folkeparti, nan, 35.53146453089245
2025.535616438356, 0, Socialistisk Folkeparti, nan, 33.25464783519599
2025.7582191780823, 0, Socialistisk Folkeparti, nan, 34.242508143322475
2019.513698630137, 0, Socialistisk Folkeparti, nan, 28.249091196459617
2023.3360730593606, 0, Socialistisk Folkeparti, nan, 36.72692859939956
2022.2406392694065, 0, Socialistisk Folkeparti, nan, 34.479809192367696
2024.013698630137, 0, Socialistisk Folkeparti, nan, 33.16075904045829
2023.0520547945205, 0, Socialistisk Folkeparti, nan, 36.96843720950343
2023.8470319634703, 0, Socialistisk Folkeparti, nan, 38.19907354202212
2024.4961187214612, 0, Socialistisk Folkeparti, nan, 43.067097090552465
2023.1353881278537, 0, Socialistisk Folkeparti, nan, 52.785490371697264
2024.4605022831051, 0, Socialistisk Folkeparti, nan, 35.578394205578675
2025.2324200913242, 0, Socialistisk Folkeparti, nan, 35.44703533026114
2024.2324200913242, 0, Socialistisk Folkeparti, nan, 36.85624941072944
2024.277397260274, 0, Socialistisk Folkeparti, nan, 41.66594279791723
2022.2664383561644, 0, Socialistisk Folkeparti, nan, 34.41121863642335
2026.3075342465754, 0, Socialistisk Folkeparti, nan, 32.32111738436904
2021.7801369863014, 0, Socialistisk Folkeparti, nan, 33.43838056187454
2023.0054794520547, 0, Socialistisk Folkeparti, nan, 39.85009668489073
2023.3360730593606, 0, Socialistisk Folkeparti, nan, 39.25530538302277
2022.3470319634703, 0, Socialistisk Folkeparti, nan, 40.998083832335325
2019.419406392694, 0, Socialistisk Folkeparti, nan, 34.558432188459534
2023.8853881278537, 0, nan, nan, 36.3992331655883
2024.6216894977167, 1, nan, nan, 47.75829374345761
2024.9824200913242, 1, nan, nan, 37.31814104350911
2024.9100456621004, 0, nan, nan, 38.59837312895996
2025.2050228310502, 0, nan, nan, 36.869119375904646
2026.304794520548, 0, nan, nan, 29.379103967168263
100.0, 0, nan, nan, 35.95030646345667
2019.7022831050228, 0, nan, nan, 32.141148325358856
1621.0, 1, nan, nan, 36.38346543967661
2024.7883561643835, 0, Radikale Venstre, nan, 42.46646026831785
2025.541095890411, 1, nan, nan, 33.940363485591874
1974.0860730593606, 0, Venstre, nan, 37.399832568974304
1974.0520547945205, 0, Venstre, nan, 44.63346782756424
1965.6776255707764, 0, Venstre, nan, 46.77531718569781
1974.8360730593606, 0, Venstre, nan, 48.72013083569932
2025.0027397260274, 1, nan, nan, 29.968396485447556
2025.7324200913242, 1, nan, nan, 37.99133165984493
2024.8881278538813, 1, nan, nan, 31.416122004357298
2025.041095890411, 1, nan, nan, 33.69788317256163
2022.6490867579907, 1, nan, nan, 35.04683689396156
2024.6216894977167, 1, nan, nan, 32.75563487607283
2025.0970319634703, 1, nan, nan, 33.75486287971063
2025.0657534246575, 1, nan, nan, 34.22922885572139
1999.419406392694, 0, Socialdemokratiet, nan, 38.13242750489067
1992.3634703196346, 0, Socialdemokratiet, nan, 37.5802648188435
2001.0860730593606, 0, Socialdemokratiet, nan, 34.94940094137784
1999.852511415525, 0, Socialdemokratiet, nan, 34.83774646981247
1995.4303652968038, 0, Socialdemokratiet, nan, 42.02197802197802
1995.6134703196346, 0, nan, nan, 38.30748489989264
1999.7461187214612, 0, Socialdemokratiet, nan, 35.41970660419456
2001.838812785388, 0, Socialdemokratiet, nan, 42.98782142395659
2020.6600456621004, 0, nan, nan, 27.786625940874877
2000.785616438356, 0, Socialdemokratiet, nan, 37.03389047626621
2003.0383561643835, 0, Socialdemokratiet, nan, 34.47825986550085
1993.7582191780823, 0, Socialdemokratiet, nan, 37.59572261187395
1989.401826484018, 0, Det Konservative Folkeparti, nan, 49.09207570290694
1993.0860730593606, 0, Det Konservative Folkeparti, nan, 40.606283143730344
1988.804794520548, 0, EU, nan, 46.850200920050185
1983.8130136986301, 0, Det Konservative Folkeparti, nan, 38.87875694778014
1985.4276255707764, 0, nan, nan, 36.12615119591864
1991.9221461187215, 0, Det Konservative Folkeparti, nan, 44.908352054110374
1992.8497716894976, 0, Det Konservative Folkeparti, nan, 45.5077755240027
2023.9550228310502, 0, Venstre, nan, 42.65315209749238
2006.1885844748858, 0, nan, nan, 37.36379928315412
2024.9961187214612, 0, nan, nan, 44.087255170733194
2021.513698630137, 0, Det Konservative Folkeparti, nan, 37.51879602623845
2024.9413242009134, 0, nan, nan, 41.26512914264285
1891.0, 0, Kvindebevægelsen, nan, 45.610788164440955
2021.271917808219, 0, Kvindebevægelsen, nan, 30.85569888115981
2019.0, 0, nan, nan, 32.87843091325271
2021.5684931506848, 0, nan, nan, 32.09294436906377
2021.3908675799087, 0, nan, nan, 31.961351641679514
2019.5109589041097, 0, nan, nan, 32.66437964551172
2022.5684931506848, 0, nan, nan, 28.72222222222222
2023.4100456621004, 0, nan, nan, 47.986901286199
2026.2993150684931, 0, nan, nan, 31.78161373051884
2021.513698630137, 0, nan, nan, 39.61774193548387
2023.7461187214612, 0, Fagbevægelsen, nan, 41.9225
1917.501598173516, 0, nan, nan, 46.52297736346816
2022.3130136986301, 0, nan, nan, 34.05792349726776
2022.919406392694, 0, nan, nan, 32.52787952787953
2025.027397260274, 0, nan, nan, 43.848661103499815
2024.2378995433792, 0, nan, nan, 40.223381138635375
2023.9961187214612, 0, nan, nan, 50.20779220779221
2024.094292237443, 0, Fagbevægelsen, nan, 41.659335288367544
2024.3470319634703, 0, nan, nan, 57.370701837023084
2025.4632420091325, 0, nan, nan, 27.970420104017215
2024.2242009132422, 0, nan, nan, 41.58022236283106
2022.7159817351599, 0, Regnbuebevægelsen, nan, 34.242460840286924
2023.763698630137, 0, nan, nan, 42.06654553713377
2025.7461187214612, 0, Socialistisk Folkeparti, nan, 35.54544817190732
2015.8552511415523, 0, Alternativet, nan, 42.08771645788221
2017.501598173516, 0, Alternativet, nan, 45.56001258455247
2023.4933789954339, 1, nan, nan, 41.74242424242424
2020.513698630137, 0, EU, nan, 38.405510568934695
2023.2433789954339, 0, nan, nan, 38.66153846153846
2025.2993150684931, 0, nan, nan, 23.521250000000002
2025.4714611872148, 0, nan, nan, 37.87984496124031
2024.4742009132422, 0, nan, nan, 41.61538461538461
2020.9933789954339, 0, Socialdemokratiet, nan, 32.889691276662894
2024.419406392694, 0, Socialdemokratiet, nan, 39.69755566474935
2024.1408675799087, 0, nan, nan, 34.33774259277817
2024.5997716894976, 0, Socialdemokratiet, nan, 33.90967016491754
2021.751598173516, 0, nan, nan, 30.916405433646815
2025.5520547945205, 0, nan, nan, 29.843399175785137
1911.8267123287671, 0, Kvindebevægelsen, nan, 57.331945778631656
1975.7132420091325, 1, nan, nan, 32.762802341202445
1974.8102739726028, 1, nan, nan, 29.586206896551722
1976.3853881278537, 1, nan, nan, 33.16045340318596
1974.924885844749, 1, nan, nan, 29.695135026646174
1976.3771689497717, 1, nan, nan, 39.33675959411538
1974.352511415525, 1, nan, nan, 31.932431680302777
1974.3716894977167, 1, nan, nan, 34.18406269993602
2024.419406392694, 0, Fagbevægelsen, nan, 37.821886257603495
2024.419406392694, 0, Fagbevægelsen, nan, 50.77007607776838
1942.094292237443, 1, Tidehverv, nan, 47.35804681983596
2023.541095890411, 0, nan, nan, 38.24418604651163
2019.291095890411, 0, nan, nan, 31.03909817351598
2025.9100456621004, 0, nan, nan, 54.39198625788865
2025.9100456621004, 0, nan, nan, 53.608439415370114
2021.338812785388, 1, nan, nan, 31.721577284664868
2024.419406392694, 0, Socialistisk Folkeparti, nan, 40.90144230769231
2025.3020547945205, 0, nan, nan, 32.35244115082825
2025.838812785388, 0, nan, nan, 49.04066616836401
2025.866210045662, 1, nan, nan, 35.39389736477115
2001.174885844749, 0, Socialdemokratiet, nan, 45.188391175679314
2005.777397260274, 0, Socialdemokratiet, nan, 44.69251646903821
2003.3239726027398, 0, Socialdemokratiet, nan, 46.5571549215468
2017.5493150684931, 1, nan, nan, 34.348201174743025
2020.5082191780823, 0, nan, nan, 28.472485592117494
2023.7691780821917, 0, nan, nan, 38.73626600578273
2025.1858447488585, 0, nan, nan, 94.66666666666667
2022.5739726027398, 0, nan, nan, 27.09614240112536
2021.8470319634703, 0, nan, nan, 27.011337868480727
2021.9522831050228, 0, nan, nan, 33.338892178146175
2024.419406392694, 0, Enhedslisten, nan, 39.42426836093097
2026.271917808219, 0, Enhedslisten, nan, 37.373288938216795
2023.5630136986301, 0, Kvindebevægelsen, nan, 39.638825779590626
2023.9550228310502, 0, Enhedslisten, nan, 48.0597710156284
2024.0191780821917, 0, Enhedslisten, nan, 45.972776769509984
2021.1721461187215, 0, Enhedslisten, nan, 34.402678790857706
2022.9155251141551, 1, nan, nan, 32.91316295826254
1923.143607305936, 0, nan, nan, 146.66088019559902
1862.0, 1, Indre Mission, nan, 51.68442831678126
2013.5630136986301, 0, nan, nan, 31.743016498137308
2024.513698630137, 0, nan, nan, 36.19101221543381
2016.1545662100457, 0, nan, nan, 47.56092650587709
2012.9413242009134, 0, nan, nan, 37.046226344528385
2023.8689497716894, 0, Fagbevægelsen, nan, 35.08898305084746
2026.4045662100457, 0, nan, nan, 191.56983240223462
2024.9550228310502, 0, nan, nan, 34.01629072681704
2025.513698630137, 0, nan, nan, 33.87995418098511
2025.3239726027398, 0, nan, nan, 33.13506206218508
2024.151826484018, 0, nan, nan, 27.685617951401
2024.9769406392695, 0, nan, nan, 33.58735380116959
2024.8184931506848, 0, nan, nan, 29.117509577197485
2026.271917808219, 0, nan, nan, 36.108441558441555
2024.3470319634703, 0, nan, nan, 52.3703526976918
2026.271917808219, 0, nan, nan, 33.07835820895522
2021.271917808219, 0, Radikale Venstre, nan, 28.81075154353843
2018.7746575342467, 0, nan, nan, 24.860555704458143
2026.2801369863014, 0, nan, nan, 44.6484962406015
2024.419406392694, 0, nan, nan, 38.63179008999241
2024.3470319634703, 0, nan, nan, 38.21291208791209
2024.763698630137, 0, nan, nan, 33.0170497169747
2024.419406392694, 0, nan, nan, 38.631808278867105
2024.271917808219, 0, nan, nan, 43.91225806451613
2025.419406392694, 0, Enhedslisten, nan, 35.879806251872566
2025.513698630137, 0, nan, nan, 38.85229582895198
2025.401826484018, 0, nan, nan, 26.260377358490565
2024.3497716894976, 1, nan, nan, 40.306441525953716
2023.3908675799087, 0, nan, nan, 34.92937441002317
2019.7022831050228, 0, nan, nan, 47.44616157071408
2023.7801369863014, 0, nan, nan, 43.76096207215541
2018.0860730593606, 0, Kvindebevægelsen, nan, 28.44197709900601
2020.9659817351599, 0, nan, nan, 36.24966879441166
2019.4440639269408, 0, Kvindebevægelsen, nan, 41.25185644331495
2020.9659817351599, 0, nan, nan, 39.102597923954804
2025.174885844749, 0, nan, nan, 24.519952704699968
2024.4045662100457, 0, nan, nan, 27.848472336911644
2023.151826484018, 0, nan, nan, 25.87252945342175
2024.7269406392695, 0, nan, nan, 37.68642951251647
2023.5821917808219, 0, nan, nan, 30.73553529708186
2026.129908675799, 0, nan, nan, 38.10064728353141
2025.2187214611872, 0, nan, nan, 29.73179723502304
2024.5630136986301, 0, nan, nan, 42.86782881387198
2022.5328767123287, 0, nan, nan, 37.987960545401805
2026.3239726027398, 0, nan, nan, 30.947934352009057
2026.2433789954339, 0, nan, nan, 27.541283852759264
2025.4796803652969, 0, nan, nan, 24.316715906038883
2023.3853881278537, 0, nan, nan, 39.800904977375566
2023.541095890411, 0, Den Grønne Ungdomsbevægelse, nan, 33.55771812080537
2024.3470319634703, 0, Enhedslisten, nan, 33.95813204508857
1911.535616438356, 0, Kvindebevægelsen, nan, 34.8492280047917
2026.027397260274, 0, Socialistisk Folkeparti, nan, 33.406171854216545
2025.5739726027398, 0, nan, nan, 32.67676767676768
2023.804794520548, 0, nan, nan, 81.47317694126204
2023.2609589041097, 0, nan, nan, 37.67575757575757
2025.419406392694, 0, Fagbevægelsen, nan, 36.40229087122527
2024.4769406392695, 0, nan, nan, 36.71377175368139
2021.6885844748858, 0, Fagbevægelsen, nan, 33.654512154512155
2025.5739726027398, 0, nan, nan, 29.821560280098936
2024.4440639269408, 0, nan, nan, 32.38128703320932
2024.9440639269408, 1, nan, nan, 38.11605663284588
2026.151826484018, 1, nan, nan, 32.04972343802607
2024.2938356164384, 0, nan, nan, 44.33333333333333
2024.602511415525, 1, nan, nan, 26.199190787426083
2024.3497716894976, 0, Socialistisk Folkeparti, nan, 34.430196652039655
2024.8415525114156, 0, Socialistisk Folkeparti, nan, 39.2222674969661
2025.2993150684931, 0, nan, nan, 31.114159891598916
2023.419406392694, 0, nan, nan, 41.607392607392605
2025.5767123287671, 0, nan, nan, 34.30644474761255
2023.7828767123287, 0, nan, nan, 31.20722272896186
2025.3020547945205, 0, nan, nan, 39.24517026428313
2025.804794520548, 0, Radikale Venstre, nan, 33.53125108752393
2022.2609589041097, 0, nan, nan, 53.05490196078431
2025.401826484018, 0, nan, nan, 42.86700212731141
2024.924885844749, 1, nan, nan, 43.20301942567568
2025.3294520547945, 0, Liberal Alliance, nan, 38.72670807453416
2021.4714611872148, 0, Frie Grønne, nan, 40.7660407671453
2022.5465753424658, 0, Frie Grønne, nan, 30.691231548799294
2021.852511415525, 0, Regnbuebevægelsen, nan, 37.131182795698926
2020.5602739726028, 0, Alternativet, nan, 32.3200008973036
2022.4742009132422, 0, Frie Grønne, nan, 35.40709854665573
2022.3470319634703, 0, Frie Grønne, nan, 41.8109992763634
2024.4769406392695, 0, nan, nan, 47.72380952380952
2021.5657534246575, 0, nan, nan, 39.65034965034965
2015.4100456621004, 0, nan, nan, 35.90429712257574
2025.3184931506848, 0, nan, nan, 35.87484530320572
2024.4577625570778, 0, nan, nan, 33.07142857142857
2024.513698630137, 0, nan, nan, 35.17472157651875
2019.366210045662, 0, Det Konservative Folkeparti, nan, 30.43236649498509
2019.8294520547945, 0, nan, nan, 34.185521235521236
2019.2993150684931, 0, Det Konservative Folkeparti, nan, 36.13253485175731
2019.4358447488585, 0, Det Konservative Folkeparti, nan, 32.35180884698246
2022.8963470319634, 1, nan, nan, 34.59974942971621
2023.8470319634703, 0, Liberal Alliance, nan, 37.47792207792208
2025.419406392694, 0, Socialdemokratiet, nan, 38.22268756730884
2025.4577625570778, 0, Socialdemokratiet, nan, 38.023169556840074
2025.3908675799087, 1, nan, nan, 28.584204413472705
2025.3826484018264, 1, nan, nan, 33.09445388865278
2025.3881278538813, 1, nan, nan, 27.5301349169141
2022.657305936073, 0, Socialdemokratiet, nan, 27.906963520251946
2025.7433789954339, 0, nan, nan, 46.74436621404794
2018.8415525114156, 0, nan, nan, 46.95330062085457
2024.4769406392695, 0, nan, nan, 27.90642612104876
2024.419406392694, 0, Socialistisk Folkeparti, nan, 33.53044058744993
2026.129908675799, 0, Socialistisk Folkeparti, nan, 32.14404261858416
2026.1052511415523, 0, nan, nan, 31.276364074679236
2025.85799086758, 0, nan, nan, 37.588801740310544
2025.4742009132422, 0, nan, nan, 53.41269841269842
2023.1353881278537, 0, nan, nan, 39.45120949338202
2024.9495433789955, 0, nan, nan, 36.10061788133701
2022.3470319634703, 0, nan, nan, 37.38386421762381
2022.907305936073, 0, nan, nan, 26.882575757575758
2026.419406392694, 0, nan, nan, 30.257286535303777
2025.9303652968038, 0, HK, nan, 32.739541995849564
1901.0, 0, Kongehuset, nan, 51.225038363940904
2021.8020547945205, 0, Radikale Venstre, nan, 36.64502164502164
2022.513698630137, 0, Radikale Venstre, nan, 36.985124524598206
2022.5438356164384, 0, Radikale Venstre, nan, 33.90143938526834
2022.771917808219, 0, Radikale Venstre, nan, 26.22741693104024
2022.919406392694, 0, Radikale Venstre, nan, 27.790316962730756
2022.2406392694065, 0, Radikale Venstre, nan, 28.681763285024154
2022.8497716894976, 0, Radikale Venstre, nan, 36.03351307078015
2022.2664383561644, 0, Radikale Venstre, nan, 35.28333333333333
2022.7965753424658, 0, Radikale Venstre, nan, 32.3665770492176
2022.3470319634703, 0, Radikale Venstre, nan, 36.95860566448802
2024.8184931506848, 0, nan, nan, 35.80603948896632
2026.0164383561644, 0, nan, nan, 35.76299533554649
2024.5054794520547, 0, nan, nan, 34.578154425612055
2022.041095890411, 0, Kvindebevægelsen, nan, 32.99878609762331
2020.9440639269408, 0, Kvindebevægelsen, nan, 27.153949145667696
2020.7378995433792, 0, nan, nan, 26.512454212454212
2025.419406392694, 0, Socialistisk Folkeparti, nan, 34.63316317549727
2025.419406392694, 0, Liberal Alliance, nan, 28.36111111111111
2025.513698630137, 0, nan, nan, 36.43172075933864
2026.102511415525, 0, Liberal Alliance, nan, 28.502319795096966
2026.4276255707764, 0, Liberal Alliance, nan, 29.016879476798508
2025.5328767123287, 0, Liberal Alliance, nan, 36.76496444731739
2025.4742009132422, 0, Liberal Alliance, nan, 35.29438066465257
2026.3634703196346, 0, Liberal Alliance, nan, 33.24124155204355
2022.919406392694, 0, nan, nan, 33.883143219264895
2025.157305936073, 0, nan, nan, 45.66525733240523
2024.4878995433792, 0, nan, nan, 35.34602314277111
2025.1858447488585, 0, nan, nan, 24.22077922077922
2024.419406392694, 0, Socialdemokratiet, nan, 34.57840317471875
2024.5602739726028, 0, nan, nan, 38.618187033849686
2022.2582191780823, 0, Socialdemokratiet, nan, 55.3788844621514
2025.5027397260274, 0, Socialdemokratiet, nan, 34.86756627657034
2024.2324200913242, 0, Socialdemokratiet, nan, 31.07936507936508
2024.4769406392695, 0, Socialdemokratiet, nan, 31.40691489361702
2022.5970319634703, 0, Socialdemokratiet, nan, 28.311249137336095
2024.9127853881278, 0, Socialdemokratiet, nan, 35.338097948685515
2024.419406392694, 0, Socialdemokratiet, nan, 30.475865757454205
2024.0794520547945, 0, Socialdemokratiet, nan, 28.36995753715499
2023.4385844748858, 0, Socialdemokratiet, nan, 40.293510324483776
2022.5465753424658, 0, Venstre, nan, 32.449636552440296
2024.5054794520547, 1, nan, nan, 27.157258404246356
2022.9906392694065, 1, nan, nan, 27.34395423357532
2022.7609589041097, 1, nan, nan, 29.68775211478563
2022.2214611872148, 1, nan, nan, 31.241986380999833
1911.8267123287671, 0, Kvindebevægelsen, nan, 58.74030762747577
2025.304794520548, 0, nan, nan, 30.716284987277355
2024.7351598173516, 1, nan, nan, 39.76049288456237
1843.7077625570778, 0, nan, nan, 32.842688842688844
1843.7077625570778, 0, Den nationale bevægelse, nan, 23.984674329501917
1843.7077625570778, 0, nan, nan, 41.94927536231884
1843.7077625570778, 0, nan, nan, 34.04022988505747
2023.169406392694, 0, Socialdemokratiet, nan, 33.20566783831283
2023.7527397260274, 0, Socialdemokratiet, nan, 41.33288776796974
2021.513698630137, 0, nan, nan, 35.89041829022111
2020.9851598173516, 0, nan, nan, 38.21992178513918
2023.9550228310502, 0, Liberal Alliance, nan, 41.81416202844774
2024.0191780821917, 0, Liberal Alliance, nan, 35.051127954800045
2024.852511415525, 0, Liberal Alliance, nan, 42.36766117969822
2025.0027397260274, 1, nan, nan, 28.958647968356708
2025.1353881278537, 1, nan, nan, 28.902161102422884
2026.0191780821917, 1, nan, nan, 29.151965792097684
2025.3130136986301, 1, nan, nan, 32.09056813138038
2021.594292237443, 1, nan, nan, 29.063271396938482
2022.0657534246575, 1, nan, nan, 26.884044183711218
2026.3470319634703, 1, nan, nan, 27.11282023986942
2025.2296803652969, 1, nan, nan, 29.59359774277528
2023.9687214611872, 1, nan, nan, 29.08610314547643
2023.7664383561644, 0, nan, nan, 38.224263298890165
2024.2187214611872, 0, Venstre, nan, 37.13337665786201
2021.535616438356, 0, nan, nan, 52.03823953823954
2025.844292237443, 0, Venstre, nan, 34.77895201099218
2020.1940639269408, 0, nan, nan, 40.930584105499506
2022.3157534246575, 0, nan, nan, 41.79179918949633
2021.1490867579907, 0, Venstre, nan, 39.27416204217536
2024.9605022831051, 0, Venstre, nan, 36.42538286029748
2023.751598173516, 0, Venstre, nan, 42.68718560832126
2024.0109589041097, 0, nan, nan, 31.967391304347828
2020.513698630137, 0, nan, nan, 39.79882332781173
2019.513698630137, 0, EU, nan, 37.84420921544209
2025.3102739726028, 0, Moderaterne, nan, 32.935640294697905
2024.2938356164384, 0, Moderaterne, nan, 35.01643639938966
2022.419406392694, 0, nan, nan, 44.95995449374289
2025.0860730593606, 0, nan, nan, 102.63550946239418
2022.5657534246575, 0, nan, nan, 42.02559755890829
2024.0082191780823, 0, nan, nan, 40.649544324772165
2023.5575342465754, 0, nan, nan, 40.498712753277715
2022.7077625570778, 0, nan, nan, 50.03817663817664
2022.5438356164384, 0, nan, nan, 51.80208333333333
2024.6655251141551, 0, nan, nan, 53.94543216630197
2023.8157534246575, 0, Socialdemokratiet, nan, 33.38133640552995
2024.3360730593606, 1, nan, nan, 31.70804369414101
2024.5246575342467, 1, nan, nan, 31.636363636363637
2024.9440639269408, 1, nan, nan, 31.216054311656123
2024.3908675799087, 1, nan, nan, 30.084603181533716
2024.5630136986301, 1, nan, nan, 32.07222690107731
2022.2406392694065, 1, nan, nan, 25.58155683325962
2025.3826484018264, 1, nan, nan, 34.73146599777034
2025.3881278538813, 1, nan, nan, 29.297367090366585
2021.4796803652969, 1, nan, nan, 30.641296146263272
2025.379908675799, 1, nan, nan, 29.73654161306807
2025.4440639269408, 1, nan, nan, 25.63394105598158
2013.771917808219, 1, nan, nan, 40.60965007607042
2023.6913242009134, 0, Radikale Venstre, nan, 50.40304714601072
2023.419406392694, 0, Folkebevægelsen mod EU, nan, 38.23584321460517
2023.9100456621004, 0, Folkebevægelsen mod EU, nan, 36.79243827160494
2021.9155251141551, 0, Folkebevægelsen mod EU, nan, 37.39716605981666
2022.0301369863014, 0, nan, nan, 33.51550387596899
2024.7050228310502, 0, nan, nan, 36.75599886187601
2020.513698630137, 0, Regnbuebevægelsen, nan, 46.3337718854367
2021.5630136986301, 0, Regnbuebevægelsen, nan, 44.04548435518895
2023.4385844748858, 0, Regnbuebevægelsen, nan, 42.53481012658228
2023.5630136986301, 0, Regnbuebevægelsen, nan, 37.94522144522145
2020.7187214611872, 0, Regnbuebevægelsen, nan, 42.69713846443475
2019.9221461187215, 0, Regnbuebevægelsen, nan, 46.36617035143129
2020.2433789954339, 0, Regnbuebevægelsen, nan, 36.996070331919874
2020.7159817351599, 0, Regnbuebevægelsen, nan, 45.645531614270574
2024.513698630137, 0, Radikale Venstre, nan, 40.356123331685616
2023.9413242009134, 0, Radikale Venstre, nan, 32.73160173160173
2024.2938356164384, 0, Radikale Venstre, nan, 32.40016182684528
2024.9182648401825, 0, Radikale Venstre, nan, 44.85564115957169
2023.893607305936, 1, nan, nan, 36.01901173996846
2024.513698630137, 0, Danmarksdemokraterne, nan, 34.74553578066224
2024.9045662100457, 0, Danmarksdemokraterne, nan, 32.82253346334545
1974.5164383561644, 0, Kvindebevægelsen, nan, 38.516286761206814
2020.1940639269408, 0, nan, nan, 37.715764507215226
2024.094292237443, 1, nan, nan, 33.92850046750818
1992.3634703196346, 0, Socialdemokratiet, nan, 35.92532296882348
1991.7691780821917, 0, Socialdemokratiet, nan, 42.146911416125
2023.5630136986301, 0, nan, nan, 34.13847662343451
2019.0860730593606, 0, nan, nan, 34.09314336306401
2021.5520547945205, 0, nan, nan, 32.68427672955975
2024.1545662100457, 0, nan, nan, 38.18662874726095
2022.5712328767124, 0, nan, nan, 34.20781941753887
2023.9687214611872, 1, nan, nan, 31.735954425790858
2025.657305936073, 1, nan, nan, 33.24653304990384
2026.3294520547945, 1, nan, nan, 28.162033452067526
2021.7993150684931, 0, Radikale Venstre, nan, 39.46546478016127
2023.401826484018, 0, nan, nan, 48.56600043927081
2021.1408675799087, 0, Enhedslisten, nan, 41.7183291040406
2022.5438356164384, 0, Enhedslisten, nan, 40.22135456318564
2012.907305936073, 0, Folkebevægelsen mod EU, nan, 34.04022988505747
2021.9221461187215, 0, Regnbuebevægelsen, nan, 26.42857142857143
2020.2801369863014, 0, nan, nan, 41.732492997198875
2021.0191780821917, 0, nan, nan, 39.89402237926973
2017.8157534246575, 0, nan, nan, 40.0
2025.7801369863014, 0, nan, nan, 40.08571428571429
2023.5630136986301, 0, Venstre, nan, 29.337614439811457
2025.513698630137, 0, nan, nan, 37.305157709051485
2023.7664383561644, 0, Venstre, nan, 43.39422951955985
2023.7242009132422, 0, nan, nan, 39.808850973073845
2023.3634703196346, 0, nan, nan, 33.43863112490586
2023.9358447488585, 0, nan, nan, 44.09328272371751
2024.2296803652969, 0, nan, nan, 37.84744268077601
2025.763698630137, 0, Venstre, nan, 32.864962333707325
2024.771917808219, 0, Venstre, nan, 37.98590926323771
2024.541095890411, 0, nan, nan, 34.47825366924048
2023.5794520547945, 0, Venstre, nan, 40.87846667634674
2026.4127853881278, 0, nan, nan, 32.11733733041239
2022.9605022831051, 0, Venstre, nan, 35.59925406646043
2023.021917808219, 0, Venstre, nan, 32.09989078858176
2023.9413242009134, 0, nan, nan, 35.96140350877193
2024.2828767123287, 0, nan, nan, 35.126851270605194
2023.4155251141551, 0, Venstre, nan, 36.63314848440235
2023.9522831050228, 0, nan, nan, 37.47676006335682
2024.4221461187215, 0, Venstre, nan, 41.847171569279915
2023.1913242009134, 0, Venstre, nan, 34.586002138796644
2023.1052511415523, 0, Venstre, nan, 36.396846448570585
2025.4851598173516, 0, nan, nan, 42.50697906281157
2024.8360730593606, 0, nan, nan, 40.81743084501705
2025.2187214611872, 0, Venstre, nan, 42.64871481028152
2025.2324200913242, 0, Venstre, nan, 40.004608294930875
2024.513698630137, 0, nan, nan, 36.63764488935722
2023.2324200913242, 0, Venstre, nan, 36.4011544011544
2024.1244292237443, 0, Kongehuset, nan, 45.42618729063346
2023.9988584474886, 0, nan, nan, 50.58259270609868
2023.751598173516, 0, Venstre, nan, 36.971212346045405
2026.2324200913242, 0, nan, nan, 37.913841807909606
2023.4303652968038, 0, Venstre, nan, 34.06064377202304
2023.1885844748858, 0, Venstre, nan, 38.481134097974056
2023.1381278538813, 0, Venstre, nan, 37.400230278793046
2023.1107305936073, 0, Venstre, nan, 45.155243199514615
2023.901826484018, 0, Venstre, nan, 36.4572465732436
2023.8470319634703, 0, Venstre, nan, 39.035672219417805
2024.344292237443, 0, nan, nan, 37.3850873053327
2025.4100456621004, 0, nan, nan, 37.708333333333336
2024.1885844748858, 0, nan, nan, 33.57484966449053
2023.424885844749, 0, nan, nan, 29.317189389090395
1848.0, 1, nan, nan, 50.97972377864812
1851.0, 1, nan, nan, 60.86180434295947
1848.0, 1, nan, nan, 47.31648051223942
1848.0, 1, nan, nan, 51.62500579481711
1847.7406392694065, 1, nan, nan, 46.920587973670166
1851.0, 1, nan, nan, 47.868476277930824
1848.0, 1, nan, nan, 56.72216211884441
1848.0, 1, nan, nan, 46.874951990782236
1847.5493150684931, 1, nan, nan, 47.86467725994069
1849.0, 1, nan, nan, 47.385714285714286
1849.0, 1, nan, nan, 47.919722379969954
1849.0, 1, nan, nan, 52.27428236738194
1848.7527397260274, 1, nan, nan, 44.92826086956522
1851.4659817351599, 1, nan, nan, 51.82053408855977
1993.0438356164384, 1, Tidehverv, nan, 42.74215949820788
1984.7378995433792, 1, Tidehverv, nan, 42.20701763888137
1994.838812785388, 1, Tidehverv, nan, 36.18266535015964
1983.2406392694065, 1, Tidehverv, nan, 33.80093410066924
1975.9413242009134, 1, Tidehverv, nan, 36.206833244499
1966.285616438356, 1, Tidehverv, nan, 48.58394300249871
2003.0, 1, Tidehverv, nan, 38.92349498327759
1984.1803652968038, 1, Tidehverv, nan, 45.2357742171572
1998.0767123287671, 1, Tidehverv, nan, 38.494954460294196
1987.0860730593606, 1, Tidehverv, nan, 44.37339743589743
2019.3415525114156, 0, Det Konservative Folkeparti, nan, 31.829656371172618
2019.271917808219, 0, Kvindebevægelsen, nan, 36.50988671975878
2023.513698630137, 0, Det Konservative Folkeparti, nan, 33.51488782737326
2022.5493150684931, 0, Det Konservative Folkeparti, nan, 33.43858374210218
2022.7527397260274, 0, Det Konservative Folkeparti, nan, 29.62982538116747
2022.7077625570778, 0, Det Konservative Folkeparti, nan, 32.511594356767695
2023.8130136986301, 0, Det Konservative Folkeparti, nan, 31.051598803772716
2022.8239726027398, 0, Det Konservative Folkeparti, nan, 31.16752773040198
2023.8470319634703, 0, Det Konservative Folkeparti, nan, 37.483268983268985
2023.501598173516, 0, Det Konservative Folkeparti, nan, 38.525837903717246
2023.1353881278537, 0, Det Konservative Folkeparti, nan, 37.79545454545455
2021.513698630137, 0, Det Konservative Folkeparti, nan, 30.69425586210217
2022.2664383561644, 0, NATO, nan, 30.500891265597147
2023.3267123287671, 0, Det Konservative Folkeparti, nan, 45.82985074626866
2024.3497716894976, 0, Socialdemokratiet, nan, 41.80867208672087
2026.4276255707764, 0, nan, nan, 27.353889825976054
2017.7691780821917, 0, Venstre, nan, 33.53827656393537
2018.2554794520547, 0, Venstre, nan, 44.86200610897625
2023.2324200913242, 0, Venstre, nan, 39.19394256786244
2017.7582191780823, 0, Venstre, nan, 36.141947738590275
2017.9522831050228, 0, nan, nan, 37.56152263374486
2024.7242009132422, 0, nan, nan, 45.7972972972973
2022.0438356164384, 0, Enhedslisten, nan, 34.9261011065307
2023.866210045662, 0, Dansk Folkeparti, nan, 34.02146577576683
2023.1885844748858, 0, nan, nan, 54.34329555711563
2016.8552511415523, 0, nan, nan, 60.15152980210925
2024.901826484018, 0, nan, nan, 43.893662553354815
2024.6913242009134, 0, Det Konservative Folkeparti, nan, 40.07459026971222
2021.3826484018264, 1, nan, nan, 43.054543455626046
2021.8990867579907, 1, nan, nan, 39.40995717344754
2021.9550228310502, 1, nan, nan, 45.23802324202538
2024.5630136986301, 0, nan, nan, 47.89630951983716
2026.1134703196346, 1, nan, nan, 44.164881450488146
2024.352511415525, 1, nan, nan, 44.480452334258715
2022.2664383561644, 1, nan, nan, 41.728030644434426
2024.6776255707764, 1, nan, nan, 43.86970201617946
2022.7609589041097, 1, nan, nan, 45.31537149061579
2022.7993150684931, 1, nan, nan, 43.11527959526435
2025.9045662100457, 1, nan, nan, 42.34646788853226
2025.3908675799087, 1, nan, nan, 42.08395314314723
2026.0191780821917, 1, nan, nan, 41.353851651245016
2026.2527397260274, 1, nan, nan, 45.50440386680988
2024.8689497716894, 1, nan, nan, 41.31534059028168
2022.9522831050228, 1, nan, nan, 41.392041792208175
2024.3908675799087, 1, nan, nan, 40.40461837311873
2025.5997716894976, 1, nan, nan, 46.166983769055506
2025.041095890411, 1, nan, nan, 42.143459915611814
2024.2582191780823, 1, nan, nan, 46.254025093251954
2022.629908675799, 1, nan, nan, 43.087432210871484
2023.6655251141551, 1, nan, nan, 43.28851017179305
2025.2554794520547, 1, nan, nan, 44.80588815701752
2025.0970319634703, 1, nan, nan, 42.648784000102864
2023.2378995433792, 1, nan, nan, 45.74077660698323
2026.0684931506848, 1, nan, nan, 46.5234933775938
2024.4413242009134, 1, nan, nan, 41.55228656205072
2024.2965753424658, 1, nan, nan, 44.75466791491132
2022.3239726027398, 1, nan, nan, 46.60444866681323
2026.3294520547945, 1, nan, nan, 47.37109086625304
2025.521917808219, 1, nan, nan, 45.03732781115359
2022.2022831050228, 1, nan, nan, 44.28097483828684
2022.4522831050228, 1, nan, nan, 40.55047914429997
2024.1627853881278, 1, nan, nan, 40.42041275631785
2024.4878995433792, 1, nan, nan, 44.525125859326735
2022.5520547945205, 1, nan, nan, 40.24107183834569
2026.2077625570778, 1, nan, nan, 45.60508838003723
1945.102511415525, 1, Tidehverv, nan, 41.318415204954846
1945.338812785388, 1, Tidehverv, nan, 35.30171129683325
1944.588812785388, 1, Tidehverv, nan, 35.13300412667501
1943.0739726027398, 1, Tidehverv, nan, 37.762613067315876
1944.352511415525, 1, Tidehverv, nan, 37.011745532201864
1943.35799086758, 1, Tidehverv, nan, 34.394009330338406
1941.3497716894976, 1, Tidehverv, nan, 30.117823168177217
1945.3360730593606, 1, Tidehverv, nan, 35.73682821243797
1944.0712328767124, 1, Tidehverv, nan, 44.76460017969452
1940.791095890411, 1, Tidehverv, nan, 36.26300421024039
2023.5301369863014, 0, nan, nan, 40.04484147836749
2025.5767123287671, 0, nan, nan, 31.79676251097454
2025.419406392694, 0, nan, nan, 30.691075763614627
2025.5575342465754, 0, nan, nan, 40.38290186634558
2025.1600456621004, 0, nan, nan, 36.859075043630014
2023.8689497716894, 0, Fagbevægelsen, nan, 43.86979498861048
2023.4100456621004, 0, nan, nan, 35.736481340441735
2023.8102739726028, 0, nan, nan, 39.7556753266107
2023.7691780821917, 0, nan, nan, 88.69834254143647
2025.027397260274, 0, nan, nan, 36.97763864042934
2025.3075342465754, 0, nan, nan, 33.51938895417156
2021.0860730593606, 0, nan, nan, 38.2296818762336
2024.9182648401825, 0, nan, nan, 38.86829836829837
2021.9522831050228, 0, nan, nan, 29.980528243686138
2024.7801369863014, 0, nan, nan, 44.983152110522155
2023.5630136986301, 0, nan, nan, 34.17243098053333
2019.9714611872148, 0, nan, nan, 27.46974764366069
2020.1682648401825, 0, nan, nan, 36.47285708066693
2025.1107305936073, 0, nan, nan, 35.67066744730679
2024.3853881278537, 0, nan, nan, 33.82354440056058
1848.0, 1, nan, nan, 42.36251260141135
2023.785616438356, 0, Socialistisk Folkeparti, nan, 45.401978973407545
2023.9550228310502, 0, nan, nan, 38.77531764010637
2024.0191780821917, 0, nan, nan, 41.32453745829542
2023.8415525114156, 0, Fagbevægelsen, nan, 37.54008834158747
2023.0657534246575, 1, nan, nan, 30.93015095338983
2026.2965753424658, 0, nan, nan, 34.36367593922772
1941.0, 0, Kvindebevægelsen, nan, 28.083735909822867
1909.3157534246575, 0, Højskolebevægelsen, nan, 39.22681818181819
1921.5915525114156, 0, nan, nan, 40.85109690914132
1909.1600456621004, 0, nan, nan, 41.78869562421632
1907.0, 0, nan, nan, 39.901008492569005
1914.9331050228311, 0, nan, nan, 37.062158349497444
1914.8908675799087, 0, nan, nan, 38.99983998537009
1915.0, 0, nan, nan, 40.61508865841419
1911.588812785388, 0, nan, nan, 38.79656949525945
1907.4127853881278, 0, Højskolebevægelsen, nan, 41.171337075417384
2025.8470319634703, 1, nan, nan, 30.8988287126585
2026.151826484018, 1, nan, nan, 35.59367371743149
2025.4605022831051, 1, nan, nan, 36.37767165228601
2024.169406392694, 0, nan, nan, 33.950632504288166
2022.4605022831051, 0, nan, nan, 28.08551419239013
2023.1545662100457, 0, Socialdemokratiet, nan, 32.096528896045804
2022.8102739726028, 0, Socialdemokratiet, nan, 29.33547489024521
2024.8294520547945, 1, nan, nan, 41.18272371873829
2024.8497716894976, 1, nan, nan, 37.8939512803492
2024.8102739726028, 1, nan, nan, 37.27408325301758
2024.763698630137, 1, nan, nan, 34.200453392761084
2024.1189497716894, 1, nan, nan, 41.07772714719691
2025.4127853881278, 1, Tidehverv, nan, 47.07329701405639
2012.0, 0, nan, nan, 49.160017730496456
2019.4605022831051, 0, nan, nan, 53.868115942028986
2023.8239726027398, 0, Regnbuebevægelsen, nan, 33.334705428350915
2021.8607305936073, 1, nan, nan, 30.231751645544747
2023.1244292237443, 1, nan, nan, 36.69873786718775
2023.3212328767124, 1, nan, nan, 38.2314300976348
2020.3102739726028, 1, nan, nan, 30.275542406311637
2015.151826484018, 1, nan, nan, 40.63122845960629
1688.0, 1, nan, nan, 37.8991088560981
2021.8130136986301, 0, Regnbuebevægelsen, nan, 37.214158263828374
2022.4933789954339, 0, nan, nan, 31.13750484360177
2022.9155251141551, 0, nan, nan, 37.017444981213096
2019.4796803652969, 0, nan, nan, 34.05937256935442
1928.838812785388, 0, Venstre, nan, 64.97284295468653
2026.1885844748858, 1, nan, nan, 28.158883004333173
1971.0, 0, Fagbevægelsen, nan, 53.29199623352166
1982.2105022831051, 0, Socialdemokratiet, nan, 35.150165016501646
2025.021917808219, 1, nan, nan, 28.324549918166937
2022.0328767123287, 1, nan, nan, 26.635875794519123
2023.4303652968038, 1, nan, nan, 28.243290043290042
2023.4100456621004, 1, Kvindebevægelsen, nan, 38.91476184024619
2025.5739726027398, 0, nan, nan, 47.20664543372459
2024.5767123287671, 0, nan, nan, 46.362264944713885
2025.5739726027398, 0, nan, nan, 37.465753424657535
2021.3607305936073, 0, nan, nan, 30.82859381997313
2024.4276255707764, 0, nan, nan, 40.9258696386356
2026.102511415525, 0, nan, nan, 36.89984608619173
1896.0, 0, Kvindebevægelsen, nan, 51.71669730904229
1901.1721461187215, 0, Kvindebevægelsen, nan, 38.600153316306496
1912.5027397260274, 0, Kvindebevægelsen, nan, 52.83333333333333
1909.907305936073, 0, Kvindebevægelsen, nan, 37.96717978032747
1909.901826484018, 0, Kvindebevægelsen, nan, 38.34610338493834
1927.0, 0, Kvindebevægelsen, nan, 41.65481742588575
2024.763698630137, 0, nan, nan, 35.870567528118826
2020.2801369863014, 0, nan, nan, 39.17708333333333
1985.344292237443, 1, nan, nan, 27.982082578856772
1948.2938356164384, 0, nan, nan, 49.750994610761545
1939.419406392694, 0, Socialdemokratiet, nan, 51.934189540837735
1929.8360730593606, 0, Socialdemokratiet, nan, 47.61913499344692
1926.8881278538813, 0, Socialdemokratiet, nan, 48.61912865307883
1934.513698630137, 0, Socialdemokratiet, nan, 50.342592592592595
1906.8744292237443, 0, Socialdemokratiet, nan, 51.10903149138443
1940.35799086758, 0, Socialdemokratiet, nan, 58.450980392156865
1919.5520547945205, 0, Socialdemokratiet, nan, 44.04819080290778
1928.0, 0, Socialdemokratiet, nan, 49.96934664564722
1928.6803652968038, 0, Socialdemokratiet, nan, 43.56903780620529
1934.2746575342467, 0, Socialdemokratiet, nan, 57.012804366078925
1910.0, 0, Socialdemokratiet, nan, 48.26477094753328
1942.0849315068492, 0, Socialdemokratiet, nan, 52.06388888888889
1934.0383561643835, 0, Socialdemokratiet, nan, 44.001312335958005
1925.8415525114156, 0, Socialdemokratiet, nan, 44.40077178690106
1924.0383561643835, 0, Socialdemokratiet, nan, 52.048041479793355
1924.0, 0, nan, nan, 62.18238406473701
1936.0, 0, Socialdemokratiet, nan, 51.090867264780314
1939.8881278538813, 0, nan, nan, 53.47254150702426
1930.8212328767124, 0, Socialdemokratiet, nan, 54.03589232303091
1930.094292237443, 0, Socialdemokratiet, nan, 38.44774646520206
1941.271917808219, 0, Socialdemokratiet, nan, 57.15707589508328
1922.0438356164384, 0, Socialdemokratiet, nan, 55.41313053192404
1922.0438356164384, 0, Socialdemokratiet, nan, 55.78015279939048
1934.0, 0, Socialdemokratiet, nan, 40.39963729030846
1912.0246575342467, 0, Socialdemokratiet, nan, 51.357070074684465
1919.9714611872148, 0, Socialdemokratiet, nan, 55.68706310731464
1932.9577625570778, 0, Socialdemokratiet, nan, 56.031343063541215
1924.0860730593606, 0, Socialdemokratiet, nan, 53.34574700585715
1928.8716894977167, 0, Socialdemokratiet, nan, 41.24647443389077
1929.7609589041097, 0, Socialdemokratiet, nan, 57.07565909308791
1925.7582191780823, 0, Socialdemokratiet, nan, 54.32291666666667
1934.263698630137, 0, nan, nan, 45.141516660283415
1930.541095890411, 0, Socialdemokratiet, nan, 47.41841833773938
1939.541095890411, 0, nan, nan, 50.36993464052287
1939.3908675799087, 0, Socialdemokratiet, nan, 62.29483282674772
1939.7378995433792, 0, Socialdemokratiet, nan, 52.446293995859214
1929.866210045662, 0, Socialdemokratiet, nan, 45.53022922636103
1939.6271689497717, 0, Socialdemokratiet, nan, 56.08714869485448
1928.3294520547945, 0, Socialdemokratiet, nan, 61.63154339750085
1939.8552511415523, 0, Socialdemokratiet, nan, 49.32695579222111
1924.521917808219, 0, Socialdemokratiet, nan, 51.78520328480024
1939.9851598173516, 0, Socialdemokratiet, nan, 54.22320627051651
1931.407305936073, 0, Socialdemokratiet, nan, 50.195017182130584
1929.7488584474886, 0, Socialdemokratiet, nan, 60.01068090787717
1928.2105022831051, 0, Socialdemokratiet, nan, 48.45491789214716
1929.7461187214612, 0, Socialdemokratiet, nan, 63.28435114503817
1915.1831050228311, 0, Socialdemokratiet, nan, 44.25114726741761
1939.9127853881278, 0, Socialdemokratiet, nan, 54.35064935064935
1939.5997716894976, 0, nan, nan, 53.43553811659193
1934.041095890411, 0, Socialdemokratiet, nan, 43.63082959641255
1930.5246575342467, 0, Socialdemokratiet, nan, 49.929322664616784
1930.8853881278537, 0, Socialdemokratiet, nan, 54.08978873239437
1930.8881278538813, 0, Socialdemokratiet, nan, 39.21126962506273
1930.4045662100457, 0, Socialdemokratiet, nan, 41.17519379844961
1935.0246575342467, 0, Socialdemokratiet, nan, 53.3526360352829
1939.0301369863014, 0, Socialdemokratiet, nan, 54.92937028932653
1939.5575342465754, 0, Socialdemokratiet, nan, 46.24992460038202
1939.6052511415523, 0, Socialdemokratiet, nan, 54.335752298016445
1934.5860730593606, 0, Socialdemokratiet, nan, 40.77426992896606
1930.5328767123287, 0, Socialdemokratiet, nan, 39.58467678204521
1933.5712328767124, 0, Socialdemokratiet, nan, 51.420430561418314
1934.594292237443, 0, Socialdemokratiet, nan, 40.884996695307336
1941.852511415525, 0, Socialdemokratiet, nan, 52.72950474183351
1937.271917808219, 0, Socialdemokratiet, nan, 47.49169552623151
1939.1216894977167, 0, nan, nan, 45.55797101449275
1929.844292237443, 0, Socialdemokratiet, nan, 52.16702741702741
1934.8716894977167, 0, Socialdemokratiet, nan, 45.62436394997844
1933.9577625570778, 0, Socialdemokratiet, nan, 51.58266129032258
1941.4045662100457, 0, Socialdemokratiet, nan, 42.53243021346469
2024.419406392694, 0, Socialdemokratiet, nan, 26.620186390012307
2024.763698630137, 0, nan, nan, 33.823232323232325
2019.513698630137, 0, nan, nan, 28.653269568712734
1928.0, 0, Kvindebevægelsen, nan, 52.765718739357105
2024.379908675799, 0, nan, nan, 37.75722152690864
2025.419406392694, 0, Kvindebevægelsen, nan, 36.24853127136539
2022.271917808219, 0, Kvindebevægelsen, nan, 37.48569712770788
2022.629908675799, 1, nan, nan, 30.037679740339804
2023.8415525114156, 0, Fagbevægelsen, nan, 42.49617559857488
2024.419406392694, 0, Socialdemokratiet, nan, 33.612246867821085
2023.5630136986301, 0, Socialdemokratiet, nan, 30.95767446763652
2023.763698630137, 0, Socialdemokratiet, nan, 40.87131700390486
2023.9127853881278, 0, Socialdemokratiet, nan, 32.37476965601965
2023.7159817351599, 0, Socialdemokratiet, nan, 34.32375885732168
2023.7132420091325, 0, Socialdemokratiet, nan, 31.44686372555225
2024.0109589041097, 0, Socialdemokratiet, nan, 42.34722222222222
1981.9182648401825, 0, nan, nan, 38.54984423676012
2019.304794520548, 0, Kvindebevægelsen, nan, 45.357061274888096
2021.0849315068492, 0, nan, nan, 164.43096872616323
2022.0246575342467, 0, nan, nan, 40.76715146528568
2024.0970319634703, 0, nan, nan, 37.35554598800867
2023.1353881278537, 0, nan, nan, 31.487356602889335
2022.1655251141551, 1, nan, nan, 22.850183367424748
2022.3607305936073, 1, nan, nan, 25.97449146981627
2014.852511415525, 1, nan, nan, 25.430205184840734
2014.9687214611872, 1, nan, nan, 29.97783676629487
2023.9550228310502, 0, Moderaterne, nan, 48.309143686502175
2026.3634703196346, 0, Liberal Alliance, nan, 32.095050618672666
2023.7691780821917, 0, nan, nan, 32.69074647402821
2024.9468036529681, 0, nan, nan, 35.31818181818181
2019.3239726027398, 0, nan, nan, 32.184348833384576
2024.3415525114156, 0, nan, nan, 43.21058816616723
2024.419406392694, 0, Socialistisk Folkeparti, nan, 36.99956927494616
2024.5657534246575, 0, Socialistisk Folkeparti, nan, 39.05892255892256
2024.054794520548, 0, Socialistisk Folkeparti, nan, 43.675141628557775
2023.5657534246575, 0, Socialistisk Folkeparti, nan, 37.329921235710565
2021.4385844748858, 0, Socialistisk Folkeparti, nan, 43.006445796709485
2023.3552511415523, 0, nan, nan, 35.9594234496124
2021.8360730593606, 0, Socialistisk Folkeparti, nan, 43.323021846888196
2019.8607305936073, 0, nan, nan, 40.57442528735632
2021.9878995433792, 0, EU, nan, 43.193258426966295
2019.4276255707764, 0, nan, nan, 43.06060606060606
2019.4659817351599, 0, nan, nan, 38.817685020403026
2024.3634703196346, 0, Socialistisk Folkeparti, nan, 45.5389651265265
2022.7691780821917, 0, Socialistisk Folkeparti, nan, 37.00372142477406
2020.5712328767124, 0, nan, nan, 30.706698539176628
2022.907305936073, 0, nan, nan, 27.96291866028708
2019.9605022831051, 0, Socialdemokratiet, nan, 28.56225074566842
2020.5191780821917, 1, nan, nan, 36.0575834960693
2023.7965753424658, 1, nan, nan, 27.72679834397102
2023.1244292237443, 1, nan, nan, 31.021194422520388
2024.3716894977167, 1, nan, nan, 29.42907639374227
2023.143607305936, 1, nan, nan, 28.989514724808842
2024.5438356164384, 1, nan, nan, 30.42670908183633
2024.5630136986301, 1, nan, nan, 32.23453477776653
2022.2406392694065, 1, nan, nan, 34.081077455857965
2020.0657534246575, 1, nan, nan, 29.829117951165195
2020.4742009132422, 1, nan, nan, 35.26983821263482
2024.3267123287671, 1, nan, nan, 36.49133519007832
2023.1803652968038, 1, nan, nan, 32.53059546646831
2024.4276255707764, 1, nan, nan, 34.85806637806638
2023.3744292237443, 1, nan, nan, 29.26241526487572
2020.5712328767124, 0, nan, nan, 41.04012345679013
2026.1134703196346, 1, nan, nan, 34.22870140612076
2021.2242009132422, 1, nan, nan, 26.13186813186813
2021.669406392694, 1, nan, nan, 30.62888151944528
2023.513698630137, 1, nan, nan, 28.437502220012078
2021.0657534246575, 1, nan, nan, 27.76999521072797
2021.4796803652969, 1, nan, nan, 28.982177308222326
2023.2433789954339, 0, Alternativet, nan, 39.351459293394775
2022.8497716894976, 0, Alternativet, nan, 40.42935096790228
2022.3470319634703, 0, Alternativet, nan, 40.689655172413794
2025.2746575342467, 1, nan, nan, 31.277140377179833
2025.2938356164384, 1, nan, nan, 31.788039713691987
2025.3130136986301, 1, nan, nan, 31.984095705156783
2025.2554794520547, 1, nan, nan, 28.641026013660806
2025.8360730593606, 0, nan, nan, 33.71970637448049
2025.7582191780823, 0, Venstre, nan, 30.82784543016662
2024.4961187214612, 0, Venstre, nan, 41.854147635825825
2025.0657534246575, 0, Venstre, nan, 33.05005015704912
2025.9906392694065, 0, Venstre, nan, 39.85084745762712
2025.6831050228311, 0, Venstre, nan, 34.70370621468926
2024.844292237443, 0, Venstre, nan, 36.55504019789734
2026.2214611872148, 0, Venstre, nan, 36.74983416252073
2019.4851598173516, 0, nan, nan, 32.002147004053015
2024.419406392694, 0, Socialdemokratiet, nan, 31.755725946079643
2022.271917808219, 0, Socialdemokratiet, nan, 38.49451307455948
2020.763698630137, 0, nan, nan, 30.711079316820175
2024.7609589041097, 0, Socialdemokratiet, nan, 21.585443864229767
2024.9127853881278, 0, Socialdemokratiet, nan, 38.53901996370236
2020.513698630137, 0, Socialdemokratiet, nan, 35.56410256410257
2024.771917808219, 1, nan, nan, 32.95346353371986
2023.9659817351599, 0, Enhedslisten, nan, 36.269965959675304
2025.7609589041097, 0, nan, nan, 34.58214987370194
2025.5602739726028, 1, nan, nan, 49.71192339612875
2025.751598173516, 1, nan, nan, 44.99091915078088
2025.866210045662, 1, nan, nan, 41.134388608478915
2025.3130136986301, 1, nan, nan, 47.125
2025.0970319634703, 1, nan, nan, 46.3889713437607
2025.0657534246575, 1, nan, nan, 36.81750236822246
2025.3881278538813, 1, nan, nan, 43.06391511159897
2020.5191780821917, 1, nan, nan, 36.65398645127671
2023.513698630137, 0, Venstre, nan, 36.28238937169114
2025.535616438356, 0, Venstre, nan, 36.37197622386963
2026.3184931506848, 0, Venstre, nan, 32.26630666477192
2025.844292237443, 0, Venstre, nan, 36.570424991324394
2025.7050228310502, 0, Venstre, nan, 48.34263271939328
2024.0520547945205, 0, Venstre, nan, 50.189819724284206
2024.7433789954339, 0, Venstre, nan, 35.814842428239615
2023.3267123287671, 0, Venstre, nan, 47.70334928229666
2024.9605022831051, 0, Venstre, nan, 34.4315478039616
2024.401826484018, 0, nan, nan, 42.26044480461012
2025.5739726027398, 0, nan, nan, 40.248360160118786
2022.9303652968038, 0, Kongehuset, nan, 37.734734781392746
2021.5164383561644, 0, nan, nan, 35.304584018290726
2003.9331050228311, 0, Det Konservative Folkeparti, nan, 44.34905507471879
2025.5630136986301, 0, nan, nan, 35.97358143377521
2025.5739726027398, 0, nan, nan, 32.87234042553192
2020.169406392694, 0, Alternativet, nan, 34.499691783067746
2019.407305936073, 0, Alternativet, nan, 30.284770395815954
1996.8075342465754, 0, Venstre, nan, 37.81701411951739
1982.7433789954339, 0, nan, nan, 37.491602774735306
1978.0054794520547, 0, nan, nan, 36.924153166421206
1986.8239726027398, 0, nan, nan, 36.32639460955157
1981.8607305936073, 0, nan, nan, 36.45958121038896
2007.0849315068492, 0, nan, nan, 33.47711482770531
2023.5301369863014, 1, nan, nan, 32.12966227697536
2003.8075342465754, 0, Dansk Folkeparti, nan, 44.17817171109955
2022.7609589041097, 1, nan, nan, 35.85759382832294
2025.852511415525, 1, nan, nan, 35.992731329936916
2005.7488584474886, 0, Venstre, nan, 41.59304511278196
2023.7664383561644, 0, nan, nan, 40.57257105360292
2024.5191780821917, 0, nan, nan, 40.65534825651937
2023.513698630137, 0, nan, nan, 41.660221550855994
2024.751598173516, 0, nan, nan, 40.45275566451056
2023.4100456621004, 0, nan, nan, 67.43886372993
2023.785616438356, 0, EU, nan, 39.51680311318772
2025.2993150684931, 0, nan, nan, 39.251657625075346
2022.2527397260274, 0, EU, nan, 39.09122097114708
2023.7883561643835, 0, EU, nan, 39.04478164322724
1928.5109589041097, 1, Kvindebevægelsen, nan, 34.843188731924826
2024.3853881278537, 0, nan, nan, 36.86240528565061
2025.271917808219, 0, nan, nan, 31.608420801526716
2024.9851598173516, 0, nan, nan, 35.86100667276361
2024.9851598173516, 0, nan, nan, 36.974655157070394
2025.1721461187215, 1, nan, nan, 31.815388224255216
2025.1913242009134, 1, nan, nan, 32.30251419302514
2025.2296803652969, 1, nan, nan, 34.536579035498995
2025.2105022831051, 1, nan, nan, 35.11548850385401
2025.7132420091325, 1, nan, nan, 32.18871600595318
2025.7883561643835, 1, nan, nan, 42.282837967401726
2022.419406392694, 1, nan, nan, 34.27274337851006
2026.271917808219, 0, nan, nan, 40.96693744192321
2023.9100456621004, 0, nan, nan, 35.29692307692308
2024.535616438356, 0, nan, nan, 41.21232041203578
2025.174885844749, 0, nan, nan, 98.62318840579711
2023.3963470319634, 1, nan, nan, 35.55438195191962
2022.7801369863014, 1, nan, nan, 44.636682187372045
1945.9100456621004, 1, nan, nan, 38.7724039829303
2026.1803652968038, 0, nan, nan, 37.85886524822695
2024.379908675799, 0, nan, nan, 37.05213694338778
2023.0712328767124, 0, nan, nan, 30.208682170542637
1899.513698630137, 0, nan, nan, 42.69802933767966
1886.5970319634703, 0, nan, nan, 41.358247757701804
1884.513698630137, 0, nan, nan, 39.79018033434251
1891.513698630137, 0, nan, nan, 34.02500773570869
1879.0821917808219, 0, nan, nan, 32.267388339584045
1883.5657534246575, 0, Venstre, nan, 31.40791316526611
2022.7609589041097, 1, nan, nan, 32.13965384345876
2017.9495433789955, 1, nan, nan, 38.152173913043484
2023.7214611872148, 1, nan, nan, 33.03142714018298
1962.0860730593606, 0, Socialdemokratiet, nan, 38.68565848160989
1961.8415525114156, 0, Socialdemokratiet, nan, 58.57657838767007
2024.6913242009134, 0, nan, nan, 33.82769708393391
1926.777397260274, 0, nan, nan, 36.652228499686125
1887.379908675799, 1, Indre Mission, nan, 47.78800705467372
1864.0, 1, Indre Mission, nan, 56.11952052658597
1848.10799086758, 1, nan, nan, 46.29408113225116
1849.9468036529681, 1, nan, nan, 52.91522543636063
1942.7554794520547, 0, nan, nan, 63.39628482972137
1945.838812785388, 0, Socialdemokratiet, nan, 56.75808839576955
1945.2993150684931, 1, nan, nan, 31.620296323848493
1940.3716894977167, 1, Tidehverv, nan, 41.99179980954396
1944.8212328767124, 1, Tidehverv, nan, 39.127569644572525
2023.5630136986301, 0, nan, nan, 32.58239831697055
2023.129908675799, 0, nan, nan, 30.84745746998563
2012.419406392694, 0, Socialistisk Folkeparti, nan, 36.09508166295471
2004.852511415525, 0, Socialistisk Folkeparti, nan, 41.50623885918004
2010.3963470319634, 0, Socialistisk Folkeparti, nan, 34.219140265783565
2006.4303652968038, 0, Socialistisk Folkeparti, nan, 38.26380293653683
2023.9045662100457, 0, nan, nan, 31.447031829720757
2022.0301369863014, 0, nan, nan, 43.97872340425532
2022.5657534246575, 0, nan, nan, 31.59737552121658
2013.5630136986301, 0, Regnbuebevægelsen, nan, 45.72123419755732
2022.2324200913242, 0, nan, nan, 47.162901485839214
2023.7242009132422, 0, nan, nan, 29.97989417989418
2023.0849315068492, 0, nan, nan, 31.913981139811398
2022.2527397260274, 0, nan, nan, 30.31626907690028
2022.2664383561644, 0, nan, nan, 35.70350922131148
2023.7242009132422, 0, nan, nan, 30.960219012177717
2022.2324200913242, 0, nan, nan, 30.98359875138882
2022.4276255707764, 0, nan, nan, 29.98489432906982
2022.6968036529681, 0, nan, nan, 43.51707818438224
1942.0712328767124, 1, nan, nan, 30.569664902998234
1944.1463470319634, 1, nan, nan, 30.133598732930956
1942.919406392694, 1, nan, nan, 31.941444049292862
1941.0794520547945, 1, nan, nan, 26.33633408352088
1942.3294520547945, 1, nan, nan, 34.37357709555019
2024.7609589041097, 0, nan, nan, 32.87093942054434
2023.5684931506848, 1, nan, nan, 40.84435288500646
2025.2187214611872, 1, nan, nan, 36.31554602664126
1905.9221461187215, 0, nan, nan, 63.209689818430306
2025.0246575342467, 0, nan, nan, 33.24382157926462
2015.352511415525, 0, nan, nan, 43.73740567669262
2023.9385844748858, 0, nan, nan, 49.07839173405211
2024.4045662100457, 0, nan, nan, 44.93326063249727
2022.0, 0, nan, nan, 31.10422639906552
2023.9100456621004, 0, nan, nan, 34.345949619812245
2026.304794520548, 0, nan, nan, 34.020541549953315
2026.2965753424658, 0, nan, nan, 38.2123473541384
2025.3075342465754, 0, nan, nan, 34.75609756097561
2025.513698630137, 0, Radikale Venstre, nan, 40.808327360935
2020.0520547945205, 0, Radikale Venstre, nan, 34.40357538364183
2021.8020547945205, 0, Radikale Venstre, nan, 32.293956043956044
2025.271917808219, 0, nan, nan, 35.121212121212125
2024.9413242009134, 0, nan, nan, 43.1852592599062
2026.0109589041097, 0, nan, nan, 30.85169491525424
2023.027397260274, 0, nan, nan, 24.39895470383275
2024.8908675799087, 0, nan, nan, 58.78401360544218
2022.9045662100457, 0, nan, nan, 52.739534324208726
2023.0328767123287, 0, nan, nan, 37.73526703499079
2024.4221461187215, 0, nan, nan, 38.25117897178198
