17540
23948
12691
15878
7598
2530
13931
2744
2713
13751
16504
10490
10501
26412
9389
26742
16250
26652
8226
12938
15906
9001
13517
9811
375
19169
16329
17085
1331
12933
10204
7542
10806
15395
8540
11910
9149
1624
10159
26240
26526
15426
9012
23794
18408
16333
10720
17115
919
25718
400
4854
7339
5972
18523
23449
11418
11014
10450
364
17344
13217
16039
12809
4139
26427
11258
5808
7778
18540
2833
5537
26655
11958
18517
7796
15347
7596
26645
336
7217
11897
16664
5293
913
10711
3135
4178
3329
11180
16998
8831
13933
18906
17350
17237
15918
26252
17
581
4923
9543
13115
17850
26237
19029
7750
16560
393
17717
4745
5823
22520
17703
11884
9912
12710
4019
26190
15439
15433
12259
26263
3247
1519
17838
26184
16937
7333
15546
12992
16446
7759
17358
12250
9011
2841
9304
26531
3619
1326
16500
704
26194
12557
26648
402
9578
4937
4751
4199
1151
11711
15656
17614
12917
16714
16206
7384
3887
17652
1418
9887
12060
26374
15660
3784
7541
4064
26369
2710
12993
13937
12990
552
4753
584
9783
17354
4113
9611
1727
520
26417
12940
2839
9913
18349
18548
16658
529
15690
15857
10146
9350
10158
514
11794
3809
7633
4931
7504
4123
16834
24828
9889
16496
11838
5952
6321
10813
11842
13127
16799
16274
12137
19033
4219
25739
7795
15824
408
26358
13122
15313
17069
7590
22120
15844
2849
15861
26191
7500
4150
3723
26550
16774
15308
6731
12020
5313
3919
5950
589
12427
5533
3513
2027
15553
12668
26738
21908
419
11044
3241
7380
10037
11898
16778
5936
1517
26350
7397
2837
26464
4114
21911
1037
4170
13139
26650
9524
11053
2415
26100
16622
13050
338
9827
19037
10234
18539
17230
17233
15421
578
15431
2944
12312
12994
9019
16099
18524
7377
11719
1333
26674
2821
19157
15440
10938
334
26231
15450
12064
4118
4589
16754
13003
3133
26202
13129
3948
5233
18911
94
9137
1332
4519
17314
10923
9425
14018
7559
26532
16331
8644
599
26614
4008
10803
10230
26460
16098
26264
22118
10444
18551
7337
19722
26233
1337
16424
18394
643
11713
18913
15726
17226
26341
26734
17343
528
10626
9437
604
10541
12972
17988
17674
3630
26694
9597
17220
16337
17111
17013
4009
16213
3793
4169
9133
26210
26119
11791
26314
17636
19023
13016
5914
3257
16568
26468
7789
7549
179
16173
6313
319
26261
7307
5974
11837
23988
14369
7834
6423
26578
2706
17927
11230
15544
26744
10238
26310
4189
10639
9613
9123
26400
10970
12252
11058
7710
26618
11767
16170
9518
5798
9344
5074
13128
5854
184
12967
7722
3690
3938
348
10153
10041
11533
17057
26703
3239
4750
12269
3708
4475
21786
18375
26121
10933
13844
9831
10979
2790
10039
11413
1512
2750
3974
588
3993
2957
10452
18100
26957
26157
19153
26105
3996
11651
10926
26730
23914
7609
16184
1330
26110
26666
24334
18354
26678
16324
3437
17353
13753
18479
4003
26535
12094
13515
26207
5549
11808
9433
12754
12244
4187
18108
26438
26484
15449
26488
2877
21941
14024
13116
26659
12574
3251
13113
16174
23584
26564
17984
18393
26294
4488
16178
158
12654
16081
1690
11045
23954
15668
26198
22138
1518
8232
2040
26644
24823
21733
15438
24394
7409
10698
16182
1513
3997
10937
4159
8073
16514
9013
3873
17533
18519
15423
6918
16143
2237
102
26684
26130
9617
339
16211
17351
392
15510
7294
17103
18544
26258
6317
2950
15329
539
1033
2832
19158
3694
11914
11849
16770
5412
17249
19741
6668
10817
7594
3719
13938
10632
6934
11953
209
7510
12934
26651
365
7744
15694
7398
4259
17610
16175
3344
12004
26154
394
587
2959
18527
16517
15420
16781
11764
7399
5760
12011
15430
19308
4212
26414
18317
11164
15394
3299
26111
15888
23929
15437
26444
6531
16529
24610
11621
16093
26113
26208
396
4638
19038
7153
17973
11832
9432
7619
16443
11809
4478
15561
11233
12240
7757
26654
16784
18138
4484
17975
16740
359
3769
17970
550
9994
9398
12579
11051
16188
574
1424
10333
26504
6449
26456
13234
7770
4474
569
10140
7518
10026
15435
16180
15630
10804
26134
4491
4070
4128
17346
3701
4477
8711
11819
15531
18125
26567
3068
15311
19445
15492
18558
17016
5400
200
1234
26713
16530
13058
3214
26353
4289
16632
17232
23733
17361
5070
26434
590
26630
11954
6279
16453
16185
4485
17434
2522
4470
26330
13930
4482
1324
10023
13121
17537
7720
16830
17974
10154
11613
26718
13854
6913
26668
349
18390
22114
5983
26141
15509
4174
638
26331
8717
15514
15638
19697
12784
26117
4513
3994
12989
1029
26195
26514
12573
9431
5010
511
24814
26274
11909
16999
7369
19289
3914
17239
15559
4155
8838
26144
10029
26523
7593
8208
10326
7358
5794
26660
17369
17494
4489
18094
3056
14064
15334
6288
17117
6738
5764
12589
10009
7211
13519
26150
12578
26324
10770
3240
17630
3951
910
3959
5113
26204
13111
18398
9813
22189
26384
26642
9929
2831
17985
26538
6437
1230
17238
7622
26691
17982
15563
26408
2946
26420
5918
16330
12577
21799
7774
15923
16838
10033
16811
26115
10143
18587
9139
7254
17901
4121
17498
6004
17989
19504
16244
12948
10638
15305
49
26267
17981
26394
5539
13114
26411
13124
4115
4506
12970
10049
16349
11790
12582
17090
4188
17978
3971
4471
5826
11597
1410
12126
17535
8891
6273
16191
16177
15584
26131
11069
26232
26494
26138
2794
24641
11798
17919
26541
16189
8614
26430
26277
18419
9131
15851
6431
932
10686
1430
17526
15874
12585
26239
1039
15618
25542
9559
11054
10152
13513
7529
44
16991
26554
3620
9638
13830
14036
26160
1937
634
13633
16815
1238
12588
10341
16813
26640
21784
16637
13758
9245
26147
16633
3693
12900
19151
15303
26278
16564
2969
18917
3612
15854
16923
6558
4127
9269
3949
5646
2711
6278
24839
12218
12584
11729
4511
15432
12664
3941
26677
7752
16667
18454
9921
13567
21814
12570
16557
16650
15550
3794
5657
12797
24708
26217
2719
13035
17971
6275
18372
5654
10830
10330
4473
18528
4129
26490
17113
18578
11839
5059
4487
3920
7538
19337
5910
23741
18396
15633
4481
26225
5930
12575
7393
5014
12910
17027
13637
26610
4490
3269
16451
2961
3259
15441
6818
8237
16450
6284
3647
15870
17923
18334
16171
16787
5999
1813
15859
13079
10088
26112
6285
12769
16454
11801
26370
9554
341
12571
11043
903
13008
7388
403
3034
2014
26687
17106
1910
3998
19330
5413
12257
17837
19294
7608
4120
192
15560
2324
17075
15733
12996
15558
26664
9906
26337
510
333
26106
26510
18101
15737
6741
26280
12959
25714
22178
26537
18319
12944
12251
18694
4230
5403
9330
17991
12719
17977
15484
5018
3038
15678
15301
5584
16744
15867
11961
18041
454
3250
23718
1716
12941
26474
6318
15732
23793
16790
11807
23999
17324
9917
6132
2994
199
26696
10499
3275
3874
15913
15912
17118
12299
3132
9726
6574
10038
5327
16181
15814
4158
9995
15398
4480
4131
12755
13054
314
11366
6742
23443
26073
12580
17119
7127
11833
17340
8077
26670
3236
3810
23796
6282
17549
521
16212
10474
19349
9918
527
1626
3990
16183
564
12998
3964
4483
26300
15735
11880
3934
21904
4007
17835
13000
13964
15850
5651
15749
558
6289
10141
9562
4834
26357
17088
9919
6135
3283
17624
4217
26661
11730
13935
15604
21694
195
15869
17082
7290
19146
12014
11046
7350
26297
13169
23751
1038
17531
4234
8088
10697
16176
22159
15552
4623
17223
8233
17669
263
10939
26173
10084
15934
11706
19331
13159
11944
12659
8074
169
17980
4161
17976
2958
6277
6938
13746
7453
23494
16513
17234
1442
16459
12255
23798
17070
5531
24484
397
3698
13940
10723
16783
9514
8070
13019
26457
26756
12098
10519
26250
7611
5978
6425
26647
12527
10488
11279
107
12274
9604
372
2888
15698
3574
16187
8089
5504
9544
13004
3972
26276
8438
4122
2838
22150
6280
559
7517
16797
17235
548
934
19039
26525
15541
15464
12591
7610
26624
9574
16123
390
17983
11238
3917
16190
12132
1933
6270
16926
9630
9569
5053
19049
15429
18111
15915
3218
16534
7349
8123
16218
12576
10032
4050
26774
17043
18574
3707
5700
26118
11593
16550
18242
165
8075
12581
34
3575
23920
7267
14014
10007
12694
5659
5807
167
6433
18119
15350
10785
310
9797
24614
9990
19517
522
108
12329
15899
23808
13834
3881
4130
354
10931
16779
513
17071
11223
26174
7751
15848
13118
16090
10031
3918
15855
12214
4521
10019
8084
16234
18569
119
15697
7308
3255
11831
4731
25037
4476
16219
9259
9135
16748
4110
7331
5810
3578
6312
15530
5734
2729
3131
17130
5404
12978
8927
10775
26454
12709
16290
15319
12936
1023
16229
10921
518
10513
3573
257
368
11250
17666
11669
15723
5968
26338
7769
13510
9510
18184
4939
11823
18529
12670
16538
4529
13625
3989
19143
26074
9930
26498
18874
3274
26480
198
6722
11951
3888
917
7670
16343
5977
26710
9903
3570
3984
16418
3709
8071
3310
12587
14010
10469
23944
11797
15390
17897
26319
24934
3289
18333
23918
6227
8072
24043
6304
3027
12260
16794
9820
409
9438
15629
25750
15725
7539
7830
331
11254
3960
26928
11950
16113
11674
8081
4144
26229
9875
7600
25538
918
26390
10782
10150
12141
5373
6944
16997
6732
26920
11673
17089
26221
9224
10494
15318
10810
572
10559
3588
3606
17080
2954
330
8087
24816
7548
17657
18919
234
10630
6291
23740
22934
7533
13123
25339
10773
4512
7264
13238
16508
5357
1788
26167
12918
7799
17374
906
26085
10774
17893
16338
26667
26078
17077
17987
13061
7213
3739
26542
16364
24397
7367
11802
16179
12954
5538
7790
3589
4167
16933
13184
16798
90
26697
26254
12960
18131
17310
2022
6283
1414
12583
9603
10008
10783
4517
18030
13363
26091
19031
15384
13521
23969
17078
10778
3968
15938
16544
26284
21613
4229
10161
16458
7568
16938
13511
9420
3318
18589
4116
17352
17073
156
5388
15425
2914
7812
4141
9338
13954
22144
7519
4183
1031
11678
12131
398
3210
26558
13076
7270
11042
18910
16931
12245
6274
17341
9356
19234
1262
183
9541
16091
458
23928
18542
9138
15729
11891
9017
13136
5077
633
15721
17330
15497
4498
2030
17084
3973
15843
26649
17074
4160
10151
18339
17081
17231
3244
11198
26491
21975
8085
5494
3944
7298
16320
10818
15731
13155
16131
26230
26518
517
15400
10099
11237
15838
26752
16520
12248
3577
3767
17659
15545
2826
26638
15306
3764
3338
8080
10455
26129
8194
4496
5614
3788
12964
6276
11399
18341
15310
7758
26421
25294
889
74
26352
7787
11411
9880
13148
12949
26637
11134
6271
16247
360
13305
7309
16208
4472
9566
12785
26561
534
18031
10623
17101
6021
12424
9590
4111
26334
7531
15664
3987
5530
16654
9885
25593
7741
10776
3029
24634
2754
7623
7760
4637
9251
10949
12241
3808
7319
12758
11907
1637
26075
9360
10470
18090
11168
16264
9884
8083
7119
8521
3956
16257
10693
24859
67
18360
18365
1258
450
11888
9879
10834
12966
1026
18522
10788
7511
11138
11658
26653
23736
14078
13009
16049
1141
11688
98
5748
2010
6553
9555
2953
12284
11967
13961
2234
10478
13649
7626
17641
3330
16198
12914
16800
8076
15948
13707
3791
17192
9241
12853
6257
24844
26891
16710
14283
15391
26307
18209
7788
12439
3044
4654
2943
13520
21749
15524
13117
3252
16339
3087
16625
7649
13928
16587
12641
1030
4151
26690
1504
12030
13151
13979
26226
9871
17990
17438
11338
26533
21993
404
4278
26070
11239
12942
3580
16122
154
10789
16259
17759
4117
26103
17277
26072
9296
1143
3731
5106
11681
10332
11677
3287
3761
26923
16930
19686
2057
23704
9536
3591
24693
11717
3899
26854
12277
22234
7838
9005
465
7293
12270
10000
25234
12319
5374
11114
26359
6000
11359
23800
11221
23586
26517
8549
24827
15401
26886
15887
12630
3270
7387
14327
6737
1697
16379
5661
7603
26404
26214
5369
9599
17730
10144
15543
26346
23609
12930
12267
6917
13759
21933
18400
4479
19319
877
10369
8639
3830
2717
5297
16332
12287
12973
15548
15930
253
26343
3735
17697
15540
18096
9240
13069
4145
2104
6422
580
5946
18180
11682
16267
15659
14037
12968
9877
26495
9560
19811
7747
12334
13934
12590
3584
19691
26088
4570
570
4518
1027
24349
7564
4157
16856
4688
9334
5532
10819
371
17394
10229
56
882
12283
15491
9120
8930
6359
9253
1817
7093
7574
17650
5377
15739
10811
1434
16203
8537
12767
15403
11744
3986
19144
911
11671
21793
13189
10197
26071
14321
3585
17359
14119
5371
4633
26516
6281
21994
7534
1437
6438
11854
17678
3975
1503
4501
2780
11796
6012
193
19142
11261
10323
3014
26101
11924
377
12281
12935
2203
2823
4298
8027
26120
4631
3900
18513
13030
26291
9888
1921
12698
5030
7595
26834
3249
26426
7202
16750
5385
16860
5959
11881
17345
4933
23710
3930
21708
3098
5955
18109
20671
15470
1041
872
26355
5730
583
9546
26123
13068
7748
7234
26089
5969
13457
11721
15304
1170
380
17668
3644
3571
168
11864
18386
7848
8198
242
17823
25331
308
9246
15719
5535
8091
13144
18098
2940
6311
18011
8082
21914
18338
24701
4594
7766
13201
7544
24829
6930
10784
15407
4650
18389
131
5834
878
407
4177
17957
13131
10787
10780
15504
26308
7728
16521
629
6596
23831
21996
5947
3824
4256
26345
26634
10791
17319
11350
16444
8659
18351
17525
17464
16524
15903
356
13174
2820
13065
9258
3935
3991
10003
3260
22037
11670
7560
3140
16558
11019
4757
10020
10260
23569
17929
9619
5984
26288
26077
16197
22069
16590
3522
16598
7301
6290
11675
5937
23913
2249
1025
15419
13120
10021
59
3703
1818
12090
13680
25534
12261
10459
3579
12264
21938
18403
6011
15842
17634
26318
10728
15312
11241
12029
11059
17658
6420
3933
12449
155
10683
5586
10142
26450
10145
11747
3992
14111
18221
12700
12975
4497
3797
3936
7740
26076
13623
64
15614
10287
23927
1159
3921
23959
17091
4054
10030
18064
7859
18034
8139
12708
13244
12139
12130
5421
10487
4930
8134
10757
12977
9018
11683
13178
16298
22153
89
16526
5738
12254
23989
9878
14288
6030
7639
15897
5957
3278
11689
22472
9584
10771
26259
7241
5944
26465
3137
26289
15896
9851
11378
5321
16511
7730
3611
9015
15557
4184
26413
25728
10338
15810
8230
3004
26082
18512
24574
871
12791
13015
18599
9950
873
13056
10155
12038
13887
3237
26701
516
14101
16461
18888
11591
23983
13141
2919
9257
10777
13488
9823
4332
11700
5384
180
11931
4510
7714
26397
18058
26270
4830
11795
17618
26255
18559
6191
12513
1622
7724
11406
15818
3807
23490
26486
13630
3804
17120
13052
7572
18994
12018
13259
15634
19784
3634
12501
10228
26080
3490
10321
26180
4502
16641
18037
13110
26916
1444
9003
12161
4179
4844
11659
25548
15738
17083
15519
10174
17076
17718
7386
197
373
4017
15722
17826
18518
26081
9421
26139
137
1691
18093
7172
16804
3865
1713
19451
13485
12598
26636
15956
15480
17833
555
10805
12017
17642
15542
11899
19698
870
9615
1929
11691
2059
888
11687
4166
16755
5391
318
8249
8113
13070
7229
3587
3
9874
3582
13482
5645
10109
16452
13754
15300
1349
14389
26750
13150
4148
1140
5370
875
16580
16588
5358
9656
7575
25729
1721
6306
14074
10649
12572
5115
26218
512
19293
10004
17342
17670
874
9882
5610
10929
18514
10274
17050
5375
12019
7514
750
10950
15551
6664
16410
1028
26711
2107
18356
4238
3149
10068
351
3780
13639
24348
18884
15695
21930
17504
11959
8527
17700
9792
17023
18879
12648
38
18199
7020
20053
6297
5714
17079
25500
16380
15858
20682
14358
16020
24419
3224
5099
13132
3583
13170
4171
603
47
3979
16670
5954
6659
10464
19690
19140
5134
13011
19159
3884
7342
6733
17264
18912
19150
7545
18903
304
1244
7219
24636
20233
24818
22008
12638
26679
379
18465
5564
191
15741
531
15321
9938
12095
23599
2864
13506
15302
11055
8078
12780
7310
11680
5534
5526
17643
618
13147
5111
11520
5291
139
26164
12278
4774
15608
15875
4000
7657
15853
17704
11194
2015
20237
14316
24499
17532
3978
6735
12431
1144
26238
12498
605
2747
551
18330
3961
10124
16030
19458
4687
3258
8090
610
14371
3302
10535
19788
11946
26149
25594
2930
20953
26083
20831
19020
16340
7721
26158
16771
3911
13062
22485
26913
3254
879
5951
18310
17651
17645
4649
16796
630
9902
12247
11811
26342
26706
16101
389
617
3750
7745
1049
17841
1931
26570
2179
19932
17738
16484
3248
6133
15338
5831
17979
8707
585
6287
26487
8434
23950
5527
3246
6394
11883
16084
3705
16631
10064
17087
21910
4137
18359
24487
1340
11710
5674
18550
6458
7781
24703
10505
24359
12310
153
594
12779
24493
8718
26919
26707
3704
11679
13130
9785
401
10083
16221
7303
26941
26306
10530
3668
11942
9881
24034
1294
19928
11653
2235
10769
4632
17944
17891
26084
5417
19032
15367
11703
16031
4061
10544
26336
24889
26424
17427
10289
885
7091
17830
1649
5756
4784
13067
4243
1157
24648
12057
6724
342
15840
4138
7753
5434
17523
21697
12961
10334
23921
17998
12920
15800
5344
9910
1153
9724
10440
17487
22054
20234
13518
5378
26927
15364
22182
16528
22019
7589
1474
25319
13199
6038
10294
17521
5744
13741
18137
1511
24408
25290
25308
12292
24587
4037
18139
5044
18000
4629
9570
9404
1949
18091
26921
11627
12318
9905
5237
19777
11240
8231
16026
3576
12788
3613
2053
4065
9920
4758
7277
5050
11715
14070
7856
11598
18880
7818
9547
12497
2684
17072
16766
18521
18364
3271
14059
12133
18017
117
16085
17129
10935
3558
16635
18191
13631
10510
26719
11676
3926
23923
3557
6964
5380
361
185
13179
161
10932
13289
5418
694
11692
4004
5231
547
16092
11374
3581
11734
9954
9124
17719
5389
17684
25744
11684
16172
18583
21737
19332
9255
7844
3786
16469
10325
16769
1932
18169
2942
12737
11417
12707
3641
7535
6244
7458
7641
7222
659
12149
9873
21703
9723
544
22830
17267
10339
17357
15768
3853
5541
7540
7665
16127
22199
10354
5643
14118
10534
21948
5088
12798
4124
19773
11810
3910
11344
15910
5382
11969
17886
26823
3995
12454
15882
4194
11063
25301
13827
18516
10779
15315
18882
10814
7841
7379
10169
157
13053
11410
13474
12569
10218
11157
2680
3304
48
10250
1158
3667
18056
3426
10812
13055
7278
8098
26159
4213
523
2028
2825
15688
4744
24437
13590
10441
11643
7755
26090
23734
5924
3126
17014
16354
15600
9587
23729
5390
9890
26751
6319
24813
25723
3057
12919
26557
7134
9239
2884
181
13195
9132
16527
14419
13241
22129
7268
24409
15716
11255
15500
18890
4196
23779
13838
10466
10809
3913
2721
12874
10114
16661
13219
2974
6912
13939
8223
16409
9886
11690
11867
4724
4067
13473
3516
221
3266
19681
6439
3730
9618
16802
12592
25296
5658
18877
16594
19499
7201
7141
10025
3030
13489
660
3602
9612
6440
644
17020
2521
10802
12220
19774
16857
3957
12693
11685
537
13
7567
15569
5081
26768
13230
902
10624
17972
18198
11314
5138
957
15724
11804
7508
23922
15743
8978
24943
10477
41
13023
15617
12242
111
17241
2108
14040
10264
4759
164
6904
11328
26704
7250
345
3167
10876
9901
13002
15845
5837
16818
13273
16512
70
15674
10076
17899
3779
23441
12114
2827
8541
6428
7920
194
17539
3267
16254
270
13512
17258
2318
13579
15613
26177
22484
12634
6555
2734
337
2129
15454
3521
23939
3904
2111
26764
17240
6305
24469
12519
26521
8650
3618
3610
5528
3937
4164
17222
8922
21700
2232
1864
17997
11117
13001
3116
10715
3060
12950
3965
9731
5650
4079
12597
18634
3572
10098
9435
1935
19077
24869
10337
12611
12793
18013
5529
3819
9998
11160
14375
7794
3852
18133
16023
16121
26747
11156
2044
7338
9853
3758
22169
7289
15458
912
15330
23555
26758
16335
16803
26156
6198
15554
17756
26897
1623
17653
515
5411
14378
23713
24851
24599
10781
9934
10808
13850
10790
10454
16158
4737
26168
11264
2101
3966
9816
5824
17339
10447
9857
17713
21973
17637
3617
16759
24719
24853
884
26351
18878
19789
17138
10044
7216
11353
524
15428
8238
11974
22025
19785
18441
16157
9794
13134
8533
4602
24956
7530
11805
12974
24343
10727
20864
15547
7325
9144
15498
464
12667
641
13354
24679
4934
3684
4033
11844
12243
11270
3527
10268
9125
10716
3360
4016
13213
6719
21732
6269
18570
10027
2880
26555
19448
19770
12929
6911
738
23958
5381
7777
16323
16738
924
10690
18095
15409
5422
10286
10801
2859
11718
9441
22649
19778
26530
11800
3261
1924
22040
13268
16614
19058
23537
1323
11407
96
11050
9634
4857
21577
18200
26698
10483
9249
15689
11698
9891
15008
19022
19410
2730
16376
15830
656
7035
17456
23745
10753
17430
7244
18891
2011
26171
11530
26496
17112
9416
14370
5034
10163
11821
12644
5684
509
17638
11008
12420
18881
171
17849
8708
21574
15408
3760
15619
4349
26304
10796
890
1743
17969
26688
15864
479
19775
10504
13235
3141
12294
18871
12426
19746
17734
12121
18469
17031
3659
6434
1639
24513
15611
19920
1938
10331
8444
8220
17348
887
16639
9959
5454
10719
109
18555
7026
15872
12901
6848
1154
15000
17655
15730
7128
7599
4630
11774
1812
24639
13622
16083
26568
17243
4746
16440
10443
4742
10067
5376
26378
7520
4198
11697
17468
7536
7587
19782
14293
11549
13958
3691
24589
9008
7592
12787
25717
16780
16653
19781
5942
577
14382
4658
13026
11370
11960
16983
13638
5938
5652
19067
15320
15317
1169
335
989
25769
9357
25243
1174
26893
2807
11793
6906
3869
10248
1257
24341
12619
4590
2828
2018
16777
19514
7843
411
19230
6771
26503
23593
26220
4001
19333
2675
13635
21709
24433
19161
25297
16194
21693
1021
20951
16677
3288
13112
19819
23749
26717
12008
20051
4190
9029
3590
7414
15620
10717
1283
340
2945
6636
17110
6308
11822
21149
8221
13154
22559
14297
15538
1450
26539
3121
10035
11906
10503
26760
18102
20832
20354
3094
24941
15404
10829
13750
17167
104
26881
1510
5958
4494
26205
3931
10533
13483
23772
13218
4069
1785
6839
9883
5988
5639
16775
449
8235
1032
21959
15852
2830
3650
9870
3000
11708
3021
15847
2233
8486
10451
3942
9414
16586
12963
26833
18214
26931
378
10259
9423
11835
7259
5383
26462
10364
12311
3754
26736
10445
2144
5941
3110
4175
540
10214
17242
5945
13763
4319
13471
5523
133
4639
3017
17225
17221
9252
14087
25333
12271
6584
21719
11224
2834
26102
8079
7604
437
188
525
16161
11623
24697
14377
20245
18379
15424
5092
15890
2138
17996
4492
25559
5119
26409
7385
4457
9450
26087
3284
468
16932
3245
635
24583
1499
7354
24588
8914
20694
26172
3943
2907
4858
14384
17198
9553
20018
17854
10079
2789
4125
3161
6131
467
14224
7637
8239
1
15883
26079
11877
17646
8097
7401
13620
22139
12965
11404
30
1640
5078
6430
19771
4244
22470
12338
12702
8928
11267
26092
7031
2952
4014
10090
13142
3531
15344
24398
13478
17530
24659
1022
10744
3230
25713
22477
26507
3654
7177
18318
23925
1130
15648
10800
6017
6272
9274
18019
2756
2897
4850
299
12931
5419
12786
16128
7090
22482
273
12544
23916
9915
5405
11226
7097
22487
18103
24573
4149
123
15764
12104
16358
9790
19440
16153
10844
3321
26850
26692
6551
15402
16584
3755
3954
5387
391
18314
12761
1874
26354
12851
17931
8628
22490
17097
4140
24903
10506
10713
1715
17021
19021
21739
22628
3927
21783
13140
16414
12246
21587
15499
24672
2061
15884
14048
16782
16038
582
24815
1165
26953
15368
3603
7187
19780
16764
15518
17051
77
10850
13744
13125
12304
7364
15448
13677
15958
24820
698
1344
15488
7304
11611
4621
26107
13236
7954
11097
6559
7340
13923
17400
11830
9876
6869
7739
2908
11829
19309
19939
23974
3334
7727
9440
2955
15443
12671
545
6740
329
10278
2688
6149
4838
4920
16377
16791
10448
12733
9247
18875
7101
1507
25323
6302
14341
95
1256
4860
24457
8129
7157
22184
12631
19450
24498
19791
15654
8115
17644
17541
12495
5441
16325
3733
14351
3695
12979
18070
9107
13263
10213
5669
11824
16844
18613
3880
15708
9984
4057
3699
5084
17411
24342
10772
12823
880
15356
16460
21634
8913
13032
10244
9738
3861
7742
15627
13476
2130
12517
7537
4707
17108
5521
5948
25759
7515
7021
17701
10684
24338
17092
12633
8654
1778
24959
5238
22475
26819
4206
26216
26552
21998
11412
15644
10980
10208
2221
14361
3981
17300
8112
3158
17368
25393
24847
12000
4321
16785
19817
17414
16109
15720
21929
26108
18872
10080
9261
24811
24675
10349
6003
19141
9605
17334
5520
18345
9170
16220
3714
395
13057
18876
11861
5943
24402
10319
14069
17490
10898
3154
4290
18062
2867
7716
14239
26098
23768
399
3301
13598
17640
13624
8554
19414
26700
10515
2682
18584
24509
93
283
20823
1789
9668
7317
17123
5667
17750
5425
10518
20950
18929
22127
17567
6517
1448
11130
19350
19444
10641
17228
26241
15742
4181
1334
15911
9449
12296
11354
25721
3290
3717
26761
619
9548
8989
16141
5379
222
19452
17015
9004
15885
7543
15354
21734
1436
26864
13529
12723
24571
18510
3883
26269
17715
11231
16801
3011
25830
9644
8110
5790
16676
8823
9290
2758
4034
11741
12824
22937
5644
12258
24439
22065
11351
5791
26669
7668
26705
23924
14046
10110
9317
4010
8700
4142
18059
3657
530
10119
26163
21785
26361
16260
7391
12995
2876
17764
3638
12056
7392
8642
18511
10930
9244
18155
13294
7761
7679
7499
12783
12647
13248
2707
19441
5991
26914
3279
5934
12596
12750
17224
21934
4926
3889
10042
1034
908
25838
11702
16217
11057
15624
18253
9924
18348
881
10824
2267
15919
12285
12486
9908
21764
7591
13060
2924
25293
10731
2677
18097
19779
12138
16334
929
10538
4538
4011
11768
11834
24449
23254
23748
16202
16849
7847
15004
10379
366
7571
11701
9121
891
2051
8713
6739
8494
22140
10484
3770
18409
15341
3737
23509
2314
15709
13484
742
6432
10043
3977
9141
6435
8538
239
8028
3431
12781
2835
3130
5540
12321
19035
12924
4152
3277
721
16370
9821
99
12305
6329
25384
19824
5415
12290
6590
15750
9814
350
9947
8459
11369
15657
15691
16788
7279
11784
10838
10047
5961
5642
4015
9127
16437
10927
13856
16941
18168
10743
12300
10211
21927
13211
320
15744
11825
597
20713
7381
26428
12738
7849
5819
7248
4811
5091
8911
16238
17288
3313
8519
13629
21961
13502
17318
2334
20059
1723
4119
18371
5697
611
19259
2240
6300
13033
12135
1753
13632
1780
13475
21633
22637
16350
1638
758
11704
18135
7321
17994
23498
4136
18340
14374
2039
13481
23775
22508
3243
26396
9020
14117
4304
22187
4677
8982
9461
25170
17768
12810
19487
8699
26253
16810
2861
15917
13718
1811
7556
538
14394
19274
15399
10548
19459
24411
16367
54
5372
18024
3950
7341
18885
2045
12499
2990
10461
12253
13755
9430
7507
18918
3305
4938
2046
5940
11750
24709
251
7754
10549
7631
6426
3749
19787
23658
21585
15307
17098
10642
1460
26741
7400
16230
5841
11803
1774
16119
26839
9424
7919
1321
160
6008
25188
2822
18575
8429
17420
19418
21629
15904
17864
16205
11826
3314
6421
9390
14355
14051
21919
3843
3296
9047
15957
612
19064
10200
12437
9530
13560
16116
17895
4191
17028
14291
374
7311
13724
1633
1777
13039
1451
24651
10358
9944
3777
5724
24689
33
19818
23375
11583
6903
26714
18240
17712
16192
18347
15508
3871
19513
12154
26702
11732
15680
7085
21931
24710
13817
7300
11184
9991
16730
18378
3631
22001
9300
1751
22488
7837
22259
9739
9164
13051
14385
1146
16397
5406
5749
11348
16718
11100
11
6320
3837
26097
4076
17578
13926
4154
19298
12799
13661
3074
26235
10867
3821
3696
9791
12692
3242
13161
1782
13670
3598
11263
3597
68
8092
12795
18934
12430
3908
11358
3427
16610
18380
9872
7898
23434
14099
4197
18149
13491
13477
13427
24550
3605
10220
11537
18259
12674
10988
19470
1784
19026
17922
14090
13330
3940
24407
18889
2384
6201
18107
13071
7179
14233
20024
10943
3303
3814
5849
19790
12419
25549
15537
25298
5051
13650
21787
15778
26560
19088
11052
7767
18515
4112
8404
9210
15871
11820
12991
6258
1775
17121
9897
1805
9308
3679
8683
2021
2712
15740
730
21684
3356
3150
724
21869
13158
17522
6298
15894
13664
17708
22174
22489
21780
12050
5055
606
16439
16604
11268
2032
16341
21630
13138
3924
20014
16993
17274
11037
10871
26658
4248
22113
227
18068
8353
16556
7580
2118
114
26580
883
22058
12739
2231
10256
18117
16789
23232
410
18252
1469
5024
16821
7783
23804
1868
19924
13757
10458
5640
1529
13621
2966
4260
12613
8347
3629
8897
3945
6597
9442
18370
7784
6721
11955
1004
13264
16430
14388
24049
261
11900
9786
16082
6543
16388
2724
16196
6138
18304
1044
15414
14383
7667
14345
20052
8970
16321
5444
18531
17094
12904
17534
14113
17107
3422
5816
1641
16097
17664
10512
17951
17661
3088
18336
16322
18104
8720
11738
24344
19326
19894
17524
25530
7410
10922
13031
16474
575
10011
12423
22198
11760
25799
16284
14350
1693
3312
19447
13229
18416
13886
22183
6814
26477
26371
16268
17457
5224
8117
3529
12421
15964
13247
25547
6630
7652
2222
7729
16327
7180
14379
12330
9284
3086
898
412
2058
9551
26767
12911
24575
313
7332
11438
17328
3276
3711
22753
9721
18234
2910
17114
11539
11827
21913
4080
15900
12054
12474
2238
17687
12599
9434
10242
4005
7324
10414
17147
21809
26715
8615
23701
9733
17426
12288
13152
10556
18204
18902
300
10217
23503
20679
16258
15477
15881
5047
230
26989
17550
3421
9606
12531
1771
19264
1815
15417
210
18047
26508
9228
18887
13640
25400
9030
5083
7711
3253
15389
23809
4147
7424
6322
3870
9010
1904
7218
15397
13480
12762
16201
18458
18870
10758
15467
11901
1150
15711
7212
8701
5447
25309
2798
469
14284
26858
12776
3234
16812
14066
4058
10721
16074
16304
1291
5525
201
17367
26721
243
2817
5809
5401
11817
24677
5319
19238
8106
11394
10925
16316
3958
18357
9734
26199
11672
16147
22244
25556
7260
26528
16578
14130
12690
22639
26574
344
6296
9999
22000
16200
17061
12289
13737
6307
4763
26999
9154
5597
12125
4624
7772
25568
15920
26689
22933
1459
18311
11893
4924
14084
18883
17444
18577
26540
19701
3497
7037
7170
5975
13215
17157
25601
18455
6424
15718
17851
5624
2784
24450
4205
12612
26251
19548
9126
8254
8498
22633
13187
6557
15891
13064
18123
3433
11190
4921
7551
15779
15422
17921
17825
10446
18004
9957
26975
11858
9540
3633
12617
16151
2824
1445
24643
2879
21990
457
16616
22754
10633
8530
16742
10254
26458
6552
16223
24947
3054
5112
3539
13010
13740
7175
8674
186
6544
15761
5410
16987
9410
13950
23937
13379
10097
14050
13243
19813
2714
3145
13256
8352
5589
10473
17460
3710
4031
12843
6730
22480
5329
1631
16442
24480
4708
6377
10257
13166
8931
3028
876
1298
16169
5629
22478
18039
16776
16408
11840
5467
18186
7274
10249
8977
14373
22148
26223
16626
25661
7247
13240
16457
18258
18194
13594
4002
3939
4153
11391
25439
1770
2535
8988
20369
7436
4667
20959
16850
18227
26407
2858
19145
2024
16617
11841
11384
10002
22110
18611
12303
5960
13688
12119
352
14391
20958
12593
14055
26969
8227
12516
24635
8102
17204
4617
10449
22476
11538
7191
19421
1260
10350
24041
26293
11694
24585
7480
26211
21932
13642
8653
15427
17955
7616
15876
17654
7297
3980
3800
11952
4134
15370
24817
542
7188
16422
9801
9037
3449
16210
8655
897
13626
2055
15444
18387
8454
13857
5102
10977
5085
13007
8678
12618
13487
26094
24858
23953
2960
24668
6303
9006
9781
12695
9439
2674
26143
19776
19339
18998
10798
14030
2814
13470
7195
15974
10976
8990
1821
17105
24848
21611
12432
19803
7913
690
1803
21823
6056
381
2705
15841
19538
13743
2673
4203
17039
10227
10342
15727
14088
5868
10517
11396
24527
5838
5429
9534
12005
12034
12110
12490
13503
17995
25789
26978
8976
25249
2417
23468
7506
7561
15506
18002
13810
7654
317
11324
15866
23931
15567
17370
6019
18560
12858
16623
3850
8310
9426
775
4689
12280
5117
16817
3228
12134
5600
15461
6018
10944
10557
26243
311
15877
20695
9014
17699
17168
7049
20854
9819
26939
7601
19130
11387
9363
22834
19017
6638
15901
20050
7638
9577
3492
5653
20108
17879
622
10085
19783
26432
12658
15908
24047
13181
8630
10367
7383
16239
11943
7579
15434
734
12697
21671
25397
16114
12764
23387
4736
24284
4331
15714
10028
17276
16344
269
10118
10491
664
14034
26600
24825
18344
10022
11364
3656
8448
21964
14357
7661
2704
553
3026
13714
7586
1328
19027
26509
4264
9542
9941
19798
6310
5759
642
2850
7326
10620
16515
3729
3929
10018
17096
21647
17424
1719
8901
3664
9358
13918
10368
7242
187
18738
19030
17058
24393
20231
535
25535
2120
17913
12749
4035
12915
13505
12013
9939
3851
2310
10523
18105
19460
9732
15686
18424
3592
17831
21649
2134
16509
7620
9629
13208
15944
12074
3846
1339
10821
1773
9427
25184
32
1779
12543
22230
13554
18049
17648
8670
19054
9464
4039
3142
10340
18541
7419
26946
16115
6810
20046
23915
13472
7503
25654
62
370
17280
12021
18770
10820
5524
16159
3438
11990
26279
15836
162
13295
22128
8951
11111
13619
8234
9550
2549
10551
4195
4423
8531
1338
11712
5397
12142
13508
10335
16033
19937
22121
11340
20833
24874
6193
12344
4949
23508
16086
7335
3235
6013
15693
3348
21707
3947
12731
12360
7183
907
4182
6734
17270
7578
3776
2069
4499
18368
17729
17760
15380
12639
17261
2722
4495
14038
15949
5768
10700
10324
2718
16630
11725
10907
15941
3732
22479
19926
22009
10209
15549
24673
26406
24404
12167
4324
15754
1325
2342
11657
13734
9575
5648
3792
8669
3020
8520
5655
5987
22146
21690
1776
649
3315
11310
3114
11434
11040
10233
7171
9130
3089
24059
3855
23250
1305
10865
7958
16294
23539
214
7481
19938
11816
6344
10797
3818
17150
10825
3134
21991
23258
3662
13710
13206
14237
14343
10045
22481
18468
16328
15734
3741
16820
17710
16990
11885
21578
12971
4305
8984
22529
10854
24464
3836
2938
4294
22623
26898
5996
8125
6725
16574
13014
10130
3823
10271
26287
5970
7258
19301
11949
1791
5398
3702
9907
21695
21667
3670
15474
15767
15309
17898
11377
3774
14398
19152
7314
15661
10792
3700
12728
15728
2110
7370
15905
8336
16554
21664
13063
5971
18350
19454
21701
11178
17558
11876
7743
11360
5757
9129
25740
25727
22274
2854
5118
15684
11644
26662
18038
1925
17104
17291
13279
18435
16307
1923
24857
7173
17548
18873
4894
11945
15594
15879
18620
2970
11645
8617
4524
22064
23511
6034
18534
25178
3674
673
10137
18656
7238
14352
892
22940
13574
601
11930
23379
14103
18270
9970
13490
21792
21619
26629
21827
347
15834
20678
1506
2870
9467
11227
1819
11174
19556
5286
13249
26740
11845
12273
3858
8688
18552
17378
12610
7334
10231
24950
17660
2189
21659
10759
21720
930
22067
10040
11887
15701
1625
19921
18308
11318
7780
613
17338
1758
11345
15626
8721
4616
4550
11616
9904
9588
11531
8611
7640
17095
16241
5989
5309
18733
24581
13749
17384
8985
4146
2031
16441
25259
13765
4018
9134
18170
14067
7602
79
3621
24649
13245
17647
10497
12434
6199
24278
11984
22630
31
17579
11628
11720
405
1454
26729
1250
4741
22752
7624
9024
21704
21631
12819
5392
12282
1347
3281
16214
920
4919
22758
6024
2401
18598
16979
1452
22158
18537
13674
5953
10001
13968
2239
15358
190
4664
17134
18361
2411
3988
21606
2119
5981
8430
26824
22213
244
23865
1254
16438
7650
12356
9021
20670
20839
12870
17102
22474
17307
13607
1268
12108
18164
11381
4508
1457
3680
7621
10058
18313
3528
3064
6197
18525
343
2703
18355
26311
12315
6550
4327
2683
2689
8912
16420
2122
12558
9191
9462
7118
4040
21605
12813
11030
9009
10434
50
6905
21767
11232
460
7557
16455
10344
3543
17570
23719
18554
7521
23819
10928
3967
677
1320
12266
26874
13037
12912
11460
19443
15339
12703
12178
5708
25241
7131
415
14381
11330
10841
5507
8666
17516
16326
19511
3648
12800
19367
24367
26192
15959
5861
18892
3838
5040
9394
17250
3970
15692
480
6648
4796
19217
24822
438
13925
9728
26401
5774
11619
2300
18561
11355
17688
18520
1458
13736
15479
4026
25408
18089
259
18547
2242
1461
13498
12481
16054
8618
10005
15757
25531
13349
11828
8094
14376
17706
25307
7731
1627
18008
18553
8101
20704
10863
648
12586
16359
18176
12814
13800
7501
8539
12291
11419
8095
21588
18588
5498
720
19815
10438
103
2997
1930
1502
13177
16981
26124
3178
5717
23454
7505
15314
5979
4172
2685
26576
8680
12774
7123
16663
9140
4023
10545
8154
16924
22056
4680
13137
10467
25024
19808
18414
17022
13880
9601
7205
26203
60
2840
2358
26820
20040
11225
3238
12818
13203
5833
20942
17561
1443
4072
110
4041
10034
15416
19464
2124
21027
19154
17544
11458
16657
12804
10681
13322
20943
1024
8369
26617
17100
7099
2936
22710
9992
20134
3308
11921
13479
71
3319
18210
4800
22513
12088
3430
21915
11590
13924
12884
101
22137
13898
8225
18530
10149
26405
7116
23507
17289
26175
6749
15880
9610
11352
9567
12704
2741
25377
21691
6
3842
12539
17999
417
7204
15650
25737
12997
12272
12425
9964
714
10489
19170
17538
10054
1628
25350
13501
4932
2554
24012
16806
7230
19806
26712
22026
13514
1922
12044
11127
15374
10106
3138
8431
278
14144
1790
25770
7951
24033
22491
7502
1860
11894
26212
5804
7490
5439
13320
18580
3697
6910
20219
13942
13547
17890
22124
8567
18950
1927
7975
19249
25171
3845
8111
7176
4176
4534
12484
5786
18269
26096
10322
10453
11641
10016
9242
9923
17421
13261
5082
2399
100
647
19469
17216
16400
3712
24878
8690
12932
7329
5558
10298
13890
14124
5450
4856
1196
26469
3358
4049
26657
9916
17564
5041
11347
19589
15929
431
16445
15846
17331
6441
579
17207
4180
921
2889
7904
7376
14044
5036
3859
15702
18900
2390
16760
3663
26524
10095
7723
725
18377
13811
17297
10540
11018
7791
21738
8915
17417
2949
15360
6634
8939
21977
7181
19226
9422
19248
998
15270
901
24695
12794
10050
18905
16289
25303
4078
9725
2043
24570
15410
7469
6213
26227
23102
2853
22033
20767
17019
10529
4320
21582
7597
18188
19296
895
6900
16772
1342
19933
10418
25120
274
18167
2029
17116
8343
4300
7894
26209
9538
7658
12317
8899
5990
13239
4292
25250
11936
645
16195
10890
11249
1820
15322
23268
15411
18044
11912
19080
15325
5490
17194
18638
10542
12179
11346
18237
15665
10940
8937
5299
13769
3084
8924
13742
10442
8222
11388
24691
12650
252
10794
10959
12716
9967
1524
2671
7083
6660
21650
11269
151
17883
224
11756
21644
11300
22203
439
1197
6874
21607
8991
13530
17398
11695
2244
571
749
14346
10136
4679
15860
9243
9909
4547
15396
19041
17109
7803
15717
22471
26086
10954
2829
19244
4520
16640
23911
19743
12140
7785
21570
18154
17992
6229
6888
5793
18417
9314
8971
4967
7459
2984
18300
10815
4599
25541
12792
7189
10502
4769
7797
3264
10077
22122
5075
16021
719
25619
17355
22740
18337
17542
1322
16384
26798
11770
11882
5949
15704
954
18938
3857
22243
10024
22473
6569
10160
19044
9993
26347
11904
11940
4676
6442
21717
2951
9956
24403
4697
18150
12
16761
10714
11586
6429
17227
6540
17554
13202
3311
14138
5522
9997
16361
13059
13298
218
5832
3493
18566
26577
3596
12450
10170
307
22492
15687
1783
7184
10108
17337
26472
18067
3844
23591
22949
355
25191
18342
4504
1020
1829
3519
615
25544
8450
4503
8974
9839
10275
7565
1787
7206
5607
2225
414
7835
11850
22518
149
3743
11941
621
11754
16429
20044
21960
9250
5867
4379
1440
4743
17690
26835
19941
12846
19004
9749
5316
4958
7182
7532
4225
7775
10941
18
19530
8712
4222
11892
11599
10847
23917
1142
22641
14112
6899
5069
5964
7330
20844
21355
21354
21353
21352
21367
21366
21365
21364
21363
21362
21361
21360
21375
21374
21373
21372
21371
21370
21369
21368
21319
21318
21317
21316
21315
21314
21313
21312
21327
21326
21325
21324
20843
20842
20841
20840
20855
20853
20852
20851
20850
20849
20848
20863
20862
20861
20860
20859
20858
20857
20856
20807
20806
20805
20804
20803
20802
20801
20800
20815
20814
20813
20812
20811
20810
20809
20808
20822
20821
20820
20819
20818
20817
20816
20830
20829
20828
20827
20826
20825
20824
20775
20774
20773
20772
20771
20770
20769
20768
20783
20782
20781
20780
20779
20778
20777
20776
20791
20790
20789
20788
20787
20786
20785
20784
20799
20798
20797
20796
20795
20794
20793
20792
20743
20742
20741
20740
20739
20738
20737
20736
20751
20750
20749
20748
20747
20746
20745
20744
20759
20758
20757
20756
20755
20754
20753
20752
20766
20765
20764
20763
20762
20761
20760
20711
20710
20709
20708
20707
20706
20705
20719
20718
20717
20716
20715
20714
20712
20727
20726
20725
20724
20723
20722
20721
20720
20735
20734
20733
20732
20731
20730
20729
20728
20677
20676
20675
20674
20673
20672
20687
20686
20685
20684
20683
20681
20680
20693
20692
20691
20690
20689
20688
20703
20702
20701
20700
20699
20698
20697
20696
20647
20646
20645
20644
20643
20642
20641
20640
20655
20654
20653
20652
20651
20650
20649
20648
20663
20662
20661
20660
20659
20658
20657
20656
20669
20668
20667
20666
20665
20664
20615
20614
20613
20612
20611
20610
20609
20608
20623
20622
20621
20620
20619
20618
20617
20616
20631
20630
20629
20628
20627
20626
20625
20624
20639
20638
20637
20636
20635
20634
20633
20632
20583
20582
20581
20580
20579
20578
20577
20576
20591
20590
20589
20588
20587
20586
20585
20584
20599
20598
20597
20596
20595
20594
20593
20592
20607
20606
20605
20604
20603
20602
20601
20600
20551
20550
20549
20548
20547
20546
20545
20544
20559
20558
20557
20556
20555
20554
20553
20552
20567
20566
20565
20564
20563
20562
20561
20560
20575
20574
20573
20572
20571
20570
20569
20568
20519
20518
20517
20516
20515
20514
20513
20512
20527
20526
20525
20524
20523
20522
20521
20520
20535
20534
20533
20532
20531
20530
20529
20528
20543
20542
20541
20540
20539
20538
20537
20536
20487
20486
20485
20484
20483
20482
20481
20480
20495
20494
20493
20492
20491
20490
20489
20488
20503
20502
20501
20500
20499
20498
20497
20496
20511
20510
20509
20508
20507
20506
20505
20504
20455
20454
20453
20452
20451
20450
20449
20448
20463
20462
20461
20460
20459
20458
20457
20456
20471
20470
20469
20468
20467
20466
20465
20464
20479
20478
20477
20476
20475
20474
20473
20472
20423
20422
20421
20420
20419
20418
20417
20416
20431
20430
20429
20428
20427
20426
20425
20424
20439
20438
20437
20436
20435
20434
20433
20432
20447
20446
20445
20444
20443
20442
20441
20440
20391
20390
20389
20388
20387
20386
20385
20384
20399
20398
20397
20396
20395
20394
20393
20392
20407
20406
20405
20404
20403
20402
20401
20400
20415
20414
20413
20412
20411
20410
20409
20408
20359
20358
20357
20356
20355
20353
20352
20367
20366
20365
20364
20363
20362
20361
20360
20375
20374
20373
20372
20371
20370
20368
20383
20382
20381
20380
20379
20378
20377
20376
20327
20326
20325
20324
20323
20322
20321
20320
20335
20334
20333
20332
20331
20330
20329
20328
20343
20342
20341
20340
20339
20338
20337
20336
20351
20350
20349
20348
20347
20346
20345
20344
20295
20294
20293
20292
20291
20290
20289
20288
20303
20302
20301
20300
20299
20298
20297
20296
20311
20310
20309
20308
20307
20306
20305
20304
20319
20318
20317
20316
20315
20314
20313
20312
20263
20262
20261
20260
20259
20258
20257
20256
20271
20270
20269
20268
20267
20266
20265
20264
20279
20278
20277
20276
20275
20274
20273
20272
20287
20286
20285
20284
20283
20282
20281
20280
20230
20229
20228
20227
20226
20225
20224
20239
20238
20236
20235
20232
20247
20246
20244
20243
20242
20241
20240
20255
20254
20253
20252
20251
20250
20249
20248
20199
20198
20197
20196
20195
20194
20193
20192
20207
20206
20205
20204
20203
20202
20201
20200
20215
20214
20213
20212
20211
20210
20209
20208
20223
20222
20221
20220
20218
20217
20216
20167
20166
20165
20164
20163
20162
20161
20160
20175
20174
20173
20172
20171
20170
20169
20168
20183
20182
20181
20180
20179
20178
20177
20176
20191
20190
20189
20188
20187
20186
20185
20184
20135
20133
20132
20131
20130
20129
20128
20143
20142
20141
20140
20139
20138
20137
20136
20151
20150
20149
20148
20147
20146
20145
20144
20159
20158
20157
20156
20155
20154
20153
20152
20103
20102
20101
20100
20099
20098
20097
20096
20111
20110
20109
20107
20106
20105
20104
20119
20118
20117
20116
20115
20114
20113
20112
20127
20126
20125
20124
20123
20122
20121
20120
20071
20070
20069
20068
20067
20066
20065
20064
20079
20078
20077
20076
20075
20074
20073
20072
20087
20086
20085
20084
20083
20082
20081
20080
20095
20094
20093
20092
20091
20090
20089
20088
20039
20038
20037
20036
20035
20034
20033
20032
20047
20045
20043
20042
20041
20055
20054
20049
20048
20063
20062
20061
20060
20058
20057
20056
20007
20006
20005
20004
20003
20002
20001
20000
20015
20013
20012
20011
20010
20009
20008
20023
20022
20021
20020
20019
20017
20016
20031
20030
20029
20028
20027
20026
20025
19975
19974
19973
19972
19971
19970
19969
19968
19983
19982
19981
19980
19979
19978
19977
19976
19991
19990
19989
19988
19987
19986
19985
19984
19999
19998
19997
19996
19995
19994
19993
19992
19943
19942
19940
19936
19951
19950
19949
19948
19947
19946
19945
19944
19959
19958
19957
19956
19955
19954
19953
19952
19967
19966
19965
19964
19963
19962
19961
19960
19911
19910
19909
19908
19907
19906
19905
19904
19919
19918
19917
19916
21387
21386
21385
21384
21399
21398
21397
21396
21395
21394
21393
21392
21407
21406
21405
21404
21403
21402
21401
21400
21351
21350
21349
21348
21347
21346
21345
21344
21359
21358
21357
21356
19915
19914
19913
19912
19927
19925
19923
19922
19935
19934
19931
19930
19929
19879
19878
19877
19876
19875
19874
19873
19872
19887
19886
19885
19884
19883
19882
19881
19880
19895
19893
19892
19891
19890
19889
19888
19903
19902
19901
19900
19899
19898
19897
19896
19847
19846
19845
19844
19843
19842
19841
19840
19855
19854
19853
19852
19851
19850
19849
19848
19863
19862
19861
19860
19859
19858
19857
19856
19871
19870
19869
19868
19867
19866
19865
19864
19814
19812
19810
19809
19823
19822
19821
19820
19816
19831
19830
19829
19828
19827
19826
19825
19839
19838
19837
19836
19835
19834
19833
19832
19786
19799
19797
19796
19795
19794
19793
19792
19807
19805
19804
19802
19801
19800
19751
19750
19749
19748
19747
19745
19744
19759
19758
19757
19756
19755
19754
19753
19752
19767
19766
19765
19764
19763
19762
19761
19760
19772
19769
19768
19719
19718
19717
19716
19715
19714
19713
19712
19727
19726
19725
19724
21419
21418
21417
21416
21431
21430
21429
21428
21427
21426
21425
21424
21439
21438
21437
21436
21435
21434
21433
21432
21383
21382
21381
21380
21379
21378
21377
21376
21391
21390
21389
21388
19723
19721
19720
19735
19734
19733
19732
19731
19730
19729
19728
19742
19740
19739
19738
19737
19736
19687
19685
19684
19683
19682
19680
19695
19694
19693
19692
19689
19688
19703
19702
19700
19699
19696
19711
19710
19709
19708
19707
19706
19705
19704
19655
19654
19653
19652
19651
19650
19649
19648
19663
19662
19661
19660
19659
19658
19657
19656
19671
19670
19669
19668
19667
19666
19665
19664
19679
19678
19677
19676
19675
19674
19673
19672
19623
19622
19621
19620
19619
19618
19617
19616
19631
19630
19629
19628
19627
19626
19625
19624
19639
19638
19637
19636
19635
19634
19633
19632
19647
19646
19645
19644
19643
19642
19641
19640
19591
19590
19588
19587
19586
19585
19584
19599
19598
19597
19596
19595
19594
19593
19592
19607
19606
19605
19604
19603
19602
19601
19600
19615
19614
19613
19612
19611
19610
19609
19608
19559
19558
19557
19555
19554
19553
19552
19567
19566
19565
19564
19563
19562
19561
19560
19575
19574
19573
19572
19571
19570
19569
19568
19583
19582
19581
19580
19579
19578
19577
19576
19527
19526
19525
19524
19523
19522
19521
19520
19535
19534
19533
19532
19531
19529
19528
19543
19542
19541
19540
19539
19537
19536
19551
19550
19549
19547
19546
19545
19544
19495
19494
19493
19492
19491
19490
19489
19488
19503
19502
19501
19500
19498
19497
19496
19510
19509
19508
19507
19506
19505
19519
19518
19516
19515
19512
19463
19462
19461
19457
19456
19471
19468
19467
19466
19465
19479
19478
19477
19476
19475
19474
19473
19472
19486
19485
19484
19483
19482
19481
19480
19431
19430
19429
19428
19427
19426
19425
19424
19439
19438
19437
19436
19435
19434
19433
19432
19446
19442
19455
19453
19449
19399
19398
19397
19396
19395
19394
19393
19392
19407
19406
19405
19404
21451
21450
21449
21448
21463
21462
21461
21460
21459
21458
21457
21456
21471
21470
21469
21468
21467
21466
21465
21464
21415
21414
21413
21412
21411
21410
21409
21408
21423
21422
21421
21420
19403
19402
19401
19400
19415
19413
19412
19411
19409
19408
19423
19422
19420
19419
19417
19416
19366
19365
19364
19363
19362
19361
19360
19375
19374
19373
19372
19371
19370
19369
19368
19383
19382
19381
19380
19379
19378
19377
19376
19391
19390
19389
19388
19387
19386
19385
19384
19335
19334
19329
19328
19343
19342
19341
19340
19338
19336
19351
19348
19347
19346
19345
19344
19359
19358
19357
19356
19355
19354
19353
19352
19303
19302
19300
19299
19297
19311
19310
19307
19306
19305
19304
19318
19317
19316
19315
19314
19313
19312
19327
19325
19324
19323
19322
19321
19320
19271
19270
19269
19268
19267
19266
19265
19279
19278
19277
19276
19275
19273
19272
19287
19286
19285
19284
19283
19282
19281
19280
19295
19292
19291
19290
19288
19239
19237
19236
19235
19233
19232
19247
19246
19245
19243
19242
19241
19240
19255
19254
19253
19252
19251
19250
19263
19262
19261
19260
19258
19257
19256
19207
19206
19205
19204
19203
19202
19201
19200
19215
19214
19213
19212
19211
19210
19209
19208
19223
19222
19221
19220
19219
19218
19216
19231
19229
19228
19227
19225
19224
19175
19174
19173
19172
19171
19168
19183
19182
19181
19180
19179
19178
19177
19176
19191
19190
19189
19188
19187
19186
19185
19184
19199
19198
19197
19196
19195
19194
19193
19192
19139
19138
19137
19136
19149
19148
21483
21482
21481
21480
21495
21494
21493
21492
21491
21490
21489
21488
21503
21502
21501
21500
21499
21498
21497
21496
21447
21446
21445
21444
21443
21442
21441
21440
21455
21454
21453
21452
19147
19156
19155
19167
19166
19165
19164
19163
19162
19160
19111
19110
19109
19108
19107
19106
19105
19104
19119
19118
19117
19116
19115
19114
19113
19112
19127
19126
19125
19124
19123
19122
19121
19120
19135
19134
19133
19132
19131
19129
19128
19079
19078
19076
19075
19074
19073
19072
19087
19086
19085
19084
19083
19082
19081
19095
19094
19093
19092
19091
19090
19089
19103
19102
19101
19100
19099
19098
19097
19096
19047
19046
19045
19043
19042
19040
19055
19053
19052
19051
19050
19048
19063
19062
19061
19060
19059
19057
19056
19071
19070
19069
19068
19066
19065
19015
19014
19013
19012
19011
19010
19009
19008
19019
19018
19016
19028
19025
19024
19036
19034
18983
18982
18981
18980
18979
18978
18977
18976
18991
18990
18989
18988
21515
21514
21513
21512
21527
21526
21525
21524
21523
21522
21521
21520
21535
21534
21533
21532
21531
21530
21529
21528
21479
21478
21477
21476
21475
21474
21473
21472
21487
21486
21485
21484
18987
18986
18985
18984
18999
18997
18996
18995
18993
18992
19007
19006
19005
19003
19002
19001
19000
18951
18949
18948
18947
18946
18945
18944
18959
18958
18957
18956
18955
18954
18953
18952
18967
18966
18965
18964
18963
18962
18961
18960
18975
18974
18973
18972
18971
18970
18969
18968
18916
18915
18914
18927
18926
18925
18924
18923
18922
18921
18920
18935
18933
18932
18931
18930
18928
18943
18942
18941
18940
18939
18937
18936
18886
18895
18894
18893
18901
18899
18898
18897
18896
18909
18908
18907
18904
18855
18854
18853
18852
18851
18850
18849
18848
18863
18862
18861
18860
21547
21546
21545
21544
21559
21558
21557
21556
21555
21554
21553
21552
21567
21566
21565
21564
21563
21562
21561
21560
21511
21510
21509
21508
21507
21506
21505
21504
21519
21518
21517
21516
18859
18858
18857
18856
18869
18868
18867
18866
18865
18864
18823
18822
18821
18820
18819
18818
18817
18816
18831
18830
18829
18828
18827
18826
18825
18824
18839
18838
18837
18836
18835
18834
18833
18832
18847
18846
18845
18844
18843
18842
18841
18840
18791
18790
18789
18788
18787
18786
18785
18784
18799
18798
18797
18796
18795
18794
18793
18792
18807
18806
18805
18804
18803
18802
18801
18800
18815
18814
18813
18812
18811
18810
18809
18808
18759
18758
18757
18756
18755
18754
18753
18752
18767
18766
18765
18764
18763
18762
18761
18760
18775
18774
18773
18772
18771
18769
18768
18783
18782
18781
18780
18779
18778
18777
18776
18727
18726
18725
18724
18723
18722
18721
18720
18735
18734
18732
18731
18730
18729
18728
18743
18742
18741
18740
18739
18737
18736
18751
18750
18749
18748
18747
18746
18745
18744
18695
18693
18692
18691
18690
18689
18688
18703
18702
18701
18700
18699
18698
18697
18696
18711
18710
18709
18708
18707
18706
18705
18704
18719
18718
18717
18716
18715
18714
18713
18712
18663
18662
18661
18660
18659
18658
18657
18671
18670
18669
18668
18667
18666
18665
18664
18679
18678
18677
18676
18675
18674
18673
18672
18687
18686
18685
18684
18683
18682
18681
18680
18631
18630
18629
18628
18627
18626
18625
18624
18639
18637
18636
18635
18633
18632
18647
18646
18645
18644
18643
18642
18641
18640
18655
18654
18653
18652
18651
18650
18649
18648
18597
18596
18595
18594
18593
18592
18607
18606
18605
18604
18603
18602
18601
18600
18615
18614
18612
18610
18609
18608
18623
18622
18621
18619
18618
18617
18616
18567
18565
18564
18563
18562
18573
18572
18571
18568
18582
18581
18579
18576
18591
18590
18586
18585
18535
18533
18532
18543
21579
21576
21591
21590
21589
21586
21584
21599
21598
21597
21596
21595
21594
21593
21592
21543
21542
21541
21540
21539
21538
21537
21536
21551
21550
21549
21548
18538
18536
18549
18546
18545
18557
18556
18503
18502
18501
18500
18499
18498
18497
18496
18509
18508
18507
18506
18505
18504
18526
18471
18470
18467
18466
18464
18478
18477
18476
18475
18474
18473
18472
18487
18486
18485
18484
18483
18482
18481
18480
18495
18494
18493
18492
18491
18490
18489
18488
18439
18438
18437
18436
18434
18433
18432
18447
18446
18445
18444
21610
21609
21608
21623
21622
21621
21620
21618
21617
21616
21628
21627
21626
21625
21624
21575
21573
21572
21571
21569
21568
21583
21581
21580
18443
18442
18440
18453
18452
18451
18450
18449
18448
18463
18462
18461
18460
18459
18457
18456
18407
18406
18405
18404
18402
18401
18415
18413
18412
18411
18410
18423
18422
18421
18420
18418
18431
18430
18429
18428
18427
18426
18425
18374
18373
18369
18383
18382
18381
21643
21642
21641
21640
21655
21654
21653
21652
21651
21648
21663
21662
21661
21660
21658
21657
21656
21604
21603
21602
21601
21600
21615
21614
21612
18376
18391
18388
18385
18384
18399
18397
18395
18392
18343
18346
18358
18353
18352
18367
18366
18363
18362
18309
18307
18306
18305
18316
18315
18312
18327
18326
18325
18324
18323
18322
18321
18320
18335
18332
18331
18329
18328
18279
18278
18277
18276
18275
18274
18273
18272
18287
18286
18285
18284
18283
18282
18281
18280
18295
18294
18293
18292
18291
18290
18289
18288
18303
18302
18301
18299
18298
18297
18296
18247
18246
18245
18244
18243
18241
18255
18254
21675
21674
21673
21672
21687
21686
21685
21683
21682
21681
21680
21692
21689
21688
21639
21638
21637
21636
21635
21632
21646
21645
18251
18250
18249
18248
18263
18262
18261
18260
18257
18256
18271
18268
18267
18266
18265
18264
18215
18213
18212
18211
18208
18223
18222
18220
18219
18218
18217
18216
18231
18230
18229
18228
18226
18225
18224
18239
18238
18236
18235
18233
18232
18183
18182
18181
18179
18178
18177
18190
18189
18187
18185
18197
18196
18195
18193
18192
18207
18206
18205
18203
18202
18201
18151
18148
18147
18146
18145
18144
18159
18158
18157
18156
18153
18152
18166
18165
18163
18162
18161
18160
18175
18174
18173
18172
18171
18118
18116
18115
18114
18113
18112
18127
18126
18124
21706
21705
21718
21716
21715
21714
21713
21712
21727
21726
21725
21724
21723
21722
21721
21670
21669
21668
21666
21665
21679
21678
21677
21676
18122
18121
18120
18134
18132
18130
18129
18128
18143
18142
18141
18140
18136
18087
18086
18085
18084
18083
18082
18081
18080
18092
18088
18099
18110
18106
18055
18054
18053
18052
18051
18050
18048
18063
18061
18060
21736
21751
21750
21748
21747
21746
21745
21744
21759
21758
21757
21756
21755
21754
21753
21752
21702
21699
21698
21696
21711
21710
18057
18071
18069
18066
18065
18079
18078
18077
18076
18075
18074
18073
18072
18023
18022
18021
18020
18018
18016
18029
18028
18027
18026
18025
18036
18035
18033
18032
18046
18045
18043
18042
18040
17986
21771
21770
21769
21768
21782
21781
21779
21778
21777
21776
21791
21790
21789
21788
21735
21731
21730
21729
21728
21743
21742
21741
21740
17993
18007
18006
18005
18003
18001
18015
18014
18012
18010
18009
17959
17958
17956
17954
17953
17952
17967
17966
17965
17964
17963
17962
17961
17960
17968
17926
17925
17924
17920
17935
17934
17933
17932
21803
21802
21801
21800
21815
21813
21812
21811
21810
21808
21822
21821
21820
21819
21818
21817
21816
21766
21765
21763
21762
21761
21760
21775
21774
21773
21772
17930
17928
17943
17942
17941
17940
17939
17938
17937
17936
17950
17949
17948
17947
17946
17945
17894
17892
17889
17888
17903
17902
17900
17896
17911
17910
17909
17908
17907
17906
17905
17904
17918
17917
17916
17915
17914
17912
17863
17862
17861
17860
17859
17858
17857
17856
17871
17870
17869
17868
17867
17866
17865
17878
17877
17876
17875
17874
17873
17872
17887
17885
17884
17882
17881
17880
17829
17828
17827
17824
17839
17836
17834
17832
17847
17846
17845
17844
17843
17842
17840
17855
17853
17852
17848
17799
17798
17797
17796
17795
17794
17793
17792
17807
17806
17805
17804
21835
21834
21833
21832
21847
21846
21845
21844
21843
21842
21841
21840
21855
21854
21853
21852
21851
21850
21849
21848
21798
21797
21796
21795
21794
21807
21806
21805
21804
17803
17802
17801
17800
17815
17814
17813
17812
17811
17810
17809
17808
17822
17821
17820
17819
17818
17817
17816
17767
17766
17765
17763
17762
17761
17775
17774
17773
17772
17771
17770
17769
17783
17782
17781
17780
17779
17778
17777
17776
17791
17790
17789
17788
17787
17786
17785
17784
17735
17733
17732
17731
17728
17743
17742
17741
17740
17739
17737
17736
17751
17749
17748
17747
17746
17745
17744
17758
17757
17755
17754
17753
17752
17702
17698
17696
17711
17709
17707
17705
17716
17714
17727
17726
17725
17724
17723
17722
17721
17720
17671
17667
17665
17679
17677
17676
21867
21866
21865
21864
21879
21878
21877
21876
21875
21874
21873
21872
21887
21886
21885
21884
21883
21882
21881
21880
21831
21830
21829
21828
21826
21825
21824
21839
21838
21837
21836
17675
17673
17672
17686
17685
17683
17682
17681
17680
17695
17694
17693
17692
17691
17689
17639
17635
17633
17632
17649
17663
17662
17656
17607
17606
17605
17604
17603
17602
17601
17600
17615
17613
17612
21899
21898
21897
21896
21909
21907
21906
21905
21918
21917
21916
21912
21863
21862
21861
21860
21859
21858
21857
21856
21871
21870
21868
17611
17609
17608
17623
17622
17621
17620
17619
17617
17616
17631
17629
17628
17627
17626
17625
17575
17574
17573
17572
17571
17569
17568
17583
17582
17581
17580
17577
17576
17591
17590
17589
17588
17587
17586
17585
17584
17599
17598
17597
17596
17595
17594
17593
17592
17543
17536
17551
17547
17546
17545
17559
17557
17556
17555
17553
17552
17566
17565
17563
17562
17560
17511
17510
17509
17508
17507
17506
17505
17519
17518
17517
17515
17514
17513
17512
17527
17520
17529
17528
17479
17478
17477
17476
17475
17474
17473
17472
17486
17485
17484
21928
21943
21942
21940
21939
21937
21936
21951
21950
21949
21947
21946
21945
21944
21895
21894
21893
21892
21891
21890
21889
21888
21903
21902
21901
21900
17483
17482
17481
17480
17495
17493
17492
17491
17489
17488
17503
17502
17501
17500
17499
17497
17496
17447
17446
17445
17443
17442
17441
17440
17455
17454
17453
17452
17451
17450
17449
17448
17463
17462
17461
17459
17458
17471
17470
17469
17467
17466
17465
17415
17413
17412
17410
17409
17408
17423
17422
17419
17418
17416
17431
17429
17428
17425
17439
17437
17436
17435
17433
17432
17383
17382
17381
17380
17379
17377
17376
17391
17390
17389
17388
21963
21962
21974
21972
21971
21970
21969
21968
21983
21982
21981
21980
21979
21978
21976
21926
21925
21924
21923
21922
21921
21920
21935
17387
17386
17385
17399
17397
17396
17395
17393
17392
17407
17406
17405
17404
17403
17402
17401
17349
17347
17356
17366
17365
17364
17363
17362
17360
17375
17373
17372
17371
17317
17316
17315
17313
17312
17327
17326
17325
21995
21992
22007
22006
22005
22004
22003
22002
22015
22014
22013
22012
22011
22010
21958
21957
21956
21955
21954
21953
21952
21967
21966
21965
17323
17322
17321
17320
17335
17333
17332
17329
17336
17287
17286
17285
17284
17283
17282
17281
17295
17294
17293
17292
17290
17303
17302
17301
17299
17298
17296
17311
17309
17308
17306
17305
17304
17255
17254
17253
17252
17251
17248
17263
17262
17260
17259
17257
17256
17271
17269
17268
17266
17265
17279
17278
17275
17273
17272
17219
17218
17217
17229
22027
22024
22039
22038
22036
22035
22034
22032
22047
22046
22045
22044
22043
22042
22041
21989
21988
21987
21986
21985
21984
21999
21997
17236
17247
17246
17245
17244
17191
17190
17189
17188
17187
17186
17185
17184
17199
17197
17196
17195
17193
17206
17205
17203
17202
17201
17200
17215
17214
17213
17212
17211
17210
17209
17208
17159
17158
17156
17155
17154
17153
17152
17166
17165
17164
17163
17162
17161
17160
17175
17174
17173
17172
17171
17170
17169
17183
17182
17181
17180
17179
17178
17177
17176
17127
17126
17125
17124
17122
17135
17133
17132
22059
22057
22071
22070
22068
22066
22079
22078
22077
22076
22075
22074
22073
22072
22023
22022
22021
22020
22018
22017
22016
22031
22030
22029
22028
17131
17128
17143
17142
17141
17140
17139
17137
17136
17151
17149
17148
17146
17145
17144
17093
17099
17063
17062
17060
17059
17056
17068
22091
22090
22089
22088
22103
22102
22101
22100
22099
22098
22097
22096
22111
22109
22108
22107
22106
22105
22104
22055
22053
22052
22051
22050
22049
22048
22063
22062
22061
22060
17067
17066
17065
17064
17086
17030
17029
17026
17025
17024
17038
17037
17036
17035
17034
17033
17032
17047
17046
17045
17044
17042
17041
17040
17055
17054
17053
17052
17049
17048
16996
16995
16994
16992
17007
17006
17005
17004
22123
22135
22134
22133
22132
22131
22130
22143
22142
22141
22136
22087
22086
22085
22084
22083
22082
22081
22080
22095
22094
22093
22092
17003
17002
17001
17000
17012
17011
17010
17009
17008
17018
17017
16967
16966
16965
16964
16963
16962
16961
16960
16975
16974
16973
16972
16971
16970
16969
16968
16982
16980
16978
16977
16976
16989
16988
16986
16985
16984
16935
16934
16929
16928
16943
16942
16940
16939
16936
16951
16950
16949
16948
16947
16946
16945
16944
16959
16958
16957
16956
16955
16954
16953
16952
16903
16902
16901
16900
16899
16898
16897
16896
16911
16910
16909
16908
16907
16906
16905
16904
16919
16918
16917
16916
16915
16914
16913
16912
16927
16925
16922
16921
16920
16871
16870
16869
16868
16867
16866
16865
16864
16879
16878
16877
16876
16875
16874
16873
16872
16887
16886
16885
16884
16883
16882
16881
16880
16895
16894
16893
16892
16891
16890
16889
16888
16839
16837
16836
16835
16833
16832
16847
16846
16845
22155
22154
22152
22167
22166
22165
22164
22163
22162
22161
22160
22175
22173
22172
22171
22170
22168
22119
22117
22116
22115
22112
22126
22125
16843
16842
16841
16840
16855
16854
16853
16852
16851
16848
16863
16862
16861
16859
16858
16807
16805
16814
16809
16808
16823
16822
16819
16816
16831
16829
16828
16827
16826
16825
16824
16773
16768
22186
22185
22197
22196
22195
22194
22193
22192
22207
22206
22205
22204
22202
22201
22200
22151
22149
22147
22145
22157
22156
16786
16795
16793
16792
16743
16741
16739
16737
16736
16751
16749
22219
22218
22217
22216
22231
22229
22228
22227
22226
22225
22224
22239
22238
22237
22236
22235
22233
22232
22181
22180
22179
22177
22176
22191
22190
22188
16747
16746
16745
16758
16757
16756
16753
16752
16767
16765
16763
16762
16711
16709
16708
16707
16706
16705
16704
16719
16717
16716
16715
16713
16712
16727
16726
16725
16724
16723
16722
16721
16720
16735
16734
16733
16732
16731
16729
16728
16679
16678
16675
16674
16673
16672
16687
16686
16685
16684
16683
16682
16681
16680
16695
16694
16693
16692
16691
16690
16689
16688
16703
16702
16701
16700
16699
16698
16697
16696
16647
16646
16645
16644
16643
16642
16655
16652
16651
16649
16648
16662
16660
16659
16656
16671
16669
16668
16666
16665
16615
16613
16612
16611
16609
16608
16621
16620
22251
22250
22249
22248
22263
22262
22261
22260
22258
22257
22256
22271
22270
22269
22268
22267
22266
22265
22264
22215
22214
22212
22211
22210
22209
22208
22223
22222
22221
22220
16619
16618
16629
16628
16627
16624
16638
16636
16634
16583
16582
16581
16579
16577
16576
16591
16589
16585
16599
16597
16596
16595
16593
16592
16607
16606
16605
16603
16602
16601
16600
16551
16549
16548
16547
16546
16545
16559
16555
16553
16552
16567
16566
16565
16563
16562
16561
16575
16573
16572
16571
16570
16569
16519
16518
16516
16525
22283
22282
22281
22280
22295
22294
22293
22292
22291
22290
22289
22288
22303
22302
22301
22300
22299
22298
22297
22296
22247
22246
22245
22242
22241
22240
22255
22254
22253
22252
16523
16522
16535
16533
16532
16531
16543
16542
16541
16540
16539
16537
16536
16487
16486
16485
16483
16482
16481
16480
16495
16494
16493
16492
16491
16490
16489
16488
16503
16502
16501
16499
16498
16497
16510
16507
16506
16505
16449
16448
16463
16462
16456
16471
16470
16468
16467
16466
16465
16464
16479
16478
16477
16476
16475
16473
16472
16423
16421
16419
16417
16416
16431
16428
22315
22314
22313
22312
22327
22326
22325
22324
22323
22322
22321
22320
22335
22334
22333
22332
22331
22330
22329
22328
22279
22278
22277
22276
22275
22273
22272
22287
22286
22285
22284
16427
16426
16425
16436
16435
16434
16433
16432
16447
16391
16390
16389
16387
16386
16385
16399
16398
16396
16395
16394
16393
16392
16407
16406
16405
16404
16403
16402
16401
16415
16413
16412
16411
16357
16356
16355
16353
16352
16366
16365
16363
16362
16360
16375
16374
16373
16372
16371
16369
16368
16383
16382
16381
16378
22347
22346
22345
22344
22359
22358
22357
22356
22355
22354
22353
22352
22367
22366
22365
22364
22363
22362
22361
22360
22311
22310
22309
22308
22307
22306
22305
22304
22319
22318
22317
22316
16342
16336
16351
16348
16347
16346
16345
16295
16293
16292
16291
16288
16303
16302
16301
16300
16299
16297
16296
16311
16310
16309
16308
16306
16305
16319
16318
16317
16315
16314
16313
16312
16263
16262
16261
16256
16271
16270
16269
16266
16265
16279
16278
16277
16276
16275
16273
16272
16287
16286
16285
16283
16282
16281
16280
16231
16228
16227
16226
16225
16224
16237
16236
22379
22378
22377
22376
22391
22390
22389
22388
22387
22386
22385
22384
22399
22398
22397
22396
22395
22394
22393
22392
22343
22342
22341
22340
22339
22338
22337
22336
22351
22350
22349
22348
16235
16233
16232
16246
16245
16243
16242
16240
16255
16253
16252
16251
16249
16248
16199
16193
16207
16204
16215
16209
16222
16216
16167
16166
16165
16164
16163
16162
16160
22411
22410
22409
22408
22423
22422
22421
22420
22419
22418
22417
22416
22431
22430
22429
22428
22427
22426
22425
22424
22375
22374
22373
22372
22371
22370
22369
22368
22383
22382
22381
22380
16168
16186
16135
16134
16133
16132
16130
16129
16142
16140
16139
16138
16137
16136
16150
16149
16148
16146
16145
16144
16156
16155
16154
16152
16103
16102
16100
16096
16111
16110
16108
22443
22442
22441
22440
22455
22454
22453
22452
22451
22450
22449
22448
22463
22462
22461
22460
22459
22458
22457
22456
22407
22406
22405
22404
22403
22402
22401
22400
22415
22414
22413
22412
16107
16106
16105
16104
16118
16117
16112
16126
16125
16124
16120
16071
16070
16069
16068
16067
16066
16065
16064
16079
16078
16077
16076
16075
16073
16072
16087
16080
16095
16094
16089
16088
16037
16036
16035
16034
16032
16047
16046
16045
16044
16043
16042
16041
16040
16055
16053
16052
16051
16050
16048
16063
16062
16061
16060
16059
16058
16057
16056
16007
16006
16005
16004
16003
16002
16001
16000
16015
16014
16013
16012
22486
22483
22495
22494
22493
22439
22438
22437
22436
22435
22434
22433
22432
22447
22446
22445
22444
16011
16010
16009
16008
16022
16019
16018
16017
16016
16029
16028
16027
16025
16024
15975
15973
15972
15971
15970
15969
15968
15983
15982
15981
15980
15979
15978
15977
15976
15991
15990
15989
15988
15987
15986
15985
15984
15999
15998
15997
15996
15995
15994
15993
15992
15943
15942
15940
15939
15937
15936
15951
15950
15947
15946
15945
15955
15954
15953
15952
15967
15966
15965
15963
15962
15961
15960
15909
15907
15916
22507
22506
22505
22504
22519
22517
22516
22515
22514
22512
22527
22526
22525
22524
22523
22522
22521
22469
22468
22467
22466
22465
22464
15914
15927
15926
15925
15924
15922
15921
15935
15933
15932
15931
15928
15873
15886
22539
22538
22537
22536
22551
22550
22549
22548
22547
22546
22545
22544
22558
22557
22556
22555
22554
22553
22552
22503
22502
22501
22500
22499
22498
22497
22496
22511
22510
22509
15895
15893
15892
15889
15902
15898
15849
15863
15862
15856
15868
15865
15815
15813
15812
15811
15809
15808
15823
15822
15821
15820
15819
15817
15816
15831
15829
15828
15827
15826
15825
15839
15837
15835
15833
15832
15783
15782
15781
15780
15777
15776
15791
15790
15789
15788
15787
15786
15785
15784
15799
15798
15797
15796
15795
15794
15793
15792
15807
15806
15805
15804
15803
15802
15801
15751
15748
15747
15746
15745
15759
15758
15756
22571
22570
22569
22568
22583
22582
22581
22580
22579
22578
22577
22576
22591
22590
22589
22588
22587
22586
22585
22584
22535
22534
22533
22532
22531
22530
22528
22543
22542
22541
22540
15755
15753
15752
15766
15765
15763
15762
15760
15775
15774
15773
15772
15771
15770
15769
15715
15713
15712
22603
22602
22601
22600
22615
22614
22613
22612
22611
22610
22609
22608
22622
22621
22620
22619
22618
22617
22616
22567
22566
22565
22564
22563
22562
22561
22560
22575
22574
22573
22572
15736
15685
15683
15682
15681
15703
15700
15699
15696
15710
15707
15706
15705
15655
15653
15652
15651
15649
15663
15662
15658
15671
15670
15669
15667
15666
15679
15677
15676
15675
15673
15672
15623
15622
15621
15616
15631
15628
22635
22634
22632
22647
22646
22645
22644
22643
22642
22640
22655
22654
22653
22652
22651
22650
22648
22599
22598
22597
22596
22595
22594
22593
22592
22607
22606
22605
22604
15625
15639
15637
15636
15635
15632
15647
15646
15645
15643
15642
15641
15640
15591
15590
15589
15588
15587
15586
15585
15599
15598
15597
15596
15595
15593
15592
15607
15606
15605
15603
15602
15601
15615
15612
15610
15609
15556
15555
15566
15565
15564
15562
15575
15574
15573
15572
15571
15570
15568
15583
15582
15581
15580
15579
15578
15577
15576
15527
15526
15525
15523
15522
15521
15520
15535
15534
15533
15532
22667
22666
22665
22664
22679
22678
22677
22676
22675
22674
22673
22672
22687
22686
22685
22684
22683
22682
22681
22680
22631
22629
22627
22626
22625
22624
22638
22636
15529
15528
15539
15536
15495
15494
15493
15490
15489
15503
15502
15501
15496
15511
15507
15505
15517
15516
15515
15513
15512
15463
15462
15460
15459
15457
15456
15471
15469
15468
22699
22698
22697
22696
22711
22709
22708
22707
22706
22705
22704
22719
22718
22717
22716
22715
22714
22713
22712
22663
22662
22661
22660
22659
22658
22657
22656
22671
22670
22669
22668
15466
15465
15478
15476
15475
15473
15472
15487
15486
15485
15483
15482
15481
15436
15447
15446
15445
15442
15455
15453
15452
15451
15393
15392
15406
15405
22731
22730
22729
22728
22743
22742
22741
22739
22738
22737
22736
22751
22750
22749
22748
22747
22746
22745
22744
22695
22694
22693
22692
22691
22690
22689
22688
22703
22702
22701
22700
15415
15413
15412
15418
15366
15365
15363
15362
15361
15375
15373
15372
15371
15369
15383
15382
15381
15379
15378
15377
15376
15388
15387
15386
15385
15335
15333
15332
15331
15328
15343
15342
15340
22763
22762
22761
22760
22775
22774
22773
22772
22771
22770
22769
22768
22783
22782
22781
22780
22779
22778
22777
22776
22727
22726
22725
22724
22723
22722
22721
22720
22735
22734
22733
22732
15337
15336
15351
15349
15348
15346
15345
15359
15357
15355
15353
15352
15299
15298
15297
15296
15316
15327
15326
15324
15323
15271
15269
15268
15267
15266
15265
15264
15279
15278
15277
15276
15275
15274
15273
15272
15287
15286
15285
15284
15283
15282
15281
15280
15295
15294
15293
15292
15291
15290
15289
15288
15239
15238
15237
15236
15235
15234
15233
15232
15247
15246
15245
15244
15243
15242
15241
15240
15255
15254
15253
15252
15251
15250
15249
15248
15263
15262
15261
15260
15259
15258
15257
15256
15207
15206
15205
15204
15203
15202
15201
15200
15215
15214
15213
15212
15211
15210
15209
15208
15223
15222
15221
15220
15219
15218
15217
15216
15231
15230
15229
15228
15227
15226
15225
15224
15175
15174
15173
15172
15171
15170
15169
15168
15183
15182
15181
15180
15179
15178
15177
15176
15191
15190
15189
15188
15187
15186
15185
15184
15199
15198
15197
15196
15195
15194
15193
15192
15143
15142
15141
15140
15139
15138
15137
15136
15151
15150
15149
15148
15147
15146
15145
15144
15159
15158
15157
15156
15155
15154
15153
15152
15167
15166
15165
15164
15163
15162
15161
15160
15111
15110
15109
15108
15107
15106
15105
15104
15119
15118
15117
15116
15115
15114
15113
15112
15127
15126
15125
15124
15123
15122
15121
15120
15135
15134
15133
15132
15131
15130
15129
15128
15079
15078
15077
15076
15075
15074
15073
15072
15087
15086
15085
15084
15083
15082
15081
15080
15095
15094
15093
15092
15091
15090
15089
15088
15103
15102
15101
15100
15099
15098
15097
15096
15047
15046
15045
15044
15043
15042
15041
15040
15055
15054
15053
15052
15051
15050
15049
15048
15063
15062
15061
15060
15059
15058
15057
15056
15071
15070
15069
15068
15067
15066
15065
15064
15015
15014
15013
15012
15011
15010
15009
15023
15022
15021
15020
15019
15018
15017
15016
15031
15030
15029
15028
15027
15026
15025
15024
15039
15038
15037
15036
15035
15034
15033
15032
14983
14982
14981
14980
14979
14978
14977
14976
14991
14990
14989
14988
14987
14986
14985
14984
14999
14998
14997
14996
14995
14994
14993
14992
15007
15006
15005
15003
15002
15001
14951
14950
14949
14948
14947
14946
14945
14944
14959
14958
14957
14956
14955
14954
14953
14952
14967
14966
14965
14964
14963
14962
14961
14960
14975
14974
14973
14972
14971
14970
14969
14968
14919
14918
14917
14916
14915
14914
14913
14912
14927
14926
14925
14924
14923
14922
14921
14920
14935
14934
14933
14932
14931
14930
14929
14928
14943
14942
14941
14940
14939
14938
14937
14936
14887
14886
14885
14884
14883
14882
14881
14880
14895
14894
14893
14892
14891
14890
14889
14888
14903
14902
14901
14900
14899
14898
14897
14896
14911
14910
14909
14908
14907
14906
14905
14904
14855
14854
14853
14852
14851
14850
14849
14848
14863
14862
14861
14860
14859
14858
14857
14856
14871
14870
14869
14868
14867
14866
14865
14864
14879
14878
14877
14876
14875
14874
14873
14872
14823
14822
14821
14820
14819
14818
14817
14816
14831
14830
14829
14828
14827
14826
14825
14824
14839
14838
14837
14836
14835
14834
14833
14832
14847
14846
14845
14844
14843
14842
14841
14840
14791
14790
14789
14788
14787
14786
14785
14784
14799
14798
14797
14796
14795
14794
14793
14792
14807
14806
14805
14804
14803
14802
14801
14800
14815
14814
14813
14812
14811
14810
14809
14808
14759
14758
14757
14756
14755
14754
14753
14752
14767
14766
14765
14764
14763
14762
14761
14760
14775
14774
14773
14772
14771
14770
14769
14768
14783
14782
14781
14780
14779
14778
14777
14776
14727
14726
14725
14724
14723
14722
14721
14720
14735
14734
14733
14732
14731
14730
14729
14728
14743
14742
14741
14740
14739
14738
14737
14736
14751
14750
14749
14748
14747
14746
14745
14744
14695
14694
14693
14692
14691
14690
14689
14688
14703
14702
14701
14700
14699
14698
14697
14696
14711
14710
14709
14708
14707
14706
14705
14704
14719
14718
14717
14716
14715
14714
14713
14712
14663
14662
14661
14660
14659
14658
14657
14656
14671
14670
14669
14668
14667
14666
14665
14664
14679
14678
14677
14676
14675
14674
14673
14672
14687
14686
14685
14684
14683
14682
14681
14680
14631
14630
14629
14628
14627
14626
14625
14624
14639
14638
14637
14636
14635
14634
14633
14632
14647
14646
14645
14644
14643
14642
14641
14640
14655
14654
14653
14652
14651
14650
14649
14648
14599
14598
14597
14596
14595
14594
14593
14592
14607
14606
14605
14604
14603
14602
14601
14600
14615
14614
14613
14612
14611
14610
14609
14608
14623
14622
14621
14620
14619
14618
14617
14616
14567
14566
14565
14564
14563
14562
14561
14560
14575
14574
14573
14572
14571
14570
14569
14568
14583
14582
14581
14580
14579
14578
14577
14576
14591
14590
14589
14588
14587
14586
14585
14584
14535
14534
14533
14532
14531
14530
14529
14528
14543
14542
14541
14540
14539
14538
14537
14536
14551
14550
14549
14548
14547
14546
14545
14544
14559
14558
14557
14556
14555
14554
14553
14552
14503
14502
14501
14500
14499
14498
14497
14496
14511
14510
14509
14508
14507
14506
14505
14504
14519
14518
14517
14516
14515
14514
14513
14512
14527
14526
14525
14524
14523
14522
14521
14520
14471
14470
14469
14468
14467
14466
14465
14464
14479
14478
14477
14476
14475
14474
14473
14472
14487
14486
14485
14484
14483
14482
14481
14480
14495
14494
14493
14492
14491
14490
14489
14488
14439
14438
14437
14436
14435
14434
14433
14432
14447
14446
14445
14444
14443
14442
14441
14440
14455
14454
14453
14452
14451
14450
14449
14448
14463
14462
14461
14460
14459
14458
14457
14456
14407
14406
14405
14404
14403
14402
14401
14400
14415
14414
14413
14412
22795
22794
22793
22792
22807
22806
22805
22804
22803
22802
22801
22800
22815
22814
22813
22812
22811
22810
22809
22808
22759
22757
22756
22755
22767
22766
22765
22764
14411
14410
14409
14408
14423
14422
14421
14420
14418
14417
14416
14431
14430
14429
14428
14427
14426
14425
14424
14372
14368
14380
14390
14387
14386
14399
14397
14396
14395
14393
14392
14342
14340
14339
14338
14337
14336
14349
14348
14347
14344
14359
14356
14354
14353
14367
14366
14365
14364
14363
14362
14360
14311
14310
14309
14308
14307
14306
14305
14304
14319
14318
14317
14315
14314
14313
14312
14326
14325
14324
14323
14322
14320
14335
14334
14333
14332
14331
14330
14329
14328
14279
14278
14277
14276
14275
14274
14273
14272
14287
14286
14285
14282
14281
14280
14295
14294
14292
14290
14289
14303
14302
14301
14300
14299
14298
14296
14247
14246
14245
14244
14243
14242
14241
14240
14255
14254
14253
14252
14251
14250
14249
14248
14263
14262
14261
14260
14259
14258
14257
14256
14271
14270
14269
14268
14267
14266
14265
14264
14215
14214
14213
14212
14211
14210
14209
14208
14223
14222
14221
14220
22827
22826
22825
22824
22839
22838
22837
22836
22835
22833
22832
22847
22846
22845
22844
22843
22842
22841
22840
22791
22790
22789
22788
22787
22786
22785
22784
22799
22798
22797
22796
14219
14218
14217
14216
14231
14230
14229
14228
14227
14226
14225
14238
14236
14235
14234
14232
14183
14182
14181
14180
14179
14178
14177
14176
14191
14190
14189
14188
14187
14186
14185
14184
14199
14198
14197
14196
14195
14194
14193
14192
14207
14206
14205
14204
14203
14202
14201
14200
14151
14150
14149
14148
14147
14146
14145
14159
14158
14157
14156
14155
14154
14153
14152
14167
14166
14165
14164
14163
14162
14161
14160
14175
14174
14173
14172
14171
14170
14169
14168
14116
14115
14114
14127
14126
14125
14123
14122
14121
14120
14135
14134
14133
14132
14131
14129
14128
14143
14142
14141
14140
14139
14137
14136
14086
14085
14083
14082
14081
14080
14095
14094
14093
14092
14091
14089
14102
14100
14098
14097
14096
14110
14109
14108
14107
14106
14105
14104
14054
14053
14052
14049
14063
14062
14061
14060
14058
14057
14056
14071
14068
14065
14079
14077
14076
14075
14073
14072
14023
14022
14021
14020
14019
14017
14016
14031
14029
14028
22859
22858
22857
22856
22871
22870
22869
22868
22867
22866
22865
22864
22879
22878
22877
22876
22875
22874
22873
22872
22823
22822
22821
22820
22819
22818
22817
22816
22831
22829
22828
14027
14026
14025
14039
14035
14033
14032
14047
14045
14043
14042
14041
13991
13990
13989
13988
13987
13986
13985
13984
13999
13998
13997
13996
13995
13994
13993
13992
14007
14006
14005
14004
14003
14002
14001
14000
14015
14013
14012
14011
14009
14008
13959
13957
13956
13955
13953
13952
13967
13966
13965
13963
13962
13960
13975
13974
13973
13972
13971
13970
13969
13983
13982
13981
13980
13978
13977
13976
13927
13922
13921
13920
13932
13929
13943
13941
13936
13951
13949
13948
13947
13946
13945
13944
13895
13894
13893
13892
13891
13889
13888
13903
13902
13901
13900
13899
13897
13896
13911
13910
13909
13908
13907
13906
13905
13904
13919
13917
13916
13915
13914
13913
13912
13863
13862
13861
13860
13859
13858
13871
13870
13869
13868
13867
13866
13865
13864
13879
13878
13877
13876
13875
13874
13873
13872
13885
13884
13883
13882
13881
13831
13829
13828
13826
13825
13824
13839
13837
13836
22891
22890
22889
22888
22903
22902
22901
22900
22899
22898
22897
22896
22911
22910
22909
22908
22907
22906
22905
22904
22855
22854
22853
22852
22851
22850
22849
22848
22863
22862
22861
22860
13835
13833
13832
13847
13846
13845
13843
13842
13841
13840
13855
13853
13852
13851
13849
13848
13799
13798
13797
13796
13795
13794
13793
13792
13807
13806
13805
13804
13803
13802
13801
13815
13814
13813
13812
13809
13808
13823
13822
13821
13820
13819
13818
13816
13767
13766
13764
13762
13761
13760
13775
13774
13773
13772
13771
13770
13768
13783
13782
13781
13780
13779
13778
13777
13776
13791
13790
13789
13788
13787
13786
13785
13784
13735
13733
13732
13731
13730
13729
13728
13739
13738
13748
13747
13745
13756
13752
13703
13702
13701
13700
13699
13698
13697
13696
13711
13709
13708
13706
13705
13704
13719
13717
13716
13715
13713
13712
13727
13726
13725
13723
13722
13721
13720
13671
13669
13668
13667
13666
13665
13679
13678
13676
22923
22922
22921
22920
22935
22932
22931
22930
22929
22928
22943
22942
22941
22939
22938
22936
22887
22886
22885
22884
22883
22882
22881
22880
22895
22894
22893
22892
13675
13673
13672
13687
13686
13685
13684
13683
13682
13681
13695
13694
13693
13692
13691
13690
13689
13636
13634
13647
13646
13645
13644
13643
13641
13655
13654
13653
13652
13651
13648
13663
13662
13660
13659
13658
13657
13656
13606
13605
13604
13603
13602
13601
13600
13615
13614
13613
13612
13611
13610
13609
13608
13618
13617
13616
13628
13627
13575
13573
13572
13571
13570
13569
13568
13583
13582
13581
13580
13578
13577
13576
13591
13589
13588
13587
13586
13585
13584
13599
13597
13596
13595
13593
13592
13543
13542
13541
13540
13539
13538
13537
13536
13551
13550
13549
13548
22955
22954
22953
22952
22967
22966
22965
22964
22963
22962
22961
22960
22975
22974
22973
22972
22971
22970
22969
22968
22919
22918
22917
22916
22915
22914
22913
22912
22927
22926
22925
22924
13546
13545
13544
13559
13558
13557
13556
13555
13553
13552
13566
13565
13564
13563
13562
13561
13509
13507
13504
13516
13527
13526
13525
13524
13523
13522
13535
13534
13533
13532
13531
13528
13486
13495
13494
13493
13492
13500
13499
13497
13496
13447
13446
13445
13444
13443
13442
13441
13440
13455
13454
13453
13452
22987
22986
22985
22984
22999
22998
22997
22996
22995
22994
22993
22992
23007
23006
23005
23004
23003
23002
23001
23000
22951
22950
22948
22947
22946
22945
22944
22959
22958
22957
22956
13451
13450
13449
13448
13463
13462
13461
13460
13459
13458
13456
13469
13468
13467
13466
13465
13464
13415
13414
13413
13412
13411
13410
13409
13408
13423
13422
13421
13420
13419
13418
13417
13416
13431
13430
13429
13428
13426
13425
13424
13439
13438
13437
13436
13435
13434
13433
13432
13383
13382
13381
13380
13378
13377
13376
13391
13390
13389
13388
13387
13386
13385
13384
13399
13398
13397
13396
13395
13394
13393
13392
13407
13406
13405
13404
13403
13402
13401
13400
13351
13350
13348
13347
13346
13345
13344
13359
13358
13357
13356
13355
13353
13352
13367
13366
13365
13364
13362
13361
13360
13375
13374
13373
13372
13371
13370
13369
13368
13319
13318
13317
13316
13315
13314
13313
13312
13327
13326
13325
13324
13323
13321
13335
13334
13333
13332
13331
13329
13328
13343
13342
13341
13340
13339
13338
13337
13336
13287
13286
13285
13284
13283
13282
13281
13280
13293
13292
13291
13290
13288
13303
13302
13301
13300
13299
13297
13296
13311
13310
13309
13308
13307
13306
13304
13255
13254
13253
13252
13251
13250
13262
13260
13258
13257
13271
13270
13269
13267
13266
13265
13278
13277
13276
13275
13274
13272
13223
13222
13221
13220
13216
13231
13228
23019
23018
23017
23016
23031
23030
23029
23028
23027
23026
23025
23024
23039
23038
23037
23036
23035
23034
23033
23032
22983
22982
22981
22980
22979
22978
22977
22976
22991
22990
22989
22988
13227
13226
13225
13224
13237
13233
13232
13246
13242
13191
13190
13188
13186
13185
13198
13197
13196
13194
13193
13192
13207
13205
13204
13200
13214
13212
13210
13209
13157
13156
13153
13167
13165
13164
23051
23050
23049
23048
23063
23062
23061
23060
23059
23058
23057
23056
23071
23070
23069
23068
23067
23066
23065
23064
23015
23014
23013
23012
23011
23010
23009
23008
23023
23022
23021
23020
13163
13162
13160
13175
13173
13172
13171
13168
13183
13182
13180
13176
13126
13135
13133
13143
13149
13146
13145
13095
13094
13093
13092
13091
13090
13089
13088
13103
13102
13101
13100
23083
23082
23081
23080
23095
23094
23093
23092
23091
23090
23089
23088
23103
23101
23100
23099
23098
23097
23096
23047
23046
23045
23044
23043
23042
23041
23040
23055
23054
23053
23052
13099
13098
13097
13096
13109
13108
13107
13106
13105
13104
13119
13066
13078
13077
13075
13074
13073
13072
13087
13086
13085
13084
13083
13082
13081
13080
13029
13028
13027
13025
13024
13038
13036
13034
13047
13046
13045
13044
13043
13042
13041
13040
13049
13048
12999
13006
13005
23115
23114
23113
23112
23127
23126
23125
23124
23123
23122
23121
23120
23135
23134
23133
23132
23131
23130
23129
23128
23079
23078
23077
23076
23075
23074
23073
23072
23087
23086
23085
23084
13013
13012
13022
13021
13020
13018
13017
12962
23147
23146
23145
23144
23159
23158
23157
23156
23155
23154
23153
23152
23167
23166
23165
23164
23163
23162
23161
23160
23111
23110
23109
23108
23107
23106
23105
23104
23119
23118
23117
23116
12969
12983
12982
12981
12980
12976
12988
12987
12986
12985
12984
12928
12943
12939
12937
12951
12947
12946
12945
12958
12957
12956
12955
12953
12952
12903
12902
12899
12898
12897
12896
12909
12908
12907
12906
12905
12916
12913
12927
12926
12925
12923
12922
12921
12871
12869
12868
12867
12866
12865
12864
12879
12878
12877
12876
12875
12873
12872
12887
12886
12885
12883
12882
12881
12880
12895
12894
12893
12892
12891
12890
12889
12888
12839
12838
12837
12836
12835
12834
12833
12832
12847
12845
12844
12842
12841
12840
12855
12854
12852
12850
12849
12848
12863
12862
12861
12860
12859
12857
12856
12807
12806
12805
12803
12802
12801
12815
12812
23179
23178
23177
23176
23191
23190
23189
23188
23187
23186
23185
23184
23199
23198
23197
23196
23195
23194
23193
23192
23143
23142
23141
23140
23139
23138
23137
23136
23151
23150
23149
23148
12811
12808
12822
12821
12820
12817
12816
12831
12830
12829
12828
12827
12826
12825
12775
12773
12772
12771
12770
12768
12782
12778
12777
12790
12789
12796
12743
12742
12741
12740
12736
12751
12748
23211
23210
23209
23208
23223
23222
23221
23220
23219
23218
23217
23216
23231
23230
23229
23228
23227
23226
23225
23224
23175
23174
23173
23172
23171
23170
23169
23168
23183
23182
23181
23180
12747
12746
12745
12744
12759
12757
12756
12753
12752
12766
12765
12763
12760
12711
12706
12705
12718
12717
12715
12714
12713
12712
12727
12726
12725
12724
12722
12721
12720
12735
12734
12732
12730
12729
12679
12678
12677
12676
12675
12673
12672
12687
12686
12685
12684
12683
12682
12681
12680
12689
12688
12701
12699
12696
12646
12645
12643
12642
12640
12655
12653
12652
23243
23242
23241
23240
23255
23253
23252
23251
23249
23248
23263
23262
23261
23260
23259
23257
23256
23207
23206
23205
23204
23203
23202
23201
23200
23215
23214
23213
23212
12651
12649
12663
12662
12661
12660
12657
12656
12669
12666
12665
12615
12614
12609
12608
12623
12622
12621
12620
12616
12629
12628
12627
12626
12625
12624
12637
12636
12635
12632
23275
23274
23273
23272
23287
23286
23285
23284
23283
23282
23281
23280
23295
23294
23293
23292
23291
23290
23289
23288
23239
23238
23237
23236
23235
23234
23233
23247
23246
23245
23244
12595
12594
12607
12606
12605
12604
12603
12602
12601
12600
12551
12550
12549
12548
12547
12546
12545
12559
12556
12555
12554
12553
12552
12567
12566
12565
12564
12563
12562
12561
12560
12568
12518
12515
12514
12512
12526
12525
12524
12523
12522
12521
12520
12535
12534
12533
12532
12530
12529
12528
12542
12541
12540
12538
12537
12536
12487
12485
12483
12482
12480
12494
12493
12492
12491
12489
12488
12503
12502
12500
12496
12511
12510
12509
12508
12507
12506
12505
12504
12455
12453
12452
12451
12448
12463
12462
12461
12460
23307
23306
23305
23304
23319
23318
23317
23316
23315
23314
23313
23312
23327
23326
23325
23324
23323
23322
23321
23320
23271
23270
23269
23267
23266
23265
23264
23279
23278
23277
23276
12459
12458
12457
12456
12471
12470
12469
12468
12467
12466
12465
12464
12479
12478
12477
12476
12475
12473
12472
12422
12418
12417
12416
12429
12428
12438
12436
12435
12433
12447
12446
12445
12444
12443
12442
12441
12440
12391
12390
12389
12388
12387
12386
12385
12384
12399
12398
12397
12396
12395
12394
12393
12392
12407
12406
12405
12404
12403
12402
12401
12400
12415
12414
12413
12412
12411
12410
12409
12408
12359
12358
12357
12355
12354
12353
12352
12367
12366
12365
12364
12363
12362
12361
12375
12374
12373
12372
12371
12370
12369
12368
12383
12382
12381
12380
12379
12378
12377
12376
12327
12326
12325
12324
12323
12322
12320
12335
12333
12332
12331
12328
12343
12342
12341
12340
12339
12337
12336
12351
12350
12349
12348
12347
12346
12345
12295
12293
12302
12301
23339
23338
23337
23336
23351
23350
23349
23348
23347
23346
23345
23344
23359
23358
23357
23356
23355
23354
23353
23352
23303
23302
23301
23300
23299
23298
23297
23296
23311
23310
23309
23308
12298
12297
12309
12308
12307
12306
12316
12314
12313
12263
12262
12256
12268
12265
12279
12276
12275
12286
12231
12230
12229
12228
12227
12226
12225
12224
12239
12238
12237
12236
23371
23370
23369
23368
23383
23382
23381
23380
23378
23377
23376
23391
23390
23389
23388
23386
23385
23384
23335
23334
23333
23332
23331
23330
23329
23328
23343
23342
23341
23340
12235
12234
12233
12232
12249
12199
12198
12197
12196
12195
12194
12193
12192
12207
12206
12205
12204
12203
12202
12201
12200
12215
12213
12212
12211
12210
12209
12208
12223
12222
12221
12219
12217
12216
12166
12165
12164
12163
12162
12160
12175
12174
12173
12172
12171
12170
12169
12168
12183
12182
12181
12180
12177
12176
12191
12190
12189
12188
12187
12186
12185
12184
12129
12128
12143
12136
12151
12150
12148
12147
12146
12145
12144
12159
12158
12157
12156
12155
12153
12152
12103
12102
12101
12100
12099
12097
12096
12111
12109
23403
23402
23401
23400
23415
23414
23413
23412
23411
23410
23409
23408
23423
23422
23421
23420
23419
23418
23417
23416
23367
23366
23365
23364
23363
23362
23361
23360
23374
23373
23372
12107
12106
12105
12118
12117
12116
12115
12113
12112
12127
12124
12123
12122
12120
12071
12070
12069
12068
12067
12066
12065
12079
12078
12077
12076
12075
12073
12072
12087
12086
12085
12084
12083
12082
12081
12080
12093
12092
12091
12089
12039
12037
12036
12035
12033
12032
12047
12046
12045
12043
12042
12041
12040
12055
12053
12052
12051
12049
12048
12063
12062
12061
12059
12058
12007
12006
12003
12002
12001
12015
12012
12010
12009
12023
12022
12016
12031
12028
12027
12026
12025
12024
11975
11973
11972
11971
11970
11968
11983
11982
11981
11980
23435
23433
23432
23447
23446
23445
23444
23442
23440
23455
23453
23452
23451
23450
23448
23399
23398
23397
23396
23395
23394
23393
23392
23407
23406
23405
23404
11979
11978
11977
11976
11991
11989
11988
11987
11986
11985
11999
11998
11997
11996
11995
11994
11993
11992
11939
11938
11937
11948
11947
11957
11956
11966
11965
11964
11963
11962
11911
11908
11905
11919
11918
11917
11916
11915
11913
11927
11926
11925
11923
11922
11920
11935
11934
11933
11932
11929
11928
11879
11878
11875
11874
11873
11872
11886
23467
23466
23465
23464
23479
23478
23477
23476
23475
23474
23473
23472
23487
23486
23485
23484
23483
23482
23481
23480
23431
23430
23429
23428
23427
23426
23425
23424
23439
23438
23437
23436
11895
11890
11889
11903
11902
11896
11847
11846
11843
11855
11853
11852
11851
11848
11863
11862
11860
11859
11857
11856
11871
11870
11869
11868
11866
11865
11815
11814
11813
11812
23499
23497
23496
23510
23506
23505
23504
23519
23518
23517
23516
23515
23514
23513
23512
23463
23462
23461
23460
23459
23458
23457
23456
23471
23470
23469
11818
11836
11783
11782
11781
11780
11779
11778
11777
11776
11789
11788
23531
23530
23529
23528
23543
23542
23541
23540
23538
23536
23551
23550
23549
23548
23547
23546
23545
23544
23495
23493
23492
23491
23489
23488
23502
23501
23500
11787
11786
11785
11799
11792
11806
11751
11749
11748
11746
11745
11759
11758
11757
11755
11753
11752
11766
11765
11763
11762
11761
11775
11773
11772
11771
11769
11716
11714
11727
11726
11724
23563
23562
23561
23560
23575
23574
23573
23572
23571
23570
23568
23583
23582
23581
23580
23579
23578
23577
23576
23527
23526
23525
23524
23523
23522
23521
23520
23535
23534
23533
23532
11723
11722
11735
11733
11731
11728
11743
11742
11740
11739
11737
11736
11686
11693
11699
11696
11709
11707
11705
11655
11654
11652
11650
11649
11648
11663
11662
11661
11660
23595
23594
23592
23607
23606
23605
23604
23603
23602
23601
23600
23615
23614
23613
23612
23611
23610
23608
23559
23558
23557
23556
23554
23553
23552
23567
23566
23565
23564
11656
11668
11667
11666
11665
11664
11622
11620
11618
11617
11631
11630
11629
11626
11625
11624
11639
11638
11637
11636
11635
11634
11633
11632
11647
11646
11642
11640
11589
11588
11587
11585
11584
11596
11595
11594
11592
11607
11606
11605
11604
11603
11602
11601
11600
11615
11614
11612
11610
11609
11608
11559
11558
11557
11556
11555
11554
11553
11552
11567
11566
11565
11564
11563
11562
11561
11560
11575
11574
11573
11572
11571
11570
11569
11568
11582
11581
11580
11579
11578
11577
11576
11527
11526
11525
11524
11523
11522
11521
11535
11534
11532
11529
11528
11543
11542
11541
11540
11536
11551
11550
11548
11547
11546
11545
11544
11495
11494
11493
11492
11491
11490
11489
11488
11503
11502
11501
11500
11499
11498
11497
11496
11511
11510
11509
11508
11507
11506
11505
11504
11519
11518
11517
11516
11515
11514
11513
11512
11463
11462
11461
11459
11457
11456
11471
11470
11469
11468
11467
11466
11465
11464
11479
11478
11477
11476
11475
11474
11473
11472
11487
11486
11485
11484
11483
11482
11481
11480
11431
11430
11429
11428
11427
11426
11425
11424
11439
11437
11436
11435
11433
11432
11447
11446
11445
11444
11443
11442
11441
11440
11455
11454
11453
11452
11451
11450
11449
11448
11398
11397
11395
11393
11392
11405
23627
23626
23625
23624
23639
23638
23637
23636
23635
23634
23633
23632
23647
23646
23645
23644
23643
23642
23641
23640
23590
23589
23588
23587
23585
23598
23597
23596
11403
11402
11401
11400
11415
11414
11409
11408
11423
11422
11421
11420
11416
11367
11365
11363
11362
11361
11375
11373
11372
11371
11368
11383
11382
11380
11379
11376
11390
11389
11386
11385
11335
11334
11333
11332
11331
11329
11343
11342
11341
11339
11337
11336
11349
11357
11356
11303
11302
11301
11299
11298
11297
11296
11311
11309
11308
23659
23657
23656
23671
23670
23669
23668
23667
23666
23665
23664
23679
23678
23677
23676
23675
23674
23673
23672
23623
23622
23621
23620
23619
23618
23617
23616
23631
23630
23629
23628
11307
11306
11305
11304
11319
11317
11316
11315
11313
11312
11327
11326
11325
11323
11322
11321
11320
11271
11266
11265
11278
11277
11276
11275
11274
11273
11272
11287
11286
11285
11284
11283
11282
11281
11280
11295
11294
11293
11292
11291
11290
11289
11288
11236
11235
11234
11247
11246
11245
11244
11243
11242
11253
11252
11251
11248
11262
11260
11259
11257
11256
11207
11206
11205
11204
11203
11202
11201
11200
11215
11214
11213
11212
11211
11210
11209
11208
11222
11220
11219
11218
11217
11216
11229
11228
11175
11173
11172
11171
11170
11169
11183
11182
11181
11179
11177
11176
11191
11189
11188
11187
11186
11185
11199
11197
11196
11195
11193
11192
11143
11142
11141
11140
11139
11137
11136
11151
11150
11149
11148
23691
23690
23689
23688
23703
23702
23700
23699
23698
23697
23696
23711
23709
23708
23707
23706
23705
23655
23654
23653
23652
23651
23650
23649
23648
23663
23662
23661
23660
11147
11146
11145
11144
11159
11158
11155
11154
11153
11152
11167
11166
11165
11163
11162
11161
11110
11109
11108
11107
11106
11105
11104
11119
11118
11116
11115
11113
11112
11126
11125
11124
11123
11122
11121
11120
11135
11133
11132
11131
11129
11128
11079
11078
11077
11076
11075
11074
11073
11072
11087
11086
11085
11084
11083
11082
11081
11080
11095
11094
11093
11092
11091
11090
11089
11088
11103
11102
11101
11099
11098
11096
11047
11041
23723
23722
23721
23720
23735
23732
23731
23730
23728
23743
23742
23739
23738
23737
23687
23686
23685
23684
23683
23682
23681
23680
23695
23694
23693
23692
11049
11048
11062
11061
11060
11056
11071
11070
11068
11067
11066
11065
11064
11015
11013
11012
11011
11010
11009
11023
11022
11021
11020
11017
11016
11031
11029
11028
11027
11026
11025
11024
11039
11038
11036
11035
11034
11033
11032
10983
10982
10981
10978
10991
10990
10989
10987
10986
10985
10984
10999
10998
10997
10996
10995
10994
10993
10992
11007
11006
11005
11004
11003
11002
11001
11000
10951
10948
10947
10946
10945
10958
10957
10956
10955
10953
10952
10967
10966
10965
10964
10963
10962
10961
10960
10975
10974
10973
10972
10971
10969
10968
10919
10918
10917
10916
10915
10914
10913
10912
10924
23755
23754
23753
23752
23767
23766
23765
23764
23763
23762
23761
23760
23774
23773
23771
23770
23769
23717
23716
23715
23714
23712
23727
23726
23725
23724
10920
10934
10942
10936
10887
10886
10885
10884
10883
10882
10881
10880
10895
10894
10893
10892
10891
10889
10888
10903
10902
10901
10900
10899
10897
10896
10911
10910
10909
10908
10906
10905
10904
10855
10853
10852
10851
10849
10848
10862
10861
10860
10859
10858
10857
10856
10870
10869
10868
10866
10864
10879
10878
10877
10875
10874
10873
10872
10823
10822
10816
10831
10828
23787
23786
23785
23784
23799
23797
23795
23792
23807
23806
23805
23803
23802
23801
23750
23747
23746
23744
23759
23758
23757
23756
10827
10826
10839
10837
10836
10835
10833
10832
10846
10845
10843
10842
10840
10786
10799
10795
10793
10807
10756
10755
10754
10752
10767
10766
10765
10764
23818
23817
23816
23830
23829
23828
23827
23826
23825
23824
23839
23838
23837
23836
23835
23834
23833
23832
23783
23782
23781
23780
23778
23777
23776
23791
23790
23789
23788
10763
10762
10761
10760
10768
10726
10725
10724
10722
10735
10734
10733
10732
10730
10729
10742
10741
10740
10739
10738
10737
10736
10751
10750
10749
10748
10747
10746
10745
10695
10694
10692
10691
10689
10688
10703
10702
10701
23851
23850
23849
23848
23863
23862
23861
23860
23859
23858
23857
23856
23871
23870
23869
23868
23867
23866
26985
23864
23815
23814
23813
23812
23811
23810
23823
23822
23821
23820
10699
10696
10710
10709
10708
10707
10706
10705
10704
10718
26984
10712
10663
10662
10661
10660
10659
10658
10657
10656
10671
10670
10669
10668
10667
10666
10665
10664
10679
10678
10677
10676
10675
10674
10673
10672
10687
10685
10682
26983
10680
10631
10629
10628
10627
10625
10637
10636
10635
10634
10647
10646
10645
10644
10643
10640
10655
10654
10653
10652
10651
10650
10648
10599
10598
10597
10596
10595
10594
10593
10592
10607
10606
10605
10604
10603
10602
10601
10600
10615
10614
10613
10612
10611
10610
10609
10608
10622
10621
10619
10618
10617
10616
10567
10566
10565
10564
10563
10562
10561
10560
10575
10574
10573
10572
10571
10570
10569
10568
10583
10582
10581
10580
10579
10578
10577
10576
10591
10590
10589
10588
10587
10586
10585
10584
10532
10531
39
10528
10543
37
36
23883
23882
23881
23880
23895
23894
23893
23892
23891
23890
23889
23888
23903
23902
23901
23900
23899
23898
23897
23896
23847
23846
23845
23844
23843
23842
23841
23840
23855
23854
23853
23852
10539
10537
10536
10550
10547
10546
35
10558
10555
10554
10553
10552
46
10500
10498
45
10496
10511
10509
10508
10507
10516
10514
10527
10526
10525
10524
10522
10521
10520
10471
10468
10
10465
10479
10476
23912
23926
23935
23934
23933
23932
23930
23879
23878
23877
23876
23875
23874
23873
23872
23887
23886
23885
23884
10475
10472
10486
10485
10482
10481
10480
10495
10493
10492
9
10439
8
10437
10436
10435
23
10433
10432
23947
23946
23945
23957
23956
23955
23952
23967
23966
23965
23964
23963
23962
23961
23960
22
23910
23909
23908
23907
23906
23905
23904
23919
21330
2
80
10463
10462
10460
10457
10456
10407
10406
10405
10404
10403
10402
10401
10400
10415
10413
10412
10411
10410
10409
10408
10423
10422
10421
10420
10419
28
10417
10416
10431
10430
10429
10428
10427
10426
10425
10424
10375
10374
10373
10372
10371
10370
10383
10382
10381
10380
10378
10377
10376
10391
10390
10389
10388
10387
10386
10385
10384
10399
10398
10397
10396
10395
10394
10393
10392
10343
10336
10351
10348
10347
10346
10345
26977
10359
10357
10356
10355
10353
10352
10366
10365
10363
10362
10361
10360
10311
10310
10309
10308
10307
10306
10305
10304
10318
10317
10316
23979
23978
23977
23976
23991
23990
23987
23986
23985
23984
23998
23997
23996
23995
23994
23993
23992
23943
23942
23941
23940
23938
23936
23951
23949
10315
10314
10313
10312
10327
26968
10320
10329
10328
10279
10277
10276
0
10273
10272
10285
10284
10283
10282
10281
10280
10295
10293
10292
10291
10290
10288
10303
10302
10301
10300
10299
26998
10297
10296
10247
10246
10245
10243
10241
10240
10255
10253
10252
10251
10263
10262
10261
10258
26997
10270
10269
10267
10266
10265
10215
10212
10210
10223
10222
10221
24011
24010
24009
24008
24023
24022
24021
24020
24019
24018
24017
24016
24031
24030
24029
24028
24027
24026
24025
24024
23975
23973
23972
23971
23970
23968
23982
23981
23980
10219
10216
26996
10226
10225
10224
10239
10237
10236
10235
10232
10183
10182
10181
10180
10179
10178
10177
10176
10191
10190
10189
10188
10187
10186
10185
10184
10199
10198
10196
10195
10194
10193
10192
10207
10206
10205
10203
10202
10201
26995
10148
10147
10157
10156
24042
24040
24055
24054
24053
24052
24051
24050
24048
24063
24062
24061
24060
24058
24057
24056
24007
24006
24005
24004
24003
24002
24001
24000
24015
24014
24013
26994
10167
10166
10165
10164
10162
26993
10175
10173
10172
10171
92
10168
10117
10116
10115
10113
10112
10127
10126
10125
10123
10122
10121
10120
10135
10134
10133
10132
10131
10129
10128
10139
10138
91
88
10087
10086
10082
10081
7
10094
10093
10092
10091
10089
10103
10102
10101
10100
10096
10111
5
10107
4
10105
10104
10055
26987
10053
10052
10051
26982
10048
10063
10062
10061
10060
24075
24074
24073
24072
24087
24086
24085
24084
24083
24082
24081
24080
24095
24094
24093
24092
24091
24090
24089
24088
24039
24038
24037
24036
24035
15
24032
24046
24045
24044
10059
14
10057
10056
10071
10070
10069
10066
10065
10078
26955
10075
10074
10073
10072
10017
26954
24
10036
26952
10046
26967
9989
9988
9987
9986
9985
26966
9996
24107
24106
24105
24104
24119
24118
24117
24116
24115
24114
24113
24112
24127
24126
24125
24124
24123
24122
24121
24120
24071
24070
24069
24068
24067
24066
24065
24064
24079
24078
24077
24076
26965
26964
10006
26963
26962
10015
10014
10013
10012
10010
9958
26961
9955
9953
9952
26960
9966
9965
26944
9963
9962
9961
9960
9975
9974
9973
9972
9971
26974
9969
9968
9983
9982
9981
9980
9979
9978
9977
9976
9927
9926
9925
26973
9922
9935
9933
9932
9931
9928
9943
9942
9940
9937
9936
9951
9949
9948
9946
9945
9895
9894
9893
9892
9900
24139
24138
24137
24136
24151
24150
24149
24148
24147
24146
24145
24144
24159
24158
24157
24156
24155
24154
24153
24152
24103
24102
24101
24100
24099
24098
24097
24096
24111
24110
24109
24108
9899
9898
9896
9911
26972
26971
26970
26976
9914
9863
9862
9861
9860
9859
9858
9856
9869
9868
9867
9866
9865
9864
9830
9829
9828
9826
9825
9824
26991
9838
9837
9836
9835
9834
9833
9832
9847
9846
9845
9844
9843
9842
9841
9840
9855
9854
9852
9850
9849
9848
9799
9798
9796
9795
9793
9807
9806
9805
9804
24171
24170
24169
24168
24183
24182
24181
24180
24179
24178
24177
24176
24191
24190
24189
24188
24187
24186
24185
24184
24135
24134
24133
24132
24131
24130
24129
24128
24143
24142
24141
24140
9803
9802
9800
9815
9812
9810
9809
9808
9822
9818
9817
9767
9766
9765
9764
9763
9762
9761
9760
9775
9774
9773
9772
9771
9770
9769
9768
9782
9780
9779
9778
9777
9776
9789
9788
9787
9784
9735
9730
9729
21329
9743
9742
9741
9740
9737
9736
9751
9750
21328
9748
9747
9746
9745
9744
9759
9758
9757
9756
9755
9754
9753
9752
9703
9702
9701
9700
9699
9698
9697
9696
9711
9710
9709
9708
9707
9706
9705
9704
9719
9718
9717
9716
9715
9714
9713
9712
9727
21343
9722
9720
9671
9670
9669
9667
9666
9665
9664
9679
9678
9677
9676
9675
9674
9673
9672
9687
9686
9685
9684
9683
9682
9681
9680
9695
9694
9693
9692
9691
9690
9689
9688
9639
9637
9636
9635
9633
9632
9647
9646
9645
24203
24202
24201
24200
24215
24214
24213
24212
24211
24210
24209
24208
24223
24222
24221
24220
24219
24218
24217
24216
24167
24166
24165
24164
24163
24162
24161
24160
24175
24174
24173
24172
9643
9642
9641
9640
9655
9654
9653
9652
9651
9650
9649
9648
9663
9662
9661
9660
9659
9658
9657
9607
9602
21342
9600
9614
21341
9609
9608
9623
9622
9621
9620
9616
9631
9628
9627
9626
9625
9624
9573
9572
9571
9568
9583
9582
9581
9580
9579
9576
9591
9589
21340
9586
9585
9598
9596
9595
9594
9593
9592
9539
21339
9537
9549
24235
24234
24233
24232
24247
24246
24245
24244
24243
24242
24241
24240
24255
24254
24253
24252
24251
24250
24249
24248
24199
24198
24197
24196
24195
24194
24193
24192
24207
24206
24205
24204
9545
9558
9557
9556
9552
21338
9565
9564
9563
9561
9511
9509
9508
9507
9506
9505
9504
9519
9517
9516
9515
9513
9512
9527
9526
9525
9523
9522
9521
9520
9535
9533
9532
9531
9529
9528
9479
9478
9477
9476
9475
9474
9473
9472
9487
9486
9485
9484
9483
9482
9481
9480
9495
9494
9493
9492
9491
9490
9489
9488
9503
9502
9501
9500
9499
9498
9497
9496
9447
9446
9445
9444
9443
9455
9454
9453
9452
9451
9448
9463
21337
9460
9459
9458
9457
9456
9471
9470
9469
9468
21336
9466
9465
9415
9413
9412
9411
9409
9408
21287
24267
24266
24265
24264
24279
21286
24277
24276
24275
24274
24273
24272
24287
24286
24285
24283
24282
24281
24280
24231
24230
24229
24228
24227
24226
24225
24224
24239
24238
24237
24236
9419
9418
9417
9429
9428
9436
9383
9382
9381
9380
9379
9378
9377
9376
9391
9388
9387
9386
9385
9384
9399
9397
9396
9395
21285
9393
9392
9407
9406
9405
9403
9402
9401
9400
9351
9349
9348
9347
9346
9345
9359
9355
9354
9353
9352
9367
9366
9365
9364
9362
9361
9375
9374
9373
9372
9371
9370
9369
9368
9319
9318
9316
9315
21284
9313
9312
9327
9326
9325
9324
9323
9322
9321
9320
9335
9333
9332
9331
9329
9328
9343
9342
9341
9340
9339
9337
9336
9287
9286
9285
9283
9282
9281
9280
9295
9294
9293
9292
9291
9289
9288
9303
9302
9301
9299
9298
9297
9311
9310
9309
9307
9306
9305
9254
21283
9248
9263
9262
9260
24299
24298
24297
24296
24311
24310
24309
24308
24307
24306
24305
24304
24319
24318
24317
24316
24315
24314
24313
24312
24263
24262
24261
24260
24259
24258
24257
24256
24271
24270
24269
24268
9256
9271
9270
9268
9267
9266
9265
9264
9279
9278
9277
9276
9275
9273
9272
9223
9222
9221
9220
9219
9218
9217
9216
9231
9230
9229
9227
9226
9225
9238
9237
9236
9235
9234
9233
9232
21282
21281
21280
9190
9189
9188
9187
9186
9185
9184
9199
9198
9197
9196
9195
9194
9193
9192
9207
9206
9205
9204
9203
9202
9201
9200
9215
9214
9213
9212
9211
9209
9208
9159
9158
9157
9156
9155
9153
9152
9167
9166
9165
24331
24330
24329
24328
24340
24339
24337
24336
24351
24350
24347
24346
24345
24295
24294
24293
24292
24291
24290
24289
24288
24303
24302
24301
24300
9163
9162
9161
9160
9175
9174
9173
9172
9171
9169
9168
9183
9182
9181
9180
9179
9178
9177
9176
9122
21295
21294
9128
9143
9142
21293
9136
9151
9150
9148
9147
9146
9145
9095
9094
9093
9092
9091
9090
9089
9088
9103
9102
9101
9100
9099
9098
9097
9096
9111
9110
9109
9108
9106
9105
9104
9119
9118
9117
9116
9115
9114
9113
9112
9063
9062
9061
9060
9059
9058
9057
9056
9071
9070
9069
9068
9067
9066
9065
9064
9079
9078
9077
9076
9075
9074
9073
9072
9087
9086
9085
9084
9083
9082
9081
9080
9031
9028
9027
9026
9025
21292
9039
9038
9036
9035
9034
9033
9032
9046
9045
9044
9043
9042
9041
9040
9055
9054
9053
9052
9051
9050
9049
9048
8999
8998
8997
8996
8995
8994
8993
8992
9007
24363
24362
24361
24360
24375
24374
24373
24372
24371
24370
24369
24368
24383
24382
24381
24380
24379
24378
24377
24376
24327
24326
24325
24324
24323
24322
24321
24320
24335
24333
24332
9002
9000
21291
9023
9022
21290
9016
8967
8966
8965
8964
8963
8962
8961
8960
8975
21289
8973
8972
21288
8969
8968
8983
8981
8980
8979
21303
8987
8986
21302
8935
8934
8933
8932
8929
8943
8942
8941
8940
21301
8938
21300
8936
8950
8949
8948
8947
8946
8945
8944
8959
8958
8957
8956
8955
8954
8953
8952
8903
8902
8900
21299
8898
8896
8910
8909
8908
8907
8906
8905
8904
8919
8918
8917
8916
21298
21297
8926
8925
21296
8923
8921
8920
8871
8870
8869
8868
8867
8866
8865
8864
8879
8878
8877
8876
8875
8874
8873
8872
8887
8886
8885
8884
8883
8882
8881
8880
8895
8894
8893
8892
8890
8889
8888
8839
8837
8836
8835
8834
8833
8832
8847
8846
8845
8844
8843
8842
8841
8840
8855
8854
8853
8852
8851
8850
8849
8848
8863
8862
8861
8860
8859
8858
8857
8856
8807
8806
8805
8804
8803
8802
8801
8800
8815
8814
8813
8812
24395
24392
24406
24405
21311
24401
24400
24415
24414
24413
24412
24410
24358
24357
24356
24355
24354
24353
24352
21310
24366
24365
24364
8811
8810
8809
8808
8822
8821
8820
8819
8818
8817
8816
8830
8829
8828
8827
8826
8825
8824
8775
8774
8773
8772
8771
8770
8769
8768
8783
8782
8781
8780
8779
8778
8777
8776
8791
8790
8789
8788
8787
8786
8785
8784
8799
8798
8797
8796
8795
8794
8793
8792
8743
8742
8741
8740
8739
8738
8737
8736
8751
8750
8749
8748
8747
8746
8745
8744
8759
8758
8757
8756
8755
8754
8753
8752
8767
8766
8765
8764
8763
8762
8761
8760
8710
8709
8706
8705
8704
8719
8716
8715
8714
21309
8727
8726
8725
8724
8723
8722
21308
8735
8734
8733
8732
8731
8730
8729
8728
8679
8677
8676
8675
8673
8672
8687
8686
8685
8684
8682
8681
21307
8695
8694
8693
8692
8691
21306
8689
21305
8703
8702
8698
8697
8696
8647
8646
8645
8643
8641
8640
8652
8651
8649
8648
8663
8662
8661
8660
8658
8657
8656
8671
8668
8667
21304
8665
8664
8613
8612
21255
8610
8609
8608
8623
8622
8621
8620
24427
24426
24425
24424
24438
24436
24435
24434
24432
24447
24446
24445
24444
24443
24442
24441
24440
24391
24390
24389
24388
24387
24386
24385
24384
24399
24396
8619
21254
21253
8616
8631
8629
8627
8626
8625
8624
8638
8637
8636
8635
8634
8633
8632
8583
8582
8581
8580
8579
8578
8577
8576
8591
8590
8589
8588
8587
8586
8585
8584
8599
8598
8597
8596
8595
8594
8593
8592
8607
8606
8605
8604
8603
8602
8601
8600
8551
8550
8548
8547
8546
8545
8544
8559
8558
8557
8556
8555
8553
8552
21252
8566
8565
8564
8563
8562
8561
8560
8575
8574
8573
8572
8571
8570
8569
8568
8518
8517
8516
8515
8514
8513
8512
8526
8525
8524
8523
8522
8535
8534
8532
8529
8528
8543
8542
21251
8536
8487
8485
8484
8483
8482
8481
8480
8495
8493
8492
8491
8490
8489
8488
8503
8502
8501
8500
8499
8497
8496
8511
8510
8509
8508
8507
8506
8505
8504
8455
8453
8452
8451
21250
8449
8463
8462
8461
8460
8458
8457
8456
8471
8470
8469
8468
8467
8466
8465
8464
8479
8478
8477
8476
8475
8474
8473
8472
8423
8422
8421
8420
8419
8418
8417
8416
21249
21248
8428
8427
8426
8425
8424
8439
8437
8436
8435
8433
8432
8447
8446
8445
8443
8442
8441
8440
8391
8390
8389
8388
8387
8386
8385
8384
8399
8398
8397
8396
8395
8394
8393
8392
8407
8406
8405
8403
8402
8401
8400
8415
8414
8413
8412
8411
8410
8409
8408
8359
8358
8357
8356
8355
8354
8367
8366
8365
8364
8363
8362
8361
8360
8375
8374
8373
8372
8371
8370
21263
8368
8383
8382
8381
8380
8379
8378
8377
8376
8327
8326
8325
8324
8323
8322
8321
8320
8335
8334
8333
8332
24459
24458
24456
24471
24470
24468
24467
24466
24465
24479
24478
24477
24476
24475
24474
24473
24472
24423
24422
24421
24420
24418
24417
24416
24431
24430
24429
24428
8331
8330
8329
8328
21262
8342
8341
8340
8339
8338
8337
21261
8351
8350
8349
8348
8346
8345
8344
8295
8294
8293
8292
8291
8290
8289
8288
8303
8302
8301
8300
8299
8298
8297
8296
8311
8309
8308
8307
8306
8305
8304
8319
8318
8317
8316
8315
8314
8313
8312
8263
8262
8261
8260
8259
8258
8257
8256
8271
8270
8269
8268
8267
8266
8265
8264
8279
8278
8277
8276
8275
8274
8273
8272
8287
8286
8285
8284
8283
8282
8281
8280
8229
8228
21260
8224
8236
8247
8246
8245
8244
8243
8242
8241
8240
8255
8253
8252
8251
8250
8248
8199
8197
8196
8195
8193
8192
8207
8206
8205
8204
8203
8202
8201
8200
8215
8214
8213
8212
8211
8210
8209
21259
8219
8218
8217
8216
8167
8166
8165
8164
8163
8162
8161
8160
8175
8174
8173
8172
8171
8170
8169
8168
8183
8182
8181
8180
8179
8178
8177
8176
8191
8190
8189
8188
8187
8186
8185
8184
8135
8133
8132
8131
8130
8128
8143
8142
8141
8140
24491
24490
24489
24488
24503
24502
24501
24500
24497
24496
24511
24510
24508
24507
24506
24505
24504
24455
24454
24453
24452
24451
24448
24463
24462
24461
24460
8138
8137
8136
8151
8150
8149
8148
8147
8146
8145
8144
8159
8158
8157
8156
8155
21258
8153
8152
8103
21257
8100
8099
8096
21256
8109
8108
8107
8105
8104
8119
8118
8116
8114
8127
8126
8124
8122
8121
8120
8069
8068
8067
8066
8065
8064
24523
24522
24521
24520
24535
24534
24533
24532
24531
24530
24529
24528
24543
24542
24541
24540
24539
24538
24537
24536
24486
24485
24483
24482
24481
24495
24494
24492
8086
21271
21270
8093
8039
8038
8037
8036
8035
8034
8033
8032
8047
8046
8045
8044
8043
8042
8041
8040
8055
8054
8053
8052
8051
8050
8049
8048
8063
8062
8061
8060
8059
8058
8057
8056
8007
8006
8005
8004
8003
8002
8001
8000
8015
8014
8013
8012
8011
8010
8009
8008
8023
8022
8021
8020
8019
8018
8017
8016
8031
8030
8029
8026
8025
8024
21269
7974
7973
7972
7971
7970
7969
7968
7983
7982
7981
7980
7979
7978
7977
7976
7991
7990
7989
7988
7987
7986
7985
7984
7999
7998
7997
7996
7995
7994
7993
7992
7943
7942
7941
7940
7939
7938
7937
7936
21268
7950
7949
7948
7947
7946
7945
7944
7959
7957
7956
7955
7953
7952
7967
7966
7965
7964
7963
7962
7961
7960
7911
7910
7909
7908
7907
7906
7905
21267
7918
7917
7916
7915
7914
7912
7927
7926
7925
7924
7923
7922
7921
7935
7934
7933
7932
7931
7930
7929
7928
7879
7878
7877
7876
7875
7874
7873
7872
7887
7886
7885
7884
7883
7882
7881
7880
7895
21266
7893
7892
7891
7890
7889
7888
7903
7902
7901
7900
7899
7897
7896
7846
7845
7842
7840
7855
7854
7853
7852
7851
7850
7863
7862
7861
7860
7858
7857
7871
7870
7869
7868
7867
7866
7865
7864
7815
7814
7813
7811
7810
7809
7808
7823
7822
7821
7820
24555
24554
24553
24552
24567
24566
24565
24564
24563
24562
24561
24560
24572
21265
24569
24568
24519
24518
24517
24516
24515
24514
24512
24526
24525
24524
7819
7817
7816
7831
7829
7828
7827
7826
7825
7824
7839
7836
21264
7833
7832
7782
21279
7779
7776
21278
7786
21277
7798
21276
7793
7792
7807
7806
7805
7804
21275
7802
7801
7800
7749
7746
7756
24586
24584
24598
24597
24596
24595
24594
24593
24592
24607
24606
24605
24604
24603
24602
24601
24600
24551
24549
24548
24547
24546
24545
24544
24559
24558
24557
24556
7765
7764
7763
7762
21274
7773
7771
7768
7719
7718
7717
7715
7713
7712
7726
7725
21273
7735
7734
7733
7732
21272
21223
7738
7737
7736
7687
7686
7685
7684
7683
7682
7681
7680
7695
7694
7693
7692
7691
7690
7689
7688
7703
7702
7701
7700
7699
7698
7697
7696
7709
7708
7707
7706
7705
7704
7655
7653
7651
21222
7648
7663
7662
7660
24619
24618
24617
24616
24631
24630
24629
24628
24627
24626
24625
24624
24638
24637
24633
24632
24582
21221
24580
24579
24578
24577
24576
24591
24590
7659
21220
7656
7671
7669
7666
7664
7678
7677
7676
7675
7674
7673
7672
21219
7618
7617
7630
7629
7628
7627
7625
21218
7636
7635
7634
7632
7647
7646
7645
7644
7643
7642
21217
7588
7585
7584
21216
24650
21231
24663
24662
24661
24660
24658
24657
24656
24671
24670
24669
24667
24666
24665
24664
24615
24613
24612
24611
24609
24608
24623
24622
24621
24620
7607
7606
7605
21230
7615
7614
7613
7612
7558
21229
7555
7554
7553
7552
7566
21228
24683
24682
24681
24680
21227
24694
24692
21226
24690
24688
24702
24700
24699
24698
24696
24647
24646
24645
24644
24642
24640
24655
24654
24653
24652
7563
7562
7573
7570
7569
7583
7582
7581
7577
7576
7527
7526
7525
7524
7523
7522
21225
21224
7528
7550
7547
7546
7495
7494
7493
7492
7491
21239
7489
7488
21238
21237
24715
24714
24713
24712
24727
24726
24725
24724
24723
24722
24721
24720
24735
24734
24733
24732
24731
24730
24729
24728
24678
24676
24674
24687
24686
24685
24684
7498
7497
7496
7509
21236
7516
7513
7512
7463
7462
7461
7460
21235
7457
7456
7471
7470
21234
7468
7467
7466
7465
7464
7479
7478
7477
7476
7475
7474
7473
7472
7487
7486
7485
7484
7483
7482
7431
7430
7429
7428
7427
7426
7425
7439
7438
7437
7435
7434
7433
7432
7447
7446
7445
7444
7443
7442
7441
7440
7455
7454
7452
7451
7450
7449
7448
7396
7395
7394
7407
7406
7405
7404
7403
7402
7415
7413
7412
7411
7408
7423
7422
7421
7420
7418
7417
7416
7366
7365
7363
7362
7361
7360
7375
7374
7373
7372
24747
24746
24745
24744
24759
24758
24757
24756
24755
24754
24753
24752
24767
24766
24765
24764
24763
24762
24761
24760
24711
24707
24706
24705
24704
24718
24717
24716
7371
21233
7368
7382
7378
21232
7390
7389
21247
21246
21245
7328
7343
24779
24778
24777
24776
24791
24790
24789
24788
24787
24786
24785
24784
24799
24798
24797
24796
24795
24794
24793
24792
24743
24742
24741
24740
24739
24738
24737
24736
24751
24750
24749
24748
7336
7351
7348
7347
7346
7345
7344
7359
7357
7356
7355
7353
7352
7302
7299
7296
7306
7305
7318
7316
7315
21244
7313
7312
7327
7323
7322
7320
7271
7269
7266
7265
7276
24810
24809
24808
21243
24821
24819
24831
24830
24826
24824
24775
24774
24773
24772
24771
24770
24769
24768
24783
24782
24781
24780
7275
7273
7272
7287
7286
7285
7284
7283
7282
7281
7280
7295
7292
7291
7288
7239
21242
7237
7236
7235
7233
7232
7246
7245
7243
7240
7255
7253
7252
7251
7249
7263
7262
7261
21241
7257
7256
7207
21240
21191
21190
7203
7200
7215
7214
24843
24842
24841
24840
24855
24854
24852
24850
24849
24863
24862
24861
24860
21189
24856
24807
24806
24805
24804
24803
24802
24801
24800
24812
7210
7209
7208
7223
7221
7220
7231
21188
7228
7227
7226
7225
7224
7174
21187
7169
7168
21186
21185
7178
21184
7190
21199
7186
7185
21198
7199
7198
7197
7196
7194
7193
7192
7143
7142
7140
7139
7138
7137
7136
7151
7150
7149
7148
7147
7146
7145
7144
7159
7158
7156
7155
7154
7152
7167
7166
7165
7164
7163
7162
7161
7160
7111
7110
7109
7108
7107
7106
7105
7104
21197
7117
21196
7115
7114
7113
7112
7126
7125
7124
21195
7122
7121
7120
7135
7133
7132
21194
7130
7129
7079
7078
7077
7076
7075
7074
7073
7072
7087
7086
7084
21193
7082
7081
7080
7095
7094
7092
7089
7088
7103
7102
7100
21192
7098
7096
7047
7046
7045
7044
7043
7042
7041
7040
7055
7054
7053
7052
7051
7050
7048
7063
7062
7061
7060
7059
7058
7057
7056
7071
7070
7069
7068
7067
7066
7065
7064
7015
7014
7013
7012
7011
7010
7009
7008
7023
7022
24875
24873
24872
24887
24886
24885
24884
24883
24882
24881
24880
24895
24894
24893
24892
24891
24890
24888
24838
24837
24836
24835
24834
24833
24832
24846
24845
7019
7018
7017
7016
7030
7029
7028
7027
7025
7024
7039
7038
7036
7034
7033
7032
6983
6982
6981
6980
6979
6978
6977
6976
6991
6990
6989
6988
6987
6986
6985
6984
6999
6998
6997
6996
6995
6994
6993
6992
7007
7006
7005
7004
7003
7002
7001
7000
6951
6950
6949
6948
6947
6946
6945
6959
6958
6957
6956
6955
6954
6953
6952
6967
6966
6965
6963
6962
6961
6960
6975
6974
6973
6972
6971
6970
6969
6968
6919
6916
6915
6914
6927
6926
6925
6924
6923
6922
6921
6920
6935
6933
6932
6931
6929
6928
6943
6942
6941
6940
6939
6937
6936
6887
6886
6885
6884
6883
6882
6881
6880
6895
6894
6893
6892
6891
6890
6889
21207
6902
6901
21206
21205
6898
6897
6896
21204
6909
6908
6907
21203
6855
6854
6853
6852
6851
6850
6849
6863
6862
6861
6860
6859
6858
6857
6856
6871
6870
6868
6867
6866
6865
6864
6879
6878
6877
6876
6875
21202
6873
6872
6823
6822
6821
6820
6819
6817
6816
6831
6830
6829
6828
6827
6826
6825
6824
6838
6837
6836
6835
6834
6833
6832
6847
6846
6845
6844
6843
6842
6841
6840
6791
6790
6789
6788
6787
6786
6785
6784
6799
6798
6797
6796
6795
6794
6793
6792
6807
6806
6805
6804
6803
6802
6801
6800
6815
6813
6812
6811
6809
6808
6759
6758
6757
6756
6755
6754
6753
6752
6767
6766
6765
6764
6763
6762
6761
6760
6775
6774
6773
6772
6770
6769
6768
6783
6782
6781
6780
6779
6778
6777
6776
6727
6726
6723
6720
24907
24906
24905
24904
24919
24918
24917
24916
24915
24914
24913
24912
24927
24926
24925
24924
24923
24922
24921
24920
24871
24870
24868
24867
24866
24865
24864
24879
21201
24877
24876
6729
6728
6743
6736
6751
6750
21200
6748
6747
6746
6745
6744
6695
6694
6693
6692
6691
6690
6689
6688
6703
6702
6701
6700
6699
6698
6697
6696
6711
6710
6709
6708
6707
6706
6705
6704
6718
6717
6716
6715
6714
6713
6712
6663
6662
6661
21215
6658
6657
6656
6671
6670
6669
6667
6666
6665
6679
6678
6677
6676
6675
6674
6673
6672
6687
6686
6685
6684
6683
6682
6681
6680
6631
6629
6628
6627
6626
6625
6624
6639
6637
6635
21214
6633
6632
6647
6646
6645
6644
6643
6642
6641
6640
6655
6654
6653
6652
6651
6650
6649
21213
6599
6598
6595
6594
6593
6592
6607
6606
6605
6604
6603
6602
6601
6600
6615
6614
6613
6612
6611
6610
6609
6608
6623
6622
6621
6620
6619
6618
6617
6616
6567
6566
6565
6564
6563
6562
6561
6560
6575
6573
6572
6571
6570
21212
6568
6583
6582
6581
6580
6579
6578
6577
6576
6591
6589
6588
6587
6586
6585
6535
6534
6533
6532
6530
6529
6528
6542
6541
21211
6539
6538
6537
6536
21210
6549
6548
6547
6546
6545
6556
6554
6503
6502
6501
6500
6499
6498
6497
6496
6511
6510
6509
6508
24939
24938
24937
24936
24951
21209
24949
24948
24946
24945
24944
24958
24957
24955
24954
24953
24952
24902
24901
24900
24899
24898
24897
24896
24911
24910
24909
24908
6507
6506
6505
6504
6519
6518
6516
6515
6514
6513
6512
6527
6526
6525
6524
6523
6522
6521
6520
6471
6470
6469
6468
6467
6466
6465
6464
6479
6478
6477
6476
6475
6474
6473
6472
6487
6486
6485
6484
6483
6482
6481
6480
6495
6494
6493
6492
6491
6490
6489
6488
6436
6447
6446
6445
6444
6443
21208
21159
6455
6454
6453
6452
6451
6450
6448
6463
6462
6461
6460
6459
6457
6456
6407
6406
6405
6404
6403
6402
6401
6400
6415
6414
6413
6412
6411
6410
6409
6408
6419
6418
6417
6416
21158
6427
6375
6374
6373
6372
6371
6370
6369
6368
6383
6382
6381
6380
6379
6378
6376
6391
6390
6389
6388
6387
6386
6385
6384
6399
6398
6397
6396
6395
6393
6392
6343
6342
6341
6340
6339
6338
6337
6336
6351
6350
6349
6348
24971
24970
24969
24968
24983
24982
24981
24980
24979
24978
24977
24976
24991
24990
24989
24988
24987
24986
24985
24984
24935
24933
24932
24931
24930
24929
24928
24942
24940
6347
6346
6345
6358
6357
6356
6355
6354
6353
6352
6367
6366
6365
6364
6363
6362
6361
6360
6309
6316
6315
6314
6327
6326
6325
6324
6323
6335
6334
6333
6332
6331
6330
6328
6286
25003
25002
25001
25000
25015
25014
25013
25012
25011
25010
25009
25008
25023
25022
25021
25020
25019
25018
25017
25016
24967
24966
24965
24964
24963
24962
24961
24960
24975
24974
24973
24972
6295
6294
6293
6292
6301
6299
6247
6246
6245
6243
6242
6241
6240
6255
6254
6253
6252
6251
6250
6249
6248
6263
6262
6261
6260
6259
6256
6268
6267
6266
6265
6264
6215
6214
21157
6212
6211
6210
6209
6208
6223
6222
6221
6220
6219
6218
6217
6216
6231
6230
21156
6228
6226
6225
6224
6239
6238
6237
6236
6235
6234
6233
6232
6183
6182
6181
6180
6179
6178
6177
6176
6190
6189
6188
6187
6186
6185
6184
21155
21154
6196
6195
6194
6192
6207
6206
6205
6204
6203
6202
6200
6151
6150
6148
6147
6146
6145
6144
6159
6158
6157
6156
6155
6154
6153
6152
6167
6166
6165
6164
6163
6162
6161
6160
6175
6174
6173
6172
6171
6170
6169
6168
6119
6118
6117
6116
6115
6114
6113
6112
6127
6126
6125
6124
6123
6122
6121
6120
6134
6130
6129
6128
6143
6142
6141
6140
6139
6137
6136
6087
6086
6085
6084
6083
6082
6081
6080
6095
6094
6093
6092
6091
6090
6089
6088
6103
6102
6101
6100
6099
6098
6097
6096
6111
6110
6109
6108
6107
6106
6105
6104
6055
6054
6053
6052
6051
6050
6049
6048
6063
6062
6061
6060
6059
6058
6057
6071
6070
6069
6068
6067
6066
6065
6064
6079
6078
6077
6076
6075
6074
6073
6072
6023
6022
6020
6016
6031
6029
6028
25035
25034
25033
25032
25047
25046
25045
25044
25043
25042
25041
25040
25055
25054
25053
25052
25051
25050
25049
25048
24999
24998
24997
24996
24995
24994
24993
24992
25007
25006
25005
25004
6027
6026
6025
21153
6039
6037
6036
6035
21152
6033
6032
6047
6046
6045
6044
6043
6042
6041
6040
21167
21166
5986
5985
5998
5997
5995
5994
5993
5992
6007
6006
6005
6002
6001
6015
6014
6010
6009
5956
21165
5967
5966
5965
21164
5963
5962
5973
21163
21162
5982
21161
5980
21160
5976
5927
5926
5925
5923
5922
5921
5920
5935
5933
5932
25067
25066
25065
25064
25079
25078
25077
25076
25075
25074
25073
25072
25087
25086
25085
25084
25083
25082
25081
25080
25031
25030
25029
25028
25027
25026
25025
21175
25039
25038
25036
5931
5929
5928
5939
21174
5895
5894
5893
5892
5891
5890
5889
5888
5903
5902
5901
5900
5899
5898
5897
5896
5911
5909
5908
5907
5906
5905
5904
5919
5917
5916
5915
5913
5912
5863
5862
21173
5860
5859
5858
5857
5856
5871
5870
5869
21172
5866
5865
5864
5879
5878
5877
5876
5875
5874
5873
5872
5887
5886
5885
5884
5883
5882
5881
5880
5830
5829
5828
5827
5825
5839
5836
5835
21171
21170
5847
5846
5845
5844
5843
5842
5840
5855
5853
5852
5851
5850
5848
5799
5797
5796
5795
21169
5792
5806
5805
21168
25099
25098
25097
25096
25111
25110
25109
25108
25107
25106
25105
25104
25119
25118
25117
25116
25115
25114
25113
25112
25063
25062
25061
25060
25059
25058
25057
25056
25071
25070
25069
25068
5803
5802
5801
5800
5815
5814
5813
5812
5811
5822
5821
5820
5818
5817
5767
5766
5765
5763
5762
5761
5775
21183
5773
5772
5771
5770
5769
5783
5782
5781
5780
5779
5778
5777
5776
5789
5788
5787
21182
5785
5784
5735
5733
5732
5731
5729
5728
5743
5742
5741
5740
5739
5737
5736
5751
5750
5747
5746
5745
5758
21181
5755
5754
5753
5752
5703
5702
5701
5699
5698
5696
5711
5710
5709
21180
5707
5706
5705
5704
5719
5718
21179
5716
5715
5713
5712
5727
5726
5725
5723
5722
5721
5720
5671
5670
5668
5666
5665
5664
5679
5678
5677
5676
5675
5673
5672
5687
5686
5685
5683
5682
5681
5680
5695
5694
5693
5692
5691
5690
5689
5688
5638
5637
5636
5635
5634
5633
5632
5647
25131
25130
25129
25128
25143
25142
25141
25140
25139
25138
25137
25136
25151
25150
25149
25148
25147
25146
25145
25144
25095
25094
25093
25092
25091
25090
25089
25088
25103
25102
25101
25100
5641
5649
5663
5662
5660
5656
21178
5606
5605
5604
5603
5602
5601
5615
5613
5612
5611
5609
5608
5623
5622
5621
5620
5619
5618
5617
5616
5631
5630
5628
5627
5626
5625
5575
5574
5573
5572
5571
5570
5569
5568
5583
5582
5581
5580
5579
5578
5577
5576
5591
5590
5588
5587
5585
5599
5598
5596
5595
5594
5593
5592
5543
5542
5536
5551
5550
5548
5547
5546
5545
5544
5559
21177
5557
5556
5555
5554
5553
5552
5567
5566
5565
5563
5562
5561
5560
5511
5510
5509
5508
21176
5506
5505
5519
5518
5517
5516
25163
25162
25161
25160
25175
25174
25173
25172
21127
25169
25168
25183
25182
25181
25180
25179
21126
25177
25176
25127
25126
25125
25124
25123
25122
25121
21125
25135
25134
25133
25132
5515
5514
5513
5512
21124
5479
5478
5477
5476
5475
5474
5473
5472
5487
5486
5485
5484
5483
5482
5481
5480
5495
5493
5492
5491
21123
5489
5488
5503
5502
5501
5500
5499
21122
5497
5496
5446
5445
5443
5442
5440
5455
5453
5452
5451
21121
5449
5448
5463
5462
5461
5460
5459
5458
5457
5456
5471
5470
5469
5468
5466
5465
5464
5414
5409
5408
5423
5420
25195
25194
25193
25192
25207
25206
25205
25204
25203
25202
25201
25200
25215
25214
25213
25212
25211
25210
25209
25208
25159
25158
25157
25156
25155
25154
25153
25152
25167
25166
25165
25164
5416
5431
5430
5428
5427
5426
5424
21120
5438
5437
5436
5435
5433
5432
5386
5399
21135
5396
5395
5394
5393
21134
5407
5402
5351
5350
5349
5348
5347
5346
5345
5359
5356
25227
25226
25225
25224
25239
25238
25237
25236
25235
25233
25232
25247
25246
25245
25244
25242
21133
25240
21132
25190
25189
25187
25186
25185
25199
25198
25197
25196
5355
5354
5353
5352
5367
5366
5365
5364
5363
5362
5361
5360
5368
5318
5317
21131
5315
5314
5312
5326
5325
5324
5323
5322
5320
5335
5334
5333
5332
5331
5330
5328
5343
5342
5341
5340
5339
5338
5337
5336
5287
21130
5285
5284
5283
5282
5281
5280
5295
5294
5292
5290
5289
5288
5303
5302
5301
5300
21129
5298
5296
5311
5310
21128
5308
5307
5306
5305
5304
5255
5254
5253
5252
5251
5250
5249
5248
5263
5262
5261
5260
5259
5258
5257
5256
5271
5270
5269
5268
5267
5266
5265
5264
5279
5278
5277
5276
5275
5274
5273
5272
5223
5222
5221
5220
5219
5218
5217
5216
5230
5229
5228
5227
5226
5225
5239
5236
5235
5234
5232
5247
5246
5245
5244
5243
5242
5241
5240
5191
5190
5189
5188
5187
5186
5185
5184
5199
5198
5197
5196
5195
5194
5193
5192
5207
5206
5205
5204
5203
5202
5201
5200
5215
5214
5213
5212
5211
5210
5209
5208
5159
5158
5157
5156
5155
5154
5153
5152
5167
5166
5165
5164
5163
5162
5161
5160
5175
5174
5173
5172
5171
5170
5169
5168
5183
5182
5181
5180
5179
5178
5177
5176
5127
5126
5125
5124
5123
5122
5121
5120
5135
5133
5132
5131
5130
5129
5128
5143
5142
5141
5140
5139
5137
5136
5151
5150
5149
5148
5147
5146
5145
5144
5095
5094
5093
5090
5089
5103
5101
5100
5098
5097
5096
5110
5109
5108
5107
5105
5104
21143
5116
5114
5063
5062
5061
5060
5058
5057
5056
5071
21142
5068
21141
25258
25257
25256
25271
25270
25269
25268
25267
25266
25265
25264
25279
25278
25277
25276
25275
25274
25273
25272
25223
25222
25221
25220
25219
25218
25217
25216
25231
25230
25229
25228
5067
5066
5065
5064
5079
5076
21140
5073
5072
5087
5086
21139
5080
5031
5029
5028
5027
5026
5025
5039
5038
5037
21138
5035
5033
5032
5046
5045
5043
5042
21137
21136
5054
5052
5049
5048
4999
4998
4997
4996
4995
4994
4993
4992
5007
5006
5005
5004
5003
5002
5001
5000
5015
5013
5012
5011
5009
5008
5023
5022
5021
5020
5019
5017
5016
21151
4966
4965
4964
4963
4962
4961
4960
4975
4974
4973
4972
4971
4970
4969
4968
4983
4982
4981
4980
4979
4978
4977
4976
4991
4990
4989
4988
4987
4986
4985
4984
4935
21150
4929
4928
4943
4942
4941
4940
25291
25289
25288
21148
25302
25300
25299
25311
25310
21147
25306
25305
25304
25255
25254
25253
25252
25251
21146
25248
25263
25262
25261
25260
4936
4951
4950
4948
4947
4946
4945
4944
4959
21145
4957
4956
4955
4954
4953
4952
4903
4902
4901
4900
4899
4898
4897
4896
4911
4910
4909
4908
4907
4906
4905
4904
21144
4918
4917
4916
4915
4914
4913
4912
4927
4925
4922
4871
4870
4869
4868
4867
4866
4865
4864
4879
4878
4877
4876
4875
4874
4873
4872
4887
4886
4885
4884
4883
4882
4881
4880
4895
21095
4893
4892
4891
4890
4889
4888
4839
4837
4836
4835
4833
4832
4847
4846
4845
4843
4842
4841
4840
4855
4853
4852
4851
4849
4848
4863
4862
4861
4859
21094
4807
4806
4805
4804
4803
4802
4801
21093
4815
4814
4813
4812
4810
4809
4808
4823
4822
4821
4820
4819
4818
4817
4816
4831
4829
4828
4827
4826
4825
4824
4775
4773
4772
4771
4770
21092
4768
4783
4782
4781
4780
4779
4778
4777
4776
4791
4790
4789
4788
4787
4786
4785
4799
4798
4797
21091
4795
4794
4793
4792
21090
21089
4740
4739
4738
4749
4748
25322
25321
25320
25335
25334
25332
25330
25329
25328
25343
25342
25341
25340
25338
25337
25336
25287
25286
25285
25284
25283
25282
25281
25280
25295
25292
4747
4756
4755
4754
4752
4767
4766
4765
4764
4762
4761
4760
4711
4710
4709
4706
4705
4704
4719
4718
4717
4716
4715
4714
4713
4712
4727
4726
4725
4723
4722
4721
4720
4735
4734
4733
4732
4730
4729
4728
21088
4678
21103
4675
4674
4673
4672
4686
4685
4684
4683
4682
4681
21102
4695
4694
4693
4692
4691
4690
4703
4702
4701
4700
4699
4698
21101
4696
4647
4646
4645
4644
4643
4642
4641
4640
4655
4653
4652
4651
4648
4663
4662
4661
4660
4659
4657
4656
4671
4670
4669
4668
4666
4665
21100
4615
4614
4613
4612
4611
4610
4609
4608
4622
4620
25355
25354
25353
25352
25367
25366
25365
25364
25363
25362
25361
25360
25375
25374
25373
25372
25371
25370
25369
25368
25318
25317
25316
25315
25314
25313
25312
25327
25326
25325
25324
4619
4618
21099
4628
4627
4626
4625
4636
4635
4634
4583
4582
4581
4580
4579
4578
4577
4576
4591
4588
4587
4586
4585
4584
21098
4598
4597
4596
4595
4593
4592
4607
4606
4605
4604
4603
4601
4600
4551
21097
4549
4548
21096
4546
4545
4544
4559
4558
4557
4556
4555
4554
4553
4552
4567
4566
4565
4564
4563
4562
4561
4560
4575
4574
4573
4572
4571
4569
4568
4516
4515
4514
4527
4526
4525
21111
4523
4522
21110
4535
21109
4533
4532
4531
4530
4528
4543
4542
4541
4540
4539
4537
4536
4486
4493
25387
25386
25385
25399
25398
25396
25395
25394
25392
25407
25406
25405
25404
25403
25402
25401
25351
21108
25349
25348
25347
25346
25345
25344
25359
25358
25357
25356
21107
4500
4509
21106
4507
4505
21105
4455
4454
4453
4452
4451
4450
4449
4448
4463
4462
4461
4460
4459
4458
4456
4469
4468
4467
4466
4465
4464
4422
4421
4420
4419
4418
4417
4416
4431
4430
4429
4428
4427
4426
4425
4424
4439
4438
4437
4436
4435
4434
4433
4432
4447
4446
4445
4444
4443
4442
4441
4440
4391
4390
4389
4388
4387
4386
4385
4384
4399
4398
4397
4396
4395
4394
4393
4392
4407
4406
4405
4404
4403
4402
4401
4400
4415
4414
4413
4412
4411
4410
4409
4408
4359
4358
4357
4356
4355
4354
4353
4352
4367
4366
4365
4364
4363
4362
4361
4360
4375
4374
4373
4372
4371
4370
4369
4368
4383
4382
4381
4380
21104
4378
4377
4376
21119
4326
4325
4323
4322
21118
4335
4334
4333
4330
4329
4328
4343
4342
4341
4340
4339
4338
4337
4336
4351
4350
4348
4347
4346
4345
4344
4295
4293
21117
4291
4288
4303
4302
4301
21116
25419
25418
25417
25416
25431
25430
25429
25428
25427
25426
25425
25424
25438
25437
25436
25435
25434
25433
25432
25383
25382
25381
25380
25379
25378
21115
25376
25391
25390
25389
25388
4299
4297
4296
4311
4310
4309
4308
4307
4306
4318
4317
4316
4315
4314
4313
4312
4263
4262
4261
4258
4257
4271
4270
4269
4268
4267
4266
4265
4279
4277
4276
4275
4274
4273
4272
4287
4286
4285
4284
4283
4282
4281
4280
4231
4228
4227
4226
21114
4224
4239
4237
4236
4235
4233
4232
4247
4246
4245
4242
4241
4240
4255
4254
4253
4252
4251
4250
4249
4193
4192
4207
4204
4202
4201
4200
4215
4214
4211
4210
4209
4208
4223
21113
4221
4220
4218
4216
4165
4163
4162
4173
21112
25451
25450
25449
25448
25463
25462
25461
25460
25459
25458
25457
25456
25471
25470
25469
25468
25467
25466
25465
25464
25415
25414
25413
25412
25411
25410
25409
21063
25423
25422
25421
25420
4168
21062
21061
4186
4185
4135
4133
4132
4143
25483
25482
25481
25480
25495
25494
25493
25492
25491
25490
25489
25488
25503
25502
25501
25499
25498
25497
25496
25447
25446
25445
25444
25443
25442
25441
25440
25455
25454
25453
25452
21060
4156
4103
4102
4101
4100
4099
4098
4097
4096
4109
4108
25515
25514
25513
25512
25527
25526
25525
25524
25523
25522
25521
25520
25533
25532
21059
25529
25528
25479
25478
25477
25476
25475
25474
25473
25472
25487
25486
25485
25484
4107
4106
4105
4104
4126
4071
4068
4066
21058
4077
4075
4074
4073
21057
4087
4086
4085
4084
4083
4082
4081
4095
4094
4093
4092
4091
4090
4089
4088
4038
4036
4032
4047
4046
4045
4044
4043
4042
21056
21071
4055
4053
4052
4051
21070
4048
4063
4062
4060
4059
4056
4006
4013
4012
25546
25545
21069
25558
25557
25555
25554
25553
25552
25567
25566
25565
25564
25563
25562
25561
25560
25511
25510
25509
25508
25507
25506
25505
25504
25519
25518
25517
25516
21068
4022
4021
4020
21067
4030
4029
4028
4027
21066
4025
4024
21065
3969
3983
3982
25579
25578
25577
25576
25591
25590
25589
25588
25587
25586
25585
25584
25599
25598
25597
25596
25595
25592
25543
21064
25540
25539
25537
25536
25551
25550
3976
21079
3985
3999
25611
25610
25609
25608
25623
25622
25621
25620
21078
25618
25617
25616
25631
25630
25629
25628
25627
25626
25625
25624
25575
25574
25573
25572
25571
25570
25569
25583
25582
25581
25580
3946
3955
3953
3952
21077
3963
3962
3909
3907
3906
3905
3916
3915
3912
3925
3923
3922
3932
3928
3879
3878
3877
3876
3875
3872
3886
3885
25643
25642
25641
25640
25655
25653
25652
25651
25650
25649
25648
25663
25662
25660
25659
25658
25657
25656
25607
25606
25605
25604
25603
25602
25600
25615
25614
25613
25612
3882
3895
3894
3893
3892
3891
3890
3903
3902
3901
3898
3897
3896
3847
21076
21075
21074
3841
3840
3854
3849
3848
3863
3862
3860
21073
21072
21087
3856
3868
3867
3866
3864
3815
3813
3812
3811
21086
3822
3820
3817
3816
3831
3829
3828
3827
3826
3825
3839
21085
3835
3834
3833
3832
3783
3782
3781
3778
3790
3789
25675
25674
25673
25672
25687
25686
25685
25684
25683
25682
25681
25680
25695
25694
25693
25692
25691
25690
25689
25688
25639
25638
25637
25636
25635
25634
25633
25632
25647
25646
25645
25644
3787
3785
3799
3798
3796
3795
3806
3805
3803
3802
3801
3751
3748
3747
3746
3745
3744
3759
3757
3756
3753
3752
3766
3765
3763
3762
3775
21084
3773
3772
3771
3768
3718
3716
3715
3713
21083
3727
3726
3725
3724
25707
25706
25705
25704
25719
25716
25715
25712
21082
25726
25725
25724
25722
25720
25671
25670
25669
25668
25667
25666
25665
25664
25679
25678
25677
25676
3722
3721
3720
3734
3728
21081
3742
3740
3738
3736
3687
3686
3685
3683
3682
3681
21080
3692
3689
3688
21031
21030
21029
3706
3655
3653
3652
3651
3649
21028
21026
3661
3660
25738
21025
25736
25751
25749
25748
25747
25746
25745
25758
25757
25756
25755
25754
25753
25752
25703
25702
25701
25700
25699
25698
25697
25696
25711
25710
25709
25708
3658
3671
21024
3669
3666
3665
3678
3677
3676
3675
21039
3673
3672
3623
3622
21038
3616
3628
3627
3626
3625
3624
3639
3637
3636
3635
3632
3646
3645
3643
3642
3640
3586
3599
21037
25771
21036
25768
25783
25782
25781
25780
25779
25778
25777
25776
25791
25790
25788
25787
25786
25785
25784
25735
25734
25733
25732
25731
25730
25743
25742
25741
21035
3595
3594
3593
3607
3604
3601
3600
3615
3614
3609
3608
3559
3556
3555
3554
3553
3552
3567
3566
3565
3564
3563
3562
3561
3560
3569
3568
3526
3525
3524
3523
3520
3535
3534
3533
3532
3530
21034
21033
3542
3541
3540
3538
3537
3536
3551
3550
3549
3548
3547
3546
3545
3544
3495
3494
21032
3491
3489
3488
3503
3502
3501
3500
3499
3498
3496
3511
3510
3509
3508
3507
3506
3505
3504
21047
3518
3517
3515
3514
3512
3463
3462
3461
3460
3459
3458
3457
3456
3471
3470
3469
3468
25803
25802
25801
25800
25815
25814
25813
25812
25811
25810
25809
25808
25823
25822
25821
25820
25819
25818
25817
25816
25767
25766
25765
25764
25763
25762
25761
25760
25775
25774
25773
25772
3467
3466
3465
3464
3479
3478
3477
3476
3475
3474
3473
3472
3487
3486
3485
3484
3483
3482
3481
3480
21046
3429
3428
3425
3424
3439
3436
3435
3434
3432
3447
3446
3445
3444
3443
3442
3441
3440
3455
3454
3453
3452
3451
3450
3448
3399
3398
3397
3396
3395
3394
3393
3392
3407
3406
3405
3404
3403
3402
3401
3400
3415
3414
3413
3412
3411
3410
3409
3408
3423
3420
3419
3418
3417
3416
3367
3366
3365
3364
3363
3362
3361
3375
3374
3373
3372
3371
3370
3369
3368
3383
3382
3381
3380
3379
3378
3377
3376
3391
3390
3389
3388
3387
3386
3385
3384
3335
3333
3332
3331
3328
3343
3342
3341
3340
3339
3337
3336
3351
3350
3349
3347
3346
3345
3359
21045
3357
3355
3354
3353
3352
3300
3298
3297
21044
3309
21043
25835
25834
25833
25832
25847
25846
25845
25844
25843
25842
25841
25840
25855
25854
25853
25852
25851
25850
25849
25848
25798
25797
25796
25795
25794
25793
25792
25807
25806
25805
25804
3307
3306
21042
3317
3316
3327
3326
3325
3324
3323
3322
3320
3268
3265
21041
3273
3272
3286
3285
3282
21040
3280
3295
3294
3293
3292
3291
21055
3233
3232
25867
25866
25865
25864
25879
25878
25877
25876
25875
25874
25873
25872
25887
25886
25885
25884
25883
25882
25881
25880
25831
25829
25828
25827
25826
25825
25824
25839
25837
25836
3263
3262
3256
3207
3206
3205
3204
3203
3202
3201
3200
3215
3213
3212
3211
3209
3208
3223
3222
3221
3220
3219
3217
3216
3231
3229
3227
3226
3225
3175
3174
3173
3172
3171
3170
3169
3168
3183
3182
3181
3180
3179
21054
3177
3176
3191
3190
3189
3188
3187
3186
3185
3184
3199
3198
3197
3196
3195
3194
3193
3192
3143
3139
21053
3136
3151
3148
3147
3146
3144
3159
3157
3156
3155
3153
3152
3166
3165
3164
3163
3162
3160
3111
3109
3108
3107
3106
3105
3104
3119
3118
3117
25899
25898
25897
25896
25911
25910
25909
25908
25907
25906
25905
25904
25919
25918
25917
25916
25915
25914
25913
25912
25863
25862
25861
25860
25859
25858
25857
25856
25871
25870
25869
25868
3115
3113
3112
3127
3125
3124
3123
3122
3120
3129
3128
3079
3078
3077
3076
3075
3073
3072
3085
21052
3083
3082
3081
3080
3095
3093
3092
3091
3090
3103
3102
3101
3100
3099
3097
3096
3047
3046
3045
3043
3042
3041
3040
3055
3053
3052
3051
3050
3049
3048
3063
3062
3061
3059
3058
3071
3070
3069
3067
3066
3065
21051
3015
3013
3012
3010
3009
3008
3023
3022
25931
25930
25929
25928
25943
25942
25941
25940
25939
25938
25937
25936
25951
25950
25949
25948
25947
25946
25945
25944
25895
25894
25893
25892
25891
25890
25889
25888
25903
25902
25901
25900
3019
3018
3016
3031
3025
3024
3039
3037
3036
3035
3033
3032
2983
2982
2981
2980
2979
2978
2977
2976
2991
2989
2988
2987
2986
2985
21050
2999
2998
21049
2996
2995
2993
2992
3007
3006
3005
3003
3002
3001
21048
20999
2948
2947
2956
2967
2965
2964
2963
2962
2975
2973
2972
2971
20998
2968
2918
2917
2916
2915
2913
2912
2927
2926
2925
2923
2922
2921
2920
2935
2934
2933
2932
2931
2929
2928
2941
2939
2937
20997
2887
2886
2885
2883
2882
2881
2895
2894
2893
2892
25963
25962
25961
25960
25975
25974
25973
25972
25971
25970
25969
25968
25983
25982
25981
25980
25979
25978
25977
25976
25927
25926
25925
25924
25923
25922
25921
25920
25935
25934
25933
25932
2891
2890
20996
2903
2902
2901
2900
2899
2898
2896
2911
2909
2906
2905
2904
2855
20995
20994
2852
2851
2848
2863
2862
2860
2857
2856
2871
20993
2869
2868
2866
2865
2878
2875
2874
2873
2872
2819
2818
2816
20992
25995
25994
25993
25992
26007
26006
26005
26004
26003
26002
26001
26000
26015
26014
26013
26012
26011
26010
26009
26008
25959
25958
25957
25956
25955
25954
25953
25952
25967
25966
25965
25964
2836
2847
2846
2845
2844
2843
2842
21007
2791
2788
2787
2786
2785
2799
2797
2796
2795
2793
2792
2806
2805
2804
2803
2802
2801
2800
2815
2813
2812
2811
2810
2809
2808
2759
2757
2755
2753
2752
2767
2766
2765
2764
2763
2762
2761
2760
2775
2774
2773
2772
2771
2770
2769
2768
2783
2782
2781
2779
2778
2777
2776
2727
2726
2725
2723
2720
2735
2733
2732
2731
2728
2743
2742
21006
2740
2739
2738
2737
2736
2751
2749
2748
2746
2745
2695
2694
2693
2692
2691
2690
21005
21004
2702
2701
2700
26027
26026
26025
26024
26039
26038
26037
26036
26035
26034
26033
26032
26047
26046
26045
26044
26043
26042
26041
26040
25991
25990
25989
25988
25987
25986
25985
25984
25999
25998
25997
25996
2699
2698
2697
2696
2709
2708
2716
2715
2663
2662
2661
2660
2659
2658
2657
2656
21003
2670
2669
2668
2667
2666
2665
2664
2679
2678
2676
2672
2687
2686
21002
21001
2681
2631
2630
2629
2628
2627
2626
2625
2624
2639
2638
2637
2636
2635
2634
2633
2632
2647
2646
2645
2644
2643
2642
2641
2640
2655
2654
2653
2652
2651
2650
2649
2648
2599
2598
2597
2596
2595
2594
2593
2592
2607
2606
2605
2604
2603
2602
2601
2600
2615
2614
2613
2612
2611
2610
2609
2608
2623
2622
2621
2620
2619
2618
2617
2616
2567
2566
2565
2564
2563
2562
2561
2560
2575
2574
2573
2572
2571
2570
2569
2568
2583
2582
2581
2580
2579
2578
2577
2576
2591
2590
2589
2588
2587
2586
2585
2584
2534
2533
2532
2531
2529
2528
2543
2542
2541
2540
2539
2538
2537
2536
2551
2550
2548
2547
2546
2545
2544
2559
2558
2557
2556
2555
21000
2553
2552
2503
2502
2501
2500
2499
2498
2497
2496
2511
2510
2509
2508
2507
2506
2505
2504
2519
2518
2517
2516
2515
2514
2513
2512
2527
2526
2525
2524
2523
2520
2471
2470
2469
2468
2467
2466
2465
2464
2479
2478
2477
2476
2475
2474
2473
2472
2487
2486
2485
2484
2483
2482
2481
2480
2495
2494
2493
2492
2491
2490
2489
2488
2439
2438
2437
2436
2435
2434
2433
2432
2447
2446
2445
2444
2443
2442
2441
2440
2455
2454
2453
2452
2451
2450
2449
2448
2463
2462
2461
2460
2459
2458
2457
2456
2407
2406
2405
2404
2403
2402
21015
2400
2414
2413
2412
21014
2410
2409
2408
2423
2422
2421
2420
2419
2418
2416
2431
2430
2429
2428
2427
2426
2425
2424
2375
2374
2373
2372
2371
2370
2369
2368
2383
2382
2381
2380
2379
2378
2377
2376
2391
21013
2389
2388
2387
2386
2385
21012
2398
2397
2396
2395
2394
2393
2392
2343
2341
2340
2339
2338
2337
2336
2351
2350
2349
2348
2347
2346
2345
2344
2359
21011
2357
2356
2355
2354
2353
2352
2367
2366
2365
2364
2363
2362
2361
2360
2311
2309
2308
2307
2306
2305
2304
2319
2317
2316
26059
26058
26057
26056
26069
26068
26067
26066
26065
26064
26023
26022
26021
26020
26019
26018
26017
26016
26031
26030
26029
26028
2315
2313
2312
2327
2326
2325
2323
2322
2321
2320
2335
2333
2332
2331
2330
2329
2328
2279
2278
2277
2276
2275
2274
2273
2272
2287
2286
2285
2284
2283
2282
2281
2280
2295
2294
2293
2292
2291
2290
2289
2288
2303
2302
2301
21010
2299
2298
2297
2296
2247
2246
2245
21009
2243
21008
2241
2255
2254
2253
2252
2251
2250
2248
2263
2262
2261
2260
2259
2258
2257
2256
2271
2270
2269
2268
2266
2265
2264
2215
2214
2213
2212
2211
2210
2209
2208
2223
2220
2219
2218
2217
2216
2230
2229
2228
2227
2226
21023
2224
21022
2236
2183
2182
2181
2180
2178
2177
2176
2191
2190
21021
2188
26099
21020
26109
26104
26055
26054
26053
26052
26051
26050
26049
26048
26063
26062
26061
26060
2187
2186
2185
2184
2199
2198
2197
2196
2195
2194
2193
2192
2207
2206
2205
2204
2202
2201
2200
2151
2150
2149
2148
2147
2146
2145
2159
2158
2157
2156
2155
2154
2153
2152
2167
2166
2165
2164
2163
2162
2161
2160
2175
2174
2173
2172
2171
2170
2169
2168
21019
2117
2116
2115
2114
2113
2112
2127
2126
2125
21018
2123
21017
2121
2135
2133
2132
2131
2128
2143
2142
2141
2140
2139
2137
2136
2087
2086
2085
2084
2083
2082
2081
2080
2095
2094
2093
2092
26122
26135
26133
26132
26128
26142
26140
26137
26136
21016
26095
26093
2091
2090
2089
2088
2103
2102
2100
2099
2098
2097
2096
20967
2109
2106
2105
2054
2052
2050
2049
2048
2063
2062
2060
2056
2071
2070
2068
2067
2066
2065
2064
2079
2078
2077
2076
2075
2074
2073
2072
2023
2020
2019
2017
2016
20966
20965
26155
26153
26152
26166
26165
26162
26161
20964
26170
26169
26116
26114
26127
26126
26125
20963
2026
2025
2038
2037
2036
2035
2034
2033
2047
20962
2042
2041
1991
1990
1989
1988
1987
1986
1985
1984
1999
1998
1997
1996
1995
1994
1993
1992
2007
2006
2005
2004
2003
2002
2001
2000
2013
2012
2009
2008
1959
1958
1957
1956
1955
1954
1953
1952
1967
1966
1965
1964
1963
1962
1961
1960
1975
1974
1973
1972
1971
1970
1969
1968
1983
1982
1981
1980
1979
1978
1977
1976
20961
1926
20960
20975
20974
1920
1934
26187
26186
26185
26197
26196
26193
20973
26206
20972
26201
26200
26151
26148
26146
26145
20971
1928
1943
1942
1941
1940
1939
1936
1951
1950
1948
1947
1946
1945
1944
1895
1894
1893
1892
1891
1890
1889
1888
1903
1902
1901
1900
1899
1898
1897
1896
1911
1909
1908
1907
1906
1905
1919
1918
1917
1916
1915
1914
1913
1912
1863
1862
1861
20970
1859
1858
1857
1856
1871
1870
1869
1867
1866
1865
1879
1878
1877
1876
1875
1873
1872
1887
1886
1885
1884
1883
1882
1881
1880
1831
1830
20969
1828
1827
1826
1825
1824
1839
1838
1837
1836
1835
1834
1833
1832
1847
1846
1845
1844
1843
1842
1841
1840
1855
1854
1853
1852
1851
1850
1849
1848
1799
1798
1797
1796
1795
1794
1793
1792
1807
1806
1804
26219
26228
20968
26224
26236
26234
26183
26182
26181
26179
26178
26176
26189
26188
1802
1801
1800
1814
1810
1809
1808
1823
1822
20983
20982
1816
1767
1766
1765
1764
1763
1762
1761
1760
1772
26249
26248
26262
26260
26257
26256
26271
26268
26266
26265
26215
26213
20981
20980
26222
1769
1768
20979
1781
20978
20977
20976
1786
1735
1734
1733
1732
1731
1730
1729
1728
1742
1741
1740
1739
1738
1737
1736
1750
1749
1748
1747
1746
1745
1744
1759
20991
1757
1756
1755
1754
1752
1703
1702
1701
1700
1699
1698
1696
1711
1710
1709
1708
1707
1706
1705
1704
1718
1717
1714
1712
1726
1725
1724
1722
1720
1671
1670
1669
1668
1667
1666
1665
1664
1679
1678
1677
1676
26283
26282
26281
26295
26292
26290
26303
26302
26301
26299
26298
26296
26247
26246
26245
26244
26242
1675
1674
1673
1672
1687
1686
1685
1684
1683
1682
1681
1680
1695
1694
1692
1689
1688
1636
1635
1634
1632
1647
1646
1645
1644
1643
1642
1655
1654
1653
1652
1651
1650
1648
1663
1662
1661
1660
1659
1658
1657
1656
1607
1606
1605
1604
1603
1602
1601
1600
1615
1614
1613
1612
1611
1610
1609
1608
1621
1620
1619
1618
1617
1616
1630
1629
20990
20989
20988
1575
1574
1573
1572
1571
1570
1569
1568
1583
1582
1581
1580
1579
1578
1577
1576
1591
1590
1589
1588
1587
1586
1585
1584
1599
1598
1597
1596
1595
1594
1593
1592
1543
1542
1541
1540
1539
1538
1537
1536
1551
1550
1549
1548
1547
1546
1545
1544
1559
1558
1557
1556
1555
1554
1553
1552
1567
1566
1565
1564
1563
1562
1561
1560
1509
1508
20987
1505
1516
26315
26313
26312
26327
26326
26325
26323
26322
26321
26320
26335
26333
26332
26329
26328
26275
26273
26272
20986
26286
26285
1515
1514
1527
1526
1525
20985
1523
1522
1521
1520
1535
1534
1533
1532
1531
1530
1528
1479
1478
1477
1476
1475
1473
1472
1487
1486
1485
1484
1483
1482
1481
1480
1495
1494
1493
1492
1491
1490
1489
1488
20984
1501
1500
1498
1497
1496
1447
1446
20935
1441
20934
1455
20933
1453
20932
20931
26344
26356
26367
26366
26365
26364
26363
26362
26360
20930
26309
26305
26317
26316
1449
1463
1462
20929
20928
20941
1456
1471
1470
1468
1467
1466
1465
1464
1415
1413
1412
1411
1409
1408
1423
1422
1421
1420
1419
1417
1416
1431
1429
1428
1427
1426
1425
1439
1438
1435
1433
1432
1383
1382
1381
1380
1379
1378
1377
1376
1391
1390
1389
1388
1387
1386
1385
1384
1399
1398
1397
1396
1395
1394
1393
1392
1407
1406
1405
1404
1403
1402
1401
1400
1351
1350
1348
20940
1346
1345
1359
1358
1357
1356
1355
1354
1353
1352
1367
1366
1365
1364
1363
1362
1361
1360
1375
1374
1373
1372
1371
1370
1369
1368
1319
1318
1317
1316
1315
1314
1313
1312
1327
26379
26377
26376
26391
26389
26388
26387
26386
26385
26399
26398
26395
26393
26392
26340
26339
26349
26348
20939
20938
1335
1329
1343
20937
1341
1336
1287
1286
1285
1284
1282
1281
1280
1295
1293
1292
1290
1289
1288
1303
1302
1301
1300
1299
1297
1296
1311
1310
1309
1308
1307
1306
1304
1255
20936
1253
1252
1251
20949
1249
1248
1263
1261
26410
26423
26422
26419
26418
26416
26431
26429
26425
26375
26373
26372
26368
26383
26382
26381
26380
1259
1271
1270
1269
20948
1267
1266
1265
1264
1279
1278
1277
1276
1275
1274
1273
1272
1223
1222
1221
1220
1219
1218
1217
1216
1231
1229
1228
1227
1226
1225
1224
1239
1237
1236
1235
1233
1232
1247
1246
1245
1243
1242
1241
1240
1191
1190
1189
1188
1187
1186
1185
1184
1199
1198
20947
20946
1195
1194
1193
1192
1207
1206
1205
1204
1203
1202
1201
1200
1215
1214
1213
1212
1211
1210
1209
1208
1156
1155
1152
1167
1166
1164
1163
1162
1161
1160
1175
1173
1172
1171
1168
1183
1182
1181
1180
1179
1178
1177
1176
1127
1126
1125
1124
1123
1122
1121
1120
1135
1134
1133
1132
26443
26442
26441
26440
26455
26453
26452
26451
26449
26448
26463
26461
26459
20945
26403
26402
20944
26415
1131
1129
1128
20957
1139
1138
1137
1136
1149
1148
1147
1145
1095
1094
1093
1092
1091
1090
1089
1088
1103
1102
1101
1100
1099
1098
1097
1096
1111
1110
1109
1108
1107
1106
1105
1104
1119
1118
1117
1116
1115
1114
1113
1112
1063
1062
1061
1060
1059
1058
1057
1056
1071
1070
1069
1068
1067
1066
1065
1064
1079
1078
1077
1076
1075
1074
1073
1072
1087
1086
1085
1084
1083
1082
1081
1080
20956
1036
26475
26473
20955
26485
26483
26482
26481
26493
26492
26489
26439
26437
26436
26435
26433
26447
26446
26445
1035
1047
1046
1045
1043
1042
1040
1055
1054
1053
1052
1051
1050
1048
999
20954
997
996
995
994
993
992
1007
1006
1005
1003
1002
1001
1000
1015
1014
1013
1012
1011
1010
1009
1008
20952
1019
1018
1017
1016
967
966
965
964
963
962
961
960
975
974
973
972
971
970
969
968
983
982
981
980
979
978
977
976
991
990
988
987
986
985
984
935
933
931
20903
928
943
942
941
940
939
938
937
936
951
950
949
948
947
946
945
944
959
958
956
955
20902
953
952
20901
900
899
896
909
26506
26505
26519
26515
26513
26512
26527
20900
26522
26520
26471
26470
20899
26467
26466
26479
26478
26476
905
904
916
915
914
927
926
925
923
922
20898
20897
869
868
867
866
865
864
26536
26551
26549
26548
26547
26546
26545
26544
26559
26556
26553
26502
26501
26500
26499
26497
26511
886
20896
894
893
20911
839
838
837
836
835
834
833
832
847
846
845
844
843
842
841
840
855
854
853
852
851
850
849
848
863
862
861
860
859
858
857
856
807
806
805
804
803
802
801
800
815
814
813
812
811
810
809
808
823
822
821
820
819
818
817
816
831
830
829
828
827
826
825
824
774
773
772
771
770
769
768
783
782
781
780
779
778
777
776
791
790
789
788
787
786
785
784
799
798
797
796
795
794
793
792
743
741
740
739
737
736
751
20910
748
747
746
745
744
759
757
756
755
754
753
752
767
766
765
764
763
762
761
760
711
710
709
708
707
706
705
20909
718
717
716
26571
26569
26583
26582
26581
26579
20908
20907
26591
26590
26589
26588
26587
26586
26585
26584
26534
26529
26543
715
20906
713
712
727
726
20905
723
722
20904
735
733
732
731
729
728
679
678
20919
676
675
674
20918
672
687
686
685
684
683
682
681
680
695
693
692
691
689
688
703
702
701
700
699
697
696
20917
646
20916
640
655
654
653
652
651
650
20915
663
662
661
658
657
671
670
669
668
667
666
665
20914
614
20913
609
608
623
20912
620
26603
26602
26601
26615
26613
26612
26611
26609
26608
26623
26622
26621
26620
26619
20927
26616
26566
26565
26563
26562
26575
26573
26572
616
631
628
627
626
625
624
639
637
636
632
20926
576
591
26635
26633
26632
26646
26643
26641
26599
26598
26597
26596
26595
26594
26593
26592
26607
26606
26605
26604
586
598
596
595
593
592
607
602
20925
600
549
546
557
556
26665
26676
26675
26673
26672
26686
26685
26683
26682
26681
26680
26631
20924
26628
26627
26626
26625
26639
26699
26709
26708
26716
20923
26663
20922
20921
26656
26671
554
567
566
565
563
562
561
560
573
20920
568
519
526
26731
20871
26728
26743
20870
26739
26737
26749
26748
26746
26745
26695
26693
533
532
543
541
536
487
486
485
484
483
482
481
20869
495
494
493
492
491
490
489
488
503
502
501
500
499
498
497
496
508
507
506
505
504
455
453
452
451
448
463
462
461
20868
459
456
471
470
466
478
477
476
475
474
473
472
423
422
421
420
418
20867
416
20866
430
429
428
26763
26762
26775
26773
26772
26771
26770
26769
26783
26782
26781
26780
26779
26778
26777
26776
26727
26726
26725
26724
26723
26722
26720
26735
26733
26732
427
426
425
424
20865
20879
436
435
434
433
432
447
446
445
444
443
442
441
440
388
387
386
385
384
406
20878
20877
20876
413
358
357
20875
353
367
26795
26794
26793
26792
26807
26806
26805
26804
26803
26802
26801
26800
26815
26814
26813
26812
26811
26810
26809
26808
26759
26757
26755
26754
26753
26766
26765
363
362
369
383
382
376
327
326
325
324
323
322
321
332
26827
26826
26825
20874
26838
26837
26836
20873
26832
26847
26846
26845
26844
26843
26842
26841
26840
26791
26790
26789
26788
26787
26786
26785
26784
26799
20872
26797
26796
328
20887
20886
346
295
294
293
292
291
290
289
288
303
302
301
298
297
296
309
20885
306
305
316
315
312
262
260
20884
258
256
271
268
267
266
265
264
279
20883
277
276
275
20882
272
287
286
285
284
282
281
280
231
229
228
226
225
20881
238
237
236
26859
26857
26856
26871
26870
26869
26868
26867
26866
26865
26879
26878
26877
26876
26875
20880
26873
26872
26822
26821
20895
26818
26817
26816
26831
26830
26829
26828
235
233
232
247
246
245
20894
241
240
255
254
20893
250
249
248
196
207
206
205
204
203
202
215
213
212
211
208
223
220
219
20892
217
216
166
163
175
174
173
172
26890
26889
26888
26903
26902
26901
26900
26899
26896
26911
26910
26909
26908
26907
26906
26905
26904
26855
26853
26852
26851
26849
26848
26863
26862
26861
26860
170
182
178
177
176
20891
189
135
134
132
130
129
128
143
142
141
140
26922
26935
26934
26933
26932
26930
26929
26943
26942
26940
26938
26937
26936
26887
26885
26884
26883
26882
26880
26895
26894
26892
138
136
20890
150
20889
148
147
146
145
144
159
152
20888
20838
20837
97
20836
106
105
118
116
115
113
112
127
126
125
124
122
121
120
20835
69
66
65
20834
78
76
21
20
19
20847
16
20846
29
26992
27
26
25
26979
26951
26950
26949
26948
26947
26945
26980
26959
26958
26956
21323
21322
21321
21320
21335
21334
21333
21332
21331
26988
43
42
40
55
53
52
51
26990
63
61
20845
58
57
26981
26918
26917
26915
26912
26926
26925
26924
75
73
72
87
86
85
84
83
82
81
26986
