15012
44101
43009
57057
27202
51820
39147
28492
41725
45265
0
9810
30912
13557
48282
28952
2087
26748
61448
11472
31242
9753
16140
43470
63993
1697
43112
60316
47013
46327
54781
37266
15894
50762
43761
30456
39918
50231
48383
3820
51155
57749
16290
15921
16514
52023
30005
33685
33597
62290
31448
52588
16097
7432
31733
60792
13134
26395
30312
41695
37237
1983
57980
60616
47306
47777
1086
6803
37712
34205
55953
10894
43053
35353
48714
9514
35874
23009
34200
54218
30328
23949
48869
10704
4244
15871
46047
25633
7673
29278
55335
9507
40245
44674
50103
44932
51290
13155
35318
23411
19882
55154
195
2174
16803
46212
40410
13724
16098
52444
7083
46899
30391
28466
57627
31392
21510
26743
55345
38627
17240
6987
29085
24571
46888
31431
62320
133
39895
7375
25747
9974
58286
30905
2008
38939
53073
43638
49593
10198
10012
26067
39049
47960
54227
42935
58784
52718
33631
54348
4708
59864
14867
14955
35654
11133
37468
58155
31798
15968
56036
31362
11187
54648
17691
61575
32486
34960
45754
41191
17769
62198
26994
10261
44947
29403
18717
8298
11831
26106
41874
27826
11433
38525
34898
15136
46835
45908
1455
15558
39564
33237
38213
34917
3793
61524
31551
5206
13758
45018
36911
36207
15897
37428
20990
37430
64259
3344
30653
47860
58115
55387
16020
37243
29081
24529
59974
10286
32761
35733
6924
5378
61576
9746
54653
24521
48571
58621
30353
32840
9366
9018
38905
13103
41064
48131
55803
34452
36277
17354
54042
23065
49100
8540
36032
1382
55084
5687
25908
2020
4139
54798
51157
48133
27484
43460
3084
54967
15046
48631
16316
27975
12485
14128
13662
49591
29557
58876
28963
4485
30269
44680
45346
46200
7766
2498
21716
56447
22675
54019
62715
16734
11508
51637
37580
42324
7635
20633
60002
26073
47395
48318
26204
5151
58706
40062
64271
6056
3741
58364
60673
35481
50083
55003
51945
58845
47984
39648
16157
44111
5973
15322
54506
59310
31455
17196
59539
25617
63661
49142
32531
26712
2784
58163
41950
25317
58736
22156
59189
54890
31303
40534
55956
47309
9649
1763
12638
58840
35551
25991
54699
50479
46199
52070
46500
13421
47948
36226
43833
36646
31059
62086
46492
41603
32192
56376
22501
43785
16343
53960
4920
53118
54929
43227
17687
54933
37334
58291
23024
25900
6077
9053
19023
55928
15200
40744
53337
5240
53654
9582
2536
26975
11027
32237
36061
11250
35862
2571
22759
61129
52803
35786
40732
41676
26200
12532
14539
26549
27956
22326
63986
33745
44901
12314
6701
63977
6629
2749
37500
6388
3754
24906
42524
62267
33691
42232
13747
13732
64438
22064
62291
3508
48357
9534
30412
39544
52527
42336
17244
18465
18571
13427
42010
52662
7914
761
27024
17363
17643
37158
33762
8425
50
1694
56956
37619
63430
34192
49782
59137
53686
24424
27994
25664
3224
61327
38849
29957
49055
42473
15092
24868
37986
10249
52349
10609
61413
37903
31088
2739
55022
12163
49744
47087
4687
51845
10258
33817
43737
50691
31561
33469
20768
20605
517
42649
34138
15964
16613
22741
17681
45400
5517
38480
24089
4551
41441
15701
3086
54731
14166
5012
2562
6352
17851
1110
15692
10370
36391
2250
61668
27750
5977
11092
2726
23176
39981
43852
51159
8780
26422
1231
59639
17130
61118
49892
52697
34930
55644
30943
2
50081
53697
5051
32547
63082
14245
58785
16827
9489
61971
38382
36236
30322
51304
52957
42424
11313
53704
44121
9171
48229
20772
6196
52510
20344
52469
35723
655
62955
25868
10263
30944
62939
36213
39712
49653
45490
38854
5253
14036
40907
19044
29972
56015
40179
45111
43828
20673
5439
60695
58281
53618
37104
28896
35084
10824
26025
43527
30354
42162
15015
55728
11733
817
8534
47692
29221
37597
30362
35534
57134
2055
37688
43781
45521
10148
31932
4975
18680
43058
47447
26250
3795
23035
41262
22915
51890
3026
64413
34827
51634
54696
40014
34245
33547
35347
13325
56554
13508
14261
2753
56473
47684
8393
38878
54186
820
18506
52516
12136
57726
15030
3221
4703
46956
8531
15188
10599
56698
52134
17770
36830
40042
27025
53074
13720
9540
53670
5677
40066
25454
17280
63348
42066
30920
2853
16046
23821
31657
16460
28931
4201
13668
30623
13673
38465
42907
39685
51392
32885
5660
55931
61495
4366
14025
6577
52037
1651
18802
13397
51843
20686
17754
16153
27282
34206
48444
11040
16654
44246
17050
3242
48608
18699
48592
62873
48231
11571
34
26744
30631
48738
8670
20896
17021
29919
7594
28183
52589
29805
7519
3902
58891
20694
52027
6093
49460
22020
2538
26278
889
60078
15201
61806
22322
37920
45705
23394
35760
52141
54365
1123
42196
9060
49486
13738
13559
37538
6831
32505
33595
15342
11879
62031
30491
49747
60071
51640
26263
15677
8424
49300
47506
62734
35289
18886
18392
28927
15933
36848
919
23778
14035
40278
38031
53046
41074
47780
43685
11003
6405
49019
12413
52623
42689
31623
58786
43429
31648
62563
13709
16193
32043
40255
9402
20809
46516
64255
21666
15938
6188
7901
30352
53881
55911
37465
44833
45373
22802
31111
36601
41704
51151
21219
32165
1892
56593
19335
27856
38159
17568
39715
54658
42218
42235
43307
4962
26641
19026
29257
46627
22473
17520
310
930
52200
64319
41721
33054
53002
25056
29082
29356
1609
2997
52850
9949
4180
53928
39679
34552
33766
17885
9497
48587
57639
43920
41666
43368
15165
58679
4923
13306
55950
1656
23641
54213
30459
39136
28888
41939
9788
56896
53667
31432
14699
52118
23061
12980
61154
41439
521
4125
35548
17920
23854
60969
40411
10207
32256
36524
64257
27272
16486
55495
56508
44499
26490
25755
14374
56238
44214
9995
2814
45785
50243
20989
13138
4484
41442
2855
54813
35942
37405
4838
24184
54702
8501
15742
15213
30329
43694
17387
2613
15556
47579
40832
11002
40402
11801
7630
53624
20868
52876
44127
9085
48811
60097
34122
56158
31365
29168
56609
43996
1595
6941
8421
50195
14418
11110
25618
1288
38924
62848
40476
40322
6757
58282
64099
62738
6567
50505
28631
9537
23651
38804
21030
46784
38121
9896
60791
35644
33916
33860
15018
6632
25882
48341
56986
29589
58945
1953
19791
29686
31354
22319
56850
26303
13976
7477
49392
59422
60941
62220
13690
26667
31976
57770
55328
57349
35635
15045
39450
59568
5619
13413
9977
3813
29288
53993
43294
45547
43028
37583
14252
38844
22786
62632
31257
45896
24753
20059
14704
5731
891
34877
19733
16492
29431
12271
53607
41297
29162
53122
12129
34166
3611
28234
4784
49250
43528
7523
55755
20846
53233
33157
22048
18460
52536
9530
8523
1961
38724
26958
44048
43484
53707
59055
45275
29220
63435
37524
54739
62489
42145
55607
40670
30782
48856
8720
47104
46209
31410
36680
26305
9598
2470
8117
34591
50282
56872
41449
56201
47210
15187
56619
34210
1045
8586
12945
25044
62585
45462
51511
24043
36153
16416
12832
31304
7197
20302
30974
37650
34332
23963
19209
55089
1493
1847
31339
63592
462
31992
35338
51505
61594
32081
16788
32914
52287
47703
37381
1038
13120
18340
21559
2553
38821
27126
20122
23200
31573
32738
61664
33430
13458
14125
32241
4227
54400
38991
22417
56587
29647
10722
3033
2676
59180
50236
56746
63299
21127
34331
16074
3565
10127
13754
45101
13701
53009
42667
51969
36449
7531
37955
14602
17956
8001
63598
5525
26920
8754
20285
28335
18471
17561
17217
9620
9648
38606
33897
43787
16838
13171
50718
2813
32487
15615
34398
4767
47205
60619
10047
39
38089
36281
10424
12066
31826
49654
4286
36623
41178
35525
23216
1972
50586
56231
19835
15637
4785
22393
25720
12686
27393
11757
52582
3601
28128
6798
6325
16213
28195
16781
49249
6317
22265
13145
48061
58356
10278
26894
6999
8617
1815
2591
61864
6689
8206
4988
63901
57170
5604
48105
49230
28909
15221
15748
33357
50257
15515
29963
28214
13395
16733
5287
14653
9717
44793
33424
15567
16150
59206
3925
41491
45649
16270
43779
17226
10586
3936
47675
38388
12581
20203
4713
25195
17046
43281
33774
26202
10844
48283
11227
27940
62766
9737
12864
35217
55448
11353
43840
23538
39969
1184
45214
2168
20173
44097
51274
15162
14712
59117
22583
25143
37637
63454
4100
43877
62354
44032
1245
26976
15179
22359
4457
45786
33971
3851
6721
44455
34451
30837
64122
46239
58758
32145
44888
47912
14457
46922
58903
3513
28143
38856
8458
32309
17697
54484
8915
39479
54024
42860
8304
17768
50404
2273
21412
21247
13963
47029
1610
28238
1554
16477
57514
26412
28025
37023
29271
23768
14003
11482
54401
19487
21142
50673
59050
27517
18329
17456
23819
26105
6544
12784
26296
42980
2116
63572
50843
36482
17458
39196
46289
53052
26034
13359
15134
59435
22302
6881
23934
64410
43728
47308
41305
9958
2735
29741
45771
49485
25892
6072
50624
53018
33220
53599
41674
11913
58179
61536
35093
20034
34703
18593
4562
29882
5775
3245
52904
5846
30641
30338
60984
56843
37438
61596
61136
24208
2576
50795
43216
23588
16192
39397
32597
9518
22859
4281
58212
9583
15181
12272
5697
25876
32518
43080
64225
35521
62411
3526
50398
38449
57813
46559
41820
49155
63195
25228
54207
11232
42120
5591
41740
15418
24801
4203
33104
37922
7846
55847
43283
21466
44832
4075
42959
25669
64331
7686
8662
27920
16261
57610
61008
2836
22788
28530
57932
48692
26960
40507
31237
27385
18313
28816
547
4531
41571
678
13474
4860
26489
21152
58410
51872
2795
25035
58959
11513
46879
30043
50318
5995
25628
33356
6108
38999
14317
19062
19908
37660
39081
41761
52983
58000
59548
48680
21198
43366
59257
7620
48130
40762
45867
15432
50704
14026
7433
34933
25218
36941
22244
30865
32010
12828
12208
55634
61685
12256
2451
30574
703
5889
39701
61976
46701
54474
16047
5052
32484
31175
4676
44151
61726
54976
10381
8529
38392
38552
27422
21951
21597
2843
1031
42511
47477
3219
31421
48091
62348
25871
42016
33000
22698
12924
25014
16693
25901
50429
10775
50830
36935
886
28595
9615
58262
25481
13086
34544
26985
35213
9607
29139
3018
6846
16438
63996
49710
18602
30179
39169
38850
2133
32726
906
1148
54045
23754
8179
58677
33855
12244
63141
2238
38069
19943
53632
29942
12378
26840
32263
35675
15931
63800
45106
20323
59840
48053
17493
23374
7001
1910
7347
6464
22622
18805
17027
23874
49476
60561
33323
46993
5961
16116
38682
45287
36810
56437
2100
9979
29979
16304
25082
10336
51265
47050
24559
50222
64026
49678
31897
56241
13744
30568
20845
35513
18478
54901
38626
4211
27563
38671
12101
26992
6082
38920
18011
63210
27853
47724
31457
56500
3655
16374
52855
47009
49746
1142
2040
18309
52146
40222
58048
54888
61764
18784
49453
556
55438
53636
42961
39370
10850
22254
39108
11417
52088
31961
11781
8142
33905
42663
18466
35805
16864
40269
11810
26102
56427
7777
60688
52758
26592
19189
4830
53323
57268
24041
47836
11422
35840
64446
18529
24900
745
15032
42735
4751
10630
1798
385
4801
53319
54908
5808
40345
40617
42699
54452
59977
63166
11271
25651
7437
26602
16515
62460
16830
4380
32098
31865
53006
7137
37919
54735
36477
6802
59846
24933
24950
25947
25117
9947
39664
18382
29702
39485
29561
55206
12498
22479
41489
27540
39990
45839
61559
786
55153
33023
19391
33965
30308
47872
21804
2612
12106
58461
12484
57118
40015
53211
21476
43808
16030
14855
59135
3544
47144
53772
22113
34284
25910
38531
8002
42157
4811
54327
4463
30289
46560
56085
15464
27359
33721
9627
34324
39538
44543
43282
19202
21393
26982
7067
36655
7461
20140
58265
25793
4422
58966
29889
62443
2740
33664
20519
2214
968
24306
13983
42685
37006
7905
17234
4859
58249
11100
792
13568
52460
54904
54409
34065
61501
28953
16146
8050
41977
4354
37436
29952
15325
4610
17374
27593
18744
2484
48669
15096
57490
13437
15178
24243
64249
62934
59857
44205
53346
13782
8415
6424
13355
18815
52035
57254
39614
62062
27055
49870
10300
20072
58156
40419
7590
41234
27337
33885
17570
56781
46513
31124
8544
26434
1130
13357
37210
42999
13309
42253
11712
31915
5997
12818
7332
27097
34684
62751
23054
14511
16745
47122
50653
2126
21835
27965
51912
6204
28916
64385
44324
43291
9893
59228
50793
12414
34665
22548
37260
4994
34609
5610
708
18857
44839
8187
61608
14527
57583
28727
46207
12471
52995
39143
40109
38865
10697
33628
12576
47589
444
18444
59601
33290
50086
7342
28532
40815
25351
34130
35648
40163
42495
51653
46190
32839
2751
20388
20627
45308
23060
33404
56155
14463
4407
61565
39687
26821
40612
30810
2690
12322
59596
50601
60518
19728
11307
22808
40312
25981
42973
1119
64224
50284
2426
62985
57186
41068
61092
32087
8161
42956
34449
12536
23088
8038
18653
26542
522
42778
16147
47133
40329
16219
27692
29026
14006
51802
62954
16310
64206
28986
54987
63588
44369
54436
11001
5243
54119
12426
5900
28199
2433
62506
60650
58193
131
43464
32438
47803
60098
42768
27399
3391
18491
62843
4461
38891
54477
8539
51178
59680
15985
22394
4976
43438
30867
38461
44203
24104
45986
38902
46021
54947
3146
46480
40619
18191
16331
47614
44237
23608
5730
58220
57451
36113
50386
56771
40397
64395
27523
62726
30527
7458
15522
48588
5190
15267
64445
10357
25179
34357
28911
50397
53952
36241
12068
45922
57893
60645
2066
61830
60789
40786
32207
8186
1151
615
4563
41743
3235
54338
30001
35042
15064
19349
27637
16340
31078
14302
45375
43273
18749
15439
14606
24348
6993
3676
36975
31330
48543
30573
43439
58248
42565
1565
29067
32891
16755
53513
51729
8930
29341
63014
56685
62546
60798
435
2926
6564
46374
55573
22352
26156
2064
58102
28344
32927
63294
60442
30325
6774
680
19964
50004
39746
53879
15113
22369
45602
25846
54485
44991
16181
18254
18253
6949
25847
60284
57591
53231
42600
39751
38255
50899
35018
58651
15718
638
40485
58817
59795
48064
17640
35514
2058
58223
18604
18406
27577
56705
13757
12248
26612
14375
17066
21828
49274
40885
39368
33534
56784
62456
51680
343
41134
34406
62559
9517
2099
54595
48752
57515
60982
26856
60155
30114
35280
40634
40734
28788
25512
15476
47899
52240
45783
15021
25158
21857
30709
38607
1612
18166
11469
38050
22195
25665
500
12126
26955
60711
16302
29310
48192
28117
22814
39404
23943
21810
26733
1831
43476
32733
23071
57162
59183
7150
30343
22132
16484
30034
53724
22487
46026
20001
28643
53455
11682
10847
16854
15885
64474
19339
24107
6890
33091
41931
28201
48063
57178
57912
30274
29986
57122
4818
33778
32844
244
10423
54263
28455
45871
56295
46889
6414
61665
23680
17044
49246
15079
162
6631
46188
4671
53329
37889
27993
58721
7430
5569
52759
50002
16455
20862
23526
18233
60778
56299
59235
34400
49387
2358
51808
35584
46761
39845
21155
22071
10361
57011
50720
12685
27612
28490
9897
59677
31671
20407
19293
62621
52860
42075
44439
35658
5957
41145
45119
29217
14694
4024
33927
21863
17893
58882
29378
49152
15622
30189
42810
43421
23072
58538
45999
27777
26223
41807
51733
13098
28939
6530
5943
39012
6129
36377
41027
26624
35610
62900
7247
56523
34705
35715
63994
40220
8702
428
14619
19589
20582
13774
16778
41702
18097
38192
39323
43430
23866
42489
13144
43299
11394
61931
31856
49449
27348
48281
40254
54609
52829
2272
30138
28959
34970
52199
18762
43624
22941
50987
5164
11911
16611
63410
20235
59184
26148
34044
63200
21667
55517
41483
6731
44126
26927
30740
14369
11581
24666
18029
41067
9382
39428
22904
53032
11147
14011
14099
42368
9608
2915
34641
24117
43266
35354
2696
18000
15253
40564
49306
59284
7386
53098
35010
26877
23289
14162
11208
20785
16643
59939
61414
28811
62006
16877
52688
23089
56979
13785
56615
44062
19932
52577
37093
60782
46586
52805
58112
58662
53634
56442
14750
23131
22272
11894
46999
26028
63422
55053
29578
364
26728
754
55797
29254
8198
4207
52703
39200
4336
21906
26410
28770
11956
38786
49792
33992
46930
51633
55140
98
25531
52046
54934
19650
14144
27067
35582
18779
20842
4378
27665
37261
33909
39809
17305
54229
9484
29965
42401
29214
10685
46244
8341
24915
1633
28132
39337
19103
52682
55107
6815
58957
829
63337
63640
9310
33286
28706
51226
61251
24597
35148
32790
48108
49644
44067
7809
56704
20389
56187
34194
34462
53090
55816
62309
23245
17182
26640
57677
23005
15826
54406
53305
58485
356
37164
10478
14357
51661
28252
62486
55625
12881
44645
5106
37206
36509
26292
18888
33154
44210
22911
36366
16244
4880
2070
61584
3393
39755
27953
57479
35694
6608
63699
24339
36851
12951
49812
16133
52846
21541
41528
13271
64196
28290
11771
10219
43514
40196
6423
34729
46334
57653
44706
42597
13165
61919
11558
44681
13419
46593
3088
17227
17206
19718
22409
50715
25992
40287
36217
61046
23616
21674
39603
19448
39726
280
12729
15017
47027
30310
2989
50902
2120
60741
42708
57520
10807
27838
7025
49709
8017
28956
57193
12328
32931
25139
38548
4547
5643
38019
4358
32815
57664
39135
14385
33743
16258
18131
63304
23020
6375
57641
13132
48610
18110
13645
14027
30584
49561
5003
54258
39345
38577
55938
11130
7443
6434
40257
8538
32760
4996
27154
45604
23119
9734
40120
50813
38944
52242
55990
29504
22360
37732
32475
56202
40302
15197
6744
40459
59673
6087
45927
4369
61651
15970
7100
37923
53042
35813
50687
11287
4903
59058
64390
61302
7243
42291
27753
56815
34352
53171
39518
32236
22696
60319
32537
2095
25721
57456
2652
7165
19073
39179
15984
10003
47039
47273
16951
1564
11909
39806
55235
35150
51201
59434
32875
6392
39145
54924
20832
26035
31138
29227
48622
50439
30979
20316
5104
53269
33681
42901
43686
3047
31889
47221
10875
5887
11531
9120
24937
3782
60424
5392
25781
1835
12092
48248
47038
58984
13067
61263
1290
56596
36009
52372
62458
25742
16980
18862
24197
61930
38685
30017
5074
4809
14925
28722
56232
58841
2229
746
18357
24451
60925
51646
21591
1126
15430
45302
37816
59459
26158
58668
28842
19742
40151
32194
20709
52687
44319
13727
19447
49352
6397
12627
10250
16762
56621
49572
60699
44518
9162
43641
53493
624
26997
17185
12879
18858
28444
19600
40283
41677
46469
25428
50700
45770
5030
63415
5388
45623
20804
5454
46221
64195
12343
55809
23884
22582
52257
52440
18777
31149
18695
13173
46173
186
17008
15463
55157
6521
7775
19291
48816
62417
57706
17187
34364
19323
32525
23415
51885
39689
26176
6395
53189
28648
27996
58790
62899
43215
54254
13631
12955
45519
63355
56405
5463
6617
43850
62996
16892
16448
35724
13449
56408
40219
49859
10026
32995
43428
50015
15928
37269
51120
38866
43741
19801
62287
19453
26419
3895
29115
13843
19028
54724
11280
25546
45365
4786
20482
51887
2010
58921
26753
13272
29978
50690
41366
35438
5077
22833
5032
2626
813
6909
15645
38751
58773
34498
40134
27026
23146
46608
50412
19821
20490
26406
32208
21765
44078
15174
16757
49441
29215
58844
5789
21341
35138
21958
53258
4058
21554
12736
42800
39418
10436
63584
1683
46776
40295
21640
26725
1881
10205
56989
58227
29908
16306
41580
7072
34401
22950
2558
64242
24044
23801
56387
22022
53010
37581
14223
50074
51783
5967
22167
6347
62894
5231
4967
25598
21337
53257
27977
740
49439
56278
52849
22069
29948
46970
38183
16188
47844
36805
28683
41838
8773
47220
43145
30804
41328
58839
56425
40306
42957
54057
45183
7812
29195
43119
62329
33767
26405
29434
28186
59517
59907
5208
4666
38959
31744
6669
2032
44402
56676
24139
49104
3383
57764
36436
53316
40338
32205
25229
10162
31644
50614
47344
152
833
53638
4559
61446
30975
2641
40941
7873
24341
6305
60570
11010
50309
56260
64212
6488
30390
38851
25502
20080
57711
33507
53920
59323
27173
32103
48268
12865
45396
44919
36066
16253
30415
42985
5925
13715
1138
13351
50088
53361
40447
57138
11701
57430
40705
25549
20410
5265
30680
623
1134
51826
61846
20398
51122
62901
46263
54172
21477
54839
25095
47939
25018
23920
6915
41613
56263
44554
42947
17302
27819
54993
32267
30622
40289
6026
58836
16692
55461
25220
60538
29994
1932
49580
58387
52559
23740
24426
11253
41302
3939
45169
23302
40896
9758
25583
2645
47045
18588
6240
59438
29746
38647
33198
15231
46396
12110
6353
56729
18033
2500
9051
24395
3318
756
12751
61853
16949
25592
5884
4656
53224
4123
54935
39079
54170
15699
3349
40805
25273
58447
11970
57996
46285
9934
7058
54639
42134
29358
3244
33665
22361
19299
22931
55583
38010
40761
50721
48741
35529
56736
31151
53236
48699
23501
12630
27204
50998
451
62051
1962
39688
48143
58239
1669
63933
15763
57415
5091
29305
26497
37565
49511
13126
21616
21941
64074
58741
13381
47835
31601
9105
4425
13735
24765
58144
15787
5944
26487
62963
45134
16932
13956
17311
6707
49775
28981
17887
29652
14439
51751
8087
38842
4256
43554
36629
10142
31465
29049
373
36959
8989
9149
6574
27408
49665
15940
55659
37942
53970
24367
41340
58902
12321
54819
516
41461
23453
20817
11720
22388
27051
12590
42214
23535
55614
6145
43784
32495
2138
62448
31012
55462
28616
54129
6463
10716
18898
48392
45359
34964
13471
6571
8875
3677
9345
43017
47301
55483
29711
57105
11337
30576
51231
45017
2376
25942
31296
693
5714
6133
37617
22318
42762
47819
38574
9658
47332
14784
49685
15031
18505
38776
13849
8685
62740
1757
4238
17197
15081
3192
15203
46203
15268
32820
45143
18503
10701
44594
63898
39792
64422
22401
41355
24880
2653
4898
18069
50637
55589
63974
17189
55285
30664
13214
10332
52564
62864
50322
9429
61798
6413
26823
17437
28370
57400
37916
57127
62970
3281
8344
14562
28388
15772
61810
5511
28412
45589
19310
1156
41259
57823
47638
49118
40988
4027
60466
25681
4764
23151
11852
5921
59631
20903
50188
25996
4116
26799
3879
3459
36375
18298
27504
54853
11814
17256
10260
43491
60959
54529
16301
59893
24140
819
2039
59478
40949
42906
17732
3695
23413
32717
59324
11719
35184
32642
15205
55860
64124
34346
1944
10289
40118
15338
34699
23812
26912
47894
52277
10837
39285
24482
43073
35603
22285
13209
29043
40309
36135
32784
54937
30783
40537
61542
49303
63902
57213
47582
46637
55936
63978
52183
7331
15065
39002
866
22784
3209
15485
7689
12416
4677
28112
58097
1882
13549
31005
15208
24980
3547
49795
24493
58143
52604
49787
45184
44977
8299
38693
4568
35399
3030
55977
58174
15038
20743
541
4229
7011
6903
45006
20640
21911
42788
63448
10743
3811
25435
30795
22680
24530
62073
17618
44418
18248
41356
63367
15167
35627
4580
8079
28642
8986
10766
21307
17753
19007
27011
506
11390
41105
39683
64472
24952
6054
37151
42644
52419
59254
53575
56311
62065
5180
13588
1353
5161
16221
33118
45165
11413
15132
32679
20875
52186
2347
16251
39515
47320
30757
52534
48495
40897
15004
55144
35984
6522
52626
43351
16695
9374
41788
61995
4156
34093
61419
18556
1660
47685
13664
49327
62587
21052
29166
30507
1216
54103
46335
36755
10801
44615
12278
22715
53565
61031
40898
59932
34680
782
63696
25224
4216
12867
33652
1889
44709
48274
52701
50434
34368
30334
25211
56636
7291
22949
32416
10570
40454
23278
50984
40260
54427
53496
40403
2975
57975
3177
48814
58819
2917
41993
2817
31646
11179
2517
61854
16563
10339
53326
2424
46510
24934
60362
50627
45129
63848
47884
14359
41248
16349
47141
4330
56822
30016
25841
47940
51147
23406
5819
2812
11048
12687
20191
47897
22330
43039
49649
4817
10927
51415
15500
28771
3066
60884
16216
1125
46337
29499
18365
50247
38703
51502
17334
56954
38613
7606
64110
14975
29456
45028
38848
59307
52342
9468
63990
6385
27529
26076
35387
5008
19414
60323
59420
37098
30551
1542
27928
17944
21284
29731
36301
18692
46227
61021
622
40113
10491
40188
34786
3672
35933
32906
31792
31593
27000
41320
30913
32823
4831
12468
19686
3881
8470
29057
37067
39346
61072
23012
21545
13595
8936
52870
22468
13705
7581
17452
44334
24445
16855
19175
43051
47010
5081
61717
28893
3713
38812
41569
1143
2993
32735
39931
7047
17037
7902
56808
21274
60127
4417
54113
24616
6877
41228
60307
12558
56880
7872
12530
12277
43607
54011
36378
61079
20579
29194
24035
48586
43350
6060
57712
42159
57822
16437
59292
24743
39702
16210
464
63402
64132
1144
23953
173
34841
13191
25936
57528
18245
1265
53463
42512
29562
30501
54695
50027
57269
52540
18754
17259
34375
2499
24658
63189
12051
46896
43345
29009
4304
14405
51019
4303
8530
25457
1519
61809
61675
19554
5345
29763
55427
31703
42177
45010
40989
33042
7609
51814
25097
22910
62302
17730
58338
12394
28850
2874
50304
21363
14901
47138
25452
54470
19364
58995
37119
15084
28462
20698
187
7268
20701
31988
41823
26772
41762
31874
53981
31013
57226
31320
34288
53793
25265
47373
7720
3472
23844
29624
24925
20314
32244
60434
12117
61103
6462
51413
18655
55839
29461
13619
43656
1161
50062
48682
53441
4464
47770
4442
1246
19009
55142
15780
36850
12584
39761
50003
26177
39433
57397
17292
8410
883
44295
57767
62032
46834
19560
22175
44480
39686
26196
887
50010
5086
25302
1663
55724
23799
41460
28926
41686
42823
1419
45596
16382
58930
39966
28072
4645
40599
38827
28910
63086
34349
18990
36732
60870
21483
31382
24970
16684
9527
42036
59112
43587
1923
12491
18044
28050
8607
36299
24192
5031
35547
39216
2370
41503
26993
32017
37603
11411
30504
3440
29575
53628
53867
57615
5776
63054
8865
43022
55466
8000
36063
16362
20056
1361
9988
54891
22513
53114
52109
19438
55794
33773
50506
43705
39037
29307
54564
21744
15954
6242
47716
5498
42370
41372
4816
18674
62013
24447
30235
44683
7297
15243
35759
36868
33100
53133
30815
15044
28688
31418
59425
47628
13412
29355
1896
34434
57485
23083
1252
55124
40653
38486
24917
23582
7530
45347
14115
61847
59002
15204
23988
60312
34033
22753
36823
1398
45139
2275
58654
6977
27160
52724
31642
10044
52024
5442
45409
16507
49125
54673
58970
22908
32474
2581
58792
60794
6704
8343
30013
6261
28285
38880
29234
890
50361
39457
32555
43041
221
28048
47888
8151
63799
38239
53668
53695
4329
59430
8548
8334
27082
59232
61013
4405
49877
27543
59603
37515
57446
42428
17517
161
22107
45133
44098
44410
11152
1726
64171
16360
1906
6112
52000
47024
61695
12850
55778
56008
33428
58142
4955
5309
49507
22912
56421
31280
23069
63861
51692
45120
39116
35613
3828
58486
49258
48310
26316
47033
11199
20657
50443
1328
10171
63831
19629
25059
53545
1213
19283
39572
32242
27
33053
63752
37380
15754
18904
14741
58303
64211
20638
11825
570
57620
46585
16299
41722
10160
51330
48394
39670
64123
25653
60089
17460
53937
3944
29490
51730
60613
26233
13888
32029
18024
12766
39131
54438
20829
8600
12071
6563
35452
18559
5577
36127
8071
58567
35778
38277
14127
46310
48973
18265
30185
34854
9408
20786
58911
32868
43912
14345
48624
8127
58056
7700
59842
46768
63363
51022
46218
15927
3682
61551
6783
15007
8468
26890
60951
12623
9856
49783
16916
35824
30278
36273
24222
51091
1555
45033
16390
51948
39250
25903
49606
14481
40742
37041
47759
49454
21527
3015
49133
613
31440
53040
32571
24947
62431
45891
58929
15292
27473
8115
36620
38711
34850
81
7600
21130
40514
20952
4343
42872
22647
7311
52180
41572
14984
43107
40569
4560
46946
25650
50352
62827
21186
55394
3011
142
19579
59945
54367
58752
53262
63228
49706
60491
28266
45577
39959
16966
39571
63540
19253
8821
49588
46950
47630
17852
46059
43232
54989
48264
10688
59970
20606
25655
39697
16908
21201
46033
19306
30307
64076
53830
10343
42412
23563
5069
57311
54866
30719
50904
30985
2242
23371
11398
29223
33300
22935
1818
62016
9612
22426
54828
32895
24987
12618
46260
14695
57196
40297
5472
45895
21299
1436
40561
57045
47385
36107
39386
13436
4944
18651
16345
26966
45797
1774
51628
21538
39489
56414
2062
12170
45446
41306
21536
59780
41512
24133
40842
51156
60955
50277
18683
23011
25389
8226
39617
59845
4934
4896
32281
38346
28555
23702
47878
9752
31504
23210
23710
55160
28945
11057
7110
52039
14833
36706
28422
53930
18572
52213
46575
36034
44451
25492
29608
63886
11215
3142
12441
27006
14225
60787
27588
36307
31307
37978
23882
21540
22372
52550
17928
49126
51683
24094
19971
51706
28985
41637
10526
12141
20987
24600
16091
61715
46389
45980
17312
61667
26603
45507
22347
21537
11186
34456
62054
49694
10621
33445
27263
39491
31231
13784
12335
12200
33319
4617
64317
1860
15678
7187
34961
9879
41868
60031
388
32018
58180
27779
16770
62009
47333
46554
62002
54078
60971
20185
16856
44479
31583
30098
27190
27579
4497
63392
39578
38605
63140
5217
4873
8231
20549
19920
27795
32816
56591
55894
51510
36269
57783
58672
18700
4688
49891
22923
39958
58814
17403
63947
13192
10057
23665
37587
31368
8644
10208
44903
56611
20655
10893
22744
38468
10769
13810
32515
43732
29383
54256
29983
41986
54802
60419
3178
49603
23282
4953
24717
9174
56456
47462
60288
27757
40697
9263
15233
12393
8889
52826
57519
4458
58536
31064
49220
52328
13953
33175
11787
54010
54525
8077
14968
28767
43632
20412
10488
63641
51395
58633
14007
28407
6445
22525
31745
13398
18962
11830
52098
39999
25285
35679
53688
61142
42124
9065
42809
8981
31494
3771
17918
34838
41294
40522
59767
26251
2819
13723
64081
28327
63569
48350
51487
41412
39523
4220
54591
43262
12464
49609
26491
25685
35636
62719
56279
59954
52393
31284
1105
46865
21753
38514
22212
33110
57928
15914
37762
18954
58462
41888
13267
8407
3449
53932
31080
34360
9179
64140
56488
17900
4498
27021
37071
25698
7992
29966
40190
51687
1834
10221
58308
6808
9465
41380
45801
17023
28661
57128
25872
35659
29676
3784
15123
36358
2872
15785
23261
33527
39906
46775
23225
46075
34948
32161
32402
22754
58852
28935
10823
16819
38527
28256
16896
22353
563
18215
33942
15738
9370
37573
39849
46868
15082
1175
51869
54712
49577
12383
38153
11379
11710
25067
575
49368
35203
36913
29560
2115
7774
10748
55282
60724
61905
19594
41630
32748
19802
13792
12552
41936
39315
4454
56840
1120
50779
36542
31375
54046
1454
13603
64441
47913
2249
9115
4331
13964
49396
5562
27169
10541
37311
59908
13975
48263
40884
26754
36455
41621
59812
52179
48606
45062
6198
21210
41021
18137
58923
46112
5584
39304
26647
44788
39435
16016
40633
1538
11735
42834
20310
42868
27772
44155
51946
56103
53774
27376
47502
25191
47977
58724
5999
40781
36849
21145
24266
44635
36204
4163
26218
39665
37682
31510
35334
13814
51114
16490
26650
62680
59586
18598
29192
32219
58644
36555
18474
57821
15035
17831
20793
34766
11867
2894
18101
13501
11478
14159
16986
59691
16553
50060
4774
40785
50324
60658
54353
61580
42164
35742
19606
45479
19779
45881
12655
62487
3367
61787
16640
38651
11324
2264
18562
61304
61716
6607
30536
61655
38385
13420
50073
43045
51007
14431
29302
48269
51217
26437
24406
36785
56247
36703
27330
41233
8730
64188
35439
41045
41258
28749
38910
30099
42345
1864
27105
57847
24441
2689
30030
33596
40331
3703
37252
59743
29631
39545
26
45103
24879
19972
38698
49868
42567
46020
52013
42350
43288
40121
5850
31923
6683
29930
18456
18725
57323
33530
52996
13084
27261
39710
59636
5796
50497
5364
12543
62265
20629
51566
49595
4006
58860
23935
27900
20757
29262
9686
21295
44580
18389
20762
28639
44397
36298
39799
23094
13457
31585
54208
62039
19263
4829
23432
7014
57713
3631
57505
27681
24800
63322
29486
16955
5072
60484
1544
54403
17466
59477
38386
12457
61888
57575
43199
30388
47603
35831
22591
64269
37223
50907
56836
64203
21236
3998
53064
58996
51465
24423
15934
3128
20863
10283
14453
40361
19125
35639
57465
20460
61807
47986
21924
63970
21645
22958
19003
52624
136
18303
2037
30771
12193
50180
51075
1521
45978
28593
40307
43031
45343
26493
40661
39944
4800
25037
30015
56212
27324
28582
46655
51490
13182
6932
23313
4370
3075
4928
11082
52489
37145
36793
20435
27960
45949
25383
34664
44853
31935
32002
24652
8549
28146
11804
44311
52420
26370
29374
2145
39716
28012
38611
54534
46154
16694
43559
3923
22267
43609
3471
7264
53580
12853
60980
1736
36594
54955
56472
62961
47710
42057
50473
49821
39935
63669
31920
47073
50300
63923
29353
61292
46858
21702
6199
56265
24754
5168
8826
46064
47600
28557
36648
20334
16569
59605
61739
11238
40036
24467
29099
5409
45252
49843
55491
1350
13519
40123
46037
62905
48707
30171
32890
19994
24964
42942
55734
50288
55159
31553
31190
46867
32752
48482
32454
25889
37001
24420
30615
36654
2069
18999
17706
4534
49471
12933
4009
29074
11274
58854
17025
50682
38488
18107
26543
33853
40483
46610
17997
56336
16413
32689
7642
3101
38793
16667
9748
9319
10649
3789
48034
52297
23733
2510
51482
32023
31666
30587
38519
12003
34826
22819
51690
27134
10492
530
54524
35590
26500
19320
17195
49463
40114
35843
31502
18882
18130
47472
41112
42711
29328
45979
45152
5096
59581
35155
49601
21694
9416
19684
62497
55055
52111
53961
19792
40915
2144
24884
47787
19105
24330
61761
46118
14780
43588
10337
60999
35123
16099
1051
41018
4849
4954
24453
29519
37526
27106
37382
2756
62796
7610
15971
13733
2377
34174
14281
25751
61560
31639
61970
43608
46162
15687
25477
32909
13183
17413
58712
52986
7349
58931
33913
18246
28111
4693
26424
20267
24340
21062
43322
29216
20013
2448
34228
3405
8859
13102
43505
47485
3153
24394
40373
7428
61463
51844
42923
49229
25602
38184
46201
44312
42024
46319
57564
5863
28003
19564
64028
13108
45163
64467
17430
51018
53863
25308
34613
27903
56558
53097
23761
63892
27014
63913
9207
54322
54121
48117
61299
39253
49103
41646
16307
13410
7899
28356
14620
22967
41608
51979
44476
9109
30998
39324
24029
10867
42454
567
25107
41829
43502
58912
46370
34059
53300
46981
36652
48335
37758
64322
45872
15155
43176
36186
33866
51576
60624
19322
755
39183
4432
44365
25376
25999
5055
49814
44660
25806
10760
58693
366
44492
25638
52711
25041
20899
26083
32058
30872
20783
41035
58149
19122
59861
55063
63593
6122
3591
5524
19470
29068
10191
34225
7256
158
11982
45158
26002
4166
22991
7632
9743
17353
64158
48243
58238
40296
55158
54351
60327
42139
6962
52744
17766
61097
59610
18124
52475
33312
15684
11192
20025
18536
56491
26225
36634
36427
8965
20446
20852
12660
57599
22735
56363
18517
8753
30519
13085
59051
1218
4837
16774
56454
40556
33537
59676
28954
20447
24374
51275
7057
2462
33649
2821
29815
45724
11886
544
5810
58974
60996
17426
44363
9631
25255
5669
7589
22099
57302
29232
53856
41085
48685
58939
45669
2803
6263
32045
16092
9405
13852
39483
39017
47649
2988
39290
27906
39893
41464
30429
24124
7453
42536
29991
40377
18410
61940
41661
48314
59869
23796
28403
1275
10620
54824
59177
57654
47486
51609
6766
9414
64207
37528
58587
27642
7877
725
43887
20071
22268
6192
53685
49328
51752
17017
30413
39638
2764
10170
58279
11005
17591
48858
22349
24960
22547
16876
56748
4901
32385
64118
32012
11596
12187
51531
57613
63712
10735
35268
17495
24909
62188
20466
20767
49724
60373
50559
9961
58983
37493
35965
17669
7977
55260
27568
40300
23237
18262
18138
13979
40334
36423
34114
47785
27908
52925
32714
28287
61965
49478
52841
15296
29707
20195
7573
58787
4430
61094
12899
16537
46383
54146
42564
12409
40736
38900
24302
47726
56059
8801
35849
41850
17468
32389
39633
53717
58998
39917
17421
2057
62600
50054
61678
35560
49516
33221
10987
15417
16843
11220
28680
53358
24898
26664
12190
46854
14615
4222
33250
28941
64022
30161
1914
22595
61318
19241
46067
8653
59489
53778
8134
54410
61906
3707
53683
26949
36906
45303
5085
4651
51986
60463
34707
10091
63213
44496
42115
909
6983
27094
63776
27872
45587
21737
32395
28632
19452
33520
39119
63128
32231
9058
57291
57921
45043
49542
51103
7113
31728
29767
62548
16236
6922
12716
30607
4933
53082
43529
53058
53501
42326
34868
49341
35652
17975
61085
20442
48551
63757
40016
30364
51312
11521
13000
17776
47901
31842
56031
48934
46126
21444
59952
15334
49267
62150
14593
58190
3747
1039
60838
49885
60990
44792
10498
41414
61017
19735
21754
54335
45465
53804
50184
49568
32418
45293
59521
43764
23961
48059
9508
149
57695
17726
54404
29869
56242
3830
64015
52738
22253
40596
45473
9792
35139
35985
41096
35451
45082
14622
57679
9757
58801
62452
10739
39899
35270
12886
58749
56548
59664
27453
5866
14401
20000
61723
55277
10892
33478
7601
44129
56614
16015
56323
51207
61555
62896
9638
18364
35110
18261
59341
51816
2231
13335
4585
29632
640
45292
6981
27016
44712
48366
59965
61357
27286
34929
54582
46119
50460
39260
50825
20152
52195
2458
18496
7250
36412
45425
7611
52890
6362
5262
63718
17398
35713
47523
18451
11012
55764
28769
17879
59979
46405
21656
34530
22336
50759
26234
3237
16866
50903
7316
54000
30492
61692
55599
12225
21456
53974
457
8248
21691
48270
59157
56733
60415
16444
42676
4536
44322
63719
47118
33667
13901
38581
8975
20397
39417
39298
5062
40792
19919
63432
25547
13055
59552
888
28998
42299
12786
16565
2440
30981
62630
2206
61158
59592
45719
7652
11568
62820
39015
774
1549
24307
17550
2787
30196
33456
32968
19933
54312
11969
52573
9261
35882
43250
48311
226
17895
56532
53591
62952
40315
64161
64159
12705
4239
12957
24211
7149
17251
61377
52580
2590
12185
63866
51568
47565
10428
10550
9813
60546
12483
39524
50372
9672
40533
38899
48663
25823
40718
38064
24573
5609
34814
58950
50824
5386
58645
8196
63147
8603
24050
12094
2223
9296
60736
64107
47955
56204
62863
51106
42930
27034
62040
19014
10703
16536
33159
1273
54898
41487
20226
20551
36185
6389
44930
53880
30828
12353
56650
14368
54072
46661
15911
29156
58326
34946
37874
7444
46473
32277
37019
16775
40853
53188
2716
20370
16900
11155
27758
60360
40304
54503
11616
48112
61986
844
57184
37957
64210
52344
9492
60533
13746
60614
1088
36411
45565
19348
35567
53227
56618
45416
6726
28843
4208
2529
1229
42729
32289
17685
57029
60086
16433
50648
18210
22629
56371
51315
15666
49875
38888
55226
14271
45121
7941
59069
36675
17689
43696
14588
4839
25188
41901
5103
35834
58879
30250
3201
24991
10189
727
3113
24710
10333
8399
4704
8062
26197
10028
14339
8039
60677
30558
55789
57139
15391
53207
12666
46498
3580
25850
44710
3510
53911
50507
56573
9487
2104
45247
46281
34273
55415
57
11296
2608
61026
13813
20454
55080
38913
60055
5557
14412
55409
48377
7230
14745
63690
27185
59133
40443
58697
57039
47263
39056
12893
50409
26037
13982
20030
32183
8373
35845
25020
32649
13053
34594
36559
50588
35284
43447
37037
61532
5611
30577
51917
50583
17307
44457
22979
32114
34836
43122
3003
4279
15314
49627
36667
41235
4804
63104
350
31275
1015
61422
30935
51426
28520
29225
17055
50057
51914
17883
12653
64024
50784
5041
33011
26315
789
52011
60712
1709
56154
16989
59086
1592
63922
52886
32410
26795
51698
45503
44421
52005
55635
17012
20574
4623
63876
54875
54909
2723
7191
13936
4270
3765
5015
50805
1024
48757
12337
46063
24368
61453
23381
7104
16677
13341
28958
27955
12698
6591
17188
28611
45460
20976
42669
54023
49110
19312
49377
18163
31497
50641
37788
7989
4550
45363
62768
27103
43590
14860
38534
6772
54907
56007
19899
60359
47749
55070
37454
57147
57832
38769
14167
61811
17078
30431
39275
15632
45081
52043
7730
20343
12415
36838
44217
41140
5083
56251
31854
30091
49920
4630
2986
39097
3805
53294
6016
36717
7882
59488
5738
59572
50809
51255
55122
60525
52918
49080
10579
26569
26248
3696
22725
1016
41672
48279
54776
6052
440
16512
49073
45691
16319
54511
3200
17412
58795
45086
59233
14949
55074
57447
496
46048
17026
32022
36951
60251
17003
41107
61516
348
49804
61522
40428
21093
42786
51090
12357
36705
45864
8823
6344
54285
31691
45650
38259
62138
39322
32904
42913
34190
63995
34281
495
53637
30749
11676
28708
45176
30942
32345
2002
52322
56331
54219
16037
27242
11098
36014
52219
45239
47623
44340
4290
14591
13332
31519
27700
45656
14817
42069
35199
47704
20844
23713
58327
36225
40669
7166
21948
36116
11406
56123
22282
7671
7691
49371
25709
34416
63046
38498
51982
3077
52461
709
50538
2125
38896
2177
12908
26329
7043
40143
39951
751
29480
2587
13961
51905
52380
24254
8837
18681
40434
56983
13795
60892
59026
4151
50160
52804
18475
50380
25027
28
23704
58384
33940
18448
7108
25146
7866
30948
30236
51259
57758
42921
17324
42052
36690
17543
5851
45884
7466
46549
17574
41864
60056
35729
44905
11309
8030
47327
37065
16231
532
6185
7127
4195
55349
33197
21269
32806
33878
12735
48355
60266
19605
49781
2748
47583
58725
48623
21080
43378
7120
4643
45518
8496
31847
54707
4072
9498
30583
4913
24458
24989
3505
26449
24157
40938
39604
43606
24833
31267
20531
46824
19676
15899
17320
11164
27657
41109
8221
60244
44275
47190
1294
2490
44699
1033
34985
6898
5297
62710
5238
31373
21587
26774
26913
55888
38740
62880
40343
50634
13167
23698
59356
5854
43427
62555
25438
4904
50826
16559
62818
47473
58372
13374
36344
62815
60448
23309
23936
50669
19117
59222
13730
53990
52258
3324
49667
47204
984
27391
20503
48828
23921
59719
41697
37038
41257
22508
41087
9678
41023
1261
22938
57228
30547
62108
39161
59407
19035
42799
53972
43758
6516
12073
33528
7282
52081
43978
47479
18631
25956
4599
44391
50193
22441
43357
27495
2750
7285
8037
36923
23373
58810
33592
60256
13036
19782
18635
4374
13014
16420
46462
32462
23782
56921
29770
26532
55595
33908
3293
49421
28174
51521
23575
43613
12361
21402
60464
36025
63480
26616
43327
16500
1282
11715
52733
26484
48211
35649
53582
311
36795
32825
48340
12216
35850
58234
19880
22917
57442
59946
54411
26485
64205
33409
2052
32791
42905
3929
9411
46175
59400
46070
24994
25853
11566
1758
7373
3970
7457
48653
29509
58943
42825
49643
28007
31493
34543
25593
9221
4404
62120
9236
28588
37910
13469
14753
59452
25222
37498
19800
36084
33540
29047
8197
29516
63695
40386
34525
58913
41657
59322
25299
5036
20405
11875
25144
5094
43618
1708
30342
20159
64437
16752
15466
14107
15538
30374
7226
13830
21680
5723
10676
14783
5840
8811
47973
29886
22646
51711
35994
62268
58643
34080
23945
29764
10990
19620
49789
56423
26440
28760
45377
32134
18393
61433
44577
10417
37823
16700
28672
30468
22483
35290
49913
61636
11977
46140
6197
15369
17922
24161
39314
15791
26732
11035
24098
1280
30146
11614
533
62359
62351
19687
50489
32072
29543
63566
29332
13590
37744
27919
32658
56928
1109
25798
19581
33121
9578
62537
40357
4003
3573
34673
53439
5169
51968
29650
57310
29301
58820
29772
63453
32108
28129
28039
15392
43352
41696
17644
29987
25604
44371
16027
29027
26835
35517
59859
50055
42782
53608
769
47767
38212
27475
10409
1693
4462
57321
35046
7429
30626
58518
19451
55895
46890
61113
6818
60670
53540
32889
8474
11849
55111
41024
48218
24072
40895
47426
45427
30180
48426
59933
38748
56446
42569
37331
30480
30924
44368
14708
63603
60153
20484
21955
52025
22825
1413
13512
56181
23773
45914
15956
30816
19254
49736
60600
31294
50133
15716
30064
36562
29363
30423
24154
62807
23790
51777
59832
14097
16601
57835
43627
39104
8411
56818
59476
39942
24092
48859
17888
24751
16988
38992
35478
4741
38879
15559
41344
11539
36916
38956
56982
38043
44629
54154
48094
53139
38275
54559
9688
41840
31542
6933
58661
49131
62800
34441
17602
58442
17649
56284
8057
62082
63999
6906
20514
53089
33123
53462
1918
17315
12691
11372
19770
28839
37585
44726
38476
22431
40368
52075
30470
50127
35716
13496
17873
22586
25427
2019
2939
54598
28311
27060
10568
56013
27397
13825
271
62640
56205
57727
60777
12365
57366
29887
63903
48088
62136
50077
25058
17222
30947
55849
5171
31993
13002
15901
38791
52741
36094
25866
60494
21240
18618
50746
44093
57874
61991
52612
10382
8820
56234
63420
59170
14313
40546
59957
55737
53267
21063
15100
23610
44019
26167
55810
27639
34913
46287
14079
64126
63354
13074
26448
59423
63940
32945
8347
12346
32142
52127
60469
37993
23191
53802
16918
1724
39957
34361
30458
53125
64020
33245
765
62893
34373
48526
40646
49628
19292
52355
53069
57473
29240
48809
44561
54302
39548
27074
7435
48036
49113
11414
59803
25493
7576
27189
7725
15194
13745
39387
14972
25563
29270
3226
60763
26977
48538
40310
47850
30336
50450
34115
21344
52547
35777
35188
1836
18603
52835
15345
9458
24515
19450
4250
30777
12062
39092
23354
58440
47654
3995
19917
26293
2688
18902
49348
33673
64163
21427
55355
13461
4765
43332
21575
9128
33895
54275
18226
23903
11705
44820
15101
935
3863
56091
32802
30751
7951
26752
24942
48174
17158
11085
57102
44355
58318
36968
4914
60539
38103
1176
30741
16194
46553
53454
2631
12105
61785
3548
26643
49285
50119
2341
46665
27388
8860
31569
20761
22796
50172
17820
12082
37996
10138
13249
34460
7422
32483
45655
23022
11687
41446
37393
37929
58328
46130
35855
32354
59287
1022
48144
59595
56708
30056
54744
21095
57304
38836
8580
15892
63578
44043
61592
27864
39477
36248
15481
44857
37097
44056
37625
14989
54038
5298
33334
33792
11
18530
20350
44560
21780
3394
53656
62283
7439
8873
6447
41612
17822
697
897
32160
40104
4674
46436
56443
59047
55279
24362
21930
5382
55205
49819
28108
49092
1832
9206
44877
12005
1943
42044
57492
38209
12147
7045
4119
15609
12756
48212
25275
62877
31326
42485
39671
48410
32667
58754
1072
30729
63076
8657
19819
3986
50139
35837
3558
25712
24546
40739
42398
7641
62958
59822
58952
36814
13170
35599
33624
4230
7869
23504
61480
19622
31291
16381
31746
10761
27958
32096
3097
7861
19872
1620
2310
8379
59940
12522
60276
44445
4806
61645
18177
16107
53809
49205
54465
34333
34934
52997
6589
20653
54148
44291
41485
30248
57180
45039
59941
59470
26735
40131
8796
40651
4064
17423
38135
17487
57013
38456
53386
16254
12181
10222
17045
7538
55826
46728
5347
10307
57198
26922
22576
7273
50593
55946
56431
24943
23402
41227
8098
2930
44030
13111
11575
20139
17228
46211
40527
7139
18073
31301
4327
40709
56904
7338
34731
52597
29714
19572
25106
24545
57792
15664
48953
55097
11504
34011
26978
27474
30953
25151
42077
25112
29661
52178
15425
13630
29337
58831
27344
42471
40281
304
7159
39577
16323
11181
5496
30841
61496
27506
64429
58743
13210
29600
18140
8951
27973
16446
8554
54228
20329
20467
19072
17811
36574
29788
34102
29483
2637
43712
42432
30830
30148
1060
106
47824
36253
51181
22158
38683
17208
5245
46376
9454
4314
26751
29236
24130
32870
63982
1447
27450
8183
16002
63135
44239
58723
54187
3328
45737
63465
29607
13752
50680
57609
25203
23118
694
45406
46493
4805
33448
29273
35918
229
48477
30455
36148
16245
36192
8597
52736
19598
41333
54055
4518
40069
47418
3250
33703
7564
6321
15410
60701
3756
15746
20110
12866
40117
39102
4471
22625
2321
5656
20481
12437
29769
61301
42992
35095
41179
44998
15651
20014
48878
58992
30978
12810
8293
18662
45112
35119
61226
23696
24871
1021
59056
4644
29357
52014
22983
17780
32772
46081
9432
16881
39547
14835
18145
33494
59224
44086
34782
56161
44798
16690
56222
40680
22922
63682
37377
50496
26537
13530
54750
24460
46863
32459
35693
20313
1690
8100
22724
20041
26984
47808
59996
45202
48179
37685
29548
40029
31471
35779
45085
15834
13583
45225
26173
25122
47172
12876
7670
5108
4927
54152
46403
6451
13812
36643
27613
4488
18838
1346
31144
28197
12267
27981
46534
63503
37277
23366
4780
21997
19985
33034
31233
23274
57925
7356
12589
16729
17180
34481
24993
15783
40691
60976
48659
43873
28568
42056
19568
52714
15366
64358
30384
12834
52359
44463
55065
32444
28577
32310
26555
60757
2243
10430
12911
63022
11468
9736
47965
9869
64174
42817
22226
58833
14455
29007
53929
16502
61736
61081
47923
49873
27922
50375
39953
24234
54628
15373
14255
3615
37517
52212
58813
27403
6267
20021
38949
50424
8588
9331
48679
43961
36337
10639
6074
1779
4556
43259
59884
60934
32922
42633
58894
60900
772
62410
35563
28076
32073
27895
12774
44454
32746
58399
1333
2252
33509
19862
30858
18429
33654
59014
56570
16577
22215
3076
13016
56907
62968
40350
13760
22574
19546
47066
14581
25700
16346
10072
43814
45572
11989
60274
11726
51172
4957
53143
52034
46702
54250
34716
11163
49626
25009
51942
12182
30819
62254
18612
4794
24828
50215
2398
25177
36665
47545
28747
38302
56285
18243
434
50529
36618
9681
25231
14084
11812
4819
46928
59872
37309
60938
28892
2342
49596
6227
36384
59978
26814
36249
36750
24380
55881
24976
13081
56360
14760
62858
62482
51742
43540
22848
34156
32343
63771
54343
18578
1378
45545
25632
10480
23621
450
38320
536
9474
57906
31245
54690
679
41311
58823
40584
56885
17341
38154
26796
55419
44293
43010
29029
29959
56356
12887
46176
63908
28962
50835
20437
58660
27386
42378
7668
62229
59200
52230
24910
62597
27258
30402
44873
18014
47316
62510
44918
31114
58236
1713
57370
10884
28605
2954
7765
46391
41189
22325
14469
4523
37790
39678
49305
33453
21687
58559
39960
21796
61998
18330
27140
51002
2530
48015
62995
323
51758
38343
49556
10373
21047
53342
16018
32266
36485
44390
16905
42140
32902
37362
14293
1934
40288
13071
54670
2956
33310
4426
32496
22475
5904
2289
54837
21137
1112
38431
57060
44750
52261
28810
27533
64350
34585
12906
1133
11079
39744
33724
25079
43827
23841
13644
53487
21332
34296
56459
43431
19780
41082
28274
45027
4770
49209
16163
11522
15910
37594
54449
13994
61140
26052
4233
42088
47090
2497
39721
29112
27881
54297
19398
32253
15906
23399
39364
8564
61330
54274
54089
19388
20411
59240
37953
13313
27760
58151
13484
12739
13553
34354
61902
8695
25441
3202
52891
54443
15870
55323
36450
15449
850
45486
48698
21872
11119
33945
27046
32386
53720
24272
51109
26883
46601
61281
16615
13589
39218
23879
70
41880
13719
7101
2418
28704
8247
58671
47633
61615
25282
26280
56005
2198
57368
22333
55628
53312
18170
33477
790
15128
32392
48898
54655
55011
24558
42396
54665
9992
53854
44676
2322
58630
9584
16218
33728
36332
61102
44196
625
46941
43510
6519
36228
55783
33354
18702
60103
48598
51179
28347
35224
7153
26916
23615
46656
10583
15715
8169
12125
51689
22585
16897
51080
47404
15339
9445
42941
60324
60728
43248
2985
10102
11899
10784
59265
49204
31318
42716
40700
60297
62957
5515
28903
58711
50283
9926
50671
2425
49931
9193
58480
59460
52956
47629
59332
43879
11471
46508
54122
62163
30971
11563
51082
19012
41673
2714
9878
42415
38329
22612
10918
40420
27018
48294
1806
6178
41091
40392
52934
42792
50449
13691
62499
47076
25155
17613
55510
39994
34509
34615
39273
26015
64105
44655
30497
42154
29871
19307
17642
62971
45832
61775
32342
7707
51798
46954
16485
43633
130
10413
14874
21598
37212
2097
12128
54862
21833
57722
960
54668
31599
11961
33069
33758
49424
18321
30599
36895
51670
5004
24322
52884
63583
57436
6729
54314
29091
6158
39451
34634
26467
29327
50850
22145
50804
26622
58350
5045
24331
11606
22732
47123
58161
31355
3165
48900
61526
51700
61339
21992
56191
32031
41821
45858
27010
44162
58960
58153
39130
54740
1367
52009
22168
58578
51602
50880
10539
58341
42749
18743
21975
43680
18914
63041
6771
33114
1895
14460
28794
10636
57529
55988
24083
64267
16184
52984
29630
6450
33533
43855
43709
7129
38908
38187
33756
33122
14175
7271
18594
28899
63879
4093
17947
39270
62797
14779
42467
3658
26402
34478
52333
4517
31626
8339
19275
17710
44516
6069
46832
35987
39827
24504
28845
331
59079
40155
59367
37140
18873
5021
16882
37827
58837
54278
31635
32188
4907
31274
4669
2659
16475
46328
43843
22758
17425
56027
56030
45351
25214
32034
60045
2169
6897
3073
15936
25295
53640
46537
46548
57571
60964
33229
28408
35604
26609
48938
17278
32723
58565
51616
3252
17788
5404
39338
56754
35764
29950
14503
61283
35013
31348
45616
28702
37095
16744
36480
31556
42648
6484
9549
48004
12178
11759
44756
44701
9392
6189
59897
15226
43406
10272
9735
36146
40684
7684
5395
40656
16836
35103
41919
12827
148
11380
14058
58454
60196
54467
38245
8245
40508
24024
42282
24531
28362
3038
13162
13728
48126
34722
16645
3037
15711
8761
51003
60109
18860
36704
24720
28177
54131
9936
24400
63910
1948
45004
62819
19436
34285
9014
38644
30222
24245
61589
21658
14248
37677
50320
15472
30769
27759
28491
35686
23074
12358
16828
14315
33726
40088
3313
56020
8556
9385
38116
178
54492
17457
48009
57350
14943
40513
10351
63567
2627
5455
16235
10035
55752
32529
30142
8854
54827
50271
18729
38628
17531
37651
28454
51908
7918
34657
14406
58130
39645
59876
4621
43870
64219
17399
12521
45911
35182
53195
59045
38096
44409
43707
61246
21560
19631
61109
10782
54574
21489
50933
33267
1727
3790
33195
50766
63894
11597
53248
57104
31753
34163
31441
36264
11885
24281
60716
26768
10882
54762
51662
38541
38946
13740
10561
3860
96
54759
16779
64042
52173
55439
39494
9628
21534
6883
49693
63678
51129
15605
64083
60556
24807
59485
45962
58433
45046
26371
21504
17930
56096
23937
22225
6055
2868
429
19666
20820
24148
16203
63327
53135
7663
6279
52832
17798
44915
41403
22273
36279
40208
24974
26019
10593
10155
60749
25023
12744
51875
56435
63938
34977
56681
14888
17849
60467
39551
40810
25015
8689
2885
39013
60123
3710
4410
7003
2505
29692
11450
14994
52080
30852
40433
22947
25028
16911
28208
15549
53120
56878
5880
53616
50549
16813
28817
48344
19329
19865
57797
39302
38232
34326
22450
22599
43711
308
62668
34510
34148
58061
27734
17016
52232
24790
31970
28936
13021
47594
14236
35807
61531
407
55600
28612
62490
43102
63563
50244
25008
53285
37894
5984
43639
61829
19653
11462
44519
26525
13890
64262
24421
37532
22070
14340
25927
9925
15390
24283
28312
8897
31899
31063
30063
52087
43263
35099
21881
44278
24668
324
50217
30873
19285
37017
11326
30182
62271
39923
15341
1434
3527
61498
40228
26579
27896
11073
38266
32404
23099
55223
10027
47169
12870
48074
36967
25831
32882
43495
55177
52346
57898
50915
36647
25718
42881
60835
24053
9994
62083
2072
45458
45996
41469
12983
59594
1410
58169
57642
37248
137
44568
13443
45910
53121
661
27035
31166
56203
51587
15947
29359
39508
16445
58764
59858
44460
35417
42332
60141
590
30123
22894
26646
20205
48607
46985
10481
7202
47355
24678
32122
45870
45044
51420
19754
21153
40197
22739
18669
30032
16562
39876
6833
16651
11397
36775
20858
9626
18772
3159
44805
17162
23465
23960
63802
40881
36653
49519
6800
51880
56379
15819
36925
879
16369
8237
58822
47864
3134
51464
55445
11424
41781
63349
23038
15095
21112
19688
20878
5227
2276
40524
39148
28272
38451
54557
10961
22028
15126
55183
44220
46514
44631
39533
17285
33594
32153
63335
34736
26512
49708
30313
26307
18824
29671
37182
42068
20552
577
56998
28889
62406
2913
34866
61456
53119
30265
22176
14440
54083
18705
47789
16636
15784
28027
50555
52337
6785
43782
58136
10534
32265
62434
20143
57647
60094
7868
16811
21783
12831
25631
554
30037
4678
42700
64399
39347
27267
12743
19368
39199
39879
27628
61879
48730
36334
47676
8587
17274
6913
35109
33557
5502
60185
165
15306
4049
4799
57332
45340
6532
3769
11097
1424
22792
19000
49742
14328
36078
60450
30031
25679
5704
9019
39498
10098
18476
37034
57297
21276
39597
24894
2669
13328
59911
43032
62063
32324
18993
28789
4409
49231
6539
13043
49213
55535
11809
47001
6049
19526
19652
40276
27459
64183
54105
44926
33747
8414
58085
56661
36677
44422
57772
103
62867
13864
8018
1226
16612
59781
26391
43756
29658
6155
55476
51250
21167
14204
11140
59021
46986
12186
59071
17835
27742
40388
59935
63668
934
17683
45083
23007
6509
64246
53796
27452
22861
15192
18665
37560
11670
55865
31534
21078
52794
26865
18747
1150
21729
5859
20427
12920
24922
27101
23044
21019
46972
23638
17093
15151
51433
25342
49176
3561
5053
53887
34681
54463
59711
20810
15433
37084
16321
6278
5320
20401
22073
29634
56959
30923
4983
17419
25487
17539
61823
29745
52591
30454
45031
11277
3522
5504
1281
11376
59134
8434
21084
40642
1204
16579
52545
17554
61824
7408
33807
13361
55861
28752
9180
57690
13425
741
3299
52325
26815
58063
39415
25130
21551
8436
75
64017
20857
14491
11543
35345
30066
2190
975
49684
62167
21371
30332
30555
11904
8395
59436
17400
17467
57523
52303
20475
63397
28773
20081
22248
22478
34096
56140
11392
33451
17198
7779
20827
13208
51987
52343
38523
47089
47264
48342
56065
15483
8482
58512
43738
55743
43687
47088
29137
6821
13176
24409
22598
14392
17622
17762
17455
38348
31528
49613
44953
49888
9771
17123
63788
42931
14886
63142
12061
36506
5753
24233
19911
52138
57405
45318
15950
58459
48153
20716
18467
37220
10665
35340
3019
29392
38330
62872
37531
11154
29073
608
17498
10985
12596
48076
24612
21558
33138
56417
2371
4862
31736
52374
3942
1080
10367
64254
58789
33278
39937
50545
33852
50363
63873
14755
50006
28628
18211
58135
13159
42362
51371
47145
31405
16930
18319
52263
28951
1730
16786
14110
17987
35643
44195
42465
4982
16038
63783
42804
12199
17698
26709
35664
36926
63248
39767
41229
57043
15154
19999
36578
23625
46379
38293
60733
24466
22117
15389
28435
64261
15421
30184
24932
31009
33896
36527
3173
13917
6048
17349
26969
29705
9861
63085
24019
47377
10179
995
16443
62345
3871
39240
37233
59049
25081
2073
5493
41800
34487
24096
51888
57036
30972
17032
15835
50636
62249
24081
18817
297
24575
42577
41005
10514
44478
23015
40395
23684
18346
23679
8816
7276
6247
54662
23591
545
60081
52613
42620
61577
11731
40087
62521
21850
38976
43854
62684
31789
24292
51831
53359
57081
6597
30340
25043
18842
55364
16719
64347
29333
15087
29898
39065
12639
27610
23459
38481
12492
44193
49905
11382
48866
47152
57892
18103
39967
37537
12046
3798
33498
13442
23659
22362
53923
45356
31364
53252
5034
4262
45029
25834
42500
32339
64337
17843
46252
37590
16121
26040
64349
34184
58760
33025
54061
42227
46017
56857
13188
33621
34698
26001
28084
3704
8717
16474
2539
47390
24417
5170
7826
62467
61586
45845
12218
22449
22493
12112
56624
55903
23741
53213
32115
34007
23991
26408
28276
31171
49785
11636
41022
7079
48712
59896
3304
57318
9448
49323
54650
14655
53101
57023
54851
13099
19949
34692
25030
61884
11357
45526
39287
35436
16022
56063
17919
35615
7064
53297
59066
32336
50642
40757
49240
56785
43499
41760
41247
51394
38587
53894
58956
38544
13307
23215
12930
35257
61686
41754
18362
56200
13507
8827
43836
25169
34444
16804
59534
24576
27015
54786
29833
45194
13152
48213
11847
55722
31549
12571
30065
34420
24724
34998
52174
22703
2041
54159
4856
47314
2475
34982
32268
29258
55487
15419
19479
23622
29497
11011
35660
14714
38152
34438
30768
40132
60092
40849
54158
50760
35955
7055
11014
38199
54629
48391
41647
39927
17415
60931
5802
43778
23971
49867
365
7945
51642
56870
29749
31536
43320
58381
36552
15144
55766
4492
17414
53705
16482
1678
46072
23832
6226
32366
24533
7382
17715
34242
49541
7210
32944
31888
5903
63336
9976
52084
56849
57159
14353
42004
61689
34379
32138
10316
33953
15942
12395
43402
39296
6364
45993
50884
31716
22357
46237
16787
29722
48297
24951
38180
29433
26524
10482
1193
39166
13681
6738
25167
5825
24896
60737
21606
52823
64172
61757
63225
27878
2648
56812
2018
18386
41763
29259
6315
46419
61540
12989
53221
55434
36355
40880
49255
39529
25521
33302
30593
7304
57137
50909
25507
2527
44731
30153
10335
15700
58244
8606
2201
34030
56082
6902
56344
4822
47321
59661
3288
49657
45959
30169
43391
1546
46938
34143
18438
35140
40660
10756
46181
38612
56687
41363
49011
23965
58437
45243
19421
15994
21929
9931
38617
20496
37455
25367
21860
1677
45578
20963
17950
48701
28523
63216
59119
40318
36169
881
52842
55678
15202
58114
49140
24715
15435
38730
35137
59392
16825
28984
61222
13779
23130
41149
24305
64109
53087
26301
58769
20065
33636
64461
26454
61476
40431
12197
50606
40223
13819
56592
51196
6331
31285
18519
12364
15979
38195
41261
53043
64030
32705
46030
12192
42296
31615
22506
24375
42727
15228
47265
54572
3243
33889
49730
49714
49197
55304
32499
14531
31337
44441
50203
24607
11266
32376
4971
26632
1911
28173
19482
9652
11693
5615
10432
6465
48651
52106
56887
38835
2118
22885
12602
57324
12351
28406
551
53174
5937
45209
4888
33181
29344
43338
32477
18963
12224
49839
4844
36742
32513
62783
27274
17087
50574
26944
5623
31768
40355
35616
56221
12684
33193
34936
56522
15944
37890
22246
32616
17434
56262
57658
61011
40630
22337
47854
45349
56653
56980
18164
21711
29699
62780
2513
15868
8256
53571
63489
48831
47392
25891
49201
10729
25134
30204
31869
23928
18989
26812
54561
8460
52231
46134
58331
21275
41073
16334
57171
45646
10605
52283
2171
39753
50528
58501
63858
43713
181
4682
39038
50131
11158
38678
33806
6989
62814
7815
5460
24702
34505
47975
9932
36059
35887
50453
38191
27748
50419
34445
24808
51238
23298
53144
2799
58778
2668
43500
38701
4852
10814
57426
20129
11627
58685
56524
6658
22152
17773
37658
7364
46398
37562
23644
41618
41511
14456
40937
34781
13551
34414
49939
35234
47536
37771
15024
47337
39046
9526
38341
63277
13431
5645
2664
23244
17876
58052
2638
30609
40956
6448
54418
9541
59738
26458
30806
17261
19838
1624
2480
23263
39796
12421
58793
14881
61593
59646
2651
48215
45684
44481
39643
1940
11168
39804
19910
17881
8102
52635
29370
19004
8797
11503
32468
48408
33642
24235
27346
59916
11102
10018
8671
59578
58997
45882
17200
33127
25782
11333
28101
14029
31445
22238
52593
15337
31400
21664
54795
16061
23033
61934
62415
32482
57698
59566
16650
1631
29896
47956
14624
58857
13906
24570
12305
19137
57336
2744
44684
9729
58550
51380
23519
14522
13947
9269
16600
47886
61063
40796
17191
57398
8243
50166
40795
1240
3644
41648
12293
58972
46307
25409
11108
27029
29904
6925
61010
15875
46990
41054
56464
37530
17540
38972
15258
10296
41999
26807
19636
31708
36018
64002
24899
14447
20219
19239
50640
57365
36668
2003
51444
7959
10387
17358
59285
33894
8521
49633
8941
10543
38294
35381
56782
55974
19136
32329
25304
10111
31499
57223
14721
13586
51211
25894
20307
33252
29224
34508
38664
58425
62723
32371
10601
4421
28357
9873
8964
55143
18597
1854
37631
15093
2024
28694
25693
16658
46066
17838
23490
30094
9863
36603
4549
44607
52479
56291
17720
29471
5754
48722
53601
50129
48865
6210
19550
22486
31397
48693
7688
55308
50908
29864
44610
39546
31627
30464
64185
2844
35687
8091
59844
15475
9159
2672
5856
39797
47196
38252
39885
18028
23661
22423
5057
6667
61758
19587
36074
45877
36631
46273
3045
49739
52053
14002
39048
27293
51701
56406
60188
21074
27583
47914
50255
17548
49725
33103
8431
56303
4175
17552
22823
32897
28394
29017
52076
7301
18847
22988
27789
28267
57372
15152
406
47627
21682
61007
55784
41425
39870
4011
25790
46731
10627
53234
51062
29510
12668
41937
28432
51514
27322
55613
5436
14419
33838
17891
63672
43562
4337
24169
51013
32146
13679
24465
34700
59500
49337
587
37014
51625
25240
23814
62615
2004
58449
7847
23164
5181
3600
19717
2633
21831
8547
16516
448
59471
63905
14664
36744
44791
28264
55171
55997
21241
53673
6318
24577
18250
16009
31226
40238
4384
50395
35700
7216
2357
30734
31978
18941
5097
38262
5962
31660
51590
31918
29921
36056
50230
45560
61663
11554
62846
3605
50267
8274
63877
26946
6756
63989
51718
25450
43109
4433
24971
50493
58057
7616
18775
13297
41000
40765
38285
29300
35384
15033
4224
3772
25250
62471
42001
14055
45671
35878
58483
13041
38000
10812
5893
49384
6884
711
43856
23685
23147
28786
26075
16042
40526
47346
5500
47871
19724
1327
25955
62162
3332
5813
30434
35408
21139
256
24459
28507
11940
24164
1605
55754
10353
61699
35810
14034
1531
12479
5869
13181
7520
37222
55540
902
614
17925
3693
43280
38227
28211
2542
24316
19547
63733
14464
50914
53104
43585
11949
35630
25354
14902
62618
31464
11796
16947
17965
63864
7398
30712
38139
1270
8263
19725
50737
9850
57219
11644
4373
63452
18423
3742
64343
12560
11971
51469
32822
14165
56597
25897
21730
35156
6681
49489
14583
31399
29320
17677
17936
22327
35688
44435
39084
48032
20276
13552
62146
9386
58314
38657
10292
56846
1684
55015
50135
14254
42807
33545
51100
51195
56466
53444
51871
44717
3909
17355
56186
30009
43652
49510
33043
56052
11818
1534
55514
59085
27116
20518
43070
48729
58698
8526
525
3905
2053
58083
30112
14202
20006
54215
35052
47216
60622
24009
27655
47322
44222
32876
54973
4431
11188
55926
5335
33844
14613
6542
33996
11045
63604
50437
64215
18204
18957
5865
31966
52668
30205
1939
48190
33840
42701
46084
30802
16457
6970
7776
61272
3176
55233
57413
42582
5631
56502
32319
30219
51838
42395
55029
14324
60173
1810
20204
9256
29
17765
51077
60766
11251
19214
5832
61167
62994
63205
43311
38208
63992
7921
57786
20221
62046
42615
9078
56640
18573
22130
44477
54836
38609
2028
60321
20019
2001
37387
62808
17146
16159
6791
25007
38542
45207
1446
34099
30082
1331
1477
51418
46090
8162
22458
22378
1739
41177
52551
64296
30767
62057
28053
25818
41575
23401
32764
11172
40863
3136
58990
28000
8665
39267
25687
4134
28848
3602
5211
18718
45538
64227
62505
62793
170
59880
28525
11995
21868
49695
7214
32938
37843
26026
41310
33539
56308
31176
45885
7124
32491
9637
48725
21113
53253
49075
37348
34388
16275
58050
24920
17933
36687
57093
10334
35512
31513
50717
46001
35653
24657
39992
13163
46333
4567
21053
24656
20022
14632
39703
37761
21327
45807
20029
22381
18397
55927
42012
54118
18479
2902
15357
57612
7155
45550
8302
1664
13056
41753
14965
42759
38112
42373
14046
37574
44400
26313
9890
36385
16385
24071
25837
3951
62967
60363
16101
36984
34157
29587
59602
37091
58194
18787
29426
29372
30931
14659
63286
3858
30291
5720
18929
11706
40408
16922
16845
2427
10848
55132
63725
63278
64361
57933
60661
58941
33163
12789
6685
5221
34390
13292
18075
15889
27724
17912
60443
8724
17992
31425
32223
10039
9585
18118
21795
9551
17376
29447
14509
10547
42295
24030
30655
49818
31279
41388
23902
61817
40242
20196
27446
6409
37447
5790
17756
12198
60790
37618
11859
22761
6175
42376
9491
24691
24731
29784
14800
60241
42696
29962
34656
40436
5773
51209
47014
54840
61066
42796
27952
199
62929
60997
29371
55145
41283
6540
30095
28713
13874
52821
7259
16875
58527
9622
56932
16414
41319
32795
33038
59584
55324
11651
35250
55805
54691
10696
2042
44962
50075
13298
33923
40426
22592
40997
41685
10086
945
59335
35201
30296
42175
56206
23587
2605
23477
16529
33209
58963
53411
34167
61837
56224
39535
30007
52233
39277
56175
2453
11834
48702
36636
22779
60457
12455
41774
18194
52952
44068
26991
9821
54859
41081
29180
35090
11511
26782
17949
59131
50252
56211
12243
36457
18168
17153
51782
43611
38638
8550
11697
12780
27536
603
14390
23442
36846
32250
10907
19066
28589
4359
41521
34570
11160
20472
19824
13444
17072
39865
12556
61936
63618
1950
58492
51688
5956
60211
55979
6739
13388
54586
10403
25836
22740
31306
49581
19556
38225
27102
12841
37301
17057
41537
51523
25649
10497
25236
16608
13945
40671
51933
49051
51262
58973
57275
51030
18574
44001
45947
26824
22494
44942
4940
44927
58257
5491
11445
937
11933
63060
37746
37797
16269
1371
25057
38075
57085
5203
23307
8085
4524
10364
64326
27281
18965
27651
48527
48272
31207
45944
56100
43381
33986
61569
3636
46280
63590
62659
52649
38672
10564
11189
25456
21708
2047
47699
1480
48897
54251
9350
33497
9587
15854
31387
55333
44936
30900
9048
51781
29838
30086
52947
53590
56139
63810
15955
2758
48795
29787
53703
26545
36119
35968
19454
20384
64345
33026
42100
60476
58353
48888
12009
18791
5792
38167
12923
13593
57800
26668
22695
28908
59172
38435
61974
45360
54223
23389
18353
36541
46992
18199
15976
41316
40699
49053
15025
20142
32943
48681
9290
10114
27860
2864
3912
972
14841
23666
38506
31647
55312
5289
17381
25707
29231
60043
4469
49699
25131
39383
42520
17201
11751
41507
47052
49679
32665
15214
10375
43144
6682
45774
22726
4569
40195
55248
40855
20445
56553
33037
55704
39857
29993
19694
6320
34100
35225
4496
18135
22801
25419
63543
1225
16957
4473
52571
9533
58470
2230
25440
59710
17417
7030
31323
56863
438
17297
14446
3228
22515
11514
6092
34949
50113
53
8573
28576
5237
53987
30535
60717
30243
48360
19406
10414
24209
14827
1476
8419
45264
19785
49908
48567
12667
8368
6065
18833
12797
37984
21840
28461
6221
51130
56342
55996
16007
11061
40635
42020
46522
33518
63522
49707
55611
35642
30958
32849
15554
36437
22485
60036
19618
48744
45559
6814
6449
25133
1354
54858
25005
59975
25757
11519
47985
38487
58955
45296
1409
16978
20788
27489
38989
52532
33999
10663
6527
62839
25423
27358
25080
41284
59451
6817
9718
32539
33418
4855
9664
33800
38291
44525
45041
60704
3773
27902
16821
31283
26515
13711
40221
22411
45925
41336
15654
18613
22163
28500
38787
31427
2822
48857
60486
53560
41413
4747
57261
18307
40009
26356
17711
40455
3457
47434
50817
40351
42287
25869
60950
36420
26336
16796
56707
12236
53148
12069
59295
18801
5310
42915
61405
37167
28991
41896
59337
10396
55606
14926
2564
28109
1935
46556
33825
18807
43230
31861
57136
54704
17405
7069
10173
62881
41662
23942
32883
28591
48488
9804
35906
40430
57388
52061
11678
8853
6796
24473
10458
15981
32526
3577
4696
27500
56634
62844
63275
53153
58750
9603
44948
32653
36693
25576
34696
24708
37069
49488
40487
58961
55151
50413
35657
20978
58806
47201
22497
55064
57354
31878
52413
7004
13151
59557
60066
46208
53680
64231
27306
34066
26121
60675
316
64149
2352
8864
60742
43459
46286
63099
35444
11675
55456
36076
24565
62717
58504
32421
21805
3230
1071
25323
48833
44033
61264
43923
49311
12417
30083
61613
11408
17482
8592
25430
10698
31165
51116
12711
10100
31633
9727
61503
55426
11716
43793
26968
52123
46800
60676
8394
46911
12497
36767
25077
52319
41831
62802
58347
8349
7086
55840
52581
64364
32005
9297
43770
58774
8149
24944
22671
16152
23175
7037
53414
3814
18046
11234
46686
64241
41028
37445
7270
1661
32169
17361
26554
1464
32399
38353
18150
54383
29394
55047
50233
53523
62637
8722
2181
19696
35209
52400
32814
3022
25591
3058
29349
11582
29807
36144
29717
53949
57326
32626
5932
27270
36613
7709
29890
20479
19497
31351
58802
60440
58849
7107
29817
51941
59073
12490
52755
7646
61127
48343
9324
51757
9822
46372
89
50427
4142
32215
25168
63580
47102
43921
29700
20331
18595
59187
34422
51669
4322
3839
61171
43105
25078
33047
43995
53430
7287
11523
9251
37421
24138
60195
37118
28679
11111
29365
41501
16355
28868
41651
35940
39093
41338
6603
45164
17973
59424
13602
2992
23985
56501
56854
4657
56969
43071
59931
64062
30544
8795
34765
7261
11723
64146
7217
61961
40153
39327
26574
11430
43308
54225
7328
53499
36546
49304
10709
44103
41756
31033
26414
7119
10297
10500
34433
27437
64427
47898
63352
4730
59948
23070
41187
15177
63168
44177
26938
2270
31748
15690
4057
14408
14427
48180
23041
61477
216
15122
60265
40328
21132
31180
57923
3617
27898
5167
36599
42993
15057
3448
38667
55612
35617
49574
12593
36853
32803
34622
38954
48558
24145
54378
52067
49932
53898
63849
9369
33822
57531
9371
7143
15721
16772
61182
20565
15653
25156
50897
37046
41970
25974
40834
58368
26756
61684
60555
5547
64078
431
37201
46288
23211
17939
51055
28982
27291
11882
50079
40040
19736
62669
56135
16767
61160
13166
48611
18439
35568
43771
37418
46433
51248
15150
45368
41055
58728
16384
16459
59298
2654
50723
51137
6656
52943
6930
53639
6718
28162
28204
293
60615
31352
16769
62255
40562
40333
784
46833
10603
44715
62349
10864
54255
41932
14244
14286
38206
15993
29799
28841
49397
41623
29347
46591
10919
58473
45310
32064
11792
40647
31321
24491
56318
50749
6358
56169
40146
42900
37044
62292
23751
28768
21197
38436
22231
53792
37410
31584
13628
8835
8322
34216
40149
43702
14059
31596
53619
1302
56774
34335
56717
23395
42389
53630
57097
18803
59850
62369
6090
50161
20007
22521
21069
29108
42152
9812
63274
17738
47566
22701
54460
6894
60170
60152
62941
29809
36448
24271
20161
50299
59059
11666
38402
31398
5452
52761
55061
14805
36783
50388
47126
30417
14547
218
13025
56700
29810
19478
56370
15198
42880
43013
24523
48605
31315
39023
33429
45748
53291
7713
35774
62288
29990
10532
19408
38894
16663
50569
24883
24567
10587
3792
60937
28326
62620
49565
27886
51658
23599
1388
26785
44946
11083
16765
61997
53884
31444
19856
33385
11165
11194
35121
22964
28552
5648
24136
55002
28082
62959
12290
53266
59372
58306
25657
4332
18679
10827
56966
18813
51892
33948
31420
35000
57527
29660
23982
31068
11758
38713
61371
34952
46763
9422
14471
24799
45974
45773
34974
44105
26344
1113
42806
32000
46684
31945
32578
24789
12795
26680
17080
44438
30160
7748
6019
19542
9506
58908
31172
20960
29197
52618
44395
33588
21623
12608
11276
24170
58791
46247
20544
26090
15849
27078
45664
36356
40998
41556
41117
51397
10455
12821
28333
44125
27658
10318
20058
44211
10574
60840
4213
30704
40284
37397
32488
6872
29564
13118
25763
39586
35315
41570
60855
56557
16723
45322
13612
43648
45437
39968
14106
32283
28698
45906
16170
503
18568
45364
28972
21447
50130
37557
14093
3329
3435
30763
7912
34136
12219
40084
35986
4360
60857
26536
47847
5910
60571
45035
50458
24026
8867
15195
13364
29368
52177
47683
18757
37358
18031
26801
49291
46506
44619
9745
12856
40274
50246
59190
22981
42320
5479
46136
28257
3694
53292
51070
40730
32668
39873
8363
24334
55343
56493
4525
36257
54342
45393
13542
55552
21739
4455
46000
51438
35835
52757
35011
63637
19682
35680
53465
40140
60578
53959
54416
28134
57009
5147
29638
46639
23829
11134
40050
6810
38662
27921
4349
21436
48284
30496
44403
48363
33495
14568
4763
33695
21255
42742
48249
20102
58105
32930
39461
32894
31468
16972
51567
11434
7147
61963
52133
23725
47602
62155
4632
16281
30546
12657
27240
32893
41150
10873
48265
11948
46838
33929
155
5450
28323
43938
23236
34282
43129
44502
54787
29556
49212
47592
20909
28047
34822
45805
51279
28947
36211
28107
33393
10186
11018
29982
6301
14147
44598
29909
45420
8782
3708
57172
46271
2096
18352
40582
42816
61282
24804
44837
25587
61252
47200
31384
36065
396
63421
22737
53734
50018
40375
56210
27049
60812
14436
46198
52221
12320
418
3725
49321
37634
50435
19370
40673
2929
22224
45630
18599
40766
5064
1081
357
17351
43753
1508
37824
54323
49970
38258
45471
26080
5277
39011
16567
52896
11920
50881
26604
34201
62362
62933
50483
15041
58617
15316
24793
49934
13215
31241
7208
8386
24135
42018
37973
5369
40678
44737
10755
2775
6063
47130
29826
1040
13218
62325
62005
5724
56269
35362
44531
63764
14777
20002
64274
19857
51506
55236
38720
45898
12459
38325
25815
11262
15094
46322
45500
43501
6654
54044
33119
35621
55705
61749
44172
26115
35069
57581
31098
34647
31685
53737
1916
62232
41691
51664
41249
32744
8052
18486
54144
10309
5434
44736
6296
16614
18350
39811
24200
25047
50151
38472
5528
14601
33869
9393
38323
28621
19079
25215
60235
29472
18469
54128
34402
56143
38289
10920
16225
33329
49195
39436
41525
38024
62303
49310
25363
49963
49832
25708
38810
5059
60026
61913
7844
46520
64370
37323
7337
22709
35424
30416
54373
48769
48362
62525
53261
39552
45234
20033
9773
11016
21358
8872
18534
5959
30273
2209
37829
32862
22338
33630
27761
6153
44986
63296
56087
46487
51800
24194
63893
19566
10898
33077
5561
29500
63185
21417
17076
30532
54425
58367
23267
63400
29121
19591
33269
16497
19242
58060
14686
42359
41245
3915
7265
61988
53014
3957
1137
27521
34092
33919
54826
60975
58128
9213
85
16357
5405
7548
24528
29314
40698
12878
46499
23230
30829
47312
22391
27031
22335
49764
32953
19319
18376
49763
12032
27729
25813
2060
961
39171
50735
27766
38299
25689
1171
6186
49797
38893
58656
60718
40371
48594
37987
57935
17951
42865
27717
51736
39149
58047
21301
30172
55040
19360
5876
17407
23878
55013
59565
40023
2260
46953
17790
27939
28313
19619
51988
40374
5841
20613
50140
9707
56909
23993
36551
29179
44861
20062
41714
25325
22719
24835
5772
4295
50145
24265
47018
40216
52
17330
45104
23633
34325
7909
52522
45880
62387
59427
50341
45132
60144
21050
5508
10213
51852
13042
47412
51239
33730
55230
21993
14432
25844
48173
24643
12460
8747
5513
13478
41346
64176
43175
39424
17744
50279
3620
55225
12223
9715
43534
895
44868
53784
6856
40103
63568
31939
46552
37584
32797
8545
26340
16783
50394
32863
46352
39719
52531
34777
28499
59609
17907
62948
24794
46507
27402
11753
35221
59703
15516
39251
359
41826
15647
4714
25258
1089
25251
12738
46944
44412
50853
45505
14701
47335
3481
16006
39055
7806
1442
7728
2482
45573
22977
54364
61856
38952
7763
61387
17894
63343
34494
4752
34037
2588
39354
41780
58408
22527
6141
4436
11634
14290
41675
49235
25298
58170
42007
4066
58878
55443
41739
46060
29598
45386
4997
24722
53347
42405
12319
52082
22134
51990
50080
17673
50532
59874
59865
39945
27257
51621
33426
25680
50224
32383
31697
57740
40478
52836
46771
36323
14126
24869
46402
20303
44095
31975
17718
53731
6510
38305
27218
55954
40889
50724
48303
30506
45524
515
31952
50557
38193
48972
41353
53982
27490
19883
35455
15249
6768
6138
8517
32972
44708
8738
7267
18944
11174
6637
47908
32975
55046
4145
5548
50863
32798
5334
8109
37941
17834
11910
23962
13360
50729
15371
39050
36442
19407
14263
33930
37564
35222
14578
58386
57956
700
49759
9706
10515
8961
26786
44115
50652
5799
56183
9197
33166
8185
20928
63751
10838
61747
34807
51266
63890
26702
25417
42889
62942
36239
57755
44079
49622
25176
60353
34274
15803
23251
45707
15206
45306
9057
2188
14363
900
21530
50301
46882
21454
32762
60108
16857
37412
39437
2023
28670
58166
63867
4228
12016
48106
61437
29750
49662
38718
62081
20476
17301
44883
16664
28434
28280
25324
8271
47720
14690
54852
7448
21300
11788
45149
39987
39762
46861
19522
54421
27042
62260
6505
63057
60365
12038
19091
27562
12249
53610
56778
56974
12372
56144
39372
55965
13807
22075
29155
13231
26438
4435
3989
17606
57950
3515
60157
32673
38807
10129
41773
13528
10215
19829
183
50066
63470
56381
51575
63035
63157
51978
55605
50573
52895
19390
44600
7384
64357
27146
14428
44042
23375
46009
50085
58496
20283
1319
37199
16953
28559
42096
28295
18895
3559
2355
7727
58468
7985
49077
35801
38422
12050
22560
64092
9212
55175
47653
23876
54919
49475
35317
57468
39902
8949
8314
12229
52145
40741
45566
25244
44990
1801
34730
8365
64417
47715
28913
60702
17869
20505
487
56639
15347
47361
8628
49944
8366
55305
5663
18010
50158
49347
39608
30386
40799
16552
41146
56693
57253
8060
6630
62433
46945
19580
16303
55532
35413
31417
13428
29755
64129
10484
5633
37819
16476
49037
53613
46486
52627
25809
46283
34455
1023
42101
17607
6678
34637
1181
16418
38364
3999
25340
41729
5783
57710
1380
15069
985
62682
1430
20155
45772
48381
5469
47352
42252
14288
90
61364
11688
45622
42006
18656
40481
393
45516
24615
44267
22611
40687
27525
10902
42894
57022
57852
2589
43396
37446
42390
2862
7886
40848
56243
21251
46343
59083
63353
16659
22111
16576
38093
42743
16132
1285
29487
11924
14155
14173
23626
36596
12306
15367
45759
45262
59525
51764
46331
5563
24891
14131
38006
56728
35165
1968
23938
53588
59098
19609
49444
32777
11663
1880
50510
3901
60799
9645
16370
59129
23932
62742
17671
52308
39014
4575
56662
60806
56130
40985
23489
41434
48030
10456
7937
7391
50949
27883
57443
2925
6334
63088
27401
64464
44586
59826
34978
7361
1046
42532
9505
12280
15409
56333
22101
52806
30692
38978
59582
42885
16315
1590
5114
28409
11919
17506
17453
36093
56601
62907
12778
18628
16252
63144
9684
60640
15547
41615
55913
46174
38986
35667
23654
1169
17279
8831
35975
41541
16268
62962
24327
23438
12529
16036
8480
24411
33563
59839
54039
60065
6064
25988
8116
16137
42971
39964
38434
39707
56613
37752
59457
10354
39730
25575
31015
3746
29136
57474
9698
61250
44508
24822
12150
28814
53627
21884
34855
46582
4893
27859
8750
4046
34038
62890
45064
2936
9309
19416
8257
42262
19527
24727
7588
52165
36956
23948
68
56933
38137
17626
34697
62601
45426
35823
6893
1509
56861
9693
14442
38296
9565
9519
43930
34804
16761
52544
5546
36393
42211
45831
26589
46306
10505
49673
10632
46
43946
32783
4298
50503
53229
9334
49188
20311
51763
14329
11692
61396
29442
19731
42709
58398
35861
37369
16279
27137
18638
22416
60810
1314
15751
44929
63702
30737
62014
53741
37606
35768
38742
52238
37467
23067
55725
19876
18890
3545
37792
15008
64436
16471
52958
31140
21512
37958
51473
31850
1626
15496
61402
44657
16596
60032
13438
28404
35991
8802
58199
51991
10672
41597
37508
6139
63039
2767
10646
62144
24476
46185
30941
26695
4493
9948
10890
869
8205
60061
46546
27839
8178
8397
10452
61177
9996
64066
20819
12567
33565
26334
29292
59421
22883
42691
18812
40002
4709
7460
19907
51863
47276
18019
59693
7773
39820
24047
52526
60035
24927
52010
50303
24864
7729
1956
26036
11236
1862
37593
36799
11219
60523
61288
38094
10008
9547
48923
16365
13486
5785
13096
25534
33352
63561
60165
22757
40822
38179
46475
60705
39513
26269
39398
13791
40631
1474
7802
50638
920
14893
35210
24946
12527
18896
2102
9119
52129
20893
634
23123
13187
37373
4078
14109
32699
49029
2048
16456
53549
20487
53436
55004
45546
64402
45032
5371
2346
13948
16894
40767
63639
48214
15047
9785
53749
42186
16348
63117
56255
55256
46722
17955
10338
31645
29752
26299
30580
37640
40924
13712
580
48160
8051
26657
59502
249
16706
12663
5527
766
49733
59814
31406
12119
38648
23527
14138
46675
11330
29708
45197
4732
64411
595
46291
55550
56377
13637
24123
40689
22100
23096
12740
21442
63979
40886
62984
41295
40369
38649
41048
33179
28489
9240
29323
51104
61671
35076
40215
45934
55083
12579
50790
473
6081
55479
42926
16051
11642
55348
56765
39838
40441
59562
39681
30672
26988
53372
44740
44970
21974
7404
33622
11677
61354
1201
64368
57885
4394
19228
63364
37998
3537
18227
57524
25710
44069
48146
50338
26909
57486
18349
10664
4097
46023
43536
44325
42794
31155
9250
10690
58476
25306
40772
2423
7848
62775
41080
53099
27350
41201
44179
31454
29977
38234
52673
44233
36681
14605
5526
15300
45951
16338
38988
32835
4745
57483
742
773
11439
31299
38383
56715
19565
63288
16204
16782
62837
26844
30092
45429
16249
10520
37985
53390
397
19118
23555
61238
38281
62135
51276
23573
4315
24149
21389
12761
14526
49066
32501
15813
19640
53904
16376
3534
48794
10386
40421
30856
40655
60956
9618
60150
14634
28161
63526
47266
14954
23082
18685
63726
20256
4894
56976
26220
16353
62213
13858
46279
21086
35091
50056
51768
56438
46031
38162
43408
19399
36707
25511
30787
26715
57369
5842
36922
26166
40305
19992
8475
14518
29070
64125
24509
31857
40992
25629
31389
60093
24252
63621
20900
45161
42461
45256
13561
51547
7514
87
61504
35008
25248
9134
7744
24049
15009
36557
62364
19151
40935
20246
51143
57750
64051
56035
43260
30128
27731
40798
23348
34639
32085
1013
18133
44251
23905
62145
49531
46691
48559
45838
20374
744
26745
6223
46646
24564
37512
4824
45598
24589
10681
13301
22529
9750
9153
20465
38246
18706
670
30020
34173
22050
827
43217
39851
42116
29036
39788
47179
63483
53909
22484
56919
35342
15512
52204
5588
33050
22868
45555
53965
63408
24118
25287
22862
48208
13303
15526
62383
47641
26362
29457
63775
57631
4680
38017
59096
47430
18173
33912
7078
42939
48758
17923
6611
2994
40723
17290
62779
39085
21458
29315
14395
27172
32896
11115
93
47892
52049
41438
62624
55278
46602
32225
8353
27867
40214
34459
4828
36731
29615
55710
37905
8500
26311
31731
48697
49897
39912
39385
1135
16644
2765
51369
17551
24855
12836
19402
46159
28028
33521
15551
7885
22397
30029
27725
28980
22567
33584
12096
23918
39626
24403
3712
1703
14230
33671
46700
63345
17713
8034
42502
12226
31901
58392
61267
42705
51915
617
64018
23450
42487
20299
41453
51283
51064
41215
12345
47471
64096
20662
1372
40161
49848
6740
11631
43423
723
29448
20321
25026
23664
26608
28281
15574
41515
57516
2182
24914
24775
5397
6840
9987
17336
26494
2259
28078
54462
10197
45755
6282
10499
10773
715
23310
42304
26367
25771
22216
752
11150
40090
30399
51218
5430
34532
6957
11460
24796
28061
19714
40486
5951
41122
31572
23387
15977
44626
62259
3574
3492
12925
8566
2130
8499
17680
3585
59683
52091
63066
14934
52096
8751
64442
22748
5822
13034
42503
57202
61428
14649
56345
30213
33859
15408
45350
36908
19701
63874
18723
5877
11042
13386
27449
26999
17299
44270
32950
1904
60441
19158
13698
60063
16833
42911
59020
4448
50999
14112
31589
44487
62217
52959
50214
3004
62462
56830
59101
45720
35847
63554
6370
5985
11819
24020
26511
36702
62334
33580
56786
62698
27778
43219
25697
22887
36099
12330
43635
46650
28106
2667
32097
40512
4002
53108
14379
15448
47283
7669
1942
61278
19222
25382
49272
29016
4718
61482
31043
25365
28685
20603
16618
9157
42748
13156
60315
12070
59035
57743
15191
40586
37433
25885
36525
54368
3044
52330
28306
21226
12286
5644
19434
48348
51232
34595
16102
3132
59913
23034
7154
1723
21407
52324
5979
53391
37490
1356
20525
10082
2761
46172
48841
19069
61896
31955
29684
29754
10486
40929
63697
2068
62055
19558
29178
49518
36179
1865
35142
12746
6895
52069
18518
37459
43604
45398
41785
22540
61985
41131
3490
27933
52198
26710
19374
38788
43626
53137
5112
12067
30846
7016
6399
35395
4761
32334
14795
5568
8437
14621
20031
37857
39860
20529
61698
63657
19372
9588
41240
27167
57141
56802
48271
18582
11404
3401
43617
12934
62125
1053
18940
58073
40530
40658
58888
32683
19246
22914
61755
19887
15140
62222
43422
7312
48882
53658
16344
10058
23987
33903
19535
39425
1738
8845
14915
55684
49284
13379
50812
31333
22729
33158
38173
51233
12952
18852
21620
59001
17264
32982
17335
7087
12544
14924
21365
27260
20035
45752
57123
60921
25778
33112
3179
37909
13265
28235
29551
9020
27435
15229
10604
50832
15881
60209
5296
47423
41137
50874
54481
23359
34107
2614
46721
18837
631
59520
10061
27830
53666
18059
53000
49074
13539
38304
7853
35147
47891
52295
43981
64325
53403
46717
43392
14740
6601
30255
19369
58445
7146
21604
22688
48626
26784
11856
29366
10495
12869
59496
44714
22442
61681
12802
42850
49012
17971
42284
56994
46178
49145
41065
18686
53687
32941
37701
44064
21039
50597
40235
8440
19804
58098
53562
6304
60890
16187
4030
4158
7013
62080
26027
59040
40347
35993
3485
29291
45606
36806
63138
23197
4625
39576
44633
40115
1846
63101
13790
1303
4633
57387
25199
3711
25388
47460
28465
50678
61478
33902
20678
32439
28479
55643
31873
39180
40510
10872
60368
48944
1742
13245
62018
259
22471
17396
8295
33446
51855
8646
26538
40759
12339
632
14826
49755
64243
25296
59976
15750
4334
61666
9525
62990
25118
61261
5996
64180
38728
44432
35396
16493
35586
33399
59761
5695
41856
2546
54317
20127
64279
57659
7390
48805
29133
33120
5514
2262
12204
53498
61086
16005
56365
9022
7224
44790
24048
30494
32877
7587
12994
41951
17469
9963
372
33687
15675
22180
20791
24568
22928
17183
7772
1082
13633
18144
52304
26838
41546
49446
7061
32233
61452
61850
13433
20773
2879
39394
12308
61274
28630
59251
49852
37849
18521
2773
62331
52167
18080
8668
9854
33455
318
43704
61517
52108
21282
34839
36672
8855
16498
52329
29524
12090
12508
35959
56832
63925
30870
55788
11888
57565
27640
1437
52280
29462
37518
44987
60696
5629
37736
60252
22171
39373
50654
38349
27250
2933
48686
29021
18949
10190
2727
47292
31803
26053
13229
14434
15051
60968
31453
8457
62530
29659
46253
41767
11021
58524
236
12991
17675
27007
33689
43454
57133
61485
45325
24132
48749
30632
7970
45383
17874
52113
21825
56017
52926
34158
17627
11746
12438
54151
56882
55301
63966
57080
3264
15555
59147
2837
45441
49512
10128
9952
315
32159
17984
38767
55234
55983
13275
14360
29829
28624
15739
36609
16378
17775
36220
27988
57978
20242
47647
1533
58028
39475
56694
1067
16869
45155
21231
45781
62104
4797
57661
38217
29455
27647
42983
34338
7170
14707
48312
12528
44863
45847
31052
41173
8494
35978
61890
17448
63948
38800
12019
19507
36243
41455
21033
39113
36682
55703
46011
25569
54694
32962
36879
48484
46753
46086
27175
9300
37439
21223
15548
57004
17967
32698
25196
29609
36586
62816
50317
13046
19690
32899
56628
62335
33797
7957
60707
62360
2804
17735
35350
25946
3550
51559
5725
16404
12203
28697
27223
62789
33172
57784
27494
6128
49887
10834
8551
25000
52345
1307
49325
36955
32787
36024
27730
59731
43493
26528
33021
5006
21467
20227
29558
39717
17103
27844
18206
47445
9619
43580
52101
32901
4159
37070
3446
14331
57547
53203
37820
7554
62295
58016
6136
3036
26413
29048
50742
31449
31732
15966
21858
32201
21563
13490
11965
22188
58751
53349
29414
58563
5867
44817
14064
36588
7076
21266
33355
15907
54111
15650
8285
12452
16895
64013
29628
20930
57214
3303
20585
50311
12176
31179
19460
6154
13617
54507
6843
5703
56419
57590
49953
9596
1014
33283
35465
33464
33044
22097
54545
18431
53021
55688
31922
57496
45003
52428
39932
27526
15349
44110
45023
39162
22144
40554
6578
10825
4950
5608
9986
52965
20073
54393
60721
32442
54422
23491
17173
57588
47343
10998
26039
334
1502
40515
60981
58843
19539
12472
39018
34421
42584
58553
4723
12534
33900
61935
26989
37872
46120
26653
61324
28181
17331
61335
10863
20575
5864
39775
17241
28016
56079
47709
34959
50844
730
38515
56865
10326
21959
36132
25803
18038
24593
24532
57882
49043
39336
2616
29566
51190
16959
51756
51765
35588
59716
11320
119
51796
31100
33712
35174
5348
27539
55307
62594
32217
55497
14754
55179
951
762
42828
7501
35992
34389
13199
28396
47457
25759
57537
57327
9924
34343
55288
13984
29961
11772
17507
43943
26320
10181
15447
60560
30714
31750
30287
12745
34124
13806
9453
6164
11773
48251
59984
47182
21207
40217
49987
188
51245
51139
11146
57215
49313
3643
60080
12551
47336
5100
17958
358
25350
7975
58936
1049
35741
16322
50096
62672
52742
43182
4335
13540
41533
7787
50022
3669
35776
7547
29263
23578
17269
42847
54458
21345
1297
51213
37482
23467
32807
34823
57554
57088
15159
7534
50633
28762
1644
23524
35112
34737
4796
62809
24177
26813
23376
53548
20642
18402
32479
23739
34864
28856
3474
21331
2298
39887
1445
46961
41655
8265
13518
44266
42904
50000
50846
23214
40783
4650
32441
38380
53798
48600
62650
2302
14270
13861
45362
23877
40013
12440
14964
25100
36500
4010
41062
48767
5385
1097
22492
36261
13226
50651
40952
48332
10150
21553
18586
44461
33501
28696
63412
60823
59968
28854
18678
28160
40210
15774
76
39947
44763
12787
11768
41051
33911
44118
29151
37232
13998
29800
22037
35348
2199
22541
38855
785
17791
13510
44743
43066
18034
21125
38041
26113
49563
57312
63235
5248
17740
1941
33680
61957
39593
26245
26435
7434
4413
5058
47889
39909
15932
62342
57458
4021
5131
26436
32750
8061
34410
1964
302
55120
23297
13929
30567
50860
3395
15982
54512
56357
7175
63284
46232
48438
47722
2315
39064
57761
54832
47910
19607
875
61041
34891
35520
12825
43665
19397
30759
55576
33836
14549
33976
43270
47167
32677
55707
53602
34939
7015
49697
47976
26152
37013
44799
48764
38475
22961
49900
37018
10799
27351
45762
910
44778
4699
63499
60474
12254
57305
41940
20044
15414
6410
59305
35793
22639
54949
20269
22301
60919
6676
54815
12755
37413
8781
52730
4755
47562
32654
32024
36635
23167
48553
37107
29100
23160
22377
2196
6365
27910
30581
46839
3884
27765
5475
45355
62639
1761
15295
17986
25916
56355
52470
9571
41668
15005
32437
57245
33108
58780
16082
45688
21144
36154
62835
11774
21508
58176
15426
7734
16991
9624
42678
12635
2361
27611
35021
35445
8622
1293
35392
48234
3785
54248
63423
64192
35523
7813
61605
53592
4444
41132
55106
3514
24844
11490
7638
18027
22797
58330
25570
17277
60430
46741
39305
34650
60275
58157
43786
41975
34491
35064
14102
29050
31529
57407
566
43395
61759
58647
54693
3424
21869
32234
1876
7732
38969
52816
17623
16143
2093
25266
54634
59809
28566
40945
51203
23179
61744
39176
7198
13647
1819
3006
62657
10557
51704
58872
19205
7654
4614
34796
29035
64008
9161
58091
31490
48016
49960
874
53557
7842
10575
11195
815
62834
55423
58566
29925
1737
48550
29459
44602
14082
8992
3503
29131
2927
16229
24764
30540
29774
25076
20724
13153
54592
58221
34212
16724
28574
11635
17106
3319
12478
54700
5182
41298
55350
3952
49639
41909
49909
31603
105
19271
19649
50201
56800
16335
4857
60330
16903
445
17945
11381
22154
28131
35624
447
49544
40794
2931
35806
42967
39521
4810
12257
19529
58915
1776
8707
33444
17571
36232
36760
1301
39111
28316
2949
17101
40456
36215
63048
7396
52911
41634
61877
458
47652
23059
29935
3843
49237
627
46942
48045
36605
18565
3258
38734
31891
1155
31342
19082
24506
15103
17861
59025
60364
52562
446
48842
56484
16735
30246
2135
43898
61886
14497
64419
41594
39920
23243
54435
50270
1158
28606
57380
58014
9570
50900
46880
9464
16246
54788
55692
63523
54611
61104
21032
36901
14957
8435
44876
39561
8938
49221
9360
60822
61852
4912
16019
29981
38741
8222
6536
876
49999
42976
54927
15571
54135
58208
32069
54501
32978
63834
10758
25791
23109
17737
2649
45080
25464
62592
37972
50703
14596
17982
1717
62535
38755
11272
38020
26729
39227
19689
41803
3049
48917
26550
41445
50332
34953
6118
23412
24613
9625
13742
40865
46351
52445
58307
53366
55302
56300
33694
52389
33142
5761
49965
35247
6888
41142
11169
660
23330
58397
41350
7897
37835
52441
50932
58591
17175
12013
11095
59651
6524
42486
19144
45339
62293
20737
53924
13393
27767
2962
21593
59390
27813
783
54825
50059
22831
16657
50358
48574
19844
931
31258
30081
56280
8452
22855
25349
14443
12184
2192
13358
36538
28861
12503
605
593
53934
1645
33771
40202
3372
15925
2195
62747
9761
25627
53899
35067
24608
62502
37898
30908
42319
57163
12833
49322
10137
55
16760
15766
22790
6533
23449
41396
1441
21555
30488
26018
6848
60000
51108
3289
17572
44771
11673
29034
56801
28038
22542
11959
41162
14242
52407
24155
3278
16440
44661
23051
27938
539
43769
33009
16239
56617
18273
18658
47668
19514
34776
3641
49462
7651
17304
59399
36015
12075
1295
1489
10675
62421
4355
4090
40133
61291
22516
14185
6776
48518
19006
5933
33363
56981
5256
19669
57031
3844
27062
16913
15104
7305
64170
54194
46599
23090
37306
37043
52542
40038
735
34383
24016
58623
16971
23848
21782
14992
58707
38677
54727
30888
17875
43354
43980
17899
8112
42830
1305
6107
60
46847
35271
41060
38339
17268
17117
36938
26345
17670
6408
4620
36945
30125
16594
28271
37215
48528
17342
3821
6587
63664
34105
31086
1207
27535
41072
28122
37944
45147
26593
44122
18115
28904
31673
24000
24162
51817
25779
38710
61943
584
3065
426
61629
63173
50731
41358
14608
26124
41435
50879
38290
6545
54500
12304
3050
61521
39175
25937
22024
35703
2176
53957
38590
64299
43158
32575
53435
23040
29235
40370
46043
31263
26398
47114
3186
14362
32866
19665
32740
59624
25542
11930
47034
45060
43235
44755
22563
33177
49302
27739
45379
32553
3078
19420
19224
57981
1672
23986
20748
15939
16053
29200
50378
36615
52665
26610
51199
7082
50781
42466
51314
33918
26135
64306
1191
42364
4571
40644
19991
44498
44310
63255
7424
22919
5419
40755
7952
42265
7262
7323
51169
23487
48273
20381
17821
27575
5616
17126
35505
60019
49173
51152
19805
29847
48326
46045
64451
9542
60254
58898
2131
32351
37262
36983
21748
38670
7381
46206
51435
21513
43087
8301
56088
57549
353
41304
57173
56911
57971
41126
11436
18532
11824
5871
63798
37860
27598
25172
46831
55342
31209
60522
19432
2585
57207
48099
8106
28707
53288
16727
55018
60335
47613
58465
7805
8125
27419
32195
16383
44282
57455
11329
21752
18292
57693
14092
64277
54033
19067
2899
21174
18182
11785
35580
58004
27012
15635
43251
8570
45091
23217
16421
54771
43555
60854
994
64164
41708
1885
50385
59927
6273
24397
38185
29446
55601
8832
30706
52366
19401
54305
44974
18348
60771
34464
20593
37795
5017
21459
22996
63838
5176
20060
32055
31313
394
27168
6508
4915
61958
59152
8880
28456
57884
49801
6991
10661
15779
31055
40130
46413
27636
31928
30720
11129
38134
63721
25953
34610
5763
19958
22280
31272
40471
26024
11922
30225
44572
48533
28539
19290
5478
14308
24697
37219
41084
3889
60723
5693
54333
20064
3387
38832
25565
57116
27456
15589
20308
6422
44965
1189
4249
57143
4787
10060
12220
48838
34601
25238
59354
58342
26011
38201
13502
22114
50713
31684
39309
18822
55671
16055
23293
48113
50607
19998
2715
8792
53304
1711
33178
59492
9471
34029
34955
51170
61714
8372
34733
21836
20364
33101
12404
48054
29011
54286
57098
3008
11876
2056
41238
41169
124
45997
62035
63502
947
6638
40097
38624
25281
4490
11058
52774
9101
38438
48777
41376
19536
27541
53177
53160
26153
33502
53330
30511
47036
4814
10504
56574
23132
898
43724
47905
45532
51144
59579
50630
44235
8623
41222
46431
55677
26964
16589
8417
42736
39264
44540
54605
21768
37058
13674
16920
21041
41418
12860
7968
39174
3621
27206
14241
52723
15761
39532
31771
57008
36532
62836
9666
53038
52166
32696
40748
6371
77
52752
31350
12978
45725
9364
49330
41167
59712
38813
50194
20229
56106
24752
40735
61133
54133
10397
3646
43480
52225
30275
55311
54195
23614
50603
4172
25225
8362
40910
61701
50197
4087
17395
30707
19645
47694
34685
37804
3433
20128
58871
50393
5044
9439
27927
21395
23706
8473
15387
48652
3369
39369
35522
4268
9981
35917
27854
42677
2835
24239
36786
13190
49614
57353
1068
51881
62117
64335
55310
17946
25096
13354
3569
4096
61053
7475
56178
31515
35061
30383
58554
36222
13404
19488
19681
8524
59243
33294
42283
50726
17743
28359
32768
10573
8382
34394
40623
20792
26431
16087
61392
63509
23569
8762
29738
12671
10112
38270
63403
38085
4416
42928
64021
29724
108
3770
11769
23159
40954
27799
48003
4068
58346
29044
60906
41902
61431
8620
43553
56995
1121
23674
55361
49450
62654
45374
3112
58653
32492
38484
46122
18458
38715
61925
27251
42093
4309
15097
38566
55331
3241
35494
2142
17724
41938
30144
61939
56569
50417
39971
22057
46440
61642
7881
26253
16523
48309
2774
7007
16889
61287
3486
386
19047
48645
43016
41427
14111
39371
5758
53181
55273
12340
22544
14956
58058
54565
39846
28543
40728
43371
377
57511
10178
34714
3964
27433
23533
38235
32177
18339
40246
63973
21149
50743
50235
24893
28350
23894
7075
13237
17186
26614
58794
30824
19237
12493
16398
32088
1166
17511
40573
54577
981
53908
7712
21157
20801
46652
30818
54015
16363
53464
40625
37945
48994
40244
17291
28073
34484
12675
54986
57364
1821
49582
48435
29851
33492
31761
58490
1062
8825
19505
54831
23559
17006
2752
43108
31470
34323
55259
25333
55276
30438
2179
22182
63750
6582
17309
59369
4071
31929
3983
38457
11997
55246
15553
9832
25052
20564
29956
45929
47663
22049
38806
28840
9194
31537
32856
47515
2287
11996
21168
12369
1357
51291
59191
54725
12757
1548
4823
4992
45892
20728
22418
61772
31314
61748
13639
5549
46587
36710
36282
58636
27892
22105
33601
47730
59336
48667
22960
43377
56871
12118
25062
43067
27217
41830
9264
5836
18794
3882
63338
56811
48216
13402
37180
26317
54325
30831
17318
9470
56507
52671
59585
39868
9
56483
37203
28155
31794
23748
3778
31552
2121
11077
39511
11452
25166
61730
27290
58522
18480
27405
23349
48148
1773
28483
46664
38067
44002
28343
42874
33799
51962
25321
50290
8055
14361
18132
3607
61883
50272
15986
18893
27897
8199
1688
1524
49101
11931
676
33010
10001
34871
46133
41627
64208
47299
12768
30389
53829
14720
27233
26699
4037
27390
25201
14470
52222
38779
61769
59598
39794
39409
25973
21582
34031
34704
34800
40993
40953
1448
6927
28440
11880
15735
260
57158
11264
53214
51008
15644
1619
12114
33768
32372
23888
54412
44301
6212
39842
41632
58804
39660
37287
17058
15294
22615
23820
18710
24916
10230
1691
19634
12613
61416
37458
62453
55817
54430
28364
54883
18379
23759
25848
6339
63045
43716
53836
49234
41003
39939
35678
27468
4864
12973
24536
6009
44694
4453
34424
57359
49357
30263
6850
48941
59797
37440
60748
20471
29165
1057
59393
2128
12127
38961
22278
58965
40745
47681
40552
29248
50392
8497
17339
53969
51112
369
13326
39601
29395
59700
22899
61303
41967
13352
22373
30387
42599
2854
56709
59437
1431
27090
47826
61149
18766
15196
42551
57188
30280
22127
61390
39100
26831
1769
35941
18900
12961
2686
34528
57849
63506
52126
36781
60213
45639
2965
7185
32213
10556
38138
41029
6335
53564
37700
13157
56453
24878
8711
44846
27143
2163
2203
550
51935
52252
28196
37921
2544
62483
64053
35623
43462
57461
22800
12148
52172
7222
18237
58219
31253
57670
10566
27045
23046
33076
28613
3151
52681
47384
17250
53841
52523
56521
6062
2697
6135
13629
36616
1052
7875
52847
8877
33020
10510
4155
15669
59642
16401
10972
29794
12861
16592
28977
40225
15809
19713
4470
50702
39073
43928
40682
34479
46215
51727
22172
23420
22750
34482
30556
17672
62635
50481
42683
51189
32808
39222
27352
62164
44417
4091
8896
8184
10915
38636
52537
62513
7340
17786
28145
38745
33935
33207
33617
50245
1490
16983
59692
60656
19967
8476
51932
20213
172
33943
5838
14651
49780
43404
32753
27803
40605
44307
44789
2565
6435
52401
16802
6594
3538
64069
60929
38158
18368
33040
3053
28494
30562
36021
7406
45213
34310
35200
2414
1735
22017
12344
49930
56918
16289
38278
12890
13555
28269
18276
15279
3069
8078
4545
48186
21581
37448
42014
63943
1498
4181
13007
54073
39829
58569
8980
1752
50646
31832
45553
25381
59877
40905
39276
29092
50273
48563
20600
40862
57668
29674
23981
11331
61601
32257
8377
18551
28666
48601
12355
30742
34128
55846
55378
53157
37706
39103
24541
47458
13314
54674
57616
19022
10815
49501
45973
432
56467
20729
22793
9062
52830
20677
3935
46353
51999
40490
32190
19905
33932
38593
49168
1206
51726
7572
28871
13875
44186
63206
25652
20463
21706
4557
18792
60536
10948
19341
25760
43610
33872
27625
31281
55918
59800
54782
20933
1147
44378
56925
5594
38520
22945
53015
47294
27183
43344
19187
46736
11839
26352
31937
47348
26331
24125
18986
7711
9855
22271
60482
5302
20101
9323
46714
10089
9886
51604
37586
57817
21450
48728
37100
538
30119
61276
34151
18076
49786
25808
35305
1513
57699
7733
3085
33264
4065
33208
28325
57720
40649
2840
29008
704
45369
53085
10623
3512
53953
53750
5329
44566
11125
35670
4196
41097
57521
13625
4932
101
22223
34064
4460
8005
59024
60313
48639
10485
62459
53989
30515
34477
54032
14730
14134
18733
10006
42185
16028
50592
35546
33938
29399
5655
60338
32032
50685
4033
12545
6518
24762
4157
25353
11426
64471
13078
17559
35085
45063
61459
59316
6615
57623
31785
4930
46010
36651
18821
27377
33173
20192
57114
17793
61814
26903
49661
2071
50292
10194
37473
31720
601
34666
49185
27299
26845
30775
59018
24696
31711
29396
13282
53732
4646
7114
23515
26839
35938
49318
25967
3864
49171
23172
52456
3408
37242
36581
3745
16366
549
24579
16424
3812
26990
50996
31000
13940
19001
54538
16933
52368
472
37693
23564
41959
17091
3234
22334
23276
53061
12295
8555
15437
36584
61036
8471
35739
5891
9845
29568
64248
24591
41431
46748
38709
48704
7690
48480
41468
5895
12445
50589
11359
268
46470
18228
45869
51440
47921
21865
51537
22736
54357
58805
34405
23458
64209
33523
33990
34291
10851
19332
6010
14660
63821
29087
4296
25610
25237
7123
40423
11370
29698
26548
62280
1573
6236
43989
6166
58283
38666
59217
56722
50895
9942
49959
4080
47247
25053
18012
29849
36173
12079
44406
3979
50518
64305
39802
49187
29758
9260
37535
3688
2031
63930
36421
17610
10988
41707
16065
13448
38231
33105
8863
53535
18525
60970
56089
4725
43663
55410
49003
5805
52715
41699
64032
10880
52756
50526
25931
37153
1094
9214
29211
61014
4618
15908
34689
26129
11298
43002
29520
28772
55325
40547
51919
23019
28703
5806
14570
63906
27110
16196
12752
12720
61770
21578
39639
60879
53186
15085
19219
7903
54620
62218
1905
22457
39914
34548
31077
60510
53740
8779
33984
57231
17260
4472
57646
4738
35902
21243
9640
1868
22608
14466
21349
1642
3766
2291
29641
28361
19114
29970
5336
10628
46338
64353
54270
31844
20898
37137
12728
48286
31268
36016
13024
50619
35751
12809
40791
43655
60998
57146
24548
44925
55864
29281
1611
25406
27982
44878
38373
12838
23137
42351
43700
53400
38929
62438
11029
27696
20289
9025
64204
16683
58106
38054
37689
58152
19083
2792
10653
53790
11845
42258
53310
20685
4056
15059
39469
45344
51825
28601
21592
31218
58798
50487
46300
54730
56388
39167
15768
31997
41452
24288
16850
39286
42204
42617
47972
40068
1174
25917
32582
29960
17174
33048
42019
46563
55961
22026
52448
4231
52350
48886
20919
2134
22124
31851
7917
35005
56991
53733
13533
21
6790
29083
42609
156
53427
19053
51171
45972
52558
58296
15283
43483
54726
18869
14000
1397
39198
32239
53180
45358
61130
59415
10992
15941
14768
61025
63217
24250
1163
37055
61808
4587
28169
6556
38847
22461
9335
285
4020
36290
10953
22905
30791
63600
50329
47323
50382
20721
42303
9305
29493
36150
33493
62736
22053
7380
433
18151
45564
47832
27406
26099
58699
28857
41510
18828
62997
31223
39584
637
32330
19621
5249
9653
5920
5234
55857
28561
14194
26544
26759
6975
31154
16891
45741
28502
59873
51920
38485
41078
36856
46137
47725
51660
2970
27594
42996
61996
57657
42091
7350
2661
3096
63002
9186
46567
55565
39492
21707
4552
42181
34678
10344
54576
58829
47161
1406
10092
40548
54475
8321
6173
56641
40150
62803
31820
5360
32260
53147
7330
47427
7721
15740
56137
32624
60642
31949
39875
34446
58933
37214
34251
17660
14923
23482
34596
22129
16436
39611
58533
3127
53759
27711
94
24628
38164
63443
13500
6303
45605
48018
14086
4607
5152
46932
3016
9775
56310
23662
15727
12998
11121
53415
49144
11311
54149
1655
29129
907
37288
40637
39114
6337
37316
33776
45953
51493
4576
17422
5318
42508
60477
558
28317
8609
33933
25115
46254
39416
18057
23100
23867
25086
60046
60897
10310
5617
11658
14876
8006
3406
21647
34628
52683
49223
51966
49696
62064
11410
61406
46360
26531
21463
26103
25966
9647
44539
38975
61999
32245
6474
63305
59734
60625
10214
42787
56012
22001
49079
11638
52865
34247
3740
15490
41617
44153
60412
8016
5965
46255
47095
44348
61570
4909
24901
41326
28484
43940
17348
27275
36165
54249
6183
26547
31523
60517
24490
32407
38509
1484
34010
22183
61924
27929
24830
6986
22594
39389
27013
10237
52239
39367
53150
11318
28255
31065
36947
60470
52332
2045
46740
34832
21908
4383
11657
5774
19417
42099
6427
28240
41792
23404
31126
41622
50516
50178
28023
53306
62610
38390
13680
42316
19744
9502
13606
37853
21474
61994
14599
12021
21914
63727
24472
33083
61015
59205
53228
7828
19789
59964
62690
42755
13327
52205
91
22631
51656
8985
55051
56385
21546
37726
30482
30862
57048
10647
35669
26556
2636
58556
32947
8676
11245
8488
42280
5564
63872
55146
11937
39556
61788
58481
5626
28439
63329
21234
12661
13570
7023
31904
58516
22818
12580
2402
58981
57414
39782
47979
2434
59770
11087
46987
58407
36403
16566
44971
49262
46465
19685
19840
64397
29792
46862
48545
4750
32368
6907
12008
18036
16809
56
4074
40764
57262
46435
43221
3588
10475
6280
33223
32722
48580
34490
64439
26022
9282
27249
34203
13684
55502
56166
17267
60191
22281
62980
24299
39430
1887
25458
4735
56164
17502
57224
13503
56651
48150
2747
61878
9021
56399
46931
5622
41848
11466
12017
25101
42692
30753
23287
60329
59089
55932
18214
52636
4403
15758
34958
10552
18855
46566
51866
20464
64324
13775
9493
46515
44313
11754
30907
59998
16266
12047
59413
22751
61404
61192
56111
43837
4197
58224
30973
3286
36782
328
16138
54176
57075
40028
46125
37192
4265
36498
58669
3590
56146
36607
4253
28194
56567
43321
39765
9466
58586
64459
59093
5381
37794
64235
35998
483
45761
62764
13048
41447
10811
32175
19005
301
60301
41046
42734
20212
49350
42601
45718
6070
37691
10153
7525
53783
18825
29985
19356
25274
31769
13591
54334
27706
20383
11265
11604
15166
39379
46102
30230
21040
48157
25429
50954
38027
21669
37592
13707
6767
13831
13834
4917
39763
57775
16616
34795
50578
35388
6396
50176
30697
13369
32391
13184
21071
63426
30649
23029
14857
51372
40869
31729
24902
54206
53461
32832
23926
45680
16407
43600
32157
33051
58818
11516
44748
44503
2700
59185
37896
18671
12250
23347
44744
23825
42097
36606
53623
33491
48376
34553
21550
10355
3269
34683
18335
13968
10298
35
29212
40703
40837
27914
46778
5354
37544
8806
46394
4320
59967
34863
42127
54845
21610
49952
45019
10062
62529
61543
28330
58111
60070
12253
30490
6911
32123
27054
22559
29844
53408
22596
52937
13848
13506
22410
36463
53781
52267
36005
59650
47461
19031
41680
57988
2729
61039
45632
20577
6921
28187
56131
43458
48793
19614
36086
15874
33061
31938
950
49962
26895
7596
3842
14859
52634
57314
3204
53225
9740
20163
8892
23294
17298
59782
36176
19756
6386
22849
60992
45122
18333
63558
2122
56967
15053
26645
59656
54661
44869
43494
26286
23129
42241
52808
607
29590
55498
51360
56866
61443
47811
43026
60336
52478
15428
51685
27209
28863
7862
1340
36280
26658
55964
34042
12029
8708
64012
19427
44431
51020
56093
641
17853
26577
59229
18324
6646
8902
18383
54332
28662
41641
28597
10279
41116
42301
19790
56908
35587
5138
41019
43054
16954
33966
22389
44754
62861
5990
52486
33008
58979
55036
41544
56375
31225
63854
52570
30645
6289
26896
15952
29997
55506
26140
27027
42105
51861
7225
11826
16023
27885
54846
21193
8807
14269
26255
5550
24605
44092
53537
53368
49081
28912
59009
26328
51882
20144
43062
31846
54179
42940
24737
41450
3479
1348
7649
2518
19321
18670
18508
16865
31759
49523
27626
63406
43790
442
11467
61290
56627
64001
7950
13753
32071
60488
56317
52191
24963
9098
56540
48579
4098
5536
22756
12093
60088
11562
48760
60671
49571
7177
29171
36345
41174
9368
54405
48407
32118
7467
21357
1841
63924
53531
47256
14933
50848
33018
15036
11301
529
49560
18719
29687
5225
23577
26207
23730
58571
3425
35453
60759
36641
27735
59398
40893
57074
15823
23514
57320
63650
28870
16835
21029
29537
23097
11574
16069
25136
17474
5531
48240
24217
18372
35068
8812
1497
23014
47160
23792
49998
53661
26887
56062
24907
25267
50697
60868
63183
8574
2403
5323
26393
6402
35321
11268
60208
26776
26267
11637
36069
23028
3502
27381
32739
1312
58622
12669
11142
3853
2268
14468
55555
32033
35646
27335
15114
43243
2831
9184
6319
3801
62495
36566
26971
46124
50684
47981
63089
34732
16652
43906
56112
34756
53828
48305
50225
32466
46859
51544
62371
6537
41409
25402
44051
47877
47876
47875
50171
47896
47895
47893
47890
47887
47885
50181
50179
50177
50175
50174
50173
47831
47830
47829
47828
47827
47825
47842
47841
47840
47839
47838
47837
47834
47833
47853
47852
47851
47849
47848
47846
47845
47843
47863
47862
47861
47859
47858
47857
47856
47855
50223
50221
50220
50219
50218
50216
50213
47805
47804
50234
50232
50229
50228
50227
50226
47814
47813
47812
47810
47809
47807
47806
47823
47822
47821
47820
47818
47817
47816
47815
47784
47783
47782
47781
47779
47778
47776
47775
47795
47794
47793
47792
47791
47790
47788
47786
50204
47802
47801
47800
47799
47798
47797
47796
50212
50211
50210
50209
50208
50207
50206
50205
47746
47745
47744
47743
47742
47741
47740
47739
47755
47754
47753
47752
47751
47750
47748
47747
47764
47763
47762
47761
47760
47758
47757
47756
47774
47773
47772
47771
47769
47768
47766
47765
47707
47706
47705
47702
47701
47700
47698
47697
47719
47718
47717
47714
47713
47712
47711
47708
47729
47728
47727
47723
47721
47738
47737
47736
47735
47734
47733
47732
47731
50258
50256
50254
50253
50251
50250
50249
50248
50266
50265
50264
50263
50262
50261
50260
50259
47687
47686
47682
47680
47679
47678
47677
47696
47695
47693
47691
47690
47689
47688
47658
47657
47656
47655
47651
47650
47648
47666
47665
47664
47662
47661
47660
47659
47674
47673
47672
47671
47670
47669
47667
50242
50241
50240
50239
50238
50237
47612
47611
47610
47609
47608
47607
47606
47622
47621
47620
47619
47618
47617
47616
47615
47636
47635
47634
47632
47631
47626
47625
47624
47646
47645
47644
47643
47642
47640
47639
47637
47572
47571
47570
47569
47568
47567
47564
47563
47581
47580
47578
47577
47576
47575
47574
47573
47593
47591
47590
47588
47587
47586
47585
47584
47605
47604
47601
47599
47598
47597
47596
47595
50289
50287
50286
50285
50281
50280
50278
50298
50297
50296
50295
50294
50293
50291
47554
47553
47552
47551
47550
47549
47548
47547
47561
47560
47559
47558
47557
47556
47555
47528
47527
47526
47525
47524
47522
47521
47520
47537
47535
47534
47533
47532
47531
47530
47529
47546
47544
47543
47542
47541
47540
47539
47538
50276
50275
50274
50269
50268
47493
47492
47491
47490
47489
47488
47487
47484
47501
47500
47499
47498
47497
47496
47495
47494
47511
47510
47509
47508
47507
47505
47504
47503
47519
47518
47517
47516
47514
47513
47512
47451
47450
47449
47448
47446
47444
47443
47442
47459
47456
47455
47454
47453
47452
47470
47469
47468
47467
47466
47465
47464
47463
47483
47482
47481
47480
47478
47476
47475
47474
50325
50323
50321
50319
50316
50315
50314
50313
47421
47420
47419
50330
50328
50327
50326
47432
47431
47429
47428
47425
47424
47422
47441
47440
47439
47438
47437
47436
47435
47433
47398
47397
47396
47394
47393
47391
47389
47388
47407
47406
47405
47403
47402
47401
47400
47399
47416
47415
47414
47413
47411
47410
47409
47408
50312
50310
50308
50307
50306
50305
50302
47417
47359
47358
47357
47356
47354
47353
47351
47350
47368
47367
47366
47365
47364
47363
47362
47360
47378
47376
47375
47374
47372
47371
47370
47369
47387
47386
47383
47382
47381
47380
47379
50355
50354
50353
50351
50350
50349
50348
50347
47324
50362
50360
50359
50357
50356
47338
47334
47331
47330
47329
47328
47326
47325
47349
47347
47345
47342
47341
47340
47339
47303
47302
47300
47298
47297
47296
47295
47317
47315
47313
47311
47310
47307
47305
47304
50336
50335
50334
50333
50331
47319
47318
50346
50345
50344
50343
50342
50340
50339
50337
47262
47261
47260
47259
47258
47257
47255
47275
47274
47272
47271
47270
47269
47268
47267
47285
47284
47282
47281
47280
47279
47278
47277
47293
47291
47290
47289
47288
47287
47286
47230
47229
47228
47227
47226
47225
47224
47223
47238
47237
47236
47235
47234
47233
47232
47231
47246
47245
47244
47243
47242
47241
47240
47239
47254
47253
47252
47251
47250
47249
47248
47188
47187
47186
47185
47184
47183
47181
47180
47198
47197
47195
47194
47193
47192
47191
47189
47211
47209
47208
47207
47206
47203
47202
47199
47222
47219
47218
47217
47215
47214
47213
47212
50381
50379
50377
50376
50374
50373
50371
50391
50390
50389
50387
50384
50383
47168
47166
47165
47164
47163
47178
47177
47176
47175
47174
47173
47171
47170
47142
47140
47139
47137
47136
47135
47134
47132
47153
47151
47150
47149
47148
47147
47146
47143
47159
47158
47157
47156
47155
47154
50370
50369
50368
50367
50366
50365
50364
47162
47100
47099
47098
47097
47096
47094
47093
47110
47109
47108
47107
47106
47105
47103
47101
47119
47117
47116
47115
47113
47112
47111
47131
47129
47128
47127
47125
47124
47121
47120
50421
50420
50418
50416
50415
50414
50411
47070
47069
47068
47067
50426
50425
50423
50422
47080
47079
47078
47077
47075
47074
47072
47071
47092
47091
47086
47085
47084
47083
47082
47081
47051
47049
47048
47047
47046
47044
47043
47042
47060
47059
47058
47057
47056
47055
47054
47053
50400
50399
50396
47065
47064
47063
47062
47061
50410
50408
50407
50406
50405
50403
50402
50401
47006
47005
47004
47003
47002
47000
46998
46997
47019
47017
47016
47015
47012
47011
47008
47007
47030
47028
47026
47025
47023
47022
47021
47020
47041
47040
47037
47035
47032
47031
50451
50448
50447
50446
50445
50444
50442
50441
46974
46973
46971
50457
50456
50455
50454
50452
46983
46982
46980
46979
46978
46977
46976
46975
46996
46995
46994
46991
46989
46988
46984
46949
46948
46947
46943
46940
46939
46937
46960
46959
46958
46957
46955
46952
46951
46969
46968
46967
46966
46965
46964
46963
46962
50440
50438
50436
50433
50432
50431
50430
50428
46908
46907
46906
46905
46904
46903
46902
46901
46917
46916
46915
46914
46913
46912
46910
46909
46926
46925
46924
46923
46921
46920
46919
46918
46936
46935
46934
46933
46929
46927
46869
46866
46864
46860
46857
46856
46877
46876
46875
46874
46873
46872
46871
46870
46887
46886
46885
46884
46883
46881
46878
46900
46898
46897
46895
46894
46893
46892
46891
50475
50474
50472
50471
50470
50469
50468
50467
50485
50484
50482
50480
50478
50477
50476
46846
46845
46844
46843
50490
50488
50486
46855
46853
46852
46851
46850
46849
46848
46819
46818
46817
46816
46815
46814
46813
46812
46828
46827
46826
46825
46823
46822
46821
46820
46841
46840
46837
46836
46830
46829
50466
50465
50464
50463
50462
50461
50459
46842
46786
46785
46783
46782
46781
46780
46779
46794
46793
46792
46791
46790
46789
46788
46787
46803
46802
46801
46799
46798
46797
46796
46795
46811
46810
46809
46808
46807
46806
46805
46804
46746
46745
46744
46743
46742
46739
46755
46754
46752
46751
46750
46749
46747
46765
46764
46762
46760
46759
46758
46757
46756
46777
46774
46773
46772
46770
46769
46767
46766
50517
50515
50514
50513
50512
50511
50509
46718
46716
46715
50522
50521
50520
50519
46729
46727
46726
46725
46724
46723
46720
46719
46738
46737
46735
46734
46733
46732
46730
46698
46697
46696
46695
46694
46693
46692
46690
46709
46708
46707
46706
46705
46704
46703
46699
50494
50492
50491
46713
46712
46711
46710
50508
50504
50502
50501
50500
50499
50498
50495
46660
46659
46658
46657
46654
46653
46651
46670
46669
46668
46667
46666
46663
46662
46679
46678
46677
46676
46674
46673
46672
46671
46689
46688
46687
46685
46683
46682
46681
46680
46621
46620
46619
46618
46617
46616
46615
46614
46630
46629
46628
46626
46625
46624
46623
46622
46640
46638
46636
46635
46634
46633
46632
46631
46649
46648
46647
46645
46644
46643
46642
46641
46580
46579
46578
46577
46576
46574
46573
46572
46592
46590
46589
46588
46584
46583
46581
46603
46600
46598
46597
46596
46595
46594
46613
46612
46611
46609
46607
46606
46605
46604
50542
50541
50540
50539
50537
50536
50535
50534
50552
50551
50550
50548
50547
50546
50544
50543
46562
46561
46558
46557
46555
50554
50553
46571
46570
46569
46568
46565
46564
46530
46529
46528
46527
46526
46525
46524
46523
46540
46539
46538
46536
46535
46533
46532
46531
46551
46550
46547
46545
46544
46543
46542
46541
50533
50531
50530
50527
50525
50524
50523
50577
50576
50575
50572
50571
50570
50568
46494
46491
50585
50584
50582
50581
50580
50579
46505
46504
46503
46502
46501
46497
46496
46495
46521
46519
46518
46517
46512
46511
46509
46471
46468
46467
46466
46464
46463
46482
46481
46479
46478
46477
46476
46474
46472
50558
50556
46490
46489
46488
46485
46484
46483
50567
50566
50565
50564
50563
50562
50561
50560
46437
46434
46432
46430
46429
46428
46445
46444
46443
46442
46441
46439
46438
46453
46452
46451
46450
46449
46448
46447
46446
46461
46460
46459
46458
46457
46456
46455
46454
46399
46397
46395
46393
46392
46390
46388
46410
46409
46408
46407
46406
46404
46401
46400
46418
46417
46416
46415
46414
46412
46411
46427
46426
46425
46424
46423
46422
46421
46420
46357
46356
46355
46354
46350
46349
46365
46364
46363
46362
46361
46359
46358
46377
46375
46373
46371
46369
46368
46367
46366
46387
46386
46385
46384
46382
46381
46380
46378
50604
50602
50600
50599
50598
50596
50595
50613
50612
50611
50610
50609
50608
50605
46339
46336
46332
50618
50617
50616
50615
46348
46347
46346
46345
46344
46342
46341
46340
46305
46304
46303
46302
46301
46299
46298
46316
46315
46314
46313
46312
46311
46309
46308
46326
46325
46324
46323
46321
46320
46318
46317
50594
50591
50590
50587
46330
46329
50644
50643
50639
50635
50632
50631
50629
46269
46268
46267
50650
50649
50647
50645
46282
46278
46277
46276
46275
46274
46272
46270
46297
46296
46295
46294
46293
46292
46290
46284
46245
46243
46242
46241
46240
46238
46236
46235
46256
46251
46250
46249
46248
46246
46266
46265
46264
46262
46261
46259
46258
46257
50628
50626
50625
50623
50622
50621
50620
50679
50677
50676
50675
50674
50672
50670
50668
46214
46213
46210
46205
46204
50681
46225
46224
46223
46222
46220
46219
46217
46216
46234
46233
46231
46230
46229
46228
46226
46186
46184
46183
46182
46180
46179
46177
46171
46196
46195
46194
46193
46192
46191
46189
46187
50659
50658
50657
50656
50655
46202
46197
50667
50666
50665
50664
50663
50662
50661
50660
46143
46142
46141
46139
46138
46135
46151
46150
46149
46148
46147
46146
46145
46144
46161
46160
46158
46157
46156
46155
46153
46152
46170
46169
46168
46167
46166
46165
46164
46163
46101
46100
46099
46098
46097
46096
46095
46110
46109
46108
46107
46106
46105
46104
46103
46121
46117
46116
46115
46114
46113
46111
46132
46131
46129
46128
46127
46123
50705
50701
50699
50698
50696
50712
50711
50710
50709
50708
50707
50706
46083
46082
46080
46079
46078
46077
46076
50714
46094
46093
46092
46091
46089
46088
46087
46085
46052
46051
46050
46049
46046
46044
46062
46061
46058
46057
46056
46055
46054
46053
50683
46074
46073
46071
46069
46068
46065
50695
50694
50693
50692
50689
50688
50686
50741
50740
50739
50738
50736
50734
50733
46018
46016
46015
46014
46013
46012
50745
50744
46032
46029
46028
46027
46025
46024
46022
46019
46042
46041
46040
46039
46038
46036
46035
46034
45990
45989
45988
45987
45985
45984
45983
45982
46003
46002
45998
45995
45994
45992
45991
50719
50716
46008
46007
46006
46005
46004
50732
50730
50728
50727
50725
50722
45950
45948
45946
45945
45943
45942
45941
45940
45960
45958
45957
45956
45955
45954
45952
45969
45968
45967
45966
45965
45964
45963
45961
45981
45977
45976
45975
45971
45970
50775
50774
50773
50772
50771
50770
50769
50768
45919
45918
45917
45916
45915
50778
50777
50776
45930
45928
45926
45924
45923
45921
45920
45939
45938
45937
45936
45935
45933
45932
45931
45901
45900
45899
45897
45894
45893
45890
45913
45912
45909
45907
45905
45904
45903
45902
50755
50754
50753
50752
50751
50750
50748
50747
50767
50765
50764
50763
50761
50758
50757
50756
45853
45852
45851
45850
45849
45848
45846
45844
45862
45861
45860
45859
45857
45856
45855
45854
45875
45874
45873
45868
45866
45865
45863
45889
45888
45887
45886
45883
45879
45878
45876
45815
45814
45813
45812
45811
45810
45809
45808
45823
45822
45821
45820
45819
45818
45817
45816
45833
45830
45829
45828
45827
45826
45825
45824
45843
45842
45841
45840
45837
45836
45835
45834
50800
50799
50798
50797
50796
50794
50792
50791
45787
50810
50808
50807
50806
50803
50802
50801
45795
45794
45793
45792
45791
45790
45789
45788
45806
45804
45803
45802
45800
45799
45798
45796
45760
45758
45757
45756
45753
45751
45775
45769
45768
45767
45766
45765
45764
45763
50780
45784
45782
45780
45779
45778
45777
45776
50789
50788
50787
50786
50785
50783
50782
45723
45722
45721
45717
45716
45715
45714
45732
45731
45730
45729
45728
45727
45726
45740
45739
45738
45736
45735
45734
45733
45750
45749
45747
45746
45745
45744
45743
45742
45686
45685
45683
45682
45681
45679
45678
45695
45694
45693
45692
45690
45689
45687
45703
45702
45701
45700
45699
45698
45697
45696
45713
45712
45711
45710
45709
45708
45706
45704
50833
50831
50829
50828
50827
50823
50822
50821
50842
50841
50840
50839
50838
50837
50836
50834
45667
45666
45665
45663
45662
45661
45660
45659
45677
45676
45675
45674
45673
45672
45670
45668
45636
45635
45634
45633
45631
45629
45628
45644
45643
45642
45641
45640
45638
45637
45657
45654
45653
45652
45651
45648
45647
45645
50820
50819
50818
50816
50815
50814
50811
45658
45595
45594
45593
45592
45591
45590
45588
45586
45608
45607
45603
45601
45600
45599
45597
45617
45615
45614
45613
45612
45611
45610
45609
45627
45626
45625
45624
45621
45620
45619
45618
50866
50865
50864
50862
50861
50859
50858
45563
50873
50872
50871
50870
50869
50868
50867
45575
45574
45571
45570
45569
45568
45567
45585
45584
45583
45582
45581
45580
45579
45576
45542
45541
45540
45539
45537
45536
45535
45534
45554
45552
45551
45549
45548
45544
45543
50847
50845
45562
45561
45558
45557
45556
50857
50856
50855
50854
50852
50851
50849
45499
45498
45497
45496
45495
45494
45493
45492
45511
45510
45509
45508
45506
45504
45502
45501
45523
45522
45520
45517
45515
45514
45513
45512
45533
45531
45530
45529
45528
45527
45525
50898
50896
50894
50893
50892
50891
50890
45470
45469
45468
45467
50906
50905
50901
45481
45480
45478
45477
45476
45475
45474
45472
45491
45489
45488
45487
45485
45484
45483
45482
45450
45449
45448
45447
45445
45444
45443
45442
45459
45457
45456
45455
45454
45453
45452
45451
50878
50877
50876
50875
45466
45464
45463
45461
50889
50888
50887
50886
50885
50883
50882
45408
45407
45405
45404
45403
45402
45401
45399
45418
45417
45415
45414
45413
45412
45411
45410
45431
45430
45428
45424
45423
45422
45421
45419
45440
45439
45438
45436
45435
45434
45433
45432
50934
50931
50930
50929
50928
50927
50926
45376
45372
45371
50938
50937
50936
50935
45387
45385
45384
45382
45381
45380
45378
45397
45395
45394
45392
45391
45390
45389
45388
45353
45352
45348
45345
45342
45341
45367
45366
45361
45357
45354
50917
50916
50913
50912
50911
50910
45370
50925
50924
50923
50922
50921
50920
50919
50918
45311
45309
45307
45305
45304
45301
45300
45299
45320
45319
45317
45316
45315
45314
45313
45312
45330
45329
45328
45327
45326
45324
45323
45321
45338
45337
45336
45335
45334
45333
45332
45331
45269
45268
45267
45266
45263
45261
45260
45259
45278
45277
45276
45274
45273
45272
45271
45270
45286
45285
45284
45283
45282
45281
45280
45279
45298
45297
45295
45294
45291
45290
45289
45288
45228
45227
45226
45224
45223
45222
45221
45220
45237
45236
45235
45233
45232
45231
45230
45229
45248
45246
45245
45244
45242
45241
45240
45238
45258
45257
45255
45254
45253
45251
45250
45249
50953
50952
50951
50950
50948
50947
50946
50962
50961
50960
50959
50958
50957
50956
50955
50970
50969
50968
50967
50966
50965
50964
50963
45219
45218
45217
45216
45215
45212
45211
45188
45187
45186
45185
45182
45181
45180
45179
45198
45196
45195
45193
45192
45191
45190
45189
45208
45206
45205
45204
45203
45201
45200
45199
50945
50944
50943
50942
50941
50940
50939
45210
45144
45142
45141
45140
45138
45137
45136
45135
45154
45153
45151
45150
45148
45146
45145
45168
45167
45166
45162
45160
45159
45157
45156
45178
45177
45175
45174
45173
45172
45171
45170
50988
50986
50985
50983
50982
50981
50980
50979
50995
50994
50993
50992
50991
50990
50989
45118
45117
45116
45115
51001
51000
50997
45131
45130
45128
45127
45126
45125
45124
45123
45092
45090
45089
45088
45087
45084
45100
45099
45098
45097
45096
45095
45094
45093
45114
45113
45110
45109
45108
45107
45105
45102
50978
50977
50976
50975
50974
50973
50972
50971
45053
45052
45051
45050
45049
45048
45047
45045
45061
45059
45058
45057
45056
45055
45054
45071
45070
45069
45068
45067
45066
45065
45079
45078
45077
45076
45075
45074
45073
45072
51023
51021
51017
51016
51015
51014
51012
51032
51031
51029
51028
51027
51026
51025
51024
45025
45024
45022
45021
45020
51034
51033
45042
45040
45038
45037
45036
45034
45030
45026
44994
44993
44992
44989
44988
44985
44984
44983
45005
45002
45001
45000
44999
44997
44996
44995
45015
45014
45013
45012
45011
45009
45008
45007
51011
51010
51009
51006
51005
51004
45016
44955
44954
44952
44951
44950
44949
44945
44944
44964
44963
44961
44960
44959
44958
44957
44956
44973
44972
44969
44968
44967
44966
44982
44981
44980
44979
44978
44976
44975
51053
51052
51051
51050
51049
51048
51047
51046
51063
51061
51060
51059
51058
51057
51056
51054
44933
44931
44928
44924
44923
51066
51065
44943
44941
44940
44939
44938
44937
44935
44934
44906
44904
44902
44900
44899
44898
44897
44896
44914
44913
44912
44911
44910
44909
44908
44907
51037
51036
51035
44922
44921
44920
44917
44916
51045
51044
51043
51042
51041
51040
51039
51038
44866
44865
44864
44862
44860
44859
44858
44856
44875
44874
44872
44871
44870
44867
44886
44885
44884
44882
44881
44880
44879
44895
44894
44893
44892
44891
44890
44889
44887
44826
44825
44824
44823
44822
44821
44819
44818
44836
44835
44834
44831
44830
44829
44828
44827
44845
44844
44843
44842
44841
44840
44838
44855
44854
44852
44851
44850
44849
44848
44847
44785
44784
44783
44782
44781
44780
44779
44797
44796
44795
44794
44787
44786
44808
44807
44806
44804
44803
44802
44801
44800
44816
44815
44814
44813
44812
44811
44810
44809
51087
51086
51085
51084
51083
51081
51079
51078
51097
51096
51095
51094
51093
51092
51089
51088
44769
44768
44767
44766
44765
44764
51098
44777
44776
44775
44774
44773
44772
44770
44742
44741
44739
44738
44735
44734
44753
44752
44751
44749
44747
44746
44745
44762
44761
44760
44759
44758
44757
51076
51074
51073
51072
51071
51069
51068
51067
44697
44696
44695
44693
44692
44691
44690
44711
44707
44705
44704
44703
44702
44700
44698
44723
44722
44721
44720
44719
44718
44716
44713
44733
44732
44730
44729
44728
44727
44725
44724
51119
51118
51117
51115
51113
51111
51110
44667
51128
51127
51126
51125
51124
51123
51121
44677
44675
44673
44672
44671
44670
44669
44668
44689
44688
44687
44686
44685
44682
44679
44678
44644
44643
44642
44641
44640
44639
44638
44637
44653
44652
44651
44650
44649
44648
44647
44646
44664
44663
44662
44659
44658
44656
44654
51107
51105
51102
51101
51099
44666
44665
44603
44601
44599
44597
44596
44595
44593
44613
44612
44611
44609
44608
44606
44605
44604
44623
44622
44621
44620
44618
44617
44616
44614
44636
44634
44632
44630
44628
44627
44625
44624
51153
51150
51149
51148
51146
51145
44573
44571
51162
51161
51160
51158
51154
44583
44582
44581
44579
44578
44576
44575
44574
44592
44591
44590
44589
44588
44587
44585
44584
44552
44551
44550
44549
44548
44547
44546
44545
44563
44562
44559
44558
44557
44556
44555
44553
51132
51131
44570
44569
44567
44565
44564
51142
51141
51140
51138
51136
51135
51134
51133
44514
44513
44512
44511
44510
44509
44507
44506
44526
44524
44523
44522
44521
44520
44517
44515
44535
44534
44533
44532
44530
44529
44528
44527
44544
44542
44541
44538
44537
44536
44470
44469
44468
44467
44466
44465
44464
44462
44484
44483
44482
44475
44474
44473
44472
44471
44494
44493
44491
44490
44489
44488
44486
44485
44505
44504
44501
44500
44497
44495
51182
51180
51177
51176
51175
51174
51173
51191
51188
51187
51186
51185
51184
51183
44448
44447
44446
44444
44443
51194
51193
51192
44459
44458
44456
44453
44452
44450
44449
44419
44416
44415
44414
44413
44411
44408
44429
44428
44427
44426
44425
44424
44423
44420
44442
44440
44437
44436
44434
44433
44430
51168
51167
51166
51165
51164
51163
44376
44375
44374
44373
44372
44370
44367
44366
44384
44383
44382
44381
44380
44379
44377
44394
44393
44392
44389
44388
44387
44386
44385
44407
44405
44404
44401
44399
44398
44396
51215
51214
51212
51210
51208
51206
51205
51204
51225
51224
51223
51222
51221
51220
51219
51216
44354
44353
44352
44351
44350
44349
44347
44364
44362
44361
44360
44359
44358
44357
44356
44326
44323
44321
44320
44318
44317
44316
44315
44335
44333
44332
44331
44330
44329
44328
44327
44344
44343
44342
44341
44339
44338
44337
44336
51202
51200
51198
51197
44346
44345
44285
44284
44283
44281
44280
44279
44277
44296
44294
44292
44290
44289
44288
44287
44286
44304
44303
44302
44300
44299
44298
44297
44314
44309
44308
44306
44305
44248
44247
44245
44244
44243
44242
44241
44240
44257
44256
44255
44254
44253
44252
44250
44249
44265
44264
44263
44262
44261
44260
44259
44258
44276
44274
44273
44272
44271
44269
44268
51247
51246
51244
51243
51242
51241
51240
51237
51258
51257
51256
51254
51253
51252
51251
51249
44228
44227
44226
44225
44224
44223
44221
44219
44238
44236
44234
44232
44231
44230
44229
44192
44191
44190
44189
44188
44187
44185
44204
44202
44201
44200
44199
44198
44197
44194
44216
44215
44213
44212
44209
44208
44207
44206
51236
51235
51234
51230
51229
51228
51227
44218
44156
44154
44152
44150
44149
44148
44147
44165
44164
44163
44161
44160
44159
44158
44157
44174
44173
44171
44170
44169
44168
44167
44166
44184
44183
44182
44181
44180
44178
44176
44175
51285
51284
51282
51281
51280
51278
51277
51273
44130
44128
44124
44123
51289
51288
51287
51286
44138
44137
44136
44135
44134
44133
44132
44131
44146
44145
44144
44143
44142
44141
44140
44139
44102
44100
44099
44096
44094
44091
44090
44114
44113
44112
44109
44108
44107
44106
44104
51261
51260
44120
44119
44117
44116
51272
51271
51270
51269
51268
51267
51264
51263
44057
44055
44054
44053
44052
44050
44049
44070
44066
44065
44063
44061
44060
44059
44058
44080
44077
44076
44075
44074
44073
44072
44071
44089
44088
44087
44085
44084
44083
44082
44081
44017
44016
44015
44014
44013
44012
44011
44010
44026
44025
44024
44023
44022
44021
44020
44018
44037
44036
44035
44034
44031
44029
44028
44027
44047
44046
44045
44044
44041
44040
44039
44038
43982
43979
43977
43976
43975
43974
43973
43990
43988
43987
43986
43985
43984
43983
44000
43999
43998
43997
43994
43993
43992
43991
44009
44008
44007
44006
44005
44004
44003
51306
51305
51303
51302
51301
51300
51299
51298
51316
51313
51311
51310
51309
51308
51307
43964
43963
51322
51321
51320
51319
51318
51317
43972
43971
43970
43969
43968
43967
43966
43965
43942
43941
43939
43937
43936
43935
43934
43952
43951
43950
43949
43948
43947
43945
43944
43960
43959
43958
43957
43956
43955
43954
43953
51297
51296
51295
51294
51293
51292
43962
43904
43903
43902
43901
43900
43899
43897
43913
43911
43910
43909
43908
43907
43905
43924
43922
43919
43918
43917
43916
43915
43914
43933
43932
43931
43929
43927
43926
43925
43867
43866
43865
43864
43863
43862
43861
43860
43878
43876
43875
43874
43872
43871
43869
43868
43888
43886
43885
43884
43883
43882
43881
43880
43896
43895
43894
43893
43892
43891
43890
43889
43824
43823
43822
43821
43820
43819
43818
43817
43835
43834
43832
43831
43830
43829
43826
43825
43846
43845
43844
43842
43841
43839
43838
43859
43858
43857
43853
43851
43849
43848
43847
51342
51341
51340
51339
51338
51337
51336
51335
51350
51349
51348
51347
51346
51345
51344
51343
43806
43805
43804
43803
51354
51353
51352
51351
43816
43815
43813
43812
43811
43810
43809
43807
43788
43783
43780
43777
43776
43775
43774
43797
43796
43795
43794
43792
43791
43789
51325
51324
51323
43802
43801
43800
43799
43798
51334
51333
51332
51331
51329
51328
51327
51326
43742
43740
43739
43736
43735
43734
43733
43731
43750
43749
43748
43747
43746
43745
43744
43743
43762
43760
43759
43757
43755
43754
43752
43751
43773
43772
43768
43767
43766
43765
43763
43697
43695
43693
43692
43691
43690
43689
43688
43710
43708
43706
43703
43701
43699
43698
43721
43720
43719
43718
43717
43715
43714
43730
43729
43727
43726
43725
43723
43722
51368
51367
51366
51365
51364
51363
51362
51361
51378
51377
51376
51375
51374
51373
51370
43675
51386
51385
51384
51383
51382
51381
51379
43684
43683
43682
43681
43679
43678
43677
43676
43654
43653
43651
43650
43649
43647
43646
43664
43662
43661
43660
43659
43658
43657
43672
43671
43670
43669
43668
43667
43666
51359
51358
51357
51356
51355
43674
43673
51414
51412
51411
51410
51409
51408
51407
51406
43620
43619
43616
43615
43614
43612
51417
51416
43631
43630
43629
43628
43625
43623
43622
43621
43645
43644
43643
43642
43640
43637
43636
43634
43596
43595
43594
43593
43592
43591
43589
43586
43605
43603
43602
43601
43599
43598
43597
51396
51393
51391
51390
51389
51388
51387
51405
51404
51403
51402
51401
51400
51399
51398
43557
43556
43552
43551
43550
43549
43567
43566
43565
43564
43563
43561
43560
43558
43575
43574
43573
43572
43571
43570
43569
43568
43584
43583
43582
43581
43579
43578
43577
43576
43518
43517
43516
43515
43513
43512
43511
43509
43526
43525
43524
43523
43522
43521
43520
43519
43539
43538
43537
43535
43533
43532
43531
43530
43548
43547
43546
43545
43544
43543
43542
43541
43474
43473
43472
43471
43469
43468
43467
43466
43482
43481
43479
43478
43477
43475
43492
43490
43489
43488
43487
43486
43485
43508
43507
43506
43504
43503
43498
43497
43496
51434
51432
51431
51430
51429
51428
51427
51445
51443
51442
51441
51439
51437
51436
43453
43452
43451
51450
51449
51448
51447
51446
43465
43463
43461
43457
43456
43455
43424
43420
43419
43418
43417
43416
43415
43414
43437
43436
43435
43434
43433
43432
43426
43425
43448
43446
43445
43444
43443
43442
43441
43440
51425
51424
51423
51422
51421
51419
43450
43449
43383
43382
43380
43379
43376
43375
43374
43393
43390
43389
43388
43387
43386
43385
43384
43403
43401
43400
43399
43398
43397
43394
43413
43412
43411
43410
43409
43407
43405
51472
51471
51470
51468
51467
51466
51463
51462
51481
51480
51479
51478
51477
51476
51475
51474
43363
43362
43361
43360
43359
43358
43356
43355
43373
43372
43370
43369
43367
43365
43364
43336
43335
43334
43333
43331
43330
43329
43328
43346
43343
43342
43341
43340
43339
43337
51453
51452
51451
43353
43349
43348
43347
51461
51460
51459
51458
51457
51456
51455
51454
43296
43295
43293
43292
43290
43289
43287
43286
43305
43304
43303
43302
43301
43300
43298
43297
43316
43315
43314
43313
43312
43310
43309
43306
43326
43325
43324
43323
43319
43318
43317
51501
51500
51499
51498
51497
51496
51495
51494
43261
51513
51512
51509
51508
51507
51504
51503
43272
43271
43269
43268
43267
43265
43264
43285
43284
43279
43278
43277
43276
43275
43274
43241
43240
43239
43238
43237
43236
43234
43249
43247
43246
43245
43244
43242
51483
43258
43257
43256
43255
43254
43253
43252
51492
51491
51489
51488
51486
51485
51484
43202
43201
43200
43198
43197
43196
43195
43194
43210
43209
43208
43207
43206
43205
43204
43203
43222
43220
43218
43214
43213
43212
43211
43233
43231
43229
43228
43226
43225
43224
43223
43166
43165
43164
43163
43162
43161
43160
43159
43174
43173
43172
43171
43170
43169
43168
43167
43185
43184
43183
43181
43180
43179
43178
43177
43193
43192
43191
43190
43189
43188
43187
43186
43132
43131
43130
43128
43127
43126
43125
43124
43140
43139
43138
43137
43136
43135
43134
43133
43150
43149
43148
43147
43146
43143
43142
43141
43157
43156
43155
43154
43153
43152
43151
43092
43091
43090
43089
43088
43086
43085
43100
43099
43098
43097
43096
43095
43094
43093
43113
43111
43110
43106
43104
43103
43101
43123
43121
43120
43118
43117
43116
43115
43114
51536
51535
51534
51533
51532
51530
51529
51528
51543
51542
51541
51540
51539
51538
43075
43074
43072
43069
43068
51546
51545
43084
43083
43082
43081
43079
43078
43077
43076
43050
43049
43048
43047
43046
43044
43043
43042
43061
43060
43059
43057
43056
43055
43052
51517
51516
51515
43065
43064
43063
51527
51526
51525
51524
51522
51520
51519
51518
43007
43006
43005
43004
43003
43001
43000
43019
43018
43015
43014
43012
43011
43008
43029
43027
43025
43024
43023
43021
43020
43040
43038
43037
43036
43035
43034
43033
43030
42966
42965
42964
42963
42962
42960
42958
42977
42975
42974
42972
42970
42969
42968
42988
42987
42986
42984
42982
42981
42979
42978
42998
42997
42995
42994
42991
42990
42989
51562
51561
51560
51558
51557
51556
51555
51554
51573
51572
51571
51570
51569
51565
51564
51563
42946
42945
42944
42943
51578
51577
51574
42955
42954
42953
42952
42951
42950
42949
42948
42912
42910
42909
42908
42903
42902
42899
42924
42922
42920
42919
42918
42917
42916
42914
42936
42934
42933
42932
42929
42927
42925
51553
51552
51551
51550
51549
51548
42938
42937
42867
42866
42864
42863
42862
42861
42859
42858
42877
42876
42875
42873
42871
42870
42869
42888
42887
42886
42884
42883
42882
42879
42878
42898
42897
42896
42895
42893
42892
42891
42890
51597
51596
51595
51594
51593
51592
51591
51589
51606
51605
51603
51601
51600
51599
51598
42848
42846
42845
42844
42843
51610
51608
51607
42857
42856
42855
42854
42853
42852
42851
42849
42824
42822
42821
42820
42819
42818
42815
42814
42835
42833
42832
42831
42829
42827
42826
51579
42842
42841
42840
42839
42838
42837
42836
51588
51586
51585
51584
51583
51582
51581
51580
42775
42774
42773
42772
42771
42770
42769
42767
42785
42784
42783
42781
42780
42779
42777
42776
42798
42797
42795
42793
42791
42790
42789
42813
42812
42811
42808
42805
42803
42802
42801
51629
51627
51626
51624
51623
51622
51620
51619
51641
51639
51638
51636
51635
51632
51631
51630
42756
42754
42753
42752
42751
42750
42747
42766
42765
42764
42763
42761
42760
42758
42757
42724
42723
42722
42721
42720
42719
42718
42717
42733
42732
42731
42730
42728
42726
42725
42745
42744
42741
42740
42739
42738
42737
51618
51617
51615
51614
51613
51612
51611
42746
42680
42679
42675
42674
42673
42672
42690
42688
42687
42686
42684
42682
42681
42703
42702
42698
42697
42695
42694
42693
42715
42714
42713
42712
42710
42707
42706
42704
51666
51665
51663
51659
51657
51655
42652
42651
51674
51673
51672
51671
51668
51667
42660
42659
42658
42657
42656
42655
42654
42653
42671
42670
42668
42666
42665
42664
42662
42661
42632
42631
42630
42629
42628
42627
42626
42625
42641
42640
42639
42638
42637
42636
42635
42634
51644
51643
42650
42647
42646
42645
42643
42642
51654
51652
51651
51650
51649
51648
51647
51645
42596
42595
42594
42593
42592
42591
42590
42589
42606
42605
42604
42603
42602
42598
42614
42613
42612
42611
42610
42608
42607
42624
42623
42622
42621
42619
42618
42616
42557
42556
42555
42554
42553
42552
42550
42568
42566
42563
42562
42561
42560
42559
42558
42578
42576
42575
42574
42573
42572
42571
42570
42588
42587
42586
42585
42583
42581
42580
42579
42522
42521
42519
42518
42517
42516
42515
42514
42531
42530
42529
42528
42527
42526
42525
42523
42541
42540
42539
42538
42537
42535
42534
42533
42549
42548
42547
42546
42545
42544
42543
42542
51695
51694
51693
51691
51686
51684
51682
42491
51705
51703
51702
51699
51697
51696
42501
42499
42498
42497
42496
42494
42493
42492
42513
42510
42509
42507
42506
42505
42504
42464
42463
42462
42460
42459
42458
42457
42477
42476
42475
42474
42472
42470
42469
42468
42484
42483
42482
42481
42480
42479
42478
51681
51679
51678
51677
51676
51675
42490
42488
42430
42429
42427
42426
42425
42423
42422
42421
42439
42438
42437
42436
42435
42434
42433
42431
42447
42446
42445
42444
42443
42442
42441
42440
42456
42455
42453
42452
42451
42450
42449
42448
42387
42386
42385
42384
42383
42382
42381
42380
42400
42399
42397
42394
42393
42392
42391
42388
42410
42409
42408
42407
42406
42404
42403
42402
42420
42419
42418
42417
42416
42414
42413
42411
51722
51721
51720
51719
51717
51716
51715
51714
51732
51731
51728
51725
51724
51723
42366
42365
42363
51738
51737
51735
51734
42379
42377
42375
42374
42372
42371
42369
42367
42340
42339
42338
42337
42335
42334
42333
42331
42349
42348
42347
42346
42344
42343
42342
42341
42358
42357
42356
42355
42354
42353
42352
51713
51712
51710
51709
51708
51707
42361
42360
42302
42300
42298
42297
42294
42293
42292
42311
42310
42309
42308
42307
42306
42305
42318
42317
42315
42314
42313
42312
42330
42329
42328
42327
42325
42323
42322
42321
42263
42261
42260
42259
42257
42256
42255
42271
42270
42269
42268
42267
42266
42264
42279
42278
42277
42276
42275
42274
42273
42272
42290
42289
42288
42286
42285
42281
51759
51755
51754
51753
51750
51749
51748
51747
42236
51770
51769
51767
51766
51762
51761
51760
42244
42243
42242
42240
42239
42238
42237
42254
42251
42250
42249
42248
42247
42246
42245
42213
42212
42210
42209
42208
42207
42206
42205
42223
42222
42221
42220
42219
42217
42216
42215
42233
42231
42230
42229
42228
42226
42225
42224
51746
51745
51744
51743
51741
51740
51739
42234
42178
42176
42174
42173
42172
42171
42170
42169
42187
42184
42183
42182
42180
42179
42195
42194
42193
42192
42191
42190
42189
42188
42203
42202
42201
42200
42199
42198
42197
42135
42133
42132
42131
42130
42129
42128
42146
42144
42143
42142
42141
42138
42137
42136
42156
42155
42153
42151
42150
42149
42148
42147
42168
42167
42166
42165
42163
42161
42160
42158
51790
51789
51788
51787
51786
51785
51784
51780
51801
51799
51797
51795
51794
51793
51792
51791
42114
42113
42112
42111
42110
42109
42108
42107
42126
42125
42123
42122
42121
42119
42118
42117
42086
42085
42084
42083
42082
42081
42080
42079
42095
42094
42092
42090
42089
42087
42106
42104
42103
42102
42098
51779
51778
51776
51775
51774
51773
51772
51771
42046
42045
42043
42042
42041
42040
42039
42038
42055
42054
42053
42051
42050
42049
42048
42047
42065
42064
42063
42062
42061
42060
42059
42058
42078
42076
42074
42073
42072
42071
42070
42067
42003
42002
42000
41998
41997
41996
41995
41994
42017
42015
42013
42011
42009
42008
42005
42028
42027
42026
42025
42023
42022
42021
42037
42035
42034
42033
42032
42031
42030
42029
51821
51819
51818
51815
51813
51812
51811
51830
51829
51828
51827
51824
51823
51822
41983
41982
41981
41980
41979
51834
51833
51832
41992
41991
41990
41989
41988
41987
41985
41984
41958
41957
41956
41955
41954
41953
41952
41966
41965
41964
41963
41962
41961
41960
41976
41974
41973
41972
41971
41969
41968
51810
51809
51807
51806
51805
51804
51803
41978
41920
41918
41917
41916
41915
41914
41913
41912
41928
41927
41926
41925
41924
41923
41922
41921
41941
41935
41934
41933
41930
41929
41949
41948
41947
41946
41945
41944
41943
41942
41884
41883
41882
41881
41879
41878
41877
41876
41893
41892
41891
41890
41889
41887
41886
41885
41903
41900
41899
41898
41897
41895
41894
41911
41910
41908
41907
41906
41905
41904
51862
51860
51859
51858
51857
51856
51854
41855
41854
41853
41852
41851
51865
51864
41865
41863
41862
41861
41860
41859
41858
41857
41875
41873
41872
41871
41870
41869
41867
41866
41837
41836
41835
41834
41833
41832
41828
41847
41846
41845
41844
41843
41842
41841
41839
51841
51840
51839
51837
51836
51835
41849
51853
51851
51850
51849
51848
51847
51846
51842
41797
41796
41795
41794
41793
41791
41790
41806
41805
41804
41802
41801
41799
41798
41815
41814
41813
41812
41811
41810
41809
41808
41827
41825
41824
41822
41819
41818
41817
41816
41751
41750
41749
41748
41747
41746
41745
41744
41766
41765
41764
41759
41758
41757
41755
41752
41777
41776
41775
41772
41771
41770
41769
41768
41789
41787
41786
41784
41783
41782
41779
41778
51886
51884
51883
51879
51878
51877
51898
51897
51896
51895
51894
51893
51891
51889
41732
41731
41730
41728
41727
41726
41724
41723
41742
41741
41738
41737
41736
41735
41734
41733
41698
41694
41693
41692
41690
41689
41688
41709
41706
41705
41703
41701
41700
41718
41717
41716
41715
41713
41712
41711
41710
51876
51874
51873
51870
51868
51867
41720
41719
51924
51923
51922
51921
51918
51916
41660
41659
51930
51929
51928
51927
51926
51925
41671
41670
41669
41667
41665
41664
41663
41687
41684
41683
41682
41681
41679
41678
41640
41639
41638
41636
41635
41633
41653
41652
41650
41649
41645
41644
41643
41642
51902
51901
51900
51899
41658
41656
41654
51913
51911
51910
51909
51907
51906
51904
51903
41599
41598
41596
41595
41593
41592
41591
41609
41607
41606
41605
41604
41602
41601
41600
41620
41619
41616
41614
41611
41610
41631
41629
41628
41626
41625
41624
41560
41559
41558
41557
41555
41554
41553
41552
41568
41567
41566
41565
41564
41563
41562
41561
41582
41581
41579
41578
41577
41576
41574
41573
41590
41589
41588
41587
41586
41585
41584
41583
51955
51954
51953
51952
51951
51950
51949
51947
41531
51961
51960
51959
51958
51957
51956
41542
41540
41539
41538
41536
41535
41534
41532
41551
41550
41549
41548
41547
41545
41543
41513
41509
41508
41506
41505
41504
41502
41523
41522
41520
41519
41518
41517
41516
41514
51934
51931
41530
41529
41527
41526
41524
51944
51943
51940
51939
51938
51937
51936
41471
41470
41467
41466
41465
41463
41462
41479
41478
41477
41476
41475
41474
41473
41472
41492
41490
41488
41486
41484
41482
41481
41480
41500
41499
41498
41497
41496
41495
41494
41493
51981
51980
51977
51976
51975
51974
51973
51972
51994
51993
51992
51989
51985
51984
51983
41448
41444
41443
41440
41437
41436
41459
41458
41457
41456
41454
41451
41415
41411
41410
41408
41407
41406
41405
41423
41422
41421
41420
41419
41417
41416
41432
41430
41429
41428
41426
41424
51971
51970
51967
51965
51964
51963
41433
41377
41375
41374
41373
41371
41370
41369
41386
41385
41384
41383
41382
41381
41379
41378
41395
41394
41393
41392
41391
41390
41389
41387
41404
41402
41401
41400
41399
41398
41397
52021
52020
52019
52018
52017
52016
52015
52012
41347
41345
41343
41342
41341
41339
52026
52022
41357
41354
41352
41351
41349
41348
41368
41367
41365
41364
41362
41361
41360
41359
41322
41321
41318
41317
41315
41314
41313
41312
41331
41330
41329
41327
41325
41324
41323
51998
51997
51996
51995
41337
41335
41334
41332
52008
52007
52006
52004
52003
52002
52001
41277
41276
41275
41274
41273
41272
41271
41270
41287
41286
41285
41282
41281
41280
41279
41278
41296
41293
41292
41291
41290
41289
41288
41309
41308
41307
41303
41301
41300
41299
52051
52050
52048
52047
52045
52044
52042
52041
41244
41243
52058
52057
52056
52055
52054
52052
41256
41255
41254
41253
41252
41251
41250
41246
41269
41268
41267
41266
41265
41264
41263
41260
41220
41219
41218
41217
41216
41214
41213
41212
41231
41230
41226
41225
41224
41223
41221
52028
41242
41241
41239
41237
41236
41232
52040
52038
52036
52033
52032
52031
52030
52029
41183
41182
41181
41180
41176
41175
41172
41194
41193
41192
41190
41188
41186
41185
41184
41203
41202
41200
41199
41198
41197
41196
41195
41211
41210
41209
41208
41207
41206
41205
41204
52089
52086
52085
52083
52079
52078
52077
52074
41155
41154
41153
41152
41151
41148
41147
52090
41163
41161
41160
41159
41158
41157
41156
41171
41170
41168
41166
41165
41164
41127
41125
41124
41123
41121
41120
41119
41138
41136
41135
41133
41130
41129
41128
52062
52060
52059
41144
41143
41141
41139
52073
52072
52071
52068
52066
52065
52064
52063
41086
41083
41079
41077
41076
41075
41095
41094
41093
41092
41090
41089
41088
41106
41104
41103
41102
41101
41100
41099
41098
41118
41115
41114
41113
41111
41110
41108
52112
52110
52107
52105
52104
52103
52102
52100
52122
52121
52120
52119
52117
52116
52115
52114
41059
41058
41057
41056
41053
41052
41071
41070
41069
41066
41063
41061
41026
41025
41020
41017
41016
41015
41038
41037
41036
41034
41033
41032
41031
41030
41047
41044
41043
41042
41041
41040
41039
52099
52097
52095
52094
52093
52092
41050
41049
40982
40981
40980
40979
40978
40977
40976
40975
40994
40991
40990
40987
40986
40984
40983
41006
41004
41002
41001
40999
40996
40995
41014
41013
41012
41011
41010
41009
41008
41007
52149
52148
52147
52144
52143
52142
52140
52139
40958
40957
40955
52154
52153
52152
52151
52150
40966
40965
40964
40963
40962
40961
40960
40959
40974
40973
40972
40971
40970
40969
40968
40967
40936
40934
40933
40932
40931
40930
40928
40927
40947
40946
40944
40943
40942
40940
40939
52125
52124
40951
40950
40948
52137
52136
52135
52132
52131
52130
52128
40899
40894
40892
40891
40890
40888
40887
40908
40906
40904
40903
40902
40901
40900
40917
40916
40914
40913
40912
40911
40909
40926
40925
40923
40922
40921
40920
40919
40918
52182
52181
52176
52175
52171
52170
52169
40864
40861
40860
40859
52185
52184
40873
40872
40871
40870
40868
40867
40866
40883
40882
40879
40878
40877
40876
40875
40874
40841
40840
40839
40838
40836
40835
40833
40852
40851
40850
40847
40846
40845
40844
40843
52158
52157
52156
52155
40858
40857
40856
40854
52168
52164
52163
52162
52161
52160
52159
40803
40802
40801
40800
40797
40793
40813
40812
40811
40809
40808
40807
40806
40804
40823
40821
40820
40819
40818
40817
40816
40814
40831
40830
40829
40828
40827
40826
40825
40824
52215
52214
52211
52210
52209
52208
52207
52206
40770
40769
40768
40763
52218
52217
52216
40779
40778
40777
40776
40775
40774
40773
40771
40790
40789
40788
40787
40784
40782
40780
40747
40746
40743
40740
40738
40737
40756
40754
40753
40752
40751
40750
40749
52192
52190
52189
52188
52187
40760
40758
52203
52202
52201
52197
52196
52194
52193
40704
40702
40701
40696
40695
40694
40693
40714
40713
40712
40711
40710
40708
40707
40706
40724
40722
40721
40720
40719
40717
40716
40715
40733
40731
40729
40727
40726
40725
52241
52237
52236
52235
52234
52229
52228
52250
52249
52248
52247
52246
52245
52244
52243
40679
40677
40676
40675
40674
40672
40668
40667
40692
40690
40688
40686
40685
40683
40681
40639
40638
40636
40632
40629
40628
40627
40650
40648
40645
40643
40641
40640
40665
40664
40663
40662
40659
40657
40654
40652
52227
52226
52224
52223
52220
40666
40598
40597
40595
40594
40593
40592
40591
40590
40607
40606
40604
40603
40602
40601
40600
40616
40615
40614
40613
40611
40610
40609
40608
40626
40624
40622
40621
40620
40618
52272
52271
52270
52269
52268
52266
52265
52282
52281
52279
52278
52276
52275
52274
52273
40578
40577
40576
40575
40574
40572
40571
40589
40588
40587
40585
40583
40581
40580
40579
40550
40549
40545
40544
40543
40542
40560
40559
40558
40557
40555
40553
40551
52251
40570
40568
40567
40566
40565
40563
52264
52262
52260
52259
52256
52255
52254
52253
40502
40501
40500
40499
40498
40497
40496
40495
40517
40516
40511
40509
40506
40505
40504
40503
40529
40528
40525
40523
40521
40520
40519
40518
40541
40540
40539
40538
40536
40535
40532
40531
52300
52299
52298
52296
52294
52293
52292
52291
52311
52310
52309
52307
52306
52305
52302
52301
40482
40480
40479
40477
40475
52314
52313
52312
40494
40493
40492
40491
40489
40488
40484
40453
40452
40451
40450
40449
40448
40446
40445
40464
40463
40462
40461
40460
40458
40457
40472
40470
40469
40468
40467
40466
40465
52290
52289
52288
52286
52285
52284
40474
40473
52338
52336
52335
52334
52331
52327
52326
40416
40415
40414
40413
40412
52341
52340
52339
40429
40427
40425
40424
40422
40418
40417
40444
40442
40440
40439
40438
40437
40435
40432
40384
40383
40382
40381
40380
40379
40378
40376
40396
40394
40393
40391
40390
40389
40387
40385
40407
40406
40405
40404
40401
40400
40399
40398
52323
52321
52320
52318
52317
52316
52315
40409
52369
52367
52365
52364
52363
52362
40348
52378
52377
52376
52375
52373
52371
52370
40360
40359
40358
40356
40354
40353
40352
40349
40372
40367
40366
40365
40364
40363
40362
40326
40325
40324
40323
40321
40320
40319
40317
40340
40339
40337
40336
40335
40332
40330
40327
52351
52348
52347
40346
40344
40342
40341
52361
52360
52358
52357
52356
52354
52353
52352
52402
52399
52398
52397
52396
52395
52394
52410
52409
52408
52406
52405
52404
52403
40298
40294
40293
40292
40291
40290
40286
40285
40316
40314
40313
40311
40308
40303
40301
40299
40266
40265
40264
40263
40262
40261
40259
40258
40277
40275
40273
40272
40271
40270
40268
40267
52384
52383
52382
52381
52379
40282
40280
40279
52392
52391
52390
52388
52387
52386
52385
40224
40218
40213
40212
40211
40209
40234
40233
40232
40231
40230
40229
40227
40226
40243
40241
40240
40239
40237
40236
40256
40253
40252
40251
40250
40249
40248
40247
40177
40176
40175
40174
40173
40172
40171
40170
40186
40185
40184
40183
40182
40181
40180
40178
40199
40198
40194
40193
40192
40191
40189
40187
40207
40206
40205
40204
40203
40201
40200
52429
52427
52426
52425
52424
52423
52422
52421
52437
52436
52435
52434
52433
52432
52431
52430
40159
40158
40157
40156
52442
52439
52438
40169
40168
40167
40166
40165
40164
40162
40160
40128
40127
40126
40125
40124
40122
40119
40116
40139
40138
40137
40136
40135
40129
40152
40148
40147
40145
40144
40142
40141
52418
52417
52416
52415
52414
52412
52411
40154
40081
40080
40079
40078
40077
40076
40075
40074
40093
40092
40091
40089
40086
40085
40083
40082
40101
40100
40099
40098
40096
40095
40094
40112
40111
40110
40108
40107
40106
40105
40102
52459
52458
52457
52455
52454
52453
52452
52468
52467
52466
52465
52464
52463
52462
40063
40061
40060
40059
52474
52473
52472
52471
40073
40072
40071
40070
40067
40065
40064
40039
40037
40035
40034
40033
40032
40031
40049
40048
40047
40046
40045
40044
40043
40041
40058
40057
40056
40055
40054
40053
40052
40051
52451
52450
52449
52447
52446
52443
39998
39997
39996
39995
39993
39991
39989
39988
40008
40007
40006
40005
40004
40003
40001
40000
40020
40019
40018
40017
40012
40011
40010
40030
40027
40026
40025
40024
40022
40021
52500
52499
52498
52497
52496
52495
52494
52493
39965
39963
52506
52505
52504
52503
52502
52501
39977
39976
39975
39974
39973
39972
39970
39986
39985
39984
39983
39982
39980
39979
39978
39946
39943
39941
39940
39938
39936
39961
39956
39955
39954
39952
39950
39949
39948
52483
52482
52481
52480
52477
52476
39962
52492
52491
52490
52488
52487
52485
52484
39901
39900
39898
39897
39896
39894
39892
39891
39911
39910
39908
39907
39905
39904
39903
39922
39921
39919
39916
39915
39913
39934
39933
39930
39929
39928
39926
39925
39924
52529
52528
52525
52524
52521
52520
52519
39869
39867
52538
52535
52533
52530
39881
39880
39878
39877
39874
39872
39871
39890
39889
39888
39886
39884
39883
39882
39847
39844
39843
39841
39840
39839
39858
39856
39855
39854
39853
39852
39850
39848
52508
52507
39866
39864
39863
39862
39861
39859
52518
52517
52515
52514
52513
52512
52511
52509
39810
39808
39807
39805
39803
39801
39800
39819
39818
39817
39816
39815
39814
39813
39812
39828
39826
39825
39824
39823
39822
39821
39837
39836
39835
39834
39833
39832
39831
39830
39769
39768
39766
39764
39760
39759
39778
39777
39776
39774
39773
39772
39771
39770
39786
39785
39784
39783
39781
39780
39779
39798
39795
39793
39791
39790
39789
39787
52560
52557
52556
52555
52554
52553
52552
52569
52568
52567
52566
52565
52563
52561
39747
39745
39743
39742
39741
39740
39739
39758
39757
39756
39754
39752
39750
39749
39748
39714
39713
39711
39709
39708
52602
52601
52600
39728
39727
39725
39724
39723
39722
39720
39718
39737
39736
39735
39734
39733
39732
39731
39729
52549
52548
52546
52543
52541
52539
39738
39696
39695
39694
39693
39692
39691
39690
39684
52574
52572
39706
39705
39704
39700
39699
39698
52586
52585
52584
52583
52579
52578
52576
52575
52599
52598
52596
52595
52594
52592
52590
52587
39651
39650
39649
39647
39646
39644
39642
39641
39659
39658
39657
39656
39655
39654
39653
39652
39669
39668
39667
39666
39663
39662
39661
39682
39680
39677
39676
39675
39674
39673
39672
39610
39609
39607
39606
39605
39602
39621
39620
39619
39618
39616
39615
39613
39612
39630
39629
39628
39627
39625
39624
39623
39622
39640
39637
39636
39635
39634
39632
39631
52630
52629
52628
52625
52622
52621
52620
52619
39582
39581
39580
39579
52633
52632
52631
39591
39590
39589
39588
39587
39585
39583
39600
39599
39598
39596
39595
39594
39592
39560
39559
39558
39557
39555
39554
39553
39569
39568
39567
39566
39565
39563
39562
52607
52606
52605
52603
39575
39574
39573
39570
52617
52616
52615
52614
52611
52610
52609
52608
39512
39510
39509
39507
39506
39505
39504
39525
39522
39520
39519
39517
39516
39514
39536
39534
39531
39530
39528
39527
39526
39550
39549
39543
39542
39541
39540
39539
39537
39470
39468
39467
39466
39465
39464
39463
39481
39480
39478
39476
39474
39473
39472
39471
39493
39490
39488
39487
39486
39484
39482
39503
39502
39501
39500
39499
39497
39496
39495
52650
52648
52647
52646
52645
52644
52643
52642
52658
52657
52656
52655
52654
52653
52652
52651
39452
52666
52664
52663
52661
52660
52659
39462
39460
39459
39458
39456
39455
39454
39453
39426
39423
39422
39421
39420
39419
39414
39439
39438
39434
39432
39431
39429
39427
39447
39446
39445
39444
39443
39442
39441
39440
52641
52640
52639
52638
52637
39449
39448
39381
39380
39378
39377
39376
39375
39374
39393
39392
39391
39390
39388
39384
39382
39405
39403
39402
39401
39400
39399
39396
39395
39413
39412
39411
39410
39408
39407
39406
52685
52684
52680
52679
52678
52677
52695
52694
52693
52692
52691
52690
52689
52686
39360
39359
39358
39357
39356
39355
52698
52696
39366
39365
39363
39362
39361
39331
39330
39329
39328
39326
39325
39321
39320
39342
39341
39340
39339
39335
39334
39333
39332
39353
39352
39351
39350
39349
39348
39344
39343
52676
52675
52674
52672
52670
52669
52667
39288
39284
39283
39282
39281
39280
39279
39299
39297
39295
39294
39293
39292
39291
39289
39308
39307
39306
39303
39301
39300
39319
39318
39317
39316
39313
39312
39311
39310
52719
52717
52716
52713
52712
52710
52709
52728
52727
52726
52725
52722
52721
52720
39265
39263
39262
39261
39259
52729
39278
39274
39272
39271
39269
39268
39266
39238
39237
39236
39235
39234
39233
39232
39231
39247
39246
39245
39244
39243
39242
39241
39239
39258
39257
39256
39255
39254
39252
39249
39248
52708
52707
52706
52705
52704
52702
52700
52699
39204
39203
39202
39201
39197
39195
39194
39212
39211
39210
39209
39208
39207
39206
39205
39221
39220
39219
39217
39215
39214
39213
39230
39229
39228
39226
39225
39224
39223
39163
52762
52760
52754
52753
52751
39173
39172
39170
39168
39165
39164
39185
39184
39182
39181
39178
39177
39193
39192
39191
39190
39189
39188
39187
39186
39150
39146
39144
39142
39141
39140
39139
39138
39158
39157
39156
39155
39154
39153
39152
39151
52739
52737
52735
52734
52732
52731
39160
39159
52750
52749
52748
52747
52746
52745
52743
52740
39105
39101
39099
39098
39096
39095
39115
39112
39110
39109
39107
39106
39125
39124
39123
39122
39121
39120
39118
39117
39137
39134
39133
39132
39129
39128
39127
39126
39063
39062
39061
39060
39059
39058
39057
39054
39072
39071
39070
39069
39068
39067
39066
39082
39080
39078
39077
39076
39075
39074
39094
39091
39090
39089
39088
39087
39086
39083
52782
52781
52780
52779
52778
52777
52776
52775
52790
52789
52788
52787
52786
52785
52784
52783
39041
39040
39039
39036
39035
52793
52792
52791
39053
39052
39051
39047
39045
39044
39043
39042
39021
39020
39019
39016
39010
39009
39008
39007
39030
39029
39028
39027
39026
39025
39024
39022
52766
52765
52764
52763
39034
39033
39032
39031
52773
52772
52771
52770
52769
52768
52767
38973
38971
38970
38968
38967
38966
38965
38983
38982
38981
38980
38979
38977
38974
38996
38995
38994
38993
38990
38987
38985
38984
39006
39005
39004
39003
39001
39000
38998
38997
38932
38931
38930
38928
38927
38926
38925
38941
38940
38938
38937
38936
38935
38934
38933
38953
38951
38950
38948
38947
38945
38943
38942
38964
38963
38962
38960
38958
38957
38955
52812
52811
52810
52809
52807
52802
52801
52820
52819
52818
52817
52815
52814
52813
38914
38912
38911
38909
38907
52825
52824
52822
38923
38922
38921
38919
38918
38917
38916
38915
38876
38875
38874
38873
38872
38871
38870
38869
38887
38886
38885
38884
38883
38882
38881
38877
38903
38901
38898
38897
38895
38892
38890
38889
52800
52799
52798
52797
52796
52795
38906
38904
52848
52845
52844
52843
52840
52839
52838
38843
52858
52857
52856
52854
52853
52852
52851
38858
38857
38853
38852
38846
38845
38868
38867
38864
38863
38862
38861
38860
38859
38820
38819
38818
38817
38816
38815
38814
38830
38829
38828
38826
38825
38824
38823
38822
38840
38839
38838
38837
38834
38833
38831
52837
52834
52833
52831
52828
52827
38841
38778
38777
38775
38774
38773
38772
38771
38770
38789
38785
38784
38783
38782
38781
38780
38799
38798
38797
38796
38795
38794
38792
38790
38811
38809
38808
38805
38803
38802
38801
38739
38738
38737
38736
38735
38733
38732
38750
38749
38747
38746
38744
38743
38759
38758
38757
38756
38754
38753
38752
38768
38766
38765
38764
38763
38762
38761
38760
52874
52873
52872
52871
52869
52868
52867
52866
52883
52882
52881
52880
52879
52878
52877
52875
38719
38717
38716
52889
52888
52887
52885
38731
38729
38727
38726
38725
38723
38722
38721
38690
38689
38688
38687
38686
38684
38681
38680
38700
38699
38697
38696
38695
38694
38692
38691
38708
38707
38706
38705
38704
38702
52864
52863
52862
52861
52859
38714
38712
38643
38642
38641
38640
38639
38637
38635
38656
38655
38654
38653
38652
38650
38646
38645
38668
38665
38663
38661
38660
38659
38658
38679
38676
38675
38674
38673
38669
52910
52909
52908
52907
52906
52905
52903
52902
52919
52917
52916
52915
52914
52913
52912
38623
38622
38621
38620
38619
52922
52921
52920
38634
38633
38632
38631
38630
38629
38625
38594
38592
38591
38589
38588
38586
38602
38601
38600
38599
38598
38597
38596
38595
38618
38616
38615
38614
38610
38608
38604
38603
52901
52900
52899
52898
52897
52894
52893
52892
38558
38557
38556
38555
38554
38553
38551
38550
38565
38564
38563
38562
38561
38560
38559
38575
38573
38572
38571
38570
38569
38568
38567
38585
38584
38583
38582
38580
38579
38578
38576
38513
38512
38511
38510
38508
38507
38505
38526
38524
38522
38521
38518
38517
38516
38537
38536
38535
38533
38532
38530
38529
38528
38549
38547
38546
38545
38543
38540
38539
38538
52940
52939
52938
52936
52935
52933
52932
52950
52949
52948
52946
52945
52944
52942
52941
38495
38494
38493
38492
38491
52954
52953
52951
38504
38503
38502
38501
38500
38499
38497
38496
38464
38463
38462
38460
38459
38458
38455
38474
38473
38471
38470
38469
38467
38466
38489
38483
38482
38479
38478
38477
52931
52930
52929
52928
52927
52924
52923
38490
38424
38423
38421
38420
38419
38418
38417
38416
38433
38432
38430
38429
38428
38427
38426
38425
38444
38443
38442
38441
38440
38439
38437
38454
38453
38452
38450
38448
38447
38446
38445
52979
52978
52977
52976
52975
52974
52973
52972
38398
38397
38396
38395
52985
52982
52981
52980
38407
38406
38405
38404
38403
38401
38400
38399
38415
38414
38413
38412
38411
38410
38409
38408
38376
38375
38374
38372
38371
38370
38369
38389
38387
38384
38381
38379
38378
38377
52962
52961
52960
52955
38394
38393
38391
52971
52970
52969
52968
52967
52966
52964
52963
38337
38336
38335
38334
38333
38332
38331
38328
38350
38347
38345
38344
38342
38340
38338
38359
38358
38357
38356
38355
38354
38352
38351
38368
38367
38366
38365
38363
38362
38361
38360
53013
53012
53011
53008
53007
53005
53004
38308
38307
38306
38303
38301
38300
53017
53016
38316
38315
38314
38313
38312
38311
38310
38309
38327
38326
38324
38322
38321
38319
38318
38317
38279
38276
38274
38273
38272
38271
38288
38287
38286
38284
38283
38282
38280
52990
52989
52988
52987
38298
38297
38295
38292
53003
53001
52999
52998
52994
52993
52992
52991
38236
38233
38230
38229
38228
38226
38247
38244
38243
38242
38241
38240
38238
38237
38257
38256
38254
38253
38251
38250
38249
38248
38269
38268
38267
38265
38264
38263
38261
38260
53037
53036
53035
53034
53033
53031
53030
53050
53049
53048
53047
53045
53044
53041
53039
38215
38214
38211
38210
38207
38205
38204
38203
38224
38223
38222
38221
38220
38219
38218
38216
38178
38177
38176
38175
38174
38172
38171
38170
38194
38190
38189
38188
38186
38182
38181
53020
53019
38202
38200
38198
38197
38196
53029
53028
53027
53026
53025
53024
53023
53022
38136
38133
38132
38131
38130
38129
38147
38146
38145
38144
38143
38142
38141
38140
38157
38156
38155
38151
38150
38149
38148
38169
38168
38166
38165
38163
38161
38160
38100
38099
38098
38097
38095
38092
38091
38090
38109
38108
38107
38106
38105
38104
38102
38101
38119
38118
38117
38115
38114
38113
38111
38110
38128
38127
38126
38125
38124
38123
38122
38120
53067
53066
53065
53063
53062
53060
53059
53078
53077
53076
53075
53072
53071
53070
53068
38080
38079
38078
38077
38076
53081
53080
53079
38088
38087
38086
38084
38083
38082
38081
38053
38052
38051
38049
38048
38047
38046
38062
38061
38060
38059
38058
38057
38056
38055
38072
38071
38070
38068
38066
38065
38063
53057
53056
53055
53054
53053
53051
38074
38073
38016
38015
38014
38013
38012
38011
38009
38008
38026
38025
38023
38022
38021
38018
38036
38035
38034
38033
38032
38030
38029
38028
38045
38044
38042
38040
38039
38038
38037
53109
53107
53106
53105
53103
53102
53100
53096
37982
37981
37980
37979
53113
53112
53111
53110
37995
37994
37992
37991
37990
37989
37988
37983
38007
38005
38004
38003
38002
38001
37999
37997
37962
37961
37960
37959
37956
37954
37952
37951
37970
37969
37968
37967
37966
37965
37964
37963
53084
53083
37977
37976
37975
37974
37971
53095
53094
53093
53092
53091
53088
53086
37918
37917
37915
37914
37913
37912
37911
37932
37931
37930
37928
37927
37926
37925
37924
37940
37939
37938
37937
37936
37935
37934
37933
37950
37949
37948
37947
37946
37943
37879
37878
37877
37876
37875
37873
37871
37870
37887
37886
37885
37884
37883
37882
37881
37880
37897
37895
37893
37892
37891
37888
37908
37907
37906
37904
37902
37901
37900
37899
53136
53134
53132
53131
53130
53129
53128
53127
37852
37851
53146
53145
53142
53141
53140
53138
37861
37859
37858
37856
37855
37854
37869
37868
37867
37866
37865
37864
37863
37862
37830
37828
37826
37825
37822
37821
37818
37817
37838
37837
37836
37834
37833
37832
37831
37847
37846
37845
37844
37842
37841
37840
37839
53126
53124
53123
53117
53116
53115
37850
37848
37787
37786
37785
37784
37783
37782
37781
37780
37799
37798
37796
37793
37791
37789
37807
37806
37805
37803
37802
37801
37800
37815
37814
37813
37812
37811
37810
37809
37808
37750
37749
37748
37747
37745
37743
37742
37741
37760
37759
37757
37756
37755
37754
37753
37751
37770
37769
37768
37767
37766
37765
37764
37763
37779
37778
37777
37776
37775
37774
37773
37772
37714
37713
37711
37710
37709
37708
37707
37722
37721
37720
37719
37718
37717
37716
37715
37730
37729
37728
37727
37725
37724
37723
37740
37739
37738
37737
37735
37734
37733
37731
53166
53165
53164
53163
53162
53161
53159
53176
53175
53173
53172
53170
53169
53168
53167
37696
37695
37694
37692
53178
37705
37704
37703
37702
37699
37698
37697
37672
37671
37670
37669
37668
37667
37666
37665
37681
37680
37679
37678
37676
37675
37674
37673
53149
37690
37687
37686
37684
37683
53158
53156
53155
53154
53152
53151
37633
37632
37630
37629
37628
37627
37626
37624
37644
37643
37642
37641
37639
37638
37636
37635
37654
37653
37652
37649
37648
37647
37646
37645
37664
37663
37662
37661
37659
37657
37656
37655
53209
53208
53206
53205
53204
53202
53201
53200
37602
37601
37600
37599
37598
37596
37595
53210
37612
37611
37610
37609
37608
37607
37605
37604
37623
37622
37621
37620
37616
37615
37614
37613
37579
37578
37577
37576
37575
37572
37571
37570
53179
37591
37589
37588
37582
53190
53187
53185
53184
53183
53182
53199
53198
53197
53196
53194
53193
53192
53191
37540
37539
37536
37534
37533
37529
37527
37548
37547
37546
37545
37543
37542
37541
37556
37555
37554
37553
37552
37551
37550
37549
37569
37568
37567
37566
37563
37561
37559
37558
53238
53237
53235
53232
53230
53226
37503
37502
37501
37499
53242
53241
53240
53239
37513
37511
37510
37509
37507
37506
37505
37504
37525
37523
37522
37521
37520
37519
37516
37514
37480
37479
37478
37477
37476
37475
37474
37489
37488
37487
37486
37485
37484
37483
37481
53212
37497
37496
37495
37494
37492
37491
53223
53222
53220
53219
53218
53217
53216
53215
37437
37435
37434
37432
37431
37429
37427
37426
37450
37449
37444
37443
37442
37441
37461
37460
37457
37456
37453
37452
37451
37472
37471
37470
37469
37466
37464
37463
37462
53265
53264
53263
53260
53259
53256
53255
53254
37404
37403
53274
53273
53272
53271
53270
53268
37415
37414
37411
37409
37408
37407
37406
37425
37424
37423
37422
37420
37419
37417
37416
37383
37379
37378
37376
37375
37374
37372
37371
37392
37391
37390
37389
37388
37386
37385
37384
37402
37401
37400
37399
37398
37396
37395
37394
53251
53250
53249
53247
53246
53245
53244
53243
37342
37341
37340
37339
37338
37337
37336
37335
37351
37350
37349
37347
37346
37345
37344
37343
37360
37359
37357
37356
37355
37354
37353
37352
37370
37368
37367
37366
37365
37364
37363
37361
37305
37304
37303
37302
37300
37299
37298
37297
37315
37314
37313
37312
37310
37308
37307
37324
37322
37321
37320
37319
37318
37317
37333
37332
37330
37329
37328
37327
37326
37325
37271
37270
37268
37267
37265
37264
37263
37280
37279
37278
37276
37275
37274
37273
37272
37286
37285
37284
37283
37282
37281
37296
37295
37294
37293
37292
37291
37290
37289
53290
53289
53287
53286
53284
53283
53282
53303
53302
53301
53299
53298
53296
53295
53293
37250
37249
37247
37246
37245
37244
37259
37258
37257
37256
37255
37254
37253
37251
37221
37218
37217
37216
37213
37231
37230
37229
37228
37227
37226
37225
37224
37241
37240
37239
37238
37236
37235
37234
53281
53280
53279
53278
53277
53276
53275
37183
37181
37179
37178
37177
37176
37175
37191
37190
37189
37188
37187
37186
37185
37184
37200
37198
37197
37196
37195
37194
37193
37211
37209
37208
37207
37205
37204
37202
37146
37144
37143
37142
37141
37139
37138
37155
37154
37152
37150
37149
37148
37147
37165
37163
37162
37161
37160
37159
37157
37156
37174
37173
37172
37171
37170
37169
37168
37166
37110
37109
37108
37106
37105
37103
37102
37120
37117
37116
37115
37114
37113
37112
37111
37128
37127
37126
37125
37124
37123
37122
37121
37136
37135
37134
37133
37132
37131
37130
37129
53324
53322
53321
53320
53318
53317
53315
53314
53334
53333
53332
53331
53328
53327
53325
37088
37087
37086
37085
37083
53338
53336
53335
37101
37099
37096
37094
37092
37090
37089
37059
37057
37056
37054
37053
37052
37072
37068
37066
37064
37063
37062
37061
37060
37080
37079
37078
37077
37076
37075
37074
37073
53313
53311
53309
53308
53307
37082
37081
37020
37016
37015
37012
37011
37010
37029
37028
37027
37026
37025
37024
37022
37021
37040
37039
37036
37035
37033
37032
37031
37030
37051
37050
37049
37048
37047
37045
37042
36982
36981
36980
36979
36978
36977
36976
36974
36991
36990
36989
36988
36987
36986
36985
36999
36998
36997
36996
36995
36994
36993
36992
37009
37008
37007
37005
37004
37003
37002
37000
53357
53356
53355
53354
53353
53352
53351
53350
53367
53365
53364
53363
53362
53360
36963
36962
36961
36960
36958
36957
53370
53369
36973
36972
36971
36970
36969
36966
36965
36964
36934
36933
36932
36931
36930
36929
36928
36927
36944
36943
36942
36940
36939
36937
36936
36953
36952
36950
36949
36948
36946
53348
53345
53344
53343
53341
53340
53339
36954
36892
36891
36890
36889
36888
36887
36886
36885
36900
36899
36898
36897
36896
36894
36893
36912
36910
36909
36907
36905
36904
36903
36902
36924
36921
36920
36919
36918
36917
36915
36914
36858
36857
36855
36854
36852
36847
36845
36866
36865
36864
36863
36862
36861
36860
36859
36875
36874
36873
36872
36871
36870
36869
36867
36884
36883
36882
36881
36880
36878
36877
36876
53394
53393
53392
53389
53388
53387
53385
53384
53402
53401
53399
53398
53397
53396
53395
36835
36834
36833
36832
36831
36829
36828
36827
36844
36843
36842
36841
36840
36839
36837
36836
36812
36811
36809
36808
36807
36804
36803
36802
36821
36820
36819
36818
36817
36816
36815
36813
53375
53374
53373
53371
36826
36825
36824
36822
53383
53382
53381
53380
53379
53378
53377
53376
36771
36770
36769
36768
36766
36765
36764
36763
36780
36779
36778
36777
36776
36774
36773
36772
36790
36789
36788
36787
36784
36801
36800
36798
36797
36796
36794
36792
36791
36734
36733
36730
36729
36728
36727
36726
36725
36743
36741
36740
36739
36738
36737
36736
36735
36753
36752
36751
36749
36748
36747
36746
36745
36762
36761
36759
36758
36757
36756
36754
53428
53426
53425
53424
53423
53422
53421
36701
36700
36699
53434
53433
53432
53431
53429
36715
36714
36713
36712
36711
36709
36708
36724
36723
36722
36721
36720
36719
36718
36716
36686
36685
36684
36683
36679
36678
36676
36674
36697
36696
36695
36694
36692
36691
36689
36688
53410
53409
53407
53406
53405
53404
36698
53420
53419
53418
53417
53416
53413
53412
36637
36633
36632
36630
36628
36627
36626
36649
36645
36644
36642
36640
36639
36638
36661
36660
36659
36658
36657
36656
36650
36673
36671
36670
36669
36666
36664
36663
36662
53456
53453
53452
53451
53450
53449
53448
53447
36604
53466
53460
53459
53458
53457
36614
36612
36611
36610
36608
36625
36624
36622
36621
36619
36617
36580
36579
36577
36576
36575
36573
36572
36571
36590
36589
36587
36585
36583
36582
36602
36600
36598
36597
36595
36593
36592
36591
53446
53445
53443
53442
53440
53438
53437
36537
36536
36535
36534
36533
36531
36530
36548
36547
36545
36544
36543
36540
36539
36561
36560
36558
36556
36554
36553
36550
36549
36570
36569
36568
36567
36565
36564
36563
36499
36497
36496
36495
36494
36493
36510
36508
36507
36505
36504
36503
36502
36501
36518
36517
36516
36515
36514
36513
36512
36511
36529
36528
36526
36523
36522
36521
36520
36519
53484
53483
53482
53481
53480
53479
53478
53477
53494
53492
53491
53490
53489
53488
53486
53485
36483
36481
36479
36478
36476
36475
53497
53495
36492
36491
36490
36489
36488
36487
36486
36484
36460
36459
36458
36456
36454
36453
36452
36451
36468
36467
36466
36465
36464
36462
36461
53468
53467
36474
36473
36472
36471
36470
36469
53476
53475
53474
53473
53472
53471
53470
53469
36417
36416
36415
36414
36413
36410
36409
36408
36428
36426
36425
36424
36422
36419
36418
36438
36435
36434
36433
36432
36431
36430
36429
36447
36446
36445
36444
36443
36441
36440
36439
36379
36376
36374
36373
36372
36371
36370
36369
36389
36388
36387
36386
36383
36382
36381
36380
36399
36398
36397
36396
36395
36394
36392
36390
36407
36406
36405
36404
36402
36401
36400
36339
36338
36336
36335
36333
36331
36330
36329
36348
36347
36346
36343
36342
36341
36340
36359
36357
36354
36353
36352
36351
36350
36349
36368
36367
36365
36364
36363
36362
36361
36360
53518
53517
53516
53515
53514
53512
53511
53510
53527
53526
53525
53524
53522
53521
53520
53519
36319
36318
36317
36316
36315
53530
53529
53528
36328
36327
36326
36325
36324
36322
36321
36320
36295
36294
36293
36292
36291
36289
36288
36306
36305
36304
36303
36302
36300
36297
36296
53500
36314
36313
36312
36311
36310
36309
36308
53509
53508
53507
53506
53505
53504
53503
53502
36256
36255
36254
36252
36251
36250
36247
36246
36266
36265
36263
36262
36260
36259
36258
36276
36275
36274
36272
36271
36270
36268
36267
36287
36286
36285
36284
36283
36278
36210
36209
36208
36206
36205
36203
36202
36201
36221
36219
36218
36216
36214
36212
36233
36231
36230
36229
36227
36224
36223
36245
36244
36242
36240
36238
36237
36235
36234
53547
53546
53544
53543
53542
53541
53539
53556
53555
53554
53553
53552
53551
53550
36191
36190
36189
36188
36187
53561
53559
53558
36200
36199
36198
36197
36196
36195
36194
36193
36166
36164
36163
36162
36161
36160
36159
36175
36174
36172
36171
36170
36168
36167
36184
36183
36182
36181
36180
36178
36177
53538
53536
53534
53533
53532
36128
36126
36125
36124
36123
36122
36121
36120
36138
36137
36136
36134
36133
36131
36130
36129
36149
36147
36145
36143
36142
36141
36140
36139
36158
36157
36156
36155
36152
36151
53589
53587
53586
53585
53584
53583
53581
36098
36097
36096
36095
36092
36091
53594
53593
36108
36106
36105
36104
36103
36102
36101
36100
36118
36117
36115
36114
36112
36111
36110
36109
36079
36077
36075
36073
36072
36071
36070
36088
36087
36085
36083
36082
36081
36080
53569
53568
53567
53566
53563
36090
36089
53579
53578
53577
53576
53574
53573
53572
53570
36038
36037
36036
36035
36033
36031
36030
36029
36046
36045
36044
36043
36042
36041
36040
36039
36054
36053
36052
36051
36050
36049
36048
36047
36068
36067
36064
36062
36060
36058
36057
36055
35999
35997
35996
35995
35990
35989
35988
36007
36006
36004
36003
36002
36001
36000
36017
36013
36012
36011
36010
36008
36028
36027
36026
36023
36022
36020
36019
53615
53614
53612
53611
53609
53606
53605
53604
35963
53626
53625
53622
53621
53620
53617
35973
35972
35971
35970
35969
35967
35966
35964
35983
35982
35981
35980
35979
35977
35976
35974
35943
35939
35937
35936
35935
35934
35951
35950
35949
35948
35947
35946
35945
35944
35961
35960
35958
35957
35956
35954
35953
35952
53603
53600
53598
53597
53596
53595
35962
35907
35905
35904
35903
35901
35900
35899
35915
35914
35913
35912
35911
35910
35909
35908
35924
35923
35922
35921
35920
35919
35916
35932
35931
35930
35929
35928
35927
35926
35925
35870
35869
35868
35867
53657
53655
53653
53652
35880
35879
35877
35876
35875
35873
35872
35871
35890
35889
35888
35886
35885
35884
35883
35881
35898
35897
35896
35895
35894
35893
35892
35891
35854
35853
35852
35851
35848
35846
35844
35842
35865
35864
35863
35860
35859
35858
35857
35856
53643
53642
53641
53635
53633
53631
53629
35866
53651
53650
53649
53648
53647
53646
53645
53644
35808
35804
35803
35802
35800
35799
35798
35818
35817
35816
35815
35814
35812
35811
35809
35828
35827
35826
35825
35822
35821
35820
35819
35841
35839
35838
35836
35833
35832
35830
35829
53682
53681
53679
53678
53677
53676
53675
53674
35780
35775
35773
35772
35771
53690
53689
53684
35789
35788
35787
35785
35784
35783
35782
35781
35797
35796
35795
35794
35792
35791
35790
35752
35750
35749
35748
35747
35746
35745
35762
35761
35758
35757
35756
35755
35754
35753
53660
53659
35770
35769
35767
35766
35765
35763
53672
53671
53669
53665
53664
53663
53662
35711
35710
35709
35708
35707
35706
35705
35704
35722
35721
35720
35719
35718
35717
35714
35712
35734
35732
35731
35730
35728
35727
35726
35725
35744
35743
35740
35738
35737
35736
35735
53716
53715
53714
53713
53712
53711
53710
53709
35681
35677
35676
53722
53721
53719
53718
35692
35691
35690
35689
35685
35684
35683
35682
35702
35701
35699
35698
35697
35696
35695
35656
35655
35651
35650
35647
35645
35641
35668
35666
35665
35663
35662
35661
53694
53693
53692
53691
35674
35673
35672
35671
53708
53706
53702
53701
53700
53699
53698
53696
53748
53747
53746
53745
53744
53743
53742
35618
35614
35612
35611
53754
53753
53752
53751
35628
35626
35625
35622
35620
35619
35640
35638
35637
35634
35633
35632
35631
35629
35596
35595
35594
35593
35592
35591
35589
35607
35606
35605
35602
35601
35600
35598
35597
53729
53728
53727
53726
53725
53723
35609
35608
53739
53738
53736
53735
53730
35555
35554
35553
35552
35550
35549
35545
35565
35564
35562
35561
35559
35558
35557
35556
35575
35574
35573
35572
35571
35570
35569
35566
35585
35583
35581
35579
35578
35577
35576
35515
35511
35510
35509
35508
35507
35506
35526
35524
35519
35518
35516
35536
35535
35533
35532
35531
35530
35528
35527
35544
35543
35542
35541
35540
35539
35538
35537
35479
35477
35476
35475
35474
35473
35472
35471
35488
35487
35486
35485
35484
35483
35482
35480
35496
35495
35493
35492
35491
35490
35489
35504
35503
35502
35501
35500
35499
35498
35497
35441
35440
35437
35435
35434
35433
35432
35431
35450
35449
35448
35447
35446
35443
35442
35461
35460
35459
35458
35457
35456
35454
35470
35469
35468
35467
35466
35464
35463
35462
53769
53768
53767
53766
53765
53764
53763
53762
53780
53779
53777
53776
53775
53773
53771
53770
35421
35420
35419
53786
53785
53782
35430
35429
35428
35427
35426
35425
35423
35422
35397
35394
35393
35391
35390
35389
35406
35405
35404
35403
35402
35401
35400
35398
35416
35415
35414
35412
35411
35410
35409
35407
53761
53760
53758
53757
53756
53755
35418
35359
35358
35357
35356
35355
35352
35351
35349
35368
35367
35366
35365
35364
35363
35361
35360
35376
35375
35374
35373
35372
35371
35370
35369
35386
35385
35383
35382
35380
35379
35378
35377
35316
35314
35313
35312
35311
35310
35309
35308
35326
35325
35324
35323
35322
35320
35319
35335
35333
35332
35331
35330
35329
35328
35327
35346
35344
35343
35341
35339
35337
35336
53811
53810
53808
53807
53806
53805
53803
53801
35291
53818
53817
53816
53815
53814
53813
53812
35299
35298
35297
35296
35295
35294
35293
35292
35307
35306
35304
35303
35302
35301
35300
35273
35272
35269
35267
35266
35265
35264
35282
35281
35279
35278
35277
35276
35275
35274
53789
53788
53787
35288
35287
35286
35285
35283
53800
53799
53797
53795
53794
53791
35237
35236
35235
35233
35232
35231
35230
35229
35245
35244
35243
35242
35241
35240
35239
35238
35254
35253
35252
35251
35249
35248
35246
35263
35262
35261
35260
35259
35258
35256
35255
35193
35192
35191
35190
35189
35187
35186
35185
35204
35202
35198
35197
35196
35195
35194
35215
35214
35212
35211
35208
35207
35206
35205
35228
35227
35226
35223
35220
35219
35218
35216
35154
35153
35152
35151
35149
35146
35145
35144
35164
35163
35162
35161
35160
35159
35158
35157
35173
35172
35171
35170
35169
35168
35167
35166
35183
35181
35180
35179
35178
35177
35176
35175
53834
53833
53832
53831
53827
53826
53842
53840
53839
53838
53837
53835
53850
53849
53848
53847
53846
53845
53844
53843
35143
35141
35136
35135
35134
35133
35132
35131
35107
35106
35105
35104
35102
35101
35100
35098
35118
35117
35116
35115
35114
35113
35111
35108
35129
35128
35127
35126
35125
35124
35122
35120
53825
53824
53823
53822
53821
53820
53819
35130
35066
35065
35063
35062
35060
35059
35075
35074
35073
35072
35071
35070
35083
35082
35081
35080
35079
35078
35077
35097
35096
35094
35092
35089
35088
35087
35086
35031
35030
35029
35028
35027
35026
35025
35024
35039
35038
35037
35036
35035
35034
35033
35032
35049
35048
35047
35045
35044
35043
35041
35040
35058
35057
35056
35055
35054
35053
35051
35050
53871
53870
53869
53868
53866
53865
53864
53862
53882
53878
53877
53876
53875
53874
53873
53872
35014
35012
35009
35007
35006
35004
35003
35023
35022
35020
35019
35017
35016
35015
34984
34983
34981
34980
34979
34976
34975
34973
34993
34992
34991
34990
34989
34988
34987
34986
53851
35002
35001
34999
34997
34996
34995
34994
53861
53860
53859
53858
53857
53855
53853
53852
34938
34937
34935
34932
34931
34928
34927
34950
34947
34945
34944
34943
34942
34941
34940
34962
34957
34956
34954
34951
34972
34971
34969
34968
34967
34966
34965
34963
34900
34899
34897
34896
34895
34894
34893
34892
34908
34907
34906
34905
34904
34903
34902
34901
34918
34916
34915
34914
34912
34911
34910
34909
34926
34925
34924
34923
34922
34921
34920
34919
53903
53902
53901
53900
53897
53896
53895
53914
53913
53912
53910
53907
53906
53905
34883
34882
34881
34880
34879
34878
34876
34875
34890
34889
34888
34887
34886
34885
34884
34857
34856
34853
34852
34851
34849
34848
34847
34865
34862
34861
34860
34859
34858
53883
34874
34873
34872
34870
34869
34867
53893
53892
53891
53890
53889
53888
53886
53885
34813
34812
34811
34810
34809
34808
34806
34805
34824
34821
34820
34819
34818
34817
34816
34815
34834
34833
34831
34830
34829
34828
34825
34846
34845
34844
34843
34842
34840
34837
34835
34775
34774
34773
34772
34771
34770
34769
34768
34787
34785
34784
34783
34780
34779
34778
34794
34793
34792
34791
34790
34789
34788
34803
34802
34801
34799
34798
34797
53941
53940
53939
53938
53936
53935
53933
34749
34748
34747
53946
53945
53944
53943
53942
34757
34755
34754
34753
34752
34751
34750
34767
34764
34763
34762
34761
34760
34759
34758
34728
34727
34726
34725
34724
34723
34721
34742
34741
34740
34739
34738
34735
34734
53918
53917
53916
53915
34746
34745
34744
34743
53931
53927
53926
53925
53922
53921
53919
34686
34682
34679
34677
34676
34695
34694
34693
34691
34690
34688
34687
34711
34710
34709
34708
34706
34702
34701
34720
34719
34718
34717
34715
34713
34712
53973
53971
53968
53967
53966
53964
53963
34654
34653
34652
34651
53978
53977
53976
53975
34663
34662
34661
34660
34659
34658
34655
34675
34674
34672
34671
34670
34669
34668
34667
34632
34631
34630
34629
34627
34626
34625
34644
34643
34642
34640
34638
34636
34635
34633
53950
53948
53947
34649
34648
34646
34645
53962
53958
53956
53955
53954
53951
34593
34592
34590
34589
34588
34587
34586
34604
34603
34602
34600
34599
34598
34597
34614
34612
34611
34608
34607
34606
34605
34624
34623
34621
34620
34619
34618
34617
34616
34559
34558
34557
34556
34555
34554
34551
34567
34566
34565
34564
34563
34562
34561
34560
34576
34575
34574
34573
34572
34571
34569
34568
34584
34583
34582
34581
34580
34579
34578
34577
34521
34520
34519
34518
34517
34516
34515
34514
34531
34529
34527
34526
34524
34523
34522
34540
34539
34538
34537
34536
34535
34534
34533
34550
34549
34547
34546
34545
34542
34541
54002
54001
53999
53998
53997
53996
53995
53994
54009
54008
54007
54006
54005
54004
54003
34501
34500
34499
34497
34496
34495
34493
34492
34513
34512
34511
34507
34506
34504
34503
34502
34473
34472
34471
34470
34469
34468
34467
34466
34483
34480
34476
34475
34474
53980
53979
34489
34488
34486
34485
53992
53991
53988
53986
53985
53984
53983
34427
34426
34425
34423
34419
34418
34417
34437
34436
34435
34432
34431
34430
34429
34428
34450
34448
34447
34443
34442
34440
34439
34465
34463
34461
34458
34457
34454
34453
54030
54029
54028
54027
54026
54025
54022
54021
54040
54037
54036
54035
54034
54031
34404
34403
34399
34397
34396
34395
54041
34415
34413
34412
34411
34409
34408
34407
34372
34371
34370
34369
34367
34366
34365
34363
34382
34381
34380
34378
34377
34376
34374
34393
34392
34391
34387
34386
34385
34384
54020
54018
54017
54016
54014
54013
54012
34322
34321
34320
34319
34318
34317
34316
34315
34337
34336
34334
34330
34329
34328
34327
34348
34347
34345
34344
34342
34341
34340
34339
34362
34359
34358
34356
34355
34353
34351
34350
54065
54064
54063
54062
54060
54059
54058
54056
54074
54071
54070
54069
54068
54067
54066
34306
34305
34304
34303
34302
34301
34300
34299
34314
34313
34312
34311
34309
34308
34307
34277
34276
34275
34272
34271
34270
34269
34268
34290
34289
34287
34286
34283
34280
34279
34278
54043
34298
34297
34295
34294
34293
34292
54054
54053
54052
54051
54050
54049
54048
54047
34241
34240
34239
34238
34237
34236
34235
34234
34250
34249
34248
34246
34244
34243
34259
34258
34257
34256
34255
34254
34253
34252
34267
34266
34265
34264
34263
34262
34261
34260
34202
34199
34198
34197
34196
34195
34193
34214
34213
34211
34209
34208
34207
34204
34223
34222
34221
34220
34219
34218
34217
34215
34233
34232
34231
34230
34229
34227
34226
34224
54097
54096
54095
54094
54093
54092
54091
54090
34171
54106
54104
54102
54101
54100
54099
54098
34181
34180
34179
34178
34177
34176
34175
34172
34191
34189
34188
34187
34186
34185
34183
34182
34152
34150
34149
34147
34146
34145
34144
34164
34162
34161
34160
34159
34155
34154
34153
54079
54077
54076
54075
34170
34169
34168
34165
54088
54087
54086
54085
54084
54082
54081
54080
34111
34110
34109
34108
34106
34104
34103
34121
34120
34119
34118
34117
34116
34113
34112
34132
34131
34129
34127
34126
34125
34123
34142
34141
34140
34139
34137
34135
34134
34133
34071
34070
34069
34068
34067
34063
34062
34079
34078
34077
34076
34075
34074
34073
34072
34088
34087
34086
34085
34084
34083
34082
34081
34101
34098
34097
34095
34094
34091
34090
34089
54130
54127
54126
54125
54124
54123
54120
54117
34043
54138
54137
54136
54134
54132
34052
34051
34050
34049
34048
34047
34046
34045
34061
34060
34058
34057
34056
34055
34054
34053
34022
34021
34020
34019
34018
34017
34016
34015
34028
34027
34026
34025
34024
34023
34041
34040
34039
34036
34035
34034
34032
54116
54115
54114
54112
54110
54109
54108
54107
33983
33982
33981
33980
33979
33978
33977
33994
33993
33991
33989
33988
33987
33985
34004
34003
34002
34001
34000
33998
33997
33995
34014
34013
34012
34009
34008
34006
34005
33949
33947
33946
33944
33941
33939
33958
33957
33956
33955
33954
33952
33951
33950
33967
33964
33963
33962
33961
33960
33959
33975
33974
33973
33972
33970
33969
33968
54162
54161
54160
54157
54156
54155
54153
54150
33915
54169
54168
54167
54166
54165
54164
54163
33926
33925
33924
33922
33921
33920
33917
33937
33936
33934
33931
33928
33884
33883
33882
33881
33880
33879
33877
33876
33898
33893
33892
33891
33890
33888
33887
33886
33914
33910
33907
33906
33904
33901
33899
54147
54145
54143
54142
54141
54140
54139
33843
33842
33841
33839
33837
33835
33834
33854
33851
33850
33849
33848
33847
33846
33845
33865
33864
33863
33862
33861
33858
33857
33856
33875
33874
33873
33871
33870
33868
33867
54191
54190
54189
54188
54185
54184
54183
54182
54199
54198
54197
54196
54193
54192
33824
33823
33821
33820
33819
54202
54201
54200
33833
33832
33831
33830
33829
33828
33827
33826
33801
33798
33796
33795
33794
33793
33791
33811
33810
33809
33808
33805
33804
33803
33802
54173
54171
33818
33816
33815
33814
33813
33812
54181
54180
54178
54177
54175
54174
33760
33759
33757
33755
33754
33753
33752
33751
33770
33769
33765
33764
33763
33761
33782
33781
33780
33779
33777
33775
33772
33790
33789
33788
33787
33786
33785
33784
33783
54231
54230
54226
54224
54222
54221
54220
54217
33731
33729
33727
33725
33723
54234
54233
54232
33739
33738
33737
33736
33735
33734
33733
33732
33750
33749
33748
33746
33744
33742
33741
33740
33706
33705
33704
33702
33701
33700
33699
33698
33715
33714
33713
33711
33710
33709
33708
33707
54204
54203
33722
33720
33719
33718
33717
33716
54216
54214
54212
54211
54210
54209
54205
33662
33661
33660
33659
33658
33657
33656
33655
33675
33674
33672
33670
33669
33668
33666
33663
33684
33683
33682
33679
33678
33677
33676
33697
33696
33693
33692
33690
33688
33686
33619
33618
33616
33615
33614
33613
33612
33633
33632
33629
33627
33626
33625
33623
33620
33643
33641
33640
33639
33638
33637
33635
33634
33653
33651
33650
33648
33647
33646
33645
33644
54247
54246
54245
54244
54243
54242
54264
54262
54261
54260
54259
54257
54253
54252
33603
33602
33600
33599
33598
54266
54265
33611
33610
33609
33608
33607
33606
33605
33604
33572
33571
33570
33569
33568
33567
33566
33564
33581
33579
33578
33577
33576
33575
33574
33573
33591
33590
33589
33587
33586
33585
33583
33582
54241
54240
54239
54238
54237
54236
54235
33593
33529
33526
33525
33524
33522
33519
33517
33543
33542
33541
33538
33536
33535
33532
33531
33553
33552
33551
33550
33549
33548
33546
33544
33562
33561
33560
33559
33558
33556
33555
33554
54289
54288
54287
54284
54283
54282
54281
54298
54296
54295
54294
54293
54292
54291
54290
33506
33505
33504
33503
33500
33499
33516
33515
33514
33513
33512
33511
33510
33508
33481
33480
33479
33476
33475
33474
33473
33472
33489
33488
33487
33486
33485
33484
33483
33482
54269
54268
54267
33496
33490
54280
54279
54277
54276
54273
54272
54271
33438
33437
33436
33435
33434
33433
33432
33431
33449
33447
33443
33442
33441
33440
33439
33461
33460
33459
33458
33457
33454
33452
33450
33471
33470
33468
33467
33466
33465
33463
33462
33397
33396
33395
33394
33392
33391
33390
33389
33407
33406
33405
33403
33402
33401
33400
33398
33416
33415
33414
33413
33412
33411
33410
33408
33427
33425
33423
33422
33421
33420
33419
33417
54320
54319
54318
54316
54315
54313
54311
54310
33371
54330
54329
54328
54326
54324
54321
33379
33378
33377
33376
33375
33374
33373
33372
33388
33387
33386
33384
33383
33382
33381
33380
33351
33350
33349
33348
33347
33346
33345
33344
33364
33362
33361
33360
33359
33358
33353
54300
54299
33370
33369
33368
33367
33366
33365
54309
54308
54307
54306
54304
54303
54301
33315
33314
33313
33311
33309
33308
33307
33306
33325
33324
33322
33321
33320
33318
33317
33316
33335
33333
33332
33331
33330
33328
33327
33326
33343
33342
33341
33340
33339
33338
33337
33336
33275
33274
33273
33272
33271
33270
33268
33266
33285
33284
33282
33281
33280
33279
33277
33276
33295
33293
33292
33291
33289
33288
33287
33305
33304
33303
33301
33299
33298
33297
33296
33238
33236
33235
33234
33233
33232
33231
33230
33247
33246
33244
33243
33242
33241
33240
33239
33257
33256
33255
33254
33253
33251
33249
33248
33265
33263
33262
33261
33260
33259
33258
54354
54352
54350
54349
54347
54346
54345
54344
54362
54361
54360
54359
54358
54356
54355
33218
33217
33216
33215
33214
33213
33212
33211
33228
33227
33226
33225
33224
33222
33219
33190
33189
33188
33187
33186
33185
33184
33183
33202
33201
33200
33199
33196
33194
33192
33191
54331
33210
33206
33205
33204
33203
54341
54340
54339
54337
54336
33148
33147
33146
33145
33144
33143
33141
33160
33156
33155
33153
33152
33151
33150
33149
33170
33169
33168
33167
33165
33164
33162
33161
33182
33180
33176
33174
33171
54387
54386
54385
54384
54382
54381
54380
54379
33116
33115
54394
54392
54391
54390
54389
54388
33131
33130
33129
33128
33126
33125
33124
33117
33140
33139
33137
33136
33135
33134
33133
33132
33094
33093
33092
33090
33089
33088
33087
33086
33102
33099
33098
33097
33096
33095
54366
54363
33113
33111
33109
33107
33106
54377
54376
54375
54374
54372
54371
54370
54369
33059
33058
33057
33056
33055
33052
33049
33067
33066
33065
33064
33063
33062
33060
33075
33074
33073
33072
33071
33070
33068
33085
33084
33082
33081
33080
33079
33078
54417
54415
54414
54413
54408
54407
33022
33019
54426
54424
54423
54420
54419
33033
33032
33031
33030
33029
33028
33027
33024
33046
33045
33041
33039
33036
33035
32998
32997
32996
32994
32993
32992
32991
32990
33007
33006
33005
33004
33003
33002
33001
32999
33016
33015
33014
33013
33012
54402
54399
54398
54397
54396
54395
33017
32960
32959
32958
32957
32956
32955
32954
32952
32970
32969
32967
32966
32965
32964
32963
32961
32980
32979
32977
32976
32974
32973
32971
32989
32988
32987
32986
32985
32984
32983
32981
54453
54451
54450
54448
54447
54446
54445
54444
32926
32925
32924
32923
54457
54456
54455
54454
32937
32936
32935
32934
32933
32932
32929
32928
32951
32949
32948
32946
32942
32940
32939
32908
32907
32905
32903
32900
32898
32892
32888
32918
32917
32916
32915
32913
32912
32911
32910
54432
54431
54429
54428
32921
32920
32919
54442
54441
54440
54439
54437
54434
54433
54483
54482
54480
54479
54478
54476
54473
32861
32860
32859
54490
54489
54488
54487
54486
32873
32872
32871
32869
32867
32865
32864
32887
32886
32884
32881
32880
32879
32878
32874
32838
32837
32836
32834
32833
32831
32830
32850
32848
32847
32846
32845
32843
32842
32841
32858
32857
32855
32854
32853
32852
32851
54472
54471
54469
54468
54466
54464
54461
54459
32789
32788
32786
32785
32782
32781
32780
32779
32804
32801
32800
32799
32796
32794
32793
32792
32817
32813
32812
32811
32810
32809
32805
32829
32828
32827
32826
32824
32821
32819
32818
54510
54509
54508
54505
54504
54502
54519
54518
54517
54516
54515
54514
54513
32767
32766
32765
32763
54522
54521
54520
32778
32776
32775
32774
32773
32771
32770
32769
32737
32736
32734
32732
32731
32730
32729
32749
32747
32745
32743
32742
32741
32759
32758
32757
32756
32755
32754
32751
54499
54498
54497
54496
54495
54494
54493
54491
32697
32695
32694
32693
32692
32691
32690
32708
32707
32706
32704
32703
32702
32701
32700
32718
32716
32715
32713
32712
32711
32710
32709
32728
32727
32725
32724
32721
32720
32719
32657
32656
32655
32652
32651
32650
32648
32669
32666
32664
32663
32662
32661
32660
32659
32678
32676
32675
32674
32672
32671
32670
32688
32687
32686
32685
32684
32682
32681
32680
54541
54540
54539
54537
54536
54535
54533
54550
54549
54548
54547
54546
54544
54543
54542
32638
32637
32636
32635
54554
54553
54552
54551
32647
32646
32645
32644
32643
32641
32640
32639
32615
32614
32613
32612
32611
32610
32609
32608
32623
32622
32621
32620
32619
32618
32617
32633
32632
32631
32630
32629
32628
32627
32625
54532
54531
54530
54528
54527
54526
54523
32634
32581
32580
32579
32577
32576
32574
32590
32589
32588
32587
32586
32585
32584
32583
32599
32598
32596
32595
32594
32593
32592
32591
32607
32606
32605
32604
32603
32602
32601
32600
32546
32545
32544
32543
32542
32541
32540
32538
32556
32554
32552
32551
32550
32549
32548
32564
32563
32562
32561
32560
32559
32558
32557
32573
32572
32570
32569
32568
32567
32566
32565
54584
54583
54581
54580
54579
54578
32514
32512
32511
32510
32509
32508
32507
54585
32524
32523
32522
32521
32520
32519
32517
32516
32536
32535
32534
32533
32532
32530
32528
32527
32490
32489
32485
32481
32480
32478
32504
32503
32502
32500
32498
32497
32494
32493
54563
54562
54560
54558
54556
54555
32506
54575
54573
54571
54570
54569
54568
54567
54566
32446
32445
32443
32440
32436
32435
32455
32453
32452
32451
32450
32449
32448
32447
32465
32464
32463
32461
32460
32458
32457
32456
32476
32473
32472
32471
32470
32469
32467
32406
32405
32403
32401
32400
32398
32397
32396
32415
32414
32413
32412
32411
32409
32408
32426
32425
32424
32423
32422
32420
32419
32417
32434
32433
32432
32431
32430
32429
32428
32427
54604
54603
54602
54601
54600
54599
54597
54596
54613
54612
54610
54608
54607
54606
32381
32380
32379
54618
54617
54616
54615
54614
32394
32393
32390
32388
32387
32384
32382
32358
32357
32356
32355
32353
32352
32350
32367
32365
32364
32363
32362
32361
32360
32359
32377
32375
32374
32373
32370
32369
54594
54593
54590
54589
54588
54587
32378
32316
32315
32314
32313
32312
32311
32308
32307
32326
32325
32323
32322
32321
32320
32318
32317
32337
32335
32333
32332
32331
32328
32327
32349
32348
32347
32346
32344
32341
32340
32338
32279
32278
32276
32275
32274
32273
32272
32271
32290
32288
32287
32286
32285
32284
32282
32280
32298
32297
32296
32295
32294
32293
32292
32291
32306
32305
32304
32303
32302
32301
32300
32299
54636
54635
54633
54632
54631
54630
54627
54645
54644
54643
54642
54641
54640
54638
54637
32255
32254
32252
32251
54649
54647
54646
32270
32269
32264
32262
32261
32259
32258
32226
32224
32222
32221
32220
32218
32216
32214
32238
32235
32232
32230
32229
32228
32227
32249
32248
32247
32246
32243
32240
54626
54625
54624
54623
54622
54621
54619
32181
32180
32179
32178
32176
32174
32191
32189
32187
32186
32185
32184
32182
32202
32200
32199
32198
32197
32196
32193
32212
32211
32210
32209
32206
32204
32203
54671
54669
54667
54666
54664
54663
54660
54680
54679
54678
54677
54676
54675
54672
32163
32162
32158
32156
32155
54682
54681
32173
32172
32171
32170
32168
32167
32166
32164
32130
32129
32128
32127
32126
32125
32124
32140
32139
32137
32136
32135
32133
32132
32131
32151
32150
32149
32148
32147
32144
32143
32141
54659
54657
54656
54654
54652
54651
32154
32152
32090
32089
32086
32084
32083
32082
32080
32101
32100
32099
32095
32094
32093
32092
32091
32111
32110
32109
32107
32106
32105
32104
32102
32121
32120
32119
32117
32116
32113
32112
54706
54705
54703
54701
54698
54697
32060
32059
54714
54713
54711
54710
54709
54708
32068
32067
32066
32065
32063
32062
32061
32079
32078
32077
32076
32075
32074
32070
32039
32038
32037
32036
32035
32030
32049
32048
32047
32046
32044
32042
32041
32040
32057
32056
32054
32053
32052
32051
32050
54692
54689
54688
54687
54686
54685
54684
54683
31995
31994
31991
31990
31989
31987
31986
31985
32006
32004
32003
32001
31999
31998
31996
32016
32015
32014
32013
32011
32009
32008
32007
32028
32027
32026
32025
32021
32020
32019
54736
54734
54733
54732
54729
54728
31963
54746
54745
54743
54742
54741
54738
54737
31973
31972
31971
31969
31968
31967
31965
31964
31984
31983
31982
31981
31980
31979
31977
31974
31946
31944
31943
31942
31941
31940
31956
31954
31953
31951
31950
31948
31947
54717
54716
54715
31962
31960
31959
31958
31957
54723
54722
54721
54720
54719
54718
31905
31903
31902
31900
31898
31896
31895
31913
31912
31911
31910
31909
31908
31907
31906
31926
31925
31924
31921
31919
31917
31916
31914
31936
31934
31933
31931
31930
31927
31863
31862
31860
31859
31858
31855
31853
31852
31875
31872
31871
31870
31868
31867
31866
31864
31884
31883
31882
31881
31880
31879
31877
31876
31894
31893
31892
31890
31887
31886
31885
31823
31822
31821
31819
31818
31817
31816
31831
31830
31829
31828
31827
31825
31824
31840
31839
31838
31837
31836
31835
31834
31833
31849
31848
31845
31843
31841
54765
54764
54763
54761
54760
54758
54757
54756
54773
54772
54770
54769
54768
54767
54766
31807
31806
31805
31804
54778
54777
54775
54774
31815
31814
31813
31812
31811
31810
31809
31808
31783
31782
31781
31780
31779
31778
31777
31776
31793
31791
31790
31788
31787
31786
31784
31802
31801
31800
31799
31797
31796
31795
54755
54754
54753
54752
54751
54749
54748
54747
31747
31743
31742
31741
31740
31739
31738
31737
31758
31757
31756
31755
31754
31752
31751
31749
31766
31765
31764
31763
31762
31760
31775
31774
31773
31772
31770
31767
31705
31704
31702
31701
31700
31699
31698
31696
31714
31713
31712
31710
31709
31707
31706
31723
31722
31721
31719
31718
31717
31715
31735
31734
31730
31727
31726
31725
31724
54805
54804
54803
54801
54800
54799
54797
54796
31677
31676
31675
54810
54809
54808
54807
54806
31686
31683
31682
31681
31680
31679
31678
31695
31694
31693
31692
31690
31689
31688
31687
31661
31659
31658
31656
31655
31654
31653
31652
31670
31669
31668
31667
31665
31664
31663
31662
54784
54783
54780
54779
31674
31672
54794
54793
54792
54791
54790
54789
54785
31614
31613
31612
31611
31610
31609
31608
31607
31624
31622
31621
31620
31619
31618
31617
31616
31636
31634
31632
31631
31630
31629
31628
31625
31651
31650
31649
31643
31641
31640
31638
31637
54834
54833
54830
54829
54823
31582
31581
31580
31579
54842
54841
54838
54835
31595
31594
31592
31591
31590
31588
31587
31586
31606
31605
31604
31602
31600
31598
31597
31560
31559
31558
31557
31555
31554
31550
31570
31568
31567
31566
31565
31564
31563
31562
54812
54811
31578
31577
31576
31575
31574
31571
54822
54821
54820
54818
54817
54816
54814
31520
31518
31517
31516
31514
31512
31511
31527
31526
31525
31524
31522
31521
31539
31538
31535
31533
31532
31531
31530
31548
31547
31546
31545
31544
31543
31541
31540
31479
31478
31477
31476
31475
31474
31473
31472
31487
31486
31485
31484
31483
31482
31481
31480
31498
31496
31495
31492
31491
31489
31488
31509
31508
31507
31506
31505
31503
31501
31500
54861
54860
54857
54856
54855
54854
54850
54849
54871
54870
54869
54868
54867
54865
54864
54863
31459
31458
31456
31452
31451
54874
54873
54872
31469
31467
31466
31463
31462
31461
31460
31422
31419
31416
31415
31414
31413
31412
31411
31434
31433
31430
31429
31428
31426
31424
31423
31446
31443
31442
31439
31438
31437
31436
31435
54848
54847
54844
54843
31450
31447
54893
54892
54889
54887
54886
54885
54884
54903
54902
54900
54899
54897
54896
54895
54894
31395
31394
31393
31391
31390
31388
54906
54905
31409
31408
31407
31404
31403
31402
31401
31396
31361
31360
31359
31358
31357
31356
31353
31374
31372
31371
31370
31369
31367
31366
31363
31385
31383
31381
31380
31379
31378
31377
31376
54882
54881
54880
54879
54878
54877
54876
31386
54930
54928
54926
54925
54923
54922
54921
31328
31327
31325
31324
54938
54936
54932
54931
31340
31338
31336
31335
31334
31332
31331
31329
31349
31347
31346
31345
31344
31343
31341
31298
31297
31295
31293
31292
31290
31289
31288
31312
31311
31310
31309
31308
31305
31302
31300
54911
54910
31322
31319
31317
31316
54920
54918
54917
54916
54915
54914
54913
54912
31254
31252
31251
31250
31249
31248
31247
31262
31261
31260
31259
31256
31255
31271
31270
31269
31266
31265
31264
31287
31286
31282
31278
31277
31276
31273
31215
31214
31213
31212
31211
31210
31208
31222
31221
31220
31219
31217
31216
31234
31232
31230
31229
31228
31227
31224
31246
31244
31243
31240
31239
31238
31236
31235
54957
54956
54954
54953
54952
54951
54950
54965
54964
54963
54962
54961
54960
54959
54958
31198
31197
31196
31195
54970
54969
54968
54966
31206
31205
31204
31203
31202
31201
31200
31199
31174
31173
31170
31169
31168
31167
31164
31163
31186
31185
31184
31183
31182
31181
31178
31177
54939
31194
31193
31192
31191
31189
31188
31187
54948
54946
54945
54944
54943
54942
54941
54940
31132
31131
31130
31129
31128
31127
31125
31142
31141
31139
31137
31136
31135
31134
31133
31153
31152
31150
31148
31147
31146
31145
31143
31162
31161
31160
31159
31158
31157
31156
31095
31094
31093
31092
31091
31090
31089
31087
31105
31104
31103
31102
31101
31099
31097
31096
31115
31113
31112
31110
31109
31108
31107
31106
31123
31122
31121
31120
31119
31118
31117
31116
31056
31054
31053
31051
31050
31049
31048
31067
31066
31062
31061
31060
31058
31057
31076
31075
31074
31073
31072
31071
31070
31069
31085
31084
31083
31082
31081
31079
54985
54984
54983
54982
54981
54980
54979
54997
54996
54995
54994
54992
54991
54990
54988
31038
31037
31036
31035
55001
55000
54999
54998
31047
31046
31045
31044
31042
31041
31040
31039
31014
31011
31010
31008
31007
31006
31004
31003
31023
31022
31021
31020
31019
31018
31017
31016
31031
31030
31029
31028
31027
31026
31025
31024
54978
54977
54975
54974
54972
54971
31034
31032
30969
30968
30967
30966
30965
30964
30963
30962
30984
30983
30982
30980
30977
30976
30970
30993
30992
30991
30990
30989
30988
30987
30986
31002
31001
30999
30997
30996
30995
30994
55024
55023
55021
55020
55019
55017
55016
55033
55032
55031
55030
55028
55027
55026
55025
30951
30950
30949
30946
30945
30940
30939
55034
30961
30960
30959
30957
30956
30955
30954
30952
30917
30916
30915
30914
30911
30910
30909
30928
30927
30926
30925
30922
30921
30919
30918
30938
30937
30936
30934
30933
30932
30930
30929
55014
55012
55010
55009
55008
55007
55006
55005
30881
30880
30879
30878
30877
30876
30875
30874
30889
30887
30886
30885
30884
30883
30882
30897
30896
30895
30894
30893
30892
30891
30890
30906
30904
30903
30902
30901
30899
30898
55060
55059
55058
55057
55056
55054
55052
30849
30848
30847
30845
30844
30843
55066
55062
30860
30859
30857
30855
30854
30853
30851
30850
30871
30869
30868
30866
30864
30863
30861
30826
30825
30823
30822
30821
30820
30838
30836
30835
30834
30833
30832
30827
55039
55038
55037
55035
30842
30840
30839
55050
55049
55048
55045
55044
55043
55042
55041
30785
30784
30781
30780
30779
30778
30776
30794
30793
30792
30790
30789
30788
30786
30805
30803
30801
30800
30799
30798
30797
30796
30817
30814
30813
30812
30811
30809
30808
30807
30739
30738
30736
30735
30733
30732
30731
30752
30750
30748
30747
30746
30745
30744
30743
30761
30760
30758
30756
30755
30754
30774
30773
30772
30770
30766
30765
30764
30762
55086
55085
55082
55081
55079
55078
55077
55076
55095
55094
55093
55092
55091
55090
55088
55087
30721
30718
30717
30716
30715
55098
55096
30730
30728
30727
30726
30725
30724
30723
30722
30693
30691
30690
30689
30688
30687
30686
30685
30701
30700
30699
30698
30696
30695
30694
30711
30710
30708
30705
30703
30702
55075
55073
55072
55071
55069
55068
55067
30713
30657
30656
30654
30652
30651
30650
30648
30666
30665
30663
30662
30661
30660
30659
30658
30675
30674
30673
30671
30670
30669
30668
30667
30684
30683
30682
30681
30679
30678
30677
30676
30617
30616
30614
30613
30612
30611
30610
30608
30628
30627
30625
30624
30621
30620
30619
30618
30638
30637
30636
30635
30634
30633
30630
30629
30647
30646
30644
30643
30642
30640
30639
55121
55119
55118
55117
55116
55115
55114
30588
55130
55129
55128
55127
55126
55125
55123
30597
30596
30595
30594
30592
30591
30590
30589
30606
30605
30604
30603
30602
30601
30600
30598
30566
30565
30564
30563
30561
30560
30579
30578
30575
30572
30571
30570
30569
55103
55102
55101
55100
55099
30586
30585
30582
55113
55112
55110
55109
55108
55105
55104
30525
30524
30523
55162
55161
55156
55155
55152
30537
30534
30533
30531
30530
30529
30528
30526
30548
30545
30543
30542
30541
30539
30538
30559
30557
30554
30553
30552
30550
30549
30510
30509
30508
30505
30503
30502
30500
30520
30518
30517
30516
30514
30513
30512
55137
55136
55135
55134
55133
55131
30522
30521
55150
55149
55148
55147
55141
55139
55138
30467
30466
30465
30463
30462
30461
30460
30457
30477
30476
30475
30474
30473
30472
30471
30469
30486
30485
30484
30483
30481
30479
30478
30499
30498
30495
30493
30489
30487
30426
30425
30424
30422
30421
30420
30419
30418
30437
30436
30435
30433
30432
30430
30428
30427
30445
30444
30443
30442
30441
30440
30439
30453
30452
30451
30450
30449
30448
30447
30446
55186
55185
55184
55182
55181
55180
55178
55176
55194
55193
55192
55191
55190
55189
55188
55187
30404
30403
30401
30400
30398
30397
30396
30395
30414
30411
30410
30409
30408
30407
30406
30405
30376
30375
30373
30372
30371
30370
30369
30368
30385
30382
30381
30380
30379
30378
30377
55165
55164
55163
30394
30393
30392
55174
55173
55172
55170
55169
55168
55167
55166
30331
30330
30327
30326
30324
30323
30321
30320
30346
30345
30344
30341
30339
30337
30335
30333
30357
30356
30355
30351
30350
30349
30348
30347
30367
30366
30365
30363
30361
30360
30359
30358
55215
55214
55213
55212
55211
55210
55209
55208
55224
55222
55221
55220
55219
55218
55217
55216
30306
30305
30304
30303
30302
30301
30300
30299
30319
30318
30317
30316
30315
30314
30311
30309
30281
30279
30277
30276
30272
30271
30292
30290
30288
30286
30285
30284
30283
30282
55197
55196
55195
30298
30297
30295
30294
30293
55207
55204
55203
55202
55201
55200
55199
55198
30240
30239
30238
30237
30234
30233
30232
30231
30251
30249
30247
30245
30244
30242
30241
30260
30259
30258
30257
30256
30254
30253
30252
30270
30268
30267
30266
30264
30262
30261
30201
30200
30199
30198
30197
30195
30194
30193
30211
30210
30209
30208
30207
30206
30203
30202
30221
30220
30218
30217
30216
30215
30214
30212
30229
30228
30227
30226
30224
30223
55245
55244
55243
55242
55241
55240
55239
55255
55254
55253
55252
55251
55250
55249
55247
30178
30177
30176
30175
30174
30173
55258
55257
30192
30191
30190
30188
30187
30186
30183
30181
30149
30147
30145
30143
30141
30140
30139
30158
30157
30156
30155
30154
30152
30151
30150
30168
30167
30166
30165
30164
30163
30162
30159
55238
55237
55232
55231
55229
55228
55227
30170
30109
30108
30107
30106
30105
30104
30103
30102
30118
30117
30116
30115
30113
30111
30110
30129
30127
30126
30124
30122
30121
30120
30137
30136
30135
30134
30133
30132
30131
30130
55281
55280
55275
55274
55272
55271
30076
30075
55290
55289
55287
55286
55284
55283
30087
30085
30084
30080
30079
30078
30077
30101
30100
30097
30096
30093
30090
30089
30088
30057
30055
30054
30053
30052
30051
30050
30049
30069
30068
30067
30062
30061
30060
30059
30058
55262
55261
30074
30073
30072
30071
30070
55270
55269
55268
55267
55266
55265
55264
55263
30012
30011
30010
30008
30006
30004
30003
30002
30025
30024
30023
30022
30021
30019
30018
30014
30039
30038
30036
30035
30033
30028
30027
30026
30048
30047
30046
30045
30044
30042
30041
30040
55309
55306
55303
55300
55299
55298
55319
55318
55317
55316
55315
55314
55313
29988
29984
29980
55322
55321
55320
30000
29999
29998
29996
29995
29992
29989
29949
29947
29946
29945
29944
29943
29941
29940
29964
29958
29955
29954
29953
29951
29975
29974
29973
29971
29969
29968
29967
55297
55296
55295
55294
55293
55292
55291
29976
55352
55351
55347
55346
55344
55341
29922
29920
29918
29917
29916
29915
55354
55353
29931
29929
29928
29927
29926
29924
29923
29939
29938
29937
29936
29934
29933
29932
29900
29899
29897
29895
29894
29893
29892
29891
29911
29910
29907
29906
29905
29903
29902
29901
55330
55329
55327
55326
29914
29913
29912
55340
55339
55338
55337
55336
55334
55332
29858
29857
29856
29855
29854
29853
29852
29867
29866
29865
29863
29862
29861
29860
29859
29877
29876
29875
29874
29873
29872
29870
29868
29888
29885
29884
29883
29881
29880
29879
29878
29822
29821
29820
29819
29818
29816
29814
29813
29832
29831
29830
29828
29827
29825
29824
29823
29842
29841
29840
29839
29837
29836
29835
29834
29850
29848
29846
29845
29843
29780
29779
29778
29777
29776
29775
29773
29791
29790
29789
29786
29785
29783
29782
29781
29798
29797
29796
29795
29793
29812
29811
29808
29806
29804
29803
29802
29801
55373
55372
55371
55370
55369
55368
55367
55366
55381
55380
55379
55377
55376
55375
55374
29757
29756
55386
55385
55384
55383
55382
29771
29768
29766
29765
29762
29761
29760
29759
29732
29730
29729
29728
29727
29726
29725
29740
29739
29737
29736
29735
29734
29733
55356
29753
29751
29748
29747
29744
29743
29742
55365
55363
55362
55360
55359
55358
55357
29688
29685
29683
29682
29681
29680
29679
29697
29696
29695
29694
29693
29691
29690
29689
29712
29710
29709
29706
29704
29703
29701
29723
29721
29720
29719
29718
29716
29715
29713
55407
55406
55405
55404
55403
55402
55401
55400
55417
55416
55414
55413
55412
55411
55408
29668
29667
29666
29665
29664
29663
29662
55418
29678
29677
29675
29673
29672
29670
29669
29640
29639
29637
29636
29635
29633
29629
29651
29649
29648
29646
29645
29644
29643
29642
55390
55389
55388
29657
29656
29655
29654
29653
55399
55398
55397
55396
55395
55393
55392
55391
29596
29595
29594
29593
29592
29591
29588
29606
29605
29604
29603
29602
29601
29599
29597
29618
29617
29616
29614
29613
29612
29611
29610
29627
29626
29625
29623
29622
29621
29620
29619
55444
55442
55441
55440
55437
55436
55435
55433
29567
29565
29563
55450
55449
55447
55446
29577
29576
29574
29573
29572
29571
29570
29569
29586
29585
29584
29583
29582
29581
29580
29579
29540
29539
29538
29536
29535
29534
29533
29550
29549
29547
29546
29545
29544
29542
29541
55422
55421
55420
29559
29555
29554
29553
29552
55432
55431
55430
55429
55428
55425
55424
29502
29501
29498
29496
29495
29494
29492
29513
29512
29511
29508
29507
29506
29505
29503
29523
29522
29521
29518
29517
29515
29514
29532
29531
29530
29529
29528
29527
29526
29525
55474
55473
55472
55471
55470
55469
55468
55467
29468
29467
55482
55481
55480
55478
55477
55475
29478
29477
29476
29475
29474
29473
29470
29469
29491
29489
29488
29485
29484
29482
29481
29479
29449
29445
29444
29443
29441
29440
29439
29460
29458
29454
29453
29452
29451
29450
55454
55453
55452
55451
29466
29465
29464
29463
55465
55464
55463
55460
55459
55458
55457
55455
29409
29408
29407
29406
29405
29404
29402
29401
29418
29417
29416
29415
29413
29412
29411
29410
29427
29425
29424
29423
29422
29421
29420
29419
29438
29437
29436
29435
29432
29430
29429
29428
55512
55511
55509
55508
55507
55505
55504
29381
29380
29379
29377
29376
29375
29373
55513
29390
29389
29388
29387
29386
29385
29384
29382
29400
29398
29397
29393
29391
29351
29350
29348
29346
29345
29343
29342
29340
29369
29367
29364
29362
29361
29360
29354
29352
55493
55492
55490
55489
55488
55486
55485
55484
55503
55501
55500
55499
55496
55494
29303
29299
29298
29297
29296
29295
29294
29293
29316
29313
29312
29311
29309
29308
29306
29304
29326
29325
29324
29322
29321
29319
29318
29317
29339
29338
29336
29335
29334
29331
29330
29329
55534
55533
55531
55530
55529
55528
55527
55526
55544
55543
55542
55541
55539
55538
55537
55536
29280
29279
29277
29276
29275
55546
55545
29290
29289
29287
29286
29285
29284
29283
29282
29251
29250
29249
29247
29246
29245
29244
29265
29264
29261
29260
29256
29255
29253
29252
55516
55515
29274
29272
29269
29268
29267
29266
55525
55524
55523
55522
55521
55520
55519
55518
29204
29203
29202
29201
29199
29198
29196
29210
29209
29208
29207
29206
29205
29230
29229
29228
29226
29222
29219
29218
29213
29243
29242
29241
29239
29238
29237
29233
55564
55563
55562
55561
55560
55559
55558
55574
55572
55571
55570
55569
55568
55567
55566
29184
29183
29182
29181
55578
55577
55575
29193
29191
29190
29189
29188
29187
29186
29185
29159
29158
29157
29154
29153
29152
29150
29170
29169
29167
29164
29163
29161
29160
55547
29177
29176
29175
29174
29173
29172
55557
55556
55554
55553
55551
55549
55548
29120
29119
29118
29117
29116
29114
29113
29111
29128
29127
29126
29125
29124
29123
29122
29141
29140
29138
29135
29134
29132
29130
29149
29148
29147
29146
29145
29144
29143
29142
29080
29079
29078
29077
29076
29075
29072
29071
29090
29089
29088
29086
29084
29101
29098
29097
29096
29095
29094
29093
29110
29109
29107
29106
29105
29104
29103
29102
55597
55596
55594
55593
55592
55591
55590
55588
55610
55609
55608
55604
55603
55602
55598
29059
29058
29056
29055
29054
29053
29052
29051
29069
29066
29065
29064
29063
29062
29061
29060
29028
29025
29024
29023
29022
29020
29019
29018
29038
29037
29033
29032
29031
29030
29046
29045
29042
29041
29040
29039
55587
55586
55585
55584
55582
55581
55580
55579
28987
55642
55641
55640
55639
55638
55637
55636
28996
28995
28994
28993
28992
28990
28989
28988
29005
29004
29003
29002
29001
29000
28999
28997
29015
29014
29013
29012
29010
29006
28973
28971
28970
28969
28968
28967
28966
28965
55615
28983
28979
28978
28976
28975
28974
55623
55622
55621
55620
55619
55618
55617
55616
55633
55632
55631
55630
55629
55627
55626
55624
28922
28921
28920
28919
28918
28917
28915
28914
28933
28932
28930
28929
28928
28925
28924
28923
28946
28944
28943
28942
28940
28938
28937
28934
28964
28961
28960
28957
28955
28950
28949
28948
28877
28876
28875
28874
28873
28872
28885
28884
28883
28882
28881
28880
28879
28878
28898
28897
28895
28894
28891
28890
28887
28886
28907
28906
28905
28902
28901
28900
55660
55658
55657
55656
55655
55654
55653
55652
55668
55667
55666
55665
55664
55663
55662
55661
28860
28859
55674
55673
55672
55670
55669
28869
28867
28866
28865
28864
28862
28834
28833
28832
28831
28830
28829
28828
28827
28847
28846
28844
28838
28837
28836
28835
28855
28853
28852
28851
28849
55651
55650
55649
55648
55647
55646
55645
28858
28797
28796
28795
28793
28792
28791
28790
28787
28805
28804
28803
28802
28801
28800
28799
28798
28818
28815
28813
28812
28809
28808
28807
28806
28826
28825
28824
28823
28822
28821
28820
28819
28753
28751
28750
28748
28746
28745
28744
28743
28763
28761
28759
28758
28757
28756
28755
28754
28777
28776
28775
28774
28766
28765
28764
28785
28784
28783
28782
28781
28780
28779
28778
55691
55690
55689
55687
55686
55685
55683
55682
55699
55698
55697
55696
55695
55694
55693
28734
28733
28732
28731
55706
55702
55701
55700
28742
28741
28740
28739
28738
28737
28736
28735
28709
28705
28701
28700
28699
28718
28717
28716
28715
28714
28712
28711
28710
28728
28726
28725
28724
28723
28721
28720
28719
55681
55680
55679
55676
55675
28730
28729
28663
28660
28659
28658
28657
28656
28655
28673
28671
28669
28668
28667
28665
28664
28684
28682
28681
28678
28677
28676
28675
28674
28695
28693
28692
28691
28690
28689
28687
28686
55727
55726
55723
55721
55720
55719
55718
55717
55738
55736
55735
55733
55732
55731
55730
55729
28645
28644
28641
28640
28638
28637
28636
28635
28654
28653
28652
28651
28650
28649
28647
28646
28610
28609
28608
28607
28604
28603
28602
28622
28620
28619
28618
28617
28615
28614
28634
28633
28629
28627
28626
28625
28623
55716
55715
55714
55713
55712
55711
55709
55708
28569
28567
28565
28564
28563
28562
28579
28578
28575
28573
28572
28571
28570
28590
28587
28586
28585
28584
28583
28581
28580
28600
28599
28598
28596
28594
28592
28531
28529
28528
28527
28526
28524
28522
28521
28540
28538
28537
28536
28535
28534
28533
28548
28547
28546
28545
28544
28542
28541
28560
28558
28556
28554
28553
28551
28550
28549
55756
55753
55751
55750
55749
55748
55747
55746
55765
55763
55762
55761
55760
55759
55758
55757
28511
28510
28509
28508
55770
55769
55768
55767
28519
28518
28517
28516
28515
28514
28513
28512
28482
28481
28480
28478
28477
28476
28475
28474
28493
28488
28487
28486
28485
28504
28503
28501
28498
28497
28496
28495
55745
55744
55742
55741
55740
55739
28506
28505
28442
28441
28438
28437
28436
28433
28451
28450
28449
28448
28447
28446
28445
28443
28463
28460
28459
28458
28457
28453
28452
28473
28472
28471
28470
28469
28468
28467
28464
55796
55795
55793
55792
55791
55790
55787
55786
28414
28413
28411
55802
55801
55800
55799
55798
28423
28421
28420
28419
28418
28417
28416
28415
28431
28430
28429
28428
28427
28426
28425
28424
28390
28389
28387
28386
28385
28384
28383
28382
28400
28399
28398
28397
28395
28393
28392
28391
55774
55773
55772
55771
28410
28405
28402
28401
55785
55782
55781
55780
55779
55777
55776
55775
28353
28352
28351
28349
28348
28346
28345
28363
28360
28358
28355
28354
28373
28372
28371
28369
28368
28367
28366
28365
28381
28380
28379
28378
28377
28376
28375
28374
28314
28310
28309
28308
28307
28305
28304
28303
28322
28321
28320
28319
28318
28315
28334
28332
28331
28329
28328
28324
28342
28341
28340
28339
28338
28337
28336
55825
55824
55823
55822
55821
55820
55819
55818
55834
55833
55832
55831
55830
55829
55828
55827
28293
28292
28291
28289
28288
28286
28284
28283
28302
28301
28300
28299
28298
28297
28296
28294
28260
28259
28258
28254
28253
28251
28250
28270
28268
28265
28263
28262
28261
55806
55804
28282
28279
28278
28277
28275
28273
55815
55814
55813
55812
55811
55808
55807
28222
28221
28220
28219
28218
28217
28216
28215
28230
28229
28228
28227
28226
28225
28224
28223
28241
28239
28237
28236
28233
28232
28231
28249
28248
28247
28246
28245
28244
28243
28242
55859
55858
55856
55855
55854
55853
55852
28190
28189
28188
55866
55863
55862
28202
28200
28198
28193
28192
28191
28213
28212
28210
28209
28207
28206
28205
28203
28168
28167
28166
28165
28164
28163
28180
28179
28178
28176
28175
28172
28171
28170
55841
55838
55837
55836
55835
28185
28184
28182
55851
55850
55848
55845
55844
55843
55842
28130
28127
28126
28125
28124
28123
28141
28140
28139
28138
28137
28136
28135
28133
28151
28150
28149
28148
28147
28144
28142
28159
28158
28157
28156
28154
28153
28152
28089
28088
28087
28086
28085
28083
28081
28080
28097
28096
28095
28094
28093
28092
28091
28090
28110
28105
28104
28103
28102
28100
28099
28098
28121
28120
28119
28118
28116
28115
28114
28113
28049
28046
28045
28044
28043
28042
28041
28040
28059
28058
28057
28056
28055
28054
28052
28051
28068
28067
28066
28065
28064
28063
28062
28060
28079
28077
28075
28074
28071
28070
28069
55880
55879
55878
55877
55876
55875
55874
55873
55890
55889
55887
55886
55885
55884
55883
55882
28030
28029
55898
55897
55896
55893
55892
55891
28037
28036
28035
28034
28033
28032
28031
28004
28002
28001
27999
27998
27997
27995
27992
28014
28013
28011
28010
28009
28008
28006
28005
28022
28021
28020
28019
28018
28017
28015
55872
55871
55870
55869
55868
55867
28026
28024
27961
27959
27957
27954
27951
27950
27949
27948
27970
27969
27968
27967
27966
27964
27963
27962
27980
27979
27978
27976
27974
27972
27971
27991
27990
27989
27987
27986
27985
27984
27983
55917
55916
55915
55914
55912
55910
55909
55908
55925
55924
55923
55922
55921
55920
55919
27937
27936
27935
27934
27932
27931
55930
55929
27947
27946
27945
27944
27943
27942
27941
27909
27907
27905
27904
27901
27899
27894
27917
27916
27915
27913
27912
27911
27930
27926
27925
27924
27923
27918
55907
55906
55905
55904
55902
55901
55900
55899
55959
55958
55957
55955
55952
55951
55949
55948
27873
27871
27870
27869
27868
55962
55960
27884
27882
27880
27879
27877
27876
27875
27874
27893
27891
27890
27889
27888
27887
27850
27849
27848
27847
27846
27845
27843
27842
27862
27861
27858
27857
27855
27852
27851
55937
55935
55934
55933
27866
27865
27863
55947
55945
55944
55943
55942
55941
55940
55939
27812
27811
27810
27809
27808
27807
27806
27805
27821
27820
27818
27817
27816
27815
27814
27831
27829
27828
27827
27825
27824
27823
27822
27841
27840
27837
27836
27835
27834
27833
27832
27775
27774
27773
27771
27770
27769
27768
27786
27785
27784
27783
27782
27781
27780
27776
27796
27794
27793
27792
27791
27790
27788
27787
27804
27802
27801
27800
27798
27797
55986
55985
55984
55982
55981
55980
55978
55976
27740
55994
55993
55992
55991
55989
55987
27751
27749
27747
27746
27745
27744
27743
27741
27764
27763
27762
27756
27755
27754
27752
27719
27718
27716
27715
27714
27713
27712
27732
27728
27727
27726
27723
27722
27721
27720
55966
55963
27738
27737
27736
27733
55975
55973
55972
55971
55970
55969
55968
55967
27684
27683
27682
27680
27679
27678
27677
27676
27693
27691
27690
27689
27688
27687
27686
27685
27702
27701
27699
27698
27697
27695
27694
27710
27709
27708
27707
27705
27704
27703
27645
27644
27643
27641
27638
27635
27634
27656
27654
27653
27652
27650
27649
27648
27646
27667
27666
27664
27663
27662
27661
27660
27659
27675
27674
27673
27672
27671
27670
27669
27668
27605
27604
27603
27602
27601
27600
27599
27616
27615
27614
27609
27608
27607
27606
27624
27623
27622
27621
27620
27619
27618
27617
27633
27632
27631
27630
27629
27627
56014
56011
56010
56009
56006
56004
56003
56025
56024
56023
56022
56021
56019
56018
56016
27587
27586
27585
27584
27582
27581
27580
56026
27597
27596
27595
27592
27591
27590
27589
27556
27555
27554
27553
27552
27551
27550
27549
27566
27565
27564
27561
27560
27559
27558
27557
27574
27573
27572
27571
27570
27569
27567
56002
56001
56000
55999
55998
55995
27578
27576
27513
27512
27511
27510
27509
27508
27507
27505
27524
27522
27520
27519
27518
27516
27515
27514
27537
27534
27532
27531
27530
27528
27527
27548
27547
27546
27545
27544
27542
27538
56048
56047
56046
56045
56044
56043
56042
56041
56057
56056
56055
56054
56053
56051
56050
56049
27492
27491
27488
27487
27486
27485
27483
56058
27503
27502
27501
27499
27498
27497
27496
27493
27464
27463
27462
27461
27460
27458
27457
27472
27471
27470
27469
27467
27466
27465
56028
27482
27481
27480
27479
27478
27477
27476
56040
56039
56038
56037
56034
56033
56032
56029
27424
27423
27421
27420
27418
27417
27416
27432
27431
27430
27429
27428
27427
27426
27425
27442
27441
27440
27439
27438
27436
27434
27455
27454
27451
27448
27447
27445
27444
27443
27380
27379
27378
27375
27374
27373
27372
27392
27389
27387
27384
27383
27382
27404
27400
27398
27396
27395
27394
27415
27414
27413
27412
27411
27410
27409
27407
56077
56076
56075
56074
56073
56072
56071
56070
56086
56084
56083
56081
56080
56078
27363
27362
27361
27360
27357
27356
27355
56090
27371
27370
27369
27368
27367
27366
27365
27364
27333
27332
27331
27329
27328
27327
27326
27325
27342
27341
27340
27339
27338
27336
27334
27354
27353
27349
27347
27345
27343
56069
56068
56067
56066
56064
56061
56060
27297
27296
27295
27294
27292
27289
27288
27305
27304
27303
27302
27301
27300
27298
27314
27313
27312
27311
27310
27309
27308
27307
27323
27321
27320
27319
27318
27317
27316
27315
27248
27247
27246
27245
27244
27243
27264
27262
27259
27256
27255
27254
27253
27252
27276
27273
27271
27269
27268
27266
27265
27287
27285
27284
27283
27280
27279
27278
27277
27214
27213
27212
27211
27210
27208
27207
27224
27222
27221
27220
27219
27216
27215
27232
27231
27230
27229
27228
27227
27226
27225
27241
27239
27238
27237
27236
27235
27234
56108
56107
56105
56104
56102
56101
56099
56116
56115
56114
56113
56110
56109
27196
27195
56122
56121
56120
56119
56118
56117
27205
27203
27201
27200
27199
27198
27197
27170
27166
27165
27164
27163
27162
27161
27181
27180
27179
27178
27177
27176
27174
27171
27192
27191
27188
27187
27186
27184
27182
56098
56097
56095
56094
56092
27194
27193
27130
27129
27128
27127
27125
27124
27123
27122
27141
27139
27138
27136
27135
27133
27132
27131
27150
27149
27148
27147
27145
27144
27142
27159
27158
27157
27156
27155
27153
27152
27151
56145
56142
56141
56138
56136
56134
27099
56153
56152
56151
56150
56149
56148
56147
27112
27111
27109
27108
27107
27104
27100
27121
27120
27119
27118
27117
27115
27114
27113
27080
27079
27077
27076
27075
27073
27072
27071
27089
27088
27087
27086
27085
27084
27083
27081
56124
27098
27096
27095
27093
27092
27091
56133
56132
56129
56128
56127
56126
56125
27039
27038
27037
27036
56185
56184
56182
56180
27050
27048
27047
27044
27043
27041
27040
27061
27059
27058
27057
27056
27053
27052
27070
27069
27068
27066
27065
27064
27063
27023
27022
27020
27019
27017
56160
56159
56157
56156
27033
27032
27030
27028
56170
56168
56167
56165
56163
56162
56179
56177
56176
56174
56173
56172
56171
56215
56214
56213
56209
56208
56207
56199
56198
26979
26974
26973
26972
56218
56217
56216
26996
26995
26987
26986
26983
26981
26980
27009
27008
27005
27004
27003
27002
27001
26998
26948
26947
26945
26943
26942
26941
26940
26939
26959
26957
26956
26954
26953
26952
26951
26950
56188
26970
26967
26965
26963
26962
26961
56197
56196
56195
56194
56193
56192
56190
56189
26906
26905
26904
26902
26901
26900
26899
26918
26917
26915
26914
26911
26910
26908
26907
26929
26928
26926
26925
26924
26923
26921
26919
26937
26936
26935
26934
26933
26932
26931
26930
26870
26869
26868
26867
26866
26864
26863
26862
26879
26878
26876
26875
26874
26873
26872
26871
26888
26886
26885
26884
26882
26881
26880
26898
26897
26893
26892
26891
26889
56239
56237
56236
56235
56233
56230
56229
56228
26843
56250
56249
56248
56246
56245
56244
56240
26852
26851
26850
26849
26848
26847
26846
26861
26860
26859
26858
26857
26855
26854
26853
26818
26817
26816
26811
26810
26809
26808
26829
26828
26827
26826
26825
26822
26820
26819
26837
26836
26834
26833
26832
26830
56227
56226
56225
56223
56220
56219
26842
26841
56276
56275
56274
56273
56272
56271
56270
56268
26783
26781
26780
26779
56282
56281
56277
26794
26793
26792
26791
26790
26789
26788
26787
26806
26805
26804
26803
26802
26800
26798
26797
26762
26761
26760
26758
26757
26755
26750
26771
26770
26769
26767
26766
26765
26764
26763
56254
56253
56252
26778
26777
26775
26773
56267
56266
56264
56261
56259
56258
56257
56256
26716
26714
26713
26711
26708
26707
26706
26705
26724
26723
26722
26721
26720
26719
26718
26717
26737
26736
26734
26731
26730
26727
26726
26749
26747
26746
26742
26741
26740
26739
26738
26677
26676
26675
26674
26673
26672
26671
26670
26686
26685
26684
26683
26682
26681
26679
26678
26694
26693
26692
26691
26690
26689
26688
26687
26704
26703
26701
26700
26698
26697
26696
56301
56298
56297
56296
56294
56293
56292
56312
56309
56307
56306
56305
56304
56302
26656
26655
26654
26652
26651
56314
56313
26669
26666
26665
26663
26662
26661
26660
26659
26625
26623
26621
26620
26619
26618
26617
26615
26634
26633
26631
26630
26629
26628
26627
26626
26644
26642
26639
26638
26637
26636
26635
56290
56289
56288
56287
56286
56283
26649
26648
26582
26581
26580
26578
26576
26575
26573
26591
26590
26588
26587
26586
26585
26584
26583
26600
26599
26598
26597
26596
26595
26594
26613
26611
26607
26606
26605
26601
56334
56332
56330
56329
56328
56327
56326
56325
56346
56343
56341
56340
56339
56338
56337
56335
26563
26562
26561
26560
26559
26558
26557
26572
26571
26570
26568
26567
26566
26565
26564
26529
26527
26526
26523
26522
26521
26520
26519
26541
26540
26539
26535
26534
26533
26530
26553
26552
26551
26546
56324
56322
56321
56320
56319
56316
56315
26481
26480
26479
26478
26477
26476
26475
26474
26498
26496
26495
26492
26488
26486
26483
26482
26507
26506
26505
26504
26503
26502
26501
26499
26518
26517
26516
26514
26513
26510
26509
26508
56362
56361
56359
56358
56354
56353
56374
56373
56372
56369
56368
56367
56366
56364
26464
26463
26462
26461
26460
26459
56378
26473
26472
26471
26470
26469
26468
26466
26465
26432
26430
26429
26428
26427
26426
26425
26444
26443
26442
26441
26439
26433
26455
26453
26452
26451
26450
26447
26446
26445
56352
56351
56350
56349
56348
56347
26457
26456
26387
26386
26385
26384
26383
26382
26381
26380
26397
26396
26394
26392
26390
26389
26388
26409
26407
26404
26403
26401
26400
26399
26423
26421
26420
26418
26417
26416
26415
26411
56397
56396
56395
56394
56393
56392
56391
56390
56407
56404
56403
56402
56401
56400
56398
26369
26368
26366
26365
26364
26363
56410
56409
26379
26378
26377
26376
26375
26374
26373
26372
26343
26342
26341
26339
26338
26337
26335
26333
26351
26350
26349
26348
26347
26346
26361
26360
26359
26358
26357
26355
26354
26353
56389
56386
56384
56383
56382
56380
56440
56439
56436
56434
56433
56432
56430
56429
26310
26309
26308
26306
26304
26302
26300
56441
26323
26322
26321
26319
26318
26314
26312
26332
26330
26327
26326
26325
26324
26282
26281
26279
26277
26276
26275
26274
26273
26290
26289
26288
26287
26285
26284
26283
56413
56412
56411
26298
26297
26295
26294
26291
56428
56426
56424
56422
56420
56418
56416
56415
26243
26242
26241
26240
26239
26238
26237
26236
26254
26252
26249
26247
26246
26244
26262
26261
26260
26259
26258
26257
26256
26272
26271
26270
26268
26266
26265
26264
26205
26203
26201
26199
26198
26195
26194
26193
26213
26212
26211
26210
26209
26208
26206
26224
26222
26221
26219
26217
26216
26215
26214
26235
26232
26231
26230
26229
26228
26227
26226
56465
56463
56462
56461
56460
56458
56457
26174
26172
26171
56474
56471
56470
56469
56468
26184
26183
26182
26181
26180
26179
26178
26175
26192
26191
26190
26189
26188
26187
26186
26185
26151
26150
26149
26147
26146
26145
26144
26143
26161
26160
26159
26157
26155
26154
56444
26170
26169
26168
26165
26164
26163
26162
56455
56452
56451
56450
56449
56448
56445
26117
26116
26114
26112
26111
26110
26109
26126
26125
26123
26122
26120
26119
26118
26134
26133
26132
26131
26130
26128
26127
26142
26141
26139
26138
26137
26136
26078
26077
26074
26072
26071
26070
26069
26068
26088
26087
26086
26085
26084
26082
26081
26079
26097
26096
26095
26094
26093
26092
26091
26089
26108
26107
26104
26101
26100
26098
56504
56503
56499
56498
56497
56496
56495
56494
26048
26047
26046
26045
26044
26043
56506
56505
26058
26057
26056
26055
26054
26051
26050
26049
26066
26065
26064
26063
26062
26061
26060
26059
26023
26021
26020
26017
26016
26042
26041
26038
26033
26032
26031
26030
26029
56482
56481
56480
56479
56478
56477
56476
56475
56492
56490
56489
56487
56486
56485
25983
25982
25980
25979
25978
25977
25976
25975
25994
25993
25990
25989
25987
25986
25985
25984
26006
26005
26004
26003
26000
25998
25997
25995
26014
26013
26012
26010
26009
26008
26007
25945
25944
25943
25941
25940
25939
25938
25957
25954
25952
25951
25950
25949
25948
25965
25964
25963
25962
25961
25960
25959
25958
25972
25971
25970
25969
25968
56534
56533
56531
56530
56529
56528
56527
56526
25918
25915
56538
56537
56536
56535
25926
25925
25924
25923
25922
25921
25920
25919
25935
25934
25933
25932
25930
25929
25928
25902
25899
25898
25896
25895
25893
25890
25888
25913
25912
25911
25909
25907
25906
25905
25904
56514
56513
56512
56511
56510
56509
25914
56525
56520
56519
56518
56517
56516
56515
25855
25854
25852
25851
25849
25845
25843
25863
25862
25861
25860
25859
25858
25857
25856
25877
25875
25874
25873
25870
25867
25865
25864
25887
25886
25884
25883
25881
25880
25879
25878
56563
56562
56561
56560
56559
56556
56555
56552
25820
25819
56568
56566
56565
56564
25829
25828
25827
25826
25825
25824
25822
25821
25842
25840
25839
25838
25835
25833
25832
25830
25800
25799
25797
25796
25795
25794
25792
25811
25810
25807
25805
25804
25802
25801
56542
56541
56539
25817
25816
25814
25812
56551
56550
56549
56547
56546
56545
56544
56543
25758
25756
25754
25753
25752
25750
25749
25769
25768
25767
25766
25765
25764
25762
25761
25777
25776
25775
25774
25773
25772
25770
25789
25788
25787
25786
25785
25784
25783
25780
56602
56600
56599
56598
56595
56594
56590
56589
25730
25729
25728
25727
25726
25725
25724
25723
25738
25737
25736
25735
25734
25733
25732
25731
25748
25746
25745
25744
25743
25741
25740
25739
25706
25705
25704
25703
25702
25701
25699
25696
25722
25719
25717
25716
25715
25714
25713
25711
56579
56578
56577
56576
56575
56572
56571
56588
56586
56585
56584
56583
56582
56581
56580
25661
25660
25659
56633
56632
56631
56630
56629
25672
25671
25670
25668
25667
25666
25663
25662
25683
25682
25678
25677
25676
25675
25674
25673
25695
25694
25692
25691
25690
25688
25686
25684
25644
25643
25642
25641
25640
25639
25637
25636
25658
25656
25654
25648
25647
25646
25645
56612
56610
56608
56607
56606
56605
56604
56603
56626
56625
56623
56622
56620
56616
25603
25601
25600
25599
25597
25596
25595
25594
25612
25611
25609
25608
25607
25606
25605
25622
25621
25620
25619
25616
25615
25614
25613
25635
25634
25630
25626
25625
25624
25623
25560
25559
25558
25557
25556
25555
25554
25553
25568
25567
25566
25564
25562
25561
25580
25579
25578
25577
25574
25573
25572
25571
25590
25589
25588
25586
25585
25584
25582
25581
56657
56656
56655
56654
56652
56649
56648
25532
56666
56665
56664
56663
56660
56659
56658
25541
25540
25539
25538
25537
25536
25535
25533
25552
25551
25550
25548
25545
25544
25543
25515
25514
25513
25510
25509
25508
25506
25505
25524
25523
25522
25520
25519
25518
25517
25516
56637
56635
25530
25529
25528
25527
25526
25525
56647
56646
56645
56644
56643
56642
56638
25474
25473
25472
25471
25470
25469
25468
25467
25484
25483
25482
25480
25479
25478
25476
25475
25495
25494
25491
25490
25489
25488
25486
25485
25504
25503
25501
25500
25499
25498
25497
25496
25433
25432
25431
25426
25425
25424
25422
25445
25444
25443
25442
25439
25437
25436
25434
25455
25453
25451
25449
25448
25447
25446
25466
25465
25463
25462
25461
25460
25459
56686
56684
56683
56682
56680
56679
56678
56677
56697
56696
56695
56692
56691
56690
56689
56688
25411
25410
25408
25407
25405
25404
25403
25421
25420
25418
25416
25415
25414
25413
25412
25385
25384
25380
25379
25378
25377
25375
25395
25394
25393
25392
25391
25390
25387
25386
56667
25401
25400
25399
25398
25397
25396
56675
56674
56673
56672
56671
56670
56669
56668
25344
25343
25341
25339
25338
25337
25336
25335
25355
25352
25348
25347
25346
25345
25364
25362
25361
25360
25359
25358
25357
25356
25374
25373
25372
25371
25370
25369
25368
25366
56727
56726
56725
56724
56723
56721
56720
25314
25313
25312
25311
25310
25309
25307
56730
25326
25322
25320
25319
25318
25316
25315
25334
25332
25331
25330
25329
25328
25327
25289
25288
25286
25284
25283
25280
25279
25301
25300
25297
25294
25293
25292
25291
25290
56706
56703
56702
56701
56699
25305
25303
56719
56718
56716
56714
56713
56712
56711
56710
25246
25245
25243
25242
25241
25239
25259
25257
25256
25254
25253
25252
25249
25247
25268
25264
25263
25262
25261
25260
25278
25277
25276
25272
25271
25270
25269
56752
56751
56750
56749
56747
56745
56744
56743
56761
56760
56759
56758
56757
56756
56755
56753
25223
25221
25219
25217
25216
25213
25212
56762
25235
25234
25233
25232
25230
25227
25226
25192
25190
25189
25187
25186
25185
25184
25183
25204
25202
25200
25198
25197
25194
25193
56732
56731
25210
25209
25208
25207
25206
25205
56742
56741
56740
56739
56738
56737
56735
56734
25148
25147
25145
25142
25141
25140
25138
25137
25160
25159
25157
25154
25153
25152
25150
25149
25171
25170
25165
25164
25163
25162
25161
25182
25181
25180
25178
25175
25174
25173
56780
56779
56777
56776
56775
56773
56772
56770
56793
56792
56791
56790
56789
56788
56787
56783
25124
25123
25121
25120
25119
25116
56794
25135
25132
25129
25128
25127
25126
25125
25091
25090
25089
25088
25087
25085
25084
25099
25098
25094
25093
25092
25111
25110
25109
25108
25105
25104
25103
25102
56769
56768
56767
56766
56764
56763
25114
25113
56824
56823
56821
56820
56819
56817
56816
56814
25060
25055
25054
25051
56826
56825
25069
25068
25066
25065
25064
25063
25061
25083
25075
25074
25073
25072
25071
25070
25038
25036
25034
25033
25032
25031
25029
25025
25050
25049
25048
25046
25045
25042
25040
25039
56803
56799
56798
56797
56796
56795
56813
56810
56809
56807
56806
56805
56804
24985
24984
24983
24982
24981
24979
24978
24977
24998
24997
24996
24995
24992
24990
24988
24986
25011
25010
25006
25004
25003
25002
25001
24999
25024
25022
25021
25019
25017
25016
25013
25012
56845
56844
56842
56841
56839
56838
56837
56835
56858
56856
56855
56853
56852
56851
56848
56847
24962
24961
24959
24958
24957
24956
24955
24975
24973
24972
24969
24968
24967
24966
24965
56890
56889
56888
56886
56884
56883
56881
56879
24935
24931
24930
24929
24928
24926
24924
24923
24949
24948
24945
24941
24940
24939
24938
24936
56834
56833
56831
56829
56828
56827
24954
24953
24904
24903
24897
24895
24892
24918
24913
24912
24911
24908
24905
56867
56864
56862
56860
56859
24921
24919
56877
56876
56875
56874
56873
56869
56868
24858
24857
24856
24854
24853
24852
24851
24850
24867
24866
24865
24863
24862
24861
24860
24859
45
24877
24876
24875
24874
24873
24872
24870
24890
24889
24888
24887
24886
24885
24882
24881
24821
24820
24819
24818
24817
24816
24815
24814
24831
24
24829
24827
24826
24825
24824
24823
24841
24840
24839
24838
24837
24836
24834
24832
24849
24848
24847
24846
24845
7
24843
24842
56906
56905
56903
56902
56901
56900
56899
56898
56916
56915
56914
56913
56912
6
56910
5
24802
24798
24797
24795
56922
56920
4
56917
24813
24812
24811
24810
24809
24806
24805
24803
24771
24770
24769
24768
24767
24766
3
24763
24780
24779
24778
24777
24776
24774
24773
24772
24788
24787
24786
24785
24784
24783
24782
24781
56897
56895
56894
56893
56892
56891
24792
24791
24734
24733
24732
24730
24729
24728
24726
24725
24742
24741
24740
24739
24738
64477
24736
24735
1
24750
24749
24748
24747
24746
24745
24744
15
24761
24760
24759
24758
24757
24756
24755
24692
24690
24689
24688
24687
24686
24685
24684
24700
24699
24698
14
13
24695
24694
24693
24711
24709
24707
24706
24705
24704
24703
24701
24723
24721
24719
24718
24716
24714
24713
24712
56944
56943
56942
56941
56940
56939
56938
56937
56952
56951
56950
56949
56948
56947
56946
56945
24674
24673
24672
24671
24670
24669
24667
56953
24683
24682
24681
24680
24679
24677
24676
24675
24648
24647
24646
24645
24644
24642
24641
24640
24660
24659
24655
24654
24653
24651
24650
24649
12
56924
56923
24665
24664
24663
24662
24661
56936
56935
56934
56931
56930
56929
56927
56926
64476
24611
24610
24609
10
24606
8
24604
24623
24622
24621
24620
24619
24618
24617
24614
24631
24630
24629
23
24627
24626
24625
24624
24639
24638
24637
24636
24635
24634
24633
24632
56985
56984
22
56978
56977
56975
56973
56972
24583
24582
24581
24580
20
24578
24574
24572
24592
19
24590
24588
24587
24586
24585
24584
24603
24602
24601
24599
24598
24596
24595
24594
24552
24551
24550
24549
18
24547
24544
24543
24562
24561
24560
24557
24556
24555
24554
24553
56961
56960
56958
56957
56955
24569
24566
24563
56971
56970
56968
17
56965
56964
56963
56962
24508
24507
16
24505
24503
24502
24501
24500
24518
24517
24516
24514
24513
24512
24511
24510
24534
24527
24526
24525
24524
24522
24520
24519
24542
63
24540
24539
24538
24537
62
24535
57015
57014
57012
57010
61
57007
57006
57005
24480
24479
24478
24477
24475
57018
57017
57016
24489
24488
24487
24486
24485
24484
24483
24481
24499
24498
24497
24496
24495
24494
24492
59
24457
24456
24455
24454
24452
24450
24449
24448
24471
24470
24469
24468
24464
24463
24462
24461
56993
56992
64475
56990
56988
56987
24474
25
57003
57002
57001
57000
56999
56997
56996
64460
24414
24413
24412
24410
24408
24407
24405
24404
24428
24427
24425
24422
24419
24418
24416
24415
24436
24435
24434
24433
24432
24431
24430
24429
24446
24444
24443
24442
24440
24439
24438
24437
24372
24371
24370
24369
24366
24365
24364
24363
24383
24382
24381
24379
24378
24377
24376
24373
24391
24390
24389
24388
24387
24386
24385
24384
24402
24401
24399
24398
49705
24396
24393
24392
57037
57035
57034
57033
57032
49704
57030
57028
49703
57047
57046
57044
57042
57041
57040
57038
24353
24352
24351
24350
24349
24347
57050
57049
24361
24360
24359
24358
24357
24356
24355
24354
24321
24320
24319
24318
24317
24315
24314
24313
24333
24332
24329
24328
24326
24325
24324
24323
24345
24344
24343
24342
24338
24337
24336
24335
57027
57026
57025
57024
57021
57020
57019
24346
24282
24280
24279
24278
24277
24276
24275
24274
24291
24290
24289
49702
24287
24286
24285
24284
24300
49701
24298
24297
24296
24295
24294
24293
24312
24311
24310
24309
24308
24304
24303
24301
24241
24240
49700
24238
24237
24236
24232
24231
24251
49698
24249
24248
24247
24246
24244
24242
24261
24260
24259
24258
24257
24256
24255
24253
24273
24270
24269
24268
24267
24264
24263
24262
57067
57066
57065
57064
57063
57062
57061
57059
49719
49718
57073
57072
57071
57070
57069
57068
24221
24220
24219
57082
57079
57078
57077
57076
24230
24229
24228
24227
24226
24225
24224
24223
24196
24195
24193
24191
24190
24189
24188
24187
24206
24205
24204
24203
24202
24201
24199
24198
49717
24216
24215
24214
24213
24212
24210
24207
57058
57056
57055
57054
57053
57052
57051
24218
49716
49715
57113
57112
57111
57110
57109
57108
24166
24165
24163
49713
24160
24159
24158
24156
24176
24175
24174
24173
24172
24171
24168
24167
24186
24185
24183
24182
24181
24180
24179
24178
24144
24143
24142
24141
24137
24134
24131
24129
57084
57083
24153
24152
24151
24150
24147
24146
57095
57094
57092
57091
57090
57089
57087
57086
57107
57106
57103
57101
57100
57099
49712
57096
24097
24095
24093
24091
24090
24088
24087
24086
24108
24106
24105
24103
24102
24101
24100
24099
24116
24115
24114
24113
24112
24111
24110
24109
24128
24127
24126
49711
24122
24121
24120
24119
57145
57144
33
57142
57140
57135
57132
57131
24065
24064
24063
24062
24061
24060
24059
32
24075
24074
24073
24070
24069
24068
24067
24066
24085
24084
24082
24080
24079
24078
24077
24076
24037
24036
24034
24033
24032
24031
24028
24027
24052
24051
24046
24045
24042
24040
24039
24038
57117
31
57115
24058
24057
24056
24055
24054
57130
57129
57126
57125
57124
57121
57120
57119
23997
23996
23995
23994
23992
23990
23989
30
24005
24004
24003
24002
24001
49722
23999
23998
24014
24013
24012
24011
24010
24008
24007
24006
24025
24023
24022
24021
24018
24017
49721
24015
57168
57167
57166
57165
57164
49720
57161
57160
23966
23964
57177
57176
57175
57174
44
57169
23975
23974
23973
23972
23970
23969
23968
23967
23984
23983
43
23980
23979
23978
23977
23976
23940
23939
23933
23931
23930
23929
23927
42
23954
23952
23951
23950
23947
23946
23944
23941
57150
57149
57148
23959
23958
23957
23956
23955
41
57157
57156
57155
57154
57153
57152
57151
23895
40
23893
23892
23891
23890
23889
38
23906
23904
23901
23900
23899
23898
23897
23896
23914
23913
23912
23911
23910
23909
23908
23907
23925
23924
23923
23922
23919
23917
23916
23915
57200
57199
57197
57195
57194
57192
57191
57190
57209
57208
37
57206
57205
57204
57203
57201
23873
23872
23871
23870
23869
23868
36
57210
23887
23886
23885
23883
23881
23880
49660
23875
49659
23847
23846
23845
23843
23842
23840
23839
23857
23856
23855
23853
23852
23851
23850
23849
23865
23864
23863
23862
23861
23860
23859
23858
57189
49658
57187
57185
57183
57182
57181
57179
23808
23807
23806
23805
23804
23803
23802
23800
23818
23817
23816
23815
23813
23811
23810
23809
23828
23827
23826
49656
23824
23823
23822
49655
23838
23837
23836
23835
23834
23833
23831
23830
23769
23767
23766
23765
23764
23763
23762
23760
23779
23777
23776
23775
23774
23772
23771
23770
23788
23787
23786
23785
23784
23783
23781
23780
23798
23797
23795
23794
23793
49652
23791
23789
49651
23729
23728
23727
23726
23724
23723
23722
49672
23738
23737
23736
23735
23734
23732
23731
23749
49671
23747
23746
23745
23744
23743
23742
49670
23758
23757
23756
23755
23753
23752
23750
49669
57230
57229
57227
57225
49668
57222
57221
57239
57238
57237
57236
57235
57234
57233
57232
23712
23711
23709
23708
23707
57242
57241
57240
23721
23720
23719
23718
23717
23716
23715
23714
23682
23681
23678
23677
23676
23675
49666
23673
23692
23691
23690
23689
23688
23687
23686
23683
23703
23701
23700
23699
23697
23695
23694
23693
57220
57218
57217
57216
57212
57211
49664
23705
23639
23637
23636
23635
23634
23632
23631
23630
23649
23648
23647
23646
23645
23643
23642
23640
23660
23658
23657
23656
23655
23653
23652
23650
23672
23671
23670
23669
23668
23667
23663
49663
57260
57259
57258
57257
57256
57255
57252
57251
57271
57270
57267
57266
57265
57264
57263
49683
23617
49682
23613
23612
23611
57274
57273
57272
23629
23628
23627
23624
23623
23620
23619
23618
23590
23589
23586
23585
23584
23583
23581
23580
23600
23598
23597
23596
23595
23594
23593
23592
23609
23607
23606
23605
23604
23603
23602
23601
57250
57249
57248
57247
57246
49681
57244
57243
23550
23549
23548
23547
23546
23545
23544
23543
49680
23558
23557
23556
23554
23553
23552
23551
23568
23567
23566
23565
49677
23562
23561
23560
23579
49676
23576
23574
23572
23571
23570
49675
23512
23511
23510
23509
23508
23507
23506
23505
23521
23520
23518
23517
23516
49674
49692
23513
23532
23531
23530
23529
23528
23525
23523
23522
23542
23541
23540
23539
23537
23536
23534
49691
23474
23473
23472
23471
23470
23469
23468
23466
23483
49690
23481
23480
23479
23478
23476
23475
23494
23493
23492
23488
49689
23486
23485
23484
23503
23502
23500
23499
23498
23497
23496
23495
57290
57289
57288
57287
57286
57285
57284
57283
57300
57299
57298
57296
57295
57294
57293
57292
23455
23454
23452
23451
57306
49688
57303
57301
23464
23463
23462
23461
23460
49687
23457
23456
23429
23428
23427
23426
23425
23424
23423
23422
23439
23437
23436
23435
23434
23433
23431
23430
23448
23447
23446
23445
23444
23443
23441
23440
57282
57281
57280
57279
57278
57277
57276
49686
23386
23385
23384
23383
23382
23380
23379
23378
23398
23397
23396
23393
23392
23391
23390
23388
23410
23409
23408
23407
23405
49748
23403
23400
23421
49745
23419
23418
23417
23416
23414
49743
57329
57328
57325
57322
49741
57319
57317
57316
23355
57338
57337
57335
57334
57333
57331
57330
23364
23363
23362
23361
23360
23358
23357
23356
23377
49740
23372
23370
23369
23368
23367
23365
23335
23334
23333
23332
23331
49738
23329
23328
23343
23342
23341
23340
23339
23338
23337
23336
23352
23351
23350
49737
49735
23346
23345
23344
57315
49630
57313
49629
57309
57308
57307
23353
49754
23296
23295
49753
49752
23292
23291
23290
23308
23306
23305
23304
23303
23301
23300
23299
23319
23318
23317
23316
23315
23314
23312
23311
23327
23326
23325
23324
23323
23322
23321
23320
23258
23257
23256
23255
23254
23253
23252
23250
23269
23268
23266
23265
23264
23262
23260
23259
23279
23277
49751
23275
23273
23272
23271
23270
23288
49750
23286
23285
23284
23283
23281
23280
49749
57358
57357
57356
57355
49638
57352
57351
23228
23227
57367
49637
57363
57362
57361
57360
23239
23238
23235
23234
23233
23232
23231
23229
23249
23248
23247
23246
49636
23242
23241
23240
23207
23206
23205
23204
23203
23202
23201
23199
23219
23218
49635
49634
23213
23212
23209
23208
57340
57339
23226
23224
23223
23222
23221
23220
57348
57347
57346
57345
57344
57343
57342
57341
23170
23169
23168
49632
23166
23165
23163
23162
23180
49631
23178
23177
23174
23173
49650
23171
23188
23187
23186
23185
23184
23183
23182
23181
23198
23196
23195
23194
23193
23192
23190
23189
23134
23133
49648
49647
23128
23127
23126
23125
23142
23141
23140
23139
23138
49646
23136
23135
23153
23152
23150
23149
23148
23145
23144
23143
23161
49645
49642
23158
23157
23156
23155
23154
57399
57396
57395
57394
57393
57392
57391
57390
23105
23104
23103
23102
23101
49641
57402
57401
23113
23112
23111
23110
49640
23108
23107
23106
23124
23122
23121
23120
23117
23116
23115
23114
23086
23085
23084
23081
23080
23079
23078
23077
23098
49605
23095
23093
23092
23091
49604
23087
57379
57378
57377
57376
57375
57374
57373
57371
57389
57386
57385
57384
57383
57382
57381
49602
49600
23039
23037
23036
23032
23031
23030
49599
23050
23049
23048
23047
49598
23045
23043
23042
49597
23058
23057
23056
23055
23053
23052
49594
23076
23075
23073
23068
23066
23064
23063
23062
22995
22994
22993
22992
22990
22989
22987
22986
23003
23002
23001
23000
22999
22998
22997
49616
23017
23016
49615
23013
23010
23008
23006
23004
49612
23027
23026
23025
23023
23021
49611
23018
57419
57418
57417
57416
49610
57412
57411
57410
57428
57427
57425
57424
57423
57422
57421
57420
22973
22972
22971
57434
57433
57432
57431
57429
22985
22984
22982
22980
22978
22976
22975
22974
22946
49608
22944
22943
22942
22940
22939
22937
22957
22956
22955
22954
22953
22952
22951
22948
22968
22966
22965
22963
22962
49607
49625
22959
57409
57408
49624
57406
57404
57403
22970
22969
57459
49623
57457
49621
57454
57453
57452
57450
22909
22907
57466
57464
57463
57462
49620
57460
22925
22924
22921
22920
49619
22918
22916
22913
22936
22934
22933
22932
22930
22929
22927
22926
22890
22889
22888
22886
22884
22882
22881
22880
49618
22898
22897
22896
22895
22893
22892
22891
57437
57435
22906
49617
22903
22902
22901
22900
57449
57448
57445
57444
57441
57440
57439
57438
22851
22850
49734
22847
22846
22845
22844
22843
22860
22858
22857
22856
49732
22854
22853
22852
22871
22870
22869
22867
22866
22865
22864
22863
22879
22878
22877
22876
22875
22874
22873
22872
22813
22812
22811
22810
22809
22807
22806
22805
22824
22822
22821
22820
49731
22817
22816
22815
22834
22832
49729
22830
22829
22828
22827
22826
22842
22841
22840
22839
22838
22837
22836
22835
57489
57488
57487
57484
57482
57481
57480
57478
22781
22780
57498
57497
57495
57494
57493
57491
49728
22791
49727
22789
22787
22785
22783
22782
22804
22803
49726
22799
22798
49723
22795
22794
22762
22760
49558
22755
22752
49557
49555
22749
22770
22769
22768
22767
22766
22765
22764
22763
22778
22777
22776
22775
22774
22773
22772
22771
57477
57476
57475
57472
57471
57470
57469
57467
49554
57518
57517
57513
57512
49553
57510
57509
22720
22718
22717
22716
57530
57526
57525
57522
22733
22731
22730
22728
22727
22723
22722
22721
22747
22746
22745
22743
22742
22738
49552
22734
22693
22692
22691
22690
22689
22687
22686
22685
22706
22705
22704
22702
22700
22699
22697
22694
57499
22714
22713
22712
22711
22710
22708
22707
57508
57507
57506
57504
57503
57502
57501
57500
22657
22656
22655
22654
22653
22652
22651
22650
22665
22664
22663
22662
22661
22660
22659
22658
22674
22673
22672
22670
22669
22668
22667
22666
22684
22683
22682
22681
22679
22678
22677
22676
22620
22619
22618
22617
22616
49551
22614
22613
49550
22630
22628
22627
22626
22624
22623
22621
49569
22638
22637
22636
22635
22634
22633
22632
22649
22648
22645
22644
22643
22642
22641
22640
22577
22575
22573
22572
22571
22570
22569
22568
22589
22588
22587
22584
22581
22580
22579
22578
22602
22601
22600
22597
49567
49566
22593
22590
22610
22609
49564
22607
22606
22605
22604
22603
57548
57546
57545
57544
57543
57542
57541
57540
57557
57556
57555
57553
57552
57551
57550
49562
22557
22556
22555
57562
57561
57560
57559
57558
22566
22565
22564
49559
22562
22561
49579
22558
22534
22533
22532
22531
22530
22528
22526
22524
22543
49578
49576
22539
22538
22537
22536
22535
22553
22552
22551
22550
22549
22546
22545
49575
57539
57538
57536
57535
57534
57533
57532
22554
57594
57593
57592
57589
57587
57586
57585
57584
22502
22500
22499
22498
22496
22495
49573
22491
22512
22511
22510
22509
22507
22505
22504
22503
22523
22522
22520
22519
22518
22517
49570
22514
22472
22470
22469
22467
22466
22465
22464
22463
22489
22488
22482
22481
22480
22477
22476
22474
57572
57570
57569
57568
57567
57566
57563
22490
57582
57580
57579
57578
57577
57576
57574
57573
22433
22432
22430
22429
22428
22427
22425
22424
22443
22440
22439
22438
22437
22436
22435
22434
22453
22452
22451
22448
22447
22446
22445
22444
22462
49592
22460
22459
49590
22456
22455
22454
49589
22387
22386
22385
22384
22383
22382
22380
22402
22400
22399
22398
22396
22395
22392
22390
22412
49587
22408
22407
22406
22405
22404
22403
22422
22421
22420
22419
49586
22415
22414
22413
57614
57611
57608
57607
57606
57605
57604
57603
57624
49585
57622
57621
57619
57618
57617
49584
22368
22367
22366
22365
22364
22363
57626
57625
22379
49583
22376
22375
22374
49773
22371
22370
22331
22329
22328
22324
22323
22321
22320
22317
22344
22343
22342
22341
22340
22339
49772
22332
22356
22355
22354
22351
22350
22348
22346
22345
57602
57601
57600
57598
57597
57596
57595
22358
57648
49771
57645
57644
57643
57640
57638
57637
22299
49770
57656
57655
57652
57651
57650
57649
22308
22307
22306
22305
22304
22303
49769
22300
22316
22315
22314
22313
22312
22311
22310
22309
49768
22279
49767
22277
22276
22275
22274
49766
22290
22289
22288
22287
22286
22284
22283
49784
22298
22297
22296
22295
22294
22293
22292
22291
57636
57635
57634
57633
57632
57630
57629
57628
22237
22236
22235
22234
22233
22232
22230
22229
22249
22247
22245
22243
22242
22241
22240
22239
22259
22258
22257
22256
22255
22252
22251
22250
22270
22269
22266
22264
22263
22262
22261
22260
22198
22197
22196
22194
22193
22192
22191
22190
22206
22205
22204
22203
22202
22201
22200
22199
22217
22214
22213
22211
22210
22209
22208
22207
22228
22227
49779
22222
22221
22220
22219
22218
57678
57676
57675
57674
57673
57672
57671
49778
57687
57686
57685
57684
57683
57682
57681
57680
22179
22178
22177
22174
22173
49777
57689
57688
22189
22187
22186
22185
22184
49776
49774
22181
22148
22147
22146
22143
22142
22141
22140
22139
22159
22157
22155
49539
22153
22151
22150
22149
22170
22169
22166
22165
22164
22162
22161
22160
57669
49538
57667
57666
57665
57663
57662
57660
22108
22106
49537
22104
22103
22102
22098
22096
22119
22118
22116
22115
49536
22112
22110
22109
49535
22126
22125
49534
22123
22122
22121
22120
22138
22137
22136
22135
22133
22131
49533
22128
57717
57716
57715
57714
57709
57708
57707
57705
22079
22078
22077
22076
57721
49532
57719
57718
22087
22086
22085
22084
22083
22082
22081
22080
22095
22094
22093
22092
22091
22090
22089
22088
49549
22056
22055
22054
49548
22052
22051
49547
22066
22065
22063
22062
22061
22060
22059
22058
57694
49546
57692
57691
22074
22072
22068
22067
57704
57703
57702
57701
57700
49545
57697
57696
22021
22019
22018
49543
22016
22015
22014
22013
22031
22030
22029
22027
49540
22025
49506
22023
22039
22038
49505
22036
22035
22034
22033
22032
22047
22046
22045
22044
22043
22042
22041
22040
21985
21984
21983
21982
21981
21980
21979
21978
21995
21994
21991
21990
21989
21988
21987
21986
22004
22003
22002
49504
22000
21999
21998
21996
22012
22011
22010
22009
22008
22007
22006
22005
21946
21945
21944
21943
21942
21940
21939
21938
21957
21956
21954
21953
21952
21950
21949
21947
21967
21966
21965
21964
21963
21962
21961
21960
21977
21976
21973
21972
21971
21970
21969
21968
21909
49503
21907
21905
21904
21903
21902
21901
21918
21917
21916
21915
49502
21913
21912
21910
21927
21926
21925
21923
21922
21921
21920
21919
21937
21936
21935
21934
21933
21932
21931
21928
57745
57744
57742
57741
57739
57738
57737
57736
21883
57754
57753
57752
57751
57748
57747
57746
21892
21891
21890
21889
21888
21887
21886
21885
21900
21899
21898
21897
21896
21895
21894
21893
21866
49500
21864
21862
21861
21859
21856
21855
21876
21875
21874
21873
21871
21870
49499
21867
57725
57724
57723
21882
21880
21879
21878
21877
57735
57734
57733
57732
57731
57730
57729
57728
21823
21822
21821
21820
21819
21818
21817
21816
49521
21834
21832
21830
21829
21827
21826
21824
21845
21844
21843
21842
21841
21839
21838
21837
21854
21853
21852
21851
21849
21848
21847
21846
21786
21785
21784
49520
21781
21779
21778
21777
21794
21793
21792
21791
21790
21789
21788
21787
21806
21803
21802
21801
21800
21799
21798
21797
21815
21814
21813
21812
21811
21809
21808
21807
57780
57779
57778
57777
57776
49517
57774
57773
21759
21758
21757
21756
21755
57785
57782
57781
49515
21767
21766
21764
21763
21762
21761
21760
21776
21775
21774
21773
21772
21771
21770
21769
21738
21736
21735
21734
21733
21732
21731
21728
49514
21747
21746
21745
21743
21742
21741
21740
57760
57759
57757
57756
49513
21751
21750
21749
57771
57769
57768
57766
57765
57763
57762
49509
21699
21698
21697
21696
21695
21693
21692
21690
21709
49508
49529
21705
21704
21703
21701
21700
21719
21718
21717
21715
21714
21713
21712
21710
21727
21726
21725
21724
21723
21722
21721
21720
21657
21655
21654
21653
21652
21651
21650
21649
49528
21668
21665
21663
21662
21661
21660
21659
21678
21677
21676
21675
21673
21672
21671
21670
21689
21688
21686
21685
21684
21683
21681
21679
21621
21619
21618
21617
21615
21614
21613
21612
21630
21629
21628
21627
21626
21625
21624
21622
21638
21637
21636
21635
21634
21633
21632
21631
21648
49527
21646
21644
21643
21642
21641
21639
57806
57805
57804
57803
57802
57801
57799
57798
57815
57814
57812
57811
57810
57809
57808
57807
21601
21600
21599
21596
21595
57818
49526
57816
21611
49525
21609
21608
21607
21605
21603
21602
21577
21576
21574
21573
21572
21571
21570
21569
21585
21584
21583
49524
49522
21580
21579
49765
57787
21594
49762
49761
21590
21589
21588
21586
57796
57795
57794
57793
57791
57790
57789
57788
21531
21529
21528
21526
21525
21524
21523
21522
49760
21544
21543
21542
21539
21535
21533
21532
21556
49758
49757
21552
49756
21549
21548
21547
21568
21567
21566
21565
21564
21562
21561
21557
21494
21493
21492
21491
21490
21488
21487
21486
21502
21501
21500
21499
21498
21497
21496
21495
49530
21511
21509
49466
21507
21506
21505
21503
21521
21520
21519
21518
21517
21516
21515
21514
57840
57839
57838
57837
57836
57834
57833
57831
49465
57848
57846
57845
57844
57843
57842
57841
49464
21473
21472
21471
21470
21469
21468
57850
21485
21484
21482
21481
21480
21479
21478
21475
21446
21445
21443
21441
21440
21439
21438
21437
21457
21455
21453
21452
21451
49461
21449
21448
57819
21465
21464
49459
21462
21461
21460
49458
57830
57829
57828
57827
57826
57825
57824
57820
21408
21406
21405
21404
21403
21401
21400
21399
21418
21416
21415
21414
21413
21411
21410
21409
21426
21425
21424
21423
21422
21421
21420
21419
21435
21434
21433
21432
21431
21430
21429
21428
21372
21370
21369
21368
21367
21366
21364
21362
21380
21379
21378
21377
21376
21375
21374
21373
21388
21387
21386
21385
21384
21383
21382
21381
21398
21397
21396
49457
21394
21392
21391
21390
49477
21330
21329
21328
21326
21325
21324
21323
21342
21340
21339
21338
21336
21335
21334
21333
21352
21351
21350
49474
21348
21347
21346
21343
21361
21360
21359
49473
21356
21355
21354
21353
57871
57870
57869
57868
57867
57866
57865
57864
57880
57879
57878
57877
57876
57875
57873
57872
21314
21313
21312
21311
21310
21309
21308
57881
21322
21321
21320
21319
21318
21317
21316
21315
21290
21289
21288
21287
21286
21285
21283
21281
21302
21298
21297
21296
21294
21293
21292
21291
57855
57854
57853
57851
21306
21305
21304
21303
57863
57862
57861
57860
57859
57858
57857
57856
21249
21248
21246
21245
21244
49472
21242
21239
21259
21258
21257
21256
21254
21253
21252
21250
21268
21267
21265
21264
21263
21262
21261
21260
21280
21279
21278
21277
21273
21272
21271
21270
21208
21206
21205
21204
21203
21202
21200
21199
21217
21216
21215
21214
21213
21212
21211
21209
21228
21227
21225
21224
21222
21221
21220
21218
21238
21237
21235
49470
21233
21232
21230
21229
21171
21170
21169
49469
21166
21165
21164
21163
21179
21178
21177
21176
21175
49468
21173
21172
21188
21187
21185
21184
21183
21182
21181
21180
21196
21195
21194
49467
21192
21191
21190
21189
57901
57900
57899
57897
57896
57895
57894
57891
57910
57909
57908
57907
57905
57904
57903
57902
21151
21150
49490
21148
21147
57914
57913
57911
21162
21161
21160
21159
21158
49487
21156
21154
21122
21121
21120
21119
21118
21117
21116
21115
21133
21131
21129
21128
21126
49484
21124
21123
49483
21143
21141
21140
21138
21136
21135
21134
57890
57889
57888
57887
57886
49482
57883
21146
21085
21083
21082
21081
21079
21077
21076
21075
21096
21094
21092
21091
21090
21089
21088
21087
21104
21103
21102
21101
21100
21099
21098
21097
21114
21111
21110
21109
21108
21107
21106
21105
57940
57939
57938
57937
57936
57934
57931
57930
21054
21051
57946
57945
57944
57943
57942
57941
21064
21061
21060
21059
21058
21057
21056
21055
21073
21072
49481
21070
21068
21067
21066
21065
21034
49480
21031
49479
21028
21027
21026
21025
21043
21042
49498
49497
21038
21037
21036
21035
57917
57916
57915
21049
21048
21046
21045
21044
57929
57927
57926
57924
57922
57920
57919
57918
20999
20998
20997
20996
20995
20994
20993
20992
21007
21006
21005
21004
21003
21002
21001
21000
21015
21014
21013
21012
21011
21010
21009
21008
21024
21023
21022
21021
21020
21018
21017
21016
20961
20959
20958
20957
20956
20955
20954
20953
20970
20969
20968
20967
20966
20965
20964
20962
20980
20979
20977
20975
20974
20973
20972
20971
20991
20988
20986
20985
20984
20983
20982
20981
20925
20924
20923
20922
20921
20920
49496
20918
20935
20934
49495
20932
20931
20929
20927
20926
20943
20942
20941
20940
20939
20938
20937
20936
20951
20950
20949
20948
20947
20946
20945
20944
20887
20886
20885
20884
20883
20882
20881
20880
20897
20895
20894
20892
20891
20890
20889
20888
20908
20907
20906
20905
20904
20902
20901
49494
20917
20916
20915
20914
20913
20912
20911
20910
57968
57967
57966
57965
57964
57963
57962
57961
57977
57976
57974
57973
57972
49493
57970
57969
20869
20867
20866
20865
20864
20861
20860
20859
20879
20877
20876
20874
20873
20872
20871
20870
20839
20838
20837
20836
20835
20834
20833
20831
20851
20850
20849
20848
20847
20843
20841
20840
57951
57949
57948
57947
20856
20855
20854
20853
57960
57959
57958
57957
57955
57954
57953
57952
20798
20797
20796
20795
20794
49492
20790
20789
20807
20806
20805
20803
20802
49491
20800
20799
20818
20816
20815
20814
20813
20812
20811
20808
20830
20828
20826
20825
20824
20823
20822
20821
20753
20752
20751
20750
20749
49806
20747
20746
20764
20763
20760
20759
20758
20756
20755
20754
20776
20775
20774
20771
20770
20769
20766
20765
20787
20784
20782
20781
20780
20779
20778
20777
20720
20719
20718
20717
20715
20714
20713
20712
49805
20727
20726
20725
49803
20723
20722
49802
20736
20735
20734
20733
20732
20731
20730
49800
20745
20744
20742
20741
20740
20739
20738
49799
57995
57994
57993
57992
57991
57990
57989
49798
58005
49816
58003
58002
58001
57999
57998
57997
20702
20700
20699
58010
58009
58008
58007
58006
20711
20710
20708
20707
20706
20705
20704
20703
20679
49815
20676
20675
20674
20672
20671
20670
20688
20687
49813
20684
20683
20682
20681
20680
20697
20696
20695
20693
20692
20691
20690
20689
57987
57986
57985
57984
57983
57982
49811
57979
20641
20639
20637
20636
20635
20634
20632
20631
20649
20648
20647
20646
20645
20644
20643
49810
20660
20659
20658
20656
20654
20652
20651
20650
20669
20668
20667
20666
20665
20664
20663
20661
49809
20599
20598
20597
20596
20595
20594
49808
20611
20610
20609
20608
20607
20604
20602
20601
20620
20619
20618
20617
20616
20615
20614
20612
20630
20628
20626
20625
20624
20623
20622
20621
20562
20561
20560
20559
20558
20557
20556
20555
20571
20570
20569
20568
20567
20566
49807
20563
20583
20581
20580
20578
49443
20576
20573
20572
20592
20591
20590
20589
20588
20587
20586
20584
58030
58029
58027
58026
58025
58024
58023
58022
58038
58037
58036
58035
58034
58033
58032
58031
20542
20541
20540
20539
58042
58041
58040
58039
20554
20553
20550
20548
20547
20546
20545
20543
20521
20520
20517
20516
20515
20513
20512
20511
20532
20530
20528
20527
20526
20524
20523
20522
58012
58011
20538
20537
20536
20535
20534
20533
58021
58020
58019
58018
58017
58015
49442
58013
20477
20474
20473
49440
20470
20469
20468
49438
20491
20489
20488
20486
20485
20483
20480
20478
20500
20499
20498
20497
20495
20494
20493
20492
20510
20509
20508
20507
20506
20504
20502
20501
58065
58064
58062
58059
49437
58055
58054
58053
58074
58072
58071
58070
58069
58068
58067
58066
20453
20452
20451
20450
20449
20448
20444
20443
49436
20462
20461
20459
20458
20457
20456
20455
20420
20419
20418
20417
20416
20415
20414
20413
20429
20428
20426
20425
20424
20423
20422
20421
20439
20438
20436
20434
20433
20432
20431
20430
58051
58049
58046
58045
58044
58043
20441
20440
20377
20376
20375
20373
20372
20371
20369
20368
20386
20385
49435
20382
49817
20380
20379
20378
20396
20395
20394
20393
20392
20391
20390
20387
20409
20408
20406
20404
20403
20402
20400
20399
20340
20339
20338
20337
20336
20335
20333
20332
20351
20349
20348
20347
20346
20345
20342
20341
20359
20358
20357
20356
20355
20354
20353
20352
20367
20366
20365
49456
20363
20362
20361
20360
58090
58089
58088
58087
58086
58084
58082
58081
58100
58099
58096
58095
58094
58093
58092
49455
20319
20318
20317
20315
49452
58104
58103
58101
20330
20328
20327
20326
20325
20324
20322
20320
20288
20287
20286
20284
20282
20281
20280
20279
20296
20295
20294
20293
20292
20291
20290
49451
49448
20306
20305
20304
20301
20300
20298
20297
58080
58079
58078
58077
58076
58075
20312
20309
20251
20250
20249
20248
20247
20245
20244
20243
20260
20259
20258
20257
20255
20254
20253
20252
49447
20268
20266
20265
20264
20263
20262
20261
20278
20277
20275
20274
20273
20272
20271
20270
58129
58127
58126
58125
58124
58123
58122
58121
20222
20220
58138
58137
58134
58133
58132
58131
20232
20231
20230
49445
20228
20225
20224
20223
20241
20240
20239
20238
20237
20236
20234
20233
20202
20201
20200
20199
20198
20197
20194
20193
49414
49413
20211
20210
20209
20208
20207
20206
58109
58108
58107
20218
20217
20216
20215
20214
58120
58119
58118
58117
58116
58113
49412
58110
20165
20164
49411
20162
20160
20158
20157
20156
20174
20172
20171
20170
20169
20168
20167
20166
20182
20181
20180
20179
20178
20177
20176
20175
49410
20190
20189
20188
20187
20186
20184
20183
20123
20121
20120
20119
20118
20117
20116
20115
20133
20132
20131
20130
49409
20126
20125
20124
20145
49408
20141
20138
20137
20136
20135
20134
20154
20153
20151
20150
20149
20148
20147
20146
58165
58164
58162
58160
58159
58158
49407
58154
20096
20095
20094
20093
20092
20091
58168
58167
20105
20104
20103
49423
20100
20099
20098
20097
20114
20113
20112
20111
20109
20108
20107
20106
20070
20069
20068
20067
20066
49422
20063
20061
20083
20082
20079
20078
20077
20076
20075
20074
58139
20090
20089
20088
20087
20086
20085
20084
49420
58150
58148
58147
58146
58145
58141
58140
58202
58201
58200
58198
58197
58196
58195
58192
20040
20039
20038
20037
20036
20032
20028
20027
20049
20048
20047
20046
20045
49419
20043
20042
49418
20057
20055
20054
20053
20052
20051
20050
20015
20012
20011
20010
20009
20008
20005
20004
58171
20026
20024
20023
20020
20018
20017
20016
58182
58181
58178
58177
49417
58175
58173
58172
58191
58189
58188
58187
58186
58185
58184
58183
19970
19969
19968
49416
19966
19965
19963
19962
19980
19979
19978
19977
19976
19975
19974
19973
19989
19988
19987
19986
19984
19983
19982
19981
20003
49415
19997
19996
19995
19993
49432
19990
19935
19934
19931
19930
19929
19928
19927
19926
19944
19942
19941
19940
19939
19938
19937
19936
19953
19952
19951
19950
19948
19947
19946
19945
19961
19960
19959
49431
19957
19956
19955
19954
19893
19892
19891
19890
19889
19888
19886
19885
19902
19901
19900
19898
19897
19896
19895
19894
19914
19913
19912
19909
19906
49430
19904
19903
19925
19924
19923
19922
19921
19918
19916
19915
49429
58218
58217
58216
58215
58214
58213
58211
58230
58229
58228
58226
58225
49428
58222
49427
19871
19870
19869
19868
19867
58233
58232
58231
19884
19881
19879
19878
19877
19875
19874
19873
19846
19845
49426
19843
19842
19841
49425
19839
19854
19853
19852
19851
19850
19849
19848
19847
19866
19864
19863
19861
19860
19859
19858
19855
58210
58209
49796
58207
58206
58205
58204
58203
19808
19807
19806
49794
19803
19799
19798
19797
19816
19815
19814
19813
19812
19811
19810
19809
19827
19826
19825
19823
19822
19820
19818
19817
19837
19836
19834
19833
19832
19831
19830
19828
19765
19764
19763
19762
19761
19760
19759
19758
19774
19773
19772
19771
19769
19768
19767
19766
19786
19784
19783
19781
19778
19777
19776
19775
19796
19795
19794
19793
49793
49791
19788
19787
58256
58255
58254
58253
58252
58251
58250
58247
19739
58266
58264
58263
58261
58260
58259
58258
19748
19747
19746
19745
49790
19743
19741
19740
19757
49788
19755
19753
19752
19751
19750
19749
19712
19711
19710
19709
19708
19707
19706
19705
19723
19722
19721
19720
19719
19716
19715
49434
19738
19737
19734
19732
19730
19729
19727
19726
58246
58245
58243
58242
58241
58240
58237
58235
19670
49433
19668
19667
49376
19664
19663
19662
19679
19678
19677
19675
19674
19673
19672
19671
19693
19692
19691
49375
49374
19683
49373
19680
19704
19703
19702
19700
19699
19698
19697
19695
58289
58288
58287
58285
58284
49372
58280
58278
58298
58297
49370
58295
58294
58293
58292
58290
19651
49369
19648
19647
19646
49367
19644
19643
19661
19660
19659
19658
19657
19656
19655
19654
19625
19624
19623
49386
19617
19616
19615
49385
19635
49383
19633
19632
19630
19628
19627
19626
58269
58268
58267
19642
19641
19639
19638
19637
58277
58276
58275
58274
58273
58272
58271
58270
58329
58325
58324
58323
58322
58321
58320
58319
19590
19588
19586
19585
19584
19583
19582
49382
19602
19601
19599
19597
19596
19595
19593
19592
19613
19612
19611
19610
19608
49381
19604
19603
19567
19563
19562
19561
19559
19557
19555
19553
19577
19576
19575
19574
19573
19571
19570
19569
49380
58305
58304
58302
58301
58300
58299
19578
58317
58316
58315
58313
58312
58311
58310
58309
19519
19518
19517
19516
19515
49379
19513
19512
19530
49378
19528
19525
19524
19523
19521
19520
19540
19538
19537
49398
19534
19533
19532
19531
19552
19551
19549
19548
19545
19544
19543
19541
19484
19483
19481
19480
19477
19476
19475
19474
19493
19492
19491
19490
19489
49395
19486
19485
19502
19501
19500
19499
19498
19496
19495
19494
19511
19510
19509
19508
19506
49394
19504
19503
58354
58352
58351
58349
58348
49393
58345
58344
19455
58362
58361
58360
58359
58358
58357
58355
19464
19463
19462
19461
19459
19458
19457
19456
19473
19472
19471
19469
19468
19467
19466
19465
19430
19429
19428
49391
19426
19425
19424
19423
19441
19440
19439
19437
19435
19433
49390
19431
58333
58332
19449
19446
19445
19444
19443
19442
58343
49389
58340
58339
58337
58336
58335
58334
19386
19385
19384
19383
19382
19381
19380
19379
49388
19396
19395
19394
19393
19392
19389
19387
19411
19410
19409
19405
19404
19403
49406
19400
19422
49405
19419
19418
49404
19415
19413
19412
58383
58382
58380
58379
58378
58377
58376
58375
19355
58394
58393
58391
58390
58389
58388
58385
19365
19363
19362
19361
19359
19358
19357
49403
19378
19377
19376
19375
19373
19371
19367
19366
19334
19333
49402
19331
19330
19328
19327
19326
19344
19343
19342
49401
19340
19338
19337
19336
19354
19353
19352
19351
19350
19347
19346
19345
58374
58373
58371
58370
58369
58366
58365
58363
19289
19288
19287
19286
19284
19282
19281
19280
19301
19300
19298
19297
19296
19295
19294
49400
19313
19311
19309
19308
19305
19304
19303
19302
19325
19324
49399
19318
19317
19316
19315
19314
19251
19250
19249
19248
19247
19245
19244
19243
19261
19260
19259
19258
19257
19256
19255
19252
19270
19269
19268
19267
19266
19265
19264
19262
19279
19278
19277
19276
19274
19273
19272
49338
58413
58412
58411
58409
49336
58406
58405
58404
58421
58420
58419
58418
58417
58416
58415
58414
19231
19230
19229
19227
58426
58424
58423
58422
19240
19238
49335
19236
19235
19234
19233
19232
19206
49334
19204
19203
19201
19200
19199
19198
19216
19215
19213
19212
19211
19210
19208
19207
19225
49333
19223
19221
19220
49332
19218
19217
58403
58402
58401
58400
49331
58396
58395
19226
19171
19170
19169
19168
19167
19166
19165
19164
19180
19179
19178
19177
19176
19174
19173
19172
19188
49349
19186
19185
19184
19183
19182
19181
19197
19196
19195
19194
19193
19192
19191
19190
19135
19134
19133
19132
19131
19130
19129
19128
19145
49346
19143
19142
19141
19140
19139
19138
19154
19153
19152
19150
19149
19148
19147
19146
19163
19162
19161
19160
19159
19157
19156
19155
19097
19096
19095
19094
19093
19092
19090
19089
19107
19106
19104
19102
19101
19100
19099
19098
19115
49345
19113
19112
19111
19110
19109
19108
19127
19126
19124
19123
19121
19120
19119
19116
19058
19057
19056
19055
19054
49344
19052
19051
19068
49343
19065
19064
19063
19061
19060
19059
19080
19078
19077
19076
19075
19074
19071
19070
19088
19087
19086
19085
19084
49342
49340
19081
58444
58443
58441
58439
58438
58436
58435
58434
58456
58455
58453
58452
58451
58450
58448
58446
19041
19040
19039
19038
19037
19036
58458
58457
19050
19049
19048
49339
19046
19045
19043
19042
19011
19010
19008
49358
49356
19002
49355
18998
19021
19020
19019
19018
19017
19016
19015
19013
19032
49354
19030
19029
19027
19025
19024
49353
58432
58431
58430
58429
58428
58427
19034
19033
49351
58489
58488
58487
58484
58482
49366
58479
18978
18977
18976
18975
18974
18973
18972
18971
49365
18985
18984
18983
18982
18981
18980
18979
18997
18996
18995
18994
18992
18991
18988
18987
18955
18953
18952
18951
18950
18948
18947
18946
18967
18966
18964
18961
18960
18959
18958
18956
58466
49364
58464
58463
58460
18970
18969
18968
58478
58477
58475
58474
58472
58471
58469
58467
18917
18916
18915
18913
18912
18911
18910
18909
18925
18924
18923
18922
18921
18920
18919
18918
18934
18933
18932
18931
18930
18928
18927
18926
18945
18943
18942
18939
18938
18937
18936
18935
18875
18874
18872
18871
18870
49363
18868
18867
18884
18883
18881
18880
18879
18878
18877
18876
18897
18894
49362
18892
18891
18889
18887
18885
18908
18907
18906
18905
18903
18901
49361
18899
58515
58514
58513
58511
58510
58509
58508
58507
18844
18843
49360
58521
58520
58519
58517
49359
18854
18853
18851
18850
18849
18848
18846
18845
18866
18865
18864
18863
18861
18859
18856
49838
18826
49837
18823
49836
49835
18820
18819
18818
18835
18834
18832
18831
18830
18829
49834
18827
58495
58494
58493
58491
18841
18840
18839
18836
58506
58505
58503
58502
58500
58499
58498
58497
18781
18780
18778
18776
18774
18773
18771
18770
49833
18790
18789
18788
18786
18785
18783
18782
18800
18799
18798
18797
18796
18795
49831
18793
18816
18814
18811
18810
18809
18808
18806
18804
58546
58545
58544
58543
58542
58541
58540
58539
18750
18748
49830
58552
58551
58549
58548
58547
18760
18759
18758
18756
18755
18753
18752
18751
18769
18768
18767
49849
18765
18764
18763
18761
18732
18731
18730
18728
18727
18726
18724
18722
18740
18739
18738
18737
18736
18735
18734
49847
58528
58526
58525
58523
18746
18745
18742
18741
58537
58535
58534
49846
58532
58531
58530
58529
18688
18687
18684
18682
49845
18677
18676
18675
18698
18697
18696
18694
18693
18691
18690
18689
18711
49844
18709
18708
18707
18704
18703
18701
18721
18720
49842
18716
18715
18714
18713
18712
18642
18641
18640
18639
18637
18636
18634
18633
18650
18649
18648
18647
18646
18645
18644
18643
18663
18661
18660
18659
49841
18657
18654
18652
18673
18672
49840
49316
18668
18667
18666
18664
58573
58572
49315
58570
49314
58568
49312
58564
58582
58581
58580
58579
58577
58576
58575
58574
18622
18621
18620
18619
49309
58585
58584
58583
18632
18630
18629
18627
18626
18625
18624
18623
18589
18587
49308
18585
18584
18583
18581
18580
18606
18605
18601
18600
18596
18592
18591
18590
18616
18615
18614
18611
18610
18609
18608
18607
58562
58561
58560
58558
58557
49307
58555
18617
18546
18545
18544
18543
18542
18541
18540
18539
18554
18553
18552
49850
18550
18549
18548
18547
49329
18564
18563
18561
18560
18558
18557
18555
18579
18577
18576
18575
18570
18569
18567
18566
58605
58604
58603
58602
58601
58600
58599
58598
58613
58612
58611
58610
58609
58608
58607
58606
18526
49326
18524
18523
58618
58616
58615
58614
18538
18537
18535
18533
49324
18531
18528
18527
18501
18500
18499
18498
18497
18495
18494
18493
18512
18511
18510
18509
49320
18507
18504
18502
58589
58588
18522
18520
18516
18515
18514
18513
58597
58596
58595
58594
58593
58592
49319
58590
18454
18453
18452
18450
18449
18447
18446
18445
18464
18463
18462
18461
18459
49317
18457
18455
18482
18481
49283
18477
18473
18472
18470
18468
18492
18490
18489
18488
18487
18485
18484
18483
49282
58635
58634
58632
58631
58629
58628
58627
49281
58646
58642
58641
58640
58639
58638
58637
18433
18432
18430
18428
18427
58650
58649
58648
18443
18442
18441
18440
18437
18436
18435
18434
18407
18405
18404
18403
49280
18401
18400
18399
18416
18415
18414
18413
18412
18411
18409
18408
18425
18424
18422
18421
18420
18419
18418
18417
58626
58625
58624
49279
49278
58620
58619
18426
18367
18366
18363
18361
18360
18359
18358
18356
18375
18374
18373
49277
18371
18370
18369
49276
18385
18384
49294
18381
18380
49293
18378
18377
18398
18396
18395
18394
18391
18390
18388
18387
58675
58674
58673
58670
49292
58667
58666
58665
49290
18332
18331
58682
58681
58680
58678
58676
18342
18341
49289
18338
18337
18336
49288
18334
18355
18354
18351
49287
18347
18345
18344
18343
18308
18306
18305
18304
18302
18301
18300
18299
18318
18317
18316
18315
18314
18312
18311
18310
18328
18327
18326
18325
49286
18323
18322
18320
58664
58663
58659
58658
58657
58655
49820
58652
49301
18272
18271
18270
18269
18268
18267
18266
18281
18280
18279
18278
18277
49299
18275
18274
18289
18288
18287
18286
18285
18284
18283
18282
18297
18296
18295
18294
18293
49298
18291
18290
18230
18229
49297
18225
18224
18223
18222
18221
18239
18238
49296
18236
18235
18234
18232
18231
18252
18251
18249
18247
18244
18242
18241
18240
18264
18263
18260
18259
18258
18257
18256
18255
58700
49295
58696
58695
58694
58692
58691
58690
58709
58708
49829
58705
58704
58703
58702
58701
18209
18208
18207
18205
18203
58714
58713
58710
18220
18219
18218
18217
18216
49828
18213
18212
18181
18180
18179
18178
18176
18175
18174
18172
18189
18188
18187
18186
18185
18184
18183
49827
18200
18198
18197
18196
18195
18193
18192
18190
58689
58688
58687
58686
58684
58683
18202
18201
18136
18134
49826
18129
18128
18127
18126
18125
18149
18148
18147
18146
18143
18142
18141
18139
18158
18157
18156
18155
18154
18153
18152
49825
18171
18169
18167
18165
18162
18161
18160
18159
58733
58732
58731
58730
58729
58727
58726
58722
58744
58742
58740
58739
58738
58737
58735
58734
18114
18113
18112
18111
18109
18108
58746
58745
18123
18122
18121
18120
18119
18117
18116
49824
18085
18084
18083
18082
18081
18079
18078
18077
18093
18092
18091
18090
18089
18088
18087
18086
18104
18102
18100
18099
18098
18096
18095
18094
58720
58719
58718
58717
58716
58715
18106
18105
18048
18047
18045
18043
18042
18041
18040
18039
18056
18055
18054
18053
18052
18051
18050
18049
18065
18064
18063
18062
18061
18060
18058
49823
49822
18074
18072
18071
18070
18068
18067
18066
58770
58768
58767
58766
58765
58763
58762
58761
18015
18013
49243
58777
58776
58775
58772
58771
18025
18023
18022
18021
18020
18018
18017
18016
18037
49242
18035
49241
18032
18030
49239
18026
17989
17988
49238
17985
17983
49236
17981
17980
17999
17998
17996
17995
17994
17993
17991
17990
18008
18007
18006
18005
18004
18003
18002
18001
58759
58757
58756
58755
58753
58748
58747
18009
49254
49253
58803
58800
58799
49252
58797
58796
17957
17954
17953
17952
17948
58809
58808
58807
17968
17966
17964
17963
17962
17961
17960
17959
17979
17978
17977
17976
17974
17972
17970
17969
17917
17916
17915
58842
58838
58835
58834
58832
17934
17932
17931
17929
17927
17926
17924
17921
49251
17943
17942
17941
17940
17938
17937
17935
49248
58788
58783
58782
58781
49247
58779
49245
17901
49244
17898
17897
17896
17892
17890
17889
17910
17909
17908
17906
17905
17904
17903
17902
49264
58816
58815
58812
58811
17914
17913
17911
58830
49263
58828
58827
58826
58825
58824
58821
17854
49261
17850
17848
17847
17846
17845
17844
17862
49260
17860
17859
17858
17857
17856
17855
17871
17870
17868
17867
17866
17865
17864
17863
17886
17884
17882
17880
17878
17877
49259
17872
17812
17810
17809
17808
17807
17806
17805
17804
49257
17819
17818
17817
17816
17815
17814
17813
17830
17829
17828
17827
17826
17825
17824
17823
17842
17841
17840
17839
17837
17836
17833
17832
58864
58863
58862
58861
58859
58858
58856
58855
49256
49275
58870
58869
58868
58867
58866
58865
17794
49273
17792
49271
17789
17787
58874
58873
17803
17802
17801
17800
17799
17797
17796
17795
17758
17757
17755
17752
17751
17750
17749
17748
17772
17771
17767
17764
17763
17761
17760
17759
17784
17783
17782
17781
17779
17778
17777
17774
58853
58851
58850
58848
58847
58846
49270
17785
58899
49269
58897
58896
58895
58893
58892
58890
17725
49268
17723
58906
58905
58904
58901
58900
49266
17736
17734
17733
17731
17729
17728
17727
17747
17746
17745
49265
17742
17741
49872
17739
17701
17700
17699
17696
17695
17694
17693
17692
17712
17709
17708
17707
17705
17704
17703
17702
58877
58875
17722
17721
17719
17717
17716
17714
58889
58887
58886
58885
58884
58883
58881
58880
58934
49871
58932
58928
58927
58926
58925
58924
17663
17662
17661
49869
17659
58938
58937
58935
17674
49866
49865
17668
17667
17666
17665
17664
17690
17688
17686
17684
17682
17679
17678
17676
17641
17639
17638
17637
17636
17635
17634
17633
17653
17652
17651
17650
17648
17647
17646
17645
58910
58909
58907
17658
17657
17656
17655
17654
58922
58920
58919
58918
58917
58916
49864
58914
17600
17599
17598
17597
17596
17595
17594
17593
17611
49863
17609
17608
17605
17604
17603
17601
17621
17620
17619
17617
17616
17615
17614
17612
17632
17631
17630
17629
17628
17625
17624
49862
17564
17563
58969
58968
58967
49211
58964
58962
17575
17573
49882
49881
17569
17567
17566
17565
17583
17582
17581
17580
17579
17578
17577
17576
17592
17590
17589
17588
17587
17586
17585
17584
17542
17541
17538
17537
17536
17535
17534
17533
17556
17555
17553
17549
17547
17546
17545
17544
58944
58942
58940
17562
17560
49880
17558
17557
58958
58954
58953
58951
58949
58948
58947
58946
17503
49879
17501
17500
17499
17497
17496
17494
17513
17512
49878
17510
17509
17508
17505
17504
17523
17522
17521
17519
17518
17516
17515
17514
17532
17530
17529
17528
17527
17526
17525
17524
58993
58991
58989
58988
58987
58986
58985
58982
49876
17473
17472
17471
17470
59000
58999
58994
17483
17481
17480
17479
17478
17477
17476
17475
17492
17491
17490
17489
17488
17486
17485
17484
17441
17440
17439
17438
17436
17435
17433
17432
17450
17449
17447
17446
17445
17444
17443
17442
17465
17464
17463
17462
17461
17459
17454
17451
49874
58980
49222
58978
58977
58976
58975
58971
49219
59023
59022
59019
49218
59017
59016
59015
59033
59032
59031
59030
59029
59028
59027
49217
17416
17411
17410
17409
17408
17406
17404
59034
17431
17429
17428
17427
17424
49216
17420
17418
17384
17383
17382
17380
17379
17378
17377
17375
17393
17392
17391
17390
17389
17388
17386
17385
59005
59004
59003
17402
17401
17397
49215
17394
59013
59012
59011
59010
49214
59008
59007
59006
17340
49233
59065
59064
59063
59062
59061
59060
17350
49232
17347
17346
17345
17344
17343
49228
17365
17364
17362
17360
17359
17357
17356
17352
17373
17372
17371
17370
17369
17368
17367
17366
17322
17321
17319
49227
17317
17316
17314
17313
17333
17332
17329
17328
17327
17326
17325
17323
59042
59041
59039
59038
59037
59036
17338
17337
59057
59054
59053
59052
59048
59046
59044
59043
17273
17272
17271
17270
49226
49225
17266
17265
17286
17284
17283
17282
17281
49224
17276
17275
17296
17295
17294
17293
49189
17289
17288
17287
17310
49186
17308
17306
49184
17303
17300
49183
59088
59087
59084
59082
59081
59080
59078
59077
59097
59095
59094
49182
59092
59091
59090
49181
17252
49199
17249
17248
17247
17246
17245
17243
17263
17262
49198
17258
17257
17255
17254
17253
17218
17216
17215
17214
17213
17212
17211
17210
17230
17229
17225
17224
17223
17221
17220
17219
17239
17238
17237
17236
17235
17233
17232
17231
59076
59075
59074
59072
59070
59068
59067
17242
17168
17167
17166
17165
17164
17163
17161
17160
17177
17176
49196
49194
17172
17171
17170
17169
17193
17192
17190
49193
17184
17181
17179
17178
17209
17207
17205
17204
17203
17202
17199
17194
59114
59113
59111
59110
59109
59108
59107
59106
59124
59123
59122
59121
59120
59118
59116
59115
17149
17148
17147
59130
59128
59127
59126
59125
17159
17157
17156
17155
17154
17152
17151
17150
49192
17125
17124
17122
17121
17120
17119
17118
17135
17134
17133
17132
17131
17129
17128
17127
17143
17142
17141
17140
17139
17138
17137
17136
59105
59104
59103
59102
59100
59099
17145
17144
49191
17090
17089
17088
17086
17085
17084
17083
17100
17099
17098
17097
17096
17095
17094
17092
17109
17108
17107
49190
17105
17104
17102
49851
49210
17116
17115
17114
17113
17112
17111
17110
17051
17049
17048
17047
17043
17042
17041
17040
17061
17060
17059
49208
17056
17054
17053
17052
17070
17069
17068
17067
17065
17064
17063
17062
17082
17081
17079
17077
17075
17074
17073
17071
59151
59150
59149
59148
59146
59145
59144
59143
59160
59159
59158
59156
59155
59154
59153
49207
17029
17028
17024
17022
17020
17019
59162
59161
17039
17038
17036
17035
17034
17033
17031
17030
16996
16995
16994
16993
16992
49206
16990
16987
17005
17004
17002
17001
17000
16999
16998
16997
17015
17014
17013
17011
17010
17009
17007
49203
59142
59141
59140
59139
59138
59136
59132
17018
49202
16952
16950
16948
16946
16945
16944
16943
16965
16964
16963
16962
16961
16960
16958
16956
16975
16974
16973
49200
16970
16969
16968
16967
16985
16984
49861
16982
16981
16979
16977
16976
49860
59182
59181
59179
59178
59176
59175
59174
16924
16923
59194
59193
59192
49858
59188
59186
16934
49857
16931
16929
16928
16927
16926
16925
16942
16941
16940
16939
16938
16937
16936
16935
16901
16899
16898
16893
49856
16890
49855
16888
16912
16910
16909
16907
16906
16904
49854
16902
59163
16921
49853
16919
16917
16915
16914
49154
59173
59171
59169
59168
59167
59166
59165
59164
59221
59220
59219
59218
49153
59216
59215
59214
16863
16862
16861
16860
16859
59226
59225
59223
16874
16873
16872
16871
16870
16868
16867
49151
16887
16886
16885
16884
16883
16880
16879
16878
16847
16846
16844
16842
16841
16840
16839
16837
59195
16858
16853
16852
16851
49150
16849
16848
59204
59203
59202
59201
59199
59198
59197
59196
59213
59212
59211
59210
59209
59208
59207
49149
16800
16799
16798
16797
16795
16794
16793
16792
16810
49148
16808
16807
16806
16805
49147
16801
16822
16820
16818
16817
16816
16815
16814
16812
49146
16834
16832
16831
16829
16826
16824
16823
59245
59244
49163
59242
59241
59239
59238
59237
59255
59253
59252
59250
59249
59248
59247
59246
16773
16771
16768
16766
16764
16763
59258
59256
16791
16790
16789
16785
16784
16780
16777
16776
16737
16736
49162
16732
16731
16730
16728
49161
16747
16746
16743
16742
16741
16740
16739
16738
16758
16756
16754
16753
16751
16750
16749
16748
59236
59234
59231
59230
49160
59227
49159
16759
16698
16697
16696
16691
16689
16688
16687
16686
16708
16707
16705
16704
16703
16702
16701
16699
16716
16715
16714
16713
16712
16711
16710
16709
16726
16725
49158
16722
16721
16720
16718
16717
59279
59278
59277
59276
59275
59274
59273
59272
59290
59289
59288
59286
59283
59282
59281
59280
16675
16674
16673
16672
16671
16670
16669
16668
16685
49157
16682
16681
16680
16679
16678
16676
16647
16646
16642
16641
16639
16638
16637
16635
16660
49156
16656
16655
16653
49170
16649
16648
59262
59261
59260
59259
16666
16665
16662
16661
59271
59270
59269
59268
59267
59266
59264
59263
16603
16602
16599
16598
16597
16595
49169
16593
16617
49167
16610
16609
16607
16606
16605
16604
16626
16625
16624
16623
16622
16621
16620
16619
16634
16633
16632
16631
16630
16629
16628
16627
49166
59315
59314
59313
59312
59311
59309
59308
16573
16572
16571
59321
59320
59319
59318
59317
16584
16583
16582
16581
16580
16578
16575
16574
49165
16591
16590
49164
16588
16587
16586
16585
16551
16550
16549
16548
16547
16546
16545
16544
16564
16561
16560
16558
16557
16556
16555
16554
59297
59296
59294
59293
59291
16570
16568
49180
59306
49179
59304
59303
59302
59301
59300
59299
16513
16511
16510
16509
16508
16506
16505
16504
16524
49178
16522
16521
16520
16519
16518
16517
16533
16532
16531
16530
16528
16527
16526
16525
16543
16542
16541
16540
16539
16538
16535
16534
59345
59344
59343
59342
59340
59339
59338
49177
59353
59352
59351
59350
59349
59348
59347
59346
16488
16487
16483
16481
16480
16479
16478
49175
16503
16501
16499
16496
16495
16494
16491
16489
16452
16451
16450
16449
16447
16442
16441
49174
16465
16464
16463
16462
16461
16458
16454
16453
59325
16473
16472
16470
16469
16468
16467
16466
59334
59333
59331
59330
59329
59328
59327
59326
49172
16406
16405
16403
16402
49112
16400
16399
16419
16417
16415
16412
16411
16410
16409
16408
16428
16427
16426
16425
49111
16423
16422
49109
16439
49108
16435
16434
16432
16431
16430
16429
59377
59376
59375
59374
59373
59371
59370
49107
59385
59384
59383
59382
59381
59380
59379
59378
16389
16388
16387
16386
49106
16380
16379
59386
49105
16397
16396
16395
16394
16393
16392
16391
16358
16356
16354
16352
16351
16350
16347
16342
16371
16368
16367
49102
16364
49122
16361
16359
59359
59358
59357
59355
16377
16375
16373
16372
59368
59366
59365
59364
59363
59362
59361
59360
59411
59410
59409
59408
59406
59405
59404
59403
16317
59418
59417
59416
49121
59414
49120
59412
16329
16328
16327
16326
16325
16324
16320
16318
16341
16339
16337
16336
49119
16333
16332
16330
16296
16295
16294
16293
16292
16291
49117
16288
16312
16311
16309
16308
16305
16300
16298
16297
49116
59391
49115
59389
59388
59387
16314
16313
59402
59401
49114
49134
59397
59396
59395
59394
16255
59450
59449
59448
59447
59446
59445
59444
16265
16264
16263
16262
16260
16259
16257
16256
16277
16276
16274
16273
16272
16271
16267
49132
16287
16286
16285
16284
16283
16282
16280
16278
16234
16233
16232
16230
49130
16228
16227
16226
49129
16243
16242
16241
16240
49128
16238
16237
59431
59429
59428
59426
59419
16250
16248
16247
59443
59442
59441
59440
59439
49127
59433
59432
16189
16186
16185
16183
16182
16180
16179
16178
16200
16199
16198
16197
49124
16195
16191
16190
16211
16209
16208
16207
16206
16205
16202
16201
16224
16223
16222
16220
16217
16215
16214
16212
59474
59473
59472
59469
59468
59467
59466
59465
16158
16156
16155
59482
59481
59480
59479
59475
16168
16167
16166
16165
16164
16162
16161
16160
16177
16176
16175
16174
16173
16172
16171
16169
16130
16129
16128
16127
16126
16125
16124
16123
16142
16141
16139
49123
16136
16135
16134
16131
59453
16154
16151
16149
16148
16145
16144
49143
59464
59463
59462
59461
59458
59456
59455
59454
16088
49141
16086
16085
16084
16083
49139
16081
16103
16100
16096
16095
16094
16093
16090
16089
16112
16111
16110
16109
16108
16106
16105
16104
16122
16120
16119
16118
16117
16115
16114
16113
59510
59509
59508
59507
59506
59505
59504
59503
16063
16062
16060
16059
59514
59513
59512
59511
16071
16070
49138
16068
16067
16066
49137
16064
16080
16079
16078
16077
16076
16075
16073
16072
16045
16044
16043
16041
16040
16039
16035
16034
16056
49136
16054
49135
16052
16050
16049
16048
59491
59490
59487
59486
59484
59483
16058
16057
59501
59499
59498
59497
59495
59494
59493
49904
15997
15996
15995
15992
15991
15990
15989
15988
16010
16008
16004
16003
16001
16000
15999
15998
49903
16021
49902
16017
16014
16013
16012
16011
16033
16032
16031
16029
49901
16026
16025
16024
59535
59533
59532
59531
59530
59529
59528
59527
59544
59543
59542
59541
59540
59538
59537
59536
15973
15972
15969
15967
15965
15963
59546
59545
15987
49899
15983
49898
15980
15978
15975
15974
15937
15935
49896
15930
15929
15926
49083
15924
15951
15949
15948
15946
15945
15943
49914
49912
15962
15961
15960
15959
15958
15957
15953
49911
59526
59524
59523
59522
59519
59518
59516
59515
59569
59567
59564
59563
59561
59560
59559
59558
15900
59577
59576
59575
59574
59573
59571
59570
15913
15912
15909
49910
15905
15904
15903
15902
15923
15922
15920
15919
15918
15917
15916
15915
15876
49907
15873
15872
15869
15867
15866
15865
15886
15884
15883
15882
15880
15879
15878
15877
15898
15896
15895
15893
15891
15890
15888
15887
59556
59555
59554
59553
59551
59550
59549
59547
15838
15837
15836
15833
15832
15831
15830
15829
15846
15845
15844
15843
15842
15841
15840
15839
15856
15855
15853
15852
15851
15850
15848
15847
15864
15863
15862
15861
15860
15859
15858
15857
59606
59604
59600
59599
49906
59597
59593
59591
49091
15808
15807
15806
15805
15804
59608
59607
15818
15817
15816
15815
15814
15812
15811
15810
15828
15827
15825
15824
49090
15822
15821
15820
15781
49089
15778
15777
15776
15775
49088
15773
15794
15793
15792
15790
15789
15788
15786
15782
15802
15801
15800
15799
15798
15797
15796
15795
59590
59589
59588
59587
49087
59583
59580
49086
49085
15737
15736
49084
15734
15733
15732
15731
15753
15752
15749
15747
15745
15744
15743
15741
15762
49099
15760
15759
49098
15757
15756
15755
15771
15770
15769
49097
15767
49096
15765
15764
15698
15697
15696
15695
15694
15693
15691
15689
15709
15708
15707
15706
15705
15704
15703
15702
15722
15720
15719
15717
15714
15713
15712
15710
15730
15729
15728
49095
15726
15725
15724
15723
49094
59623
59622
59621
59620
59619
59618
59617
59633
59632
59630
59629
59628
59627
59626
59625
15676
49093
59641
59640
59638
59637
59635
59634
15688
15686
15685
15683
15682
15681
15680
15679
15652
15649
15648
15646
49060
15643
15642
15641
15662
15661
15660
15659
15658
15657
15656
15655
15672
15671
15670
49059
15668
15667
15665
15663
59616
59615
59614
59613
59612
59611
15674
15673
15612
15611
15610
15608
15607
15606
15604
15603
15621
15620
15619
15618
15617
15616
15614
15613
15630
15629
15628
15627
15626
15625
15624
15623
15640
15639
15638
15636
49058
15634
15633
15631
15578
15577
15576
15575
15573
15572
49057
15570
15586
15585
15584
15583
15582
15581
15580
15579
15594
15593
15592
15591
15590
49056
15588
15587
15602
15601
15600
15599
15598
15597
15596
15595
59660
59659
59658
59657
49054
59655
59654
59653
59670
59669
59668
59667
59666
59665
59663
59662
15560
15557
49052
15552
15550
59674
59672
59671
15569
15568
15566
15565
15564
15563
15562
15561
15530
15529
15528
15527
15525
15524
15523
15521
15539
15537
15536
15535
15534
15533
15532
15531
59643
15546
15545
15544
15543
15542
15541
15540
59652
49050
49069
59649
59648
59647
59645
59644
15491
49068
15489
15488
15487
15486
15484
15482
15501
15499
15498
15497
15495
15494
15493
15492
15509
15508
15507
15506
15505
15504
15503
15502
15520
15519
15518
15517
15514
15513
15511
15510
15450
15446
15445
15444
15443
15442
15441
15440
15458
15457
15456
15455
15454
15453
15452
15451
15469
15468
15467
15465
15462
15461
15460
15459
15480
15479
15478
15477
15474
15473
15471
15470
59694
49067
59690
59689
59688
59687
59686
59685
59702
59701
49065
59699
59698
59697
59696
59695
49064
15424
15423
15422
15420
59706
59705
59704
15438
49063
15436
15434
15431
15429
49062
15427
15395
15394
15393
15388
49061
15386
15385
15384
15403
15402
15401
15400
15399
15398
15397
15396
49082
15413
15412
15411
15407
15406
15405
15404
59684
59682
59681
59679
59678
59675
15416
15415
15353
15352
15351
15350
15348
15346
15344
15343
15362
15361
15360
15359
15358
15356
15355
15354
15375
15374
15372
15370
15368
15365
15364
15363
15383
15382
15381
15380
15379
15378
15377
15376
59725
59724
59723
59722
59721
59720
59718
59717
49078
59733
59732
59730
59729
59728
59727
59726
15328
15327
15326
15324
15323
59737
59736
59735
15340
15336
15335
15333
15332
15331
15330
15329
15301
15299
15298
15297
49076
49072
15293
15291
15310
15309
15308
15307
15305
15304
15303
15302
15320
15319
15318
15317
15315
15313
15312
15311
59715
59714
59713
49071
59709
59708
59707
15321
15264
15263
15262
15261
15260
15259
15257
15256
15274
15273
15272
15271
15270
15269
15266
15265
15282
15281
15280
49070
15278
15277
15276
15275
15290
15289
15288
15287
15286
15285
15284
49895
59768
59766
59765
59764
59763
59762
59760
59759
15236
15235
15234
15232
15230
15227
49894
59769
15245
15244
15242
15241
15240
15239
15238
15237
15255
15254
15252
15251
15250
15248
15247
15246
15219
15218
15217
15216
15215
15212
15211
15210
59741
59740
59739
15225
15224
15223
15222
15220
59750
59749
59748
59747
59746
59745
59744
59742
59758
59757
59756
59755
59754
59753
59752
59751
15161
15160
15158
15157
15156
15153
15149
15148
15172
15171
15170
15169
15168
49893
15164
15163
15185
15184
15183
15182
15180
15176
15175
15173
15209
15207
15199
49890
15193
15190
15189
15186
59789
59788
59787
59786
59785
59784
59783
49889
59798
49886
59796
59794
59793
59792
59791
59790
15137
15135
15133
15131
59802
59801
49884
59799
15147
15146
15145
15143
15142
15141
15139
15138
15110
15109
15108
15107
15106
15105
49883
49022
15119
15118
15117
15116
15115
49021
15112
15111
59771
15130
15129
15127
15125
15124
15121
15120
59779
59778
59777
59776
59775
59774
59773
59772
15063
15062
15061
15060
49020
15058
15056
15055
15074
15073
15072
15071
15070
15068
15067
15066
15086
49018
15083
15080
15078
15077
15076
15075
15102
15099
15098
49017
15091
15090
15089
15088
59819
59818
59817
59816
59815
59813
59811
59810
59829
59828
59827
59825
59824
59823
59821
59820
15040
15039
15037
49016
59834
59833
59831
59830
15054
49015
15052
15050
15049
15048
15043
15042
59863
59862
59860
59856
59855
59854
59853
59852
15014
15013
15011
15010
15006
49014
15003
59866
15028
15027
15026
15023
15022
15020
15019
15016
49031
59808
59807
59806
59805
59804
15034
15029
14986
14985
14983
14982
14981
14980
14979
14978
14996
14995
14993
49030
14991
14990
14988
14987
59836
59835
15002
15001
15000
14999
14998
14997
59851
59849
59848
59847
59843
59841
59838
59837
14946
14945
14944
14942
14941
14940
14939
14938
49028
49027
14953
14952
14951
14950
14948
14947
14966
49026
14963
14962
14961
14960
14959
14958
14977
14976
14974
14973
14971
14970
14969
14967
14908
14907
14906
14905
14904
14903
14900
14899
14917
14916
14914
14913
14912
14911
14910
14909
14928
14927
49025
14922
14921
14920
14919
14918
14937
14936
14935
49024
14932
14931
14930
14929
14869
14868
14866
14865
14864
14863
14862
14861
14878
14877
49023
14875
14873
14872
14871
14870
14889
14887
14885
14884
14883
14882
14880
14879
14898
14897
14896
14895
14894
14892
14891
14890
59887
59886
59885
59883
59882
59881
59879
59878
59898
59895
59894
59892
59891
59890
59889
59888
14850
14849
14848
14847
14846
14845
14844
14843
49040
14858
49039
14856
14854
14853
14852
14851
14820
14819
14818
14816
14815
14814
14813
14812
14830
14829
14828
14825
14824
14823
14822
14821
14840
14839
14838
14837
14836
14834
14832
14831
49038
59875
49036
59871
59870
59868
59867
14842
14782
14781
14778
14776
14775
14774
14773
14772
14792
14791
14790
14789
14788
14787
14786
14785
14802
14801
14799
14798
14797
14796
14794
14793
14811
14810
14809
14808
14807
14806
14804
14803
14739
14738
14737
14736
14735
14734
14733
14732
14751
14749
14748
14747
14746
14744
14743
14742
14763
14762
14761
14759
14758
14757
14756
14752
14771
14770
14769
49035
14767
14766
14765
14764
59922
59921
59920
59919
59918
59917
59915
59914
59930
59929
59928
49034
59926
59925
59924
59923
14723
14722
49033
14719
14718
14717
14716
14715
14731
49032
14729
14728
14727
14726
14725
14724
14692
14691
14689
14688
14687
14685
14684
14683
14705
14703
14702
14700
14698
14697
14696
14693
59901
59900
59899
14713
14711
14710
14709
14706
59912
59910
59909
59906
59905
59904
59903
59902
14656
14654
14652
49049
14650
14648
14647
14646
14666
14665
14663
14662
14661
49048
14658
14657
14674
14673
14672
14671
14670
14669
14668
14667
14682
14681
14680
14679
14678
14677
14676
14675
59958
59956
59955
59953
59951
59950
59949
59947
14627
14626
14625
14623
59962
59961
59960
59959
14637
14636
14635
14633
14631
14630
14629
14628
14645
14644
14643
14642
14641
14640
14639
14638
14595
14594
14592
14590
14589
14587
14586
14585
14607
14604
14603
14600
49047
14598
14597
49046
14617
14616
14614
14612
14611
14610
14609
49045
59944
59943
59942
59938
59937
59936
59934
14618
14555
14554
14553
14552
14551
14550
49044
14548
14564
14563
14561
14560
14559
14558
14557
14556
14573
14572
14571
49042
14569
14567
14566
14565
14584
14582
14580
14579
14577
14576
14575
14574
59990
59989
59988
59987
59986
59985
59983
59982
14528
14525
14524
14523
59994
59993
59992
59991
14537
14536
14535
14534
14533
14532
14530
14529
14546
14545
14544
14543
14542
14541
14540
14538
14505
14504
14502
14501
14500
14499
14498
49041
14515
14514
14513
14512
14510
14508
14507
14506
59966
48987
59963
14521
14520
14519
14517
14516
59981
59980
59973
59972
59971
59969
48986
48985
48984
14467
48983
14465
14462
14461
14459
14458
14478
14477
14476
14475
14474
14473
14472
48982
14487
14486
14485
14484
14483
14482
14480
14479
14496
14495
14494
14493
14492
14490
14489
14488
60017
60016
60015
60014
60013
60012
60011
60010
60025
60024
60023
60022
60021
60020
48981
60018
48980
14441
14438
14437
14435
14433
14430
14429
14454
14452
14451
14450
14449
14448
14445
14444
14413
14411
14410
14409
14407
14404
14403
14402
14423
14422
14421
14420
14417
14416
14415
14414
48995
59999
48993
59997
59995
14426
14425
14424
60009
60008
60007
60006
60005
60004
60003
60001
14367
14366
14365
14364
48992
48991
14358
14356
14380
14378
14377
14376
14373
14372
14371
14370
14389
14388
14387
14386
14384
14383
14382
14381
14400
14399
14398
14397
14396
14394
14393
14391
60052
60051
60050
60049
60048
60047
48990
60044
14335
14334
14333
14332
60058
60057
60054
60053
14346
14344
14343
14342
14341
14338
14337
14336
14355
14354
14352
14351
14350
14349
14348
14347
14312
14311
14310
14309
48989
14307
14306
14305
14323
14322
14321
14320
14319
14318
14316
14314
60030
60029
60028
60027
14330
14327
14326
14325
60042
60041
60040
60039
60038
60037
60034
60033
14274
14273
14272
48988
49002
14268
14267
14266
14283
14282
14280
14279
14278
14277
14276
14275
14295
14294
14292
14291
14289
14287
14285
14284
14304
14303
14301
14300
14299
14298
14297
14296
14232
14231
14229
14228
14227
14226
14224
14222
49001
14240
14239
14238
14237
14235
14234
14233
14253
14251
14250
14249
14247
14246
14243
49000
14265
14264
14262
14260
14259
14258
14257
14256
60082
60079
60077
60076
60075
60074
60073
60072
14205
14203
60090
48999
60087
60085
60084
60083
14213
14212
14211
14210
14209
14208
14207
14206
14221
14220
14219
14218
14217
14216
14215
14214
48998
14184
14183
14182
14181
14180
14179
14178
14193
14192
14191
14190
14189
14188
14187
14186
14201
14200
14199
14198
14197
14196
14195
48997
48996
60069
60068
60067
60064
60062
60060
60059
14143
14142
14141
14140
14139
14137
14136
14135
14153
14152
14151
14150
14149
14148
14146
14145
14164
14163
14161
14160
14158
14157
14156
14154
14177
14176
14174
14172
14171
14170
14169
14168
60116
60115
60114
60113
60112
60111
60110
60107
49013
14108
60122
60121
60120
60119
60118
60117
14121
14120
14119
14118
14117
14116
14114
14113
49010
14133
14132
14130
14129
14124
14123
14122
14088
14087
49009
14085
14083
49008
14081
14080
14098
14096
14095
14094
49007
14091
14090
14089
60095
60091
14105
14104
14103
49006
14101
14100
60106
60105
60104
60102
60101
60100
60099
60096
14050
14049
14048
14047
14045
14044
14043
14042
14061
14060
14057
14056
14054
14053
14052
14051
14070
14069
14068
14067
14066
14065
14063
14062
14078
14077
14076
14075
14074
14073
14072
14071
14009
14008
14005
14004
14001
49005
13999
49004
14018
14017
14016
14015
14014
14013
14012
14010
14030
14028
14024
14023
14022
14021
14020
14019
14041
14040
14039
14038
14037
14033
14032
14031
60139
60138
60137
60136
60135
60134
60133
60132
60149
60148
60147
60146
60145
60143
60142
60140
13988
13987
13986
13985
13981
13980
60154
60151
13997
13996
13995
13993
13992
13991
13990
13989
13955
13954
13952
13951
13950
13949
13946
13944
13967
13966
13965
13962
13960
13959
13958
13957
13977
13974
13973
13972
13971
13970
13969
48952
60131
60130
60129
60128
60126
60125
60124
13978
13918
13916
13915
13914
13913
13912
13911
13910
13926
13925
13924
13923
13922
13921
13920
13919
13934
13933
13932
13931
13930
48951
13928
13927
13943
13942
13941
48950
13939
13938
13937
13935
13881
13880
13879
13878
13877
13876
48949
13873
13891
13889
13887
13886
13885
13884
13883
13882
13899
13898
13897
13896
13895
13894
13893
13892
13909
13908
13907
13905
13904
13903
13902
13900
13844
13842
13841
13840
13839
13838
13837
13836
13854
13853
13851
13850
48948
13847
13846
13845
13863
13862
48947
13860
13859
13857
13856
13855
13872
13871
13870
13869
13868
13867
13866
13865
60175
60174
60172
60171
60169
60168
60167
60166
60183
60182
60181
60180
60179
60178
60177
60176
13826
13824
13823
13822
13821
13820
60186
60184
13835
48946
13833
13832
48945
13829
13828
13827
13796
13794
13793
13789
13788
13787
13786
13783
13804
13803
13802
13801
13800
13799
13798
13797
13818
13817
13816
13815
13811
13809
13808
13805
60164
60163
60162
60161
60160
60159
60158
60156
60216
60215
60214
48961
60212
60210
48960
60207
13763
13762
13761
13759
13756
13755
60218
60217
13771
13770
13769
13768
13767
13766
13765
13764
13781
13780
13778
13777
13776
48959
13773
13772
13741
13739
13737
13736
13734
13731
13729
13726
60187
48958
13751
13750
13749
13748
13743
48957
60198
60197
60194
60193
60192
48956
60190
60189
60206
60205
60204
60203
60202
60201
60200
60199
13688
13687
13686
13685
48955
13683
13682
48954
13699
13697
13696
13695
13694
13693
13692
13689
13710
13708
48969
13706
13704
13703
13702
13700
13725
13722
13721
13718
13717
13716
13714
13713
13650
13649
13648
48968
13646
13643
13642
13641
13658
13657
13656
13655
13654
13653
13652
13651
13669
13667
13666
13665
13663
13661
13660
13659
13678
13677
13676
13675
48967
13672
13671
13670
60232
60231
60230
60229
60228
60227
60226
60225
60242
60240
60239
60238
60237
60236
60234
60233
13627
60250
60249
60248
60247
60246
60245
60243
13640
48966
13638
13636
13635
13634
13632
48965
13605
13604
13601
13600
13599
13598
13597
13596
13614
13613
13611
13610
13609
13608
13607
48964
13624
13623
13622
13621
13620
13618
13616
13615
60224
60223
60222
60221
60220
60219
13626
48963
13563
13562
13560
13558
13556
48962
13554
13550
13572
13571
48979
13569
13567
13566
13565
13564
13580
13579
13578
13577
13576
13575
13574
13573
13594
13592
48978
13587
13585
13584
13582
13581
60271
60270
60269
60268
60267
60264
60263
60262
60281
60280
60279
60278
60277
48977
60273
60272
13537
13536
13535
13534
48976
13532
13531
60282
13548
13547
13546
13545
13544
13543
13541
13538
48975
13509
48974
13505
13504
48971
48970
48916
13520
48915
13517
13516
13515
13514
13513
13511
13529
13527
13526
13525
13524
13523
13522
13521
60261
60260
60259
60258
60257
60255
48914
60253
13467
13466
13465
13464
13463
13462
13460
13459
13479
13477
13476
13475
13473
13472
13470
13468
13489
13488
13487
13485
13483
13482
13481
13480
13499
13498
13497
13495
13494
13493
13492
13491
60303
60302
48913
60300
60299
60298
60296
60295
48912
60311
60310
60309
60308
60306
60305
60304
13447
13446
13445
13441
13440
13439
13435
60314
13456
13455
13454
13453
13452
13451
13450
48911
13409
13408
13407
13406
13405
48910
13403
48909
13423
13422
13418
13417
13416
13415
13414
13411
60285
60283
13434
13432
13430
13429
13426
13424
60294
60293
60292
60291
60290
60289
60287
60286
48925
13368
13367
13366
13365
13363
13362
48924
13378
13377
13376
13375
13373
13372
13371
13370
13390
13389
13387
13385
13384
13383
13382
13380
13401
13400
13399
13396
13394
48922
13392
13391
60337
48921
48920
60334
60333
60332
60331
48919
60345
60344
60343
60342
60341
60340
60339
48918
13346
13345
13344
13343
13342
13340
13339
60346
13356
48933
13353
48932
13350
13349
13348
13347
13318
13317
13316
13315
48931
13312
13311
13310
48930
48929
13324
13323
13322
13321
13320
13319
13338
13337
13336
13334
13333
13331
13330
13329
48928
60328
60326
60325
60322
60320
60318
60317
13277
13276
13274
13273
13270
13269
13268
13266
13285
13284
13283
48927
13281
13280
13279
13278
13294
13293
13291
13290
13289
13288
13287
13286
13308
13305
13304
13302
13300
13299
13296
13295
13238
48926
13236
13235
13234
13233
13232
13230
13247
13246
13244
13243
13242
13241
13240
13239
13256
13255
13254
13253
13252
13251
13250
13248
13264
13263
13262
13261
13260
13259
13258
13257
60367
60366
48943
60361
60358
60357
60356
60355
60377
60376
60375
60374
60372
60371
60370
60369
13220
13219
13217
13216
13213
13212
13211
60378
13228
13227
48942
13225
13224
13223
13222
13221
13185
48940
13180
13179
13178
13177
13175
13174
13197
13196
13195
13194
13193
48939
13189
13186
13206
13205
13204
13203
13202
13201
13200
13198
60354
60352
60351
60350
60349
60348
60347
13207
13131
13130
13129
13128
13127
13125
13124
13123
13142
13141
13140
13139
13137
13136
13135
13133
13154
48937
13150
13149
13148
13147
13146
13143
13172
13169
13168
13164
13161
13160
13158
48936
60392
60391
60390
60389
60388
60387
60386
60385
60400
60399
60398
60397
60396
60395
60394
60393
60408
60407
60406
60405
60404
60403
60402
60401
13122
13121
13119
13117
13116
13115
60410
60409
13089
13088
13087
13083
13082
13080
13079
48935
13100
13097
13095
13094
13093
13092
13091
13090
13112
13110
13109
13107
13106
13105
13104
13101
60384
60383
60382
60381
60380
60379
13114
13113
13047
13045
13044
13040
13039
13038
13037
13035
13058
13057
13054
13052
13051
13050
13049
49935
13066
13065
13064
13063
13062
13061
13060
13059
13077
13076
13075
13073
13072
13070
13069
13068
60427
60426
60425
60423
60422
60421
60420
60418
60436
60435
60433
60432
60431
49933
60429
60428
49929
13023
13022
13020
13019
60439
60438
60437
13033
13032
13031
13030
13029
13028
13027
13026
12996
12995
12993
12992
12990
12988
12987
12986
13006
13005
13004
13003
13001
12999
49928
12997
13015
13013
13012
13011
13010
13009
13008
49927
60417
60416
60414
60413
49926
60411
13018
13017
12959
12958
12956
12954
12953
12950
12949
12948
12967
12966
12965
12964
12963
12962
49925
12960
12975
12974
49945
12972
12971
12970
12969
12968
12985
12984
12982
12981
12979
49943
12977
12976
60465
60462
60461
60460
60459
60458
60456
60455
12927
12926
49942
60473
60472
60471
49941
60468
12938
12937
12936
12935
12932
12931
12929
12928
12947
12946
12944
12943
12942
12941
12940
12939
12903
12902
12901
12900
12898
12897
12896
12895
12914
12913
12912
12910
12909
12907
12905
12904
60444
12922
12921
12919
12918
12917
12916
12915
60454
60453
60452
60451
60449
60447
60446
60445
12857
12855
12854
12852
12851
12849
12848
12847
12871
12868
12863
12862
49940
49938
12859
12858
12883
12882
12880
12877
12875
12874
12873
12872
12894
12892
12891
49937
12889
12888
12885
12884
60495
60493
60492
60490
60489
49936
60487
60485
60503
60502
60501
60500
60499
60498
60497
60496
12837
12835
48899
12830
12829
60506
60505
60504
12846
12845
12844
12843
12842
12840
12839
48896
12807
12806
12805
12804
12803
12801
12800
12799
12816
12815
12814
12813
12812
12811
48895
12808
12826
48894
12824
12823
12822
12820
12819
12817
60483
48893
60481
60480
60479
60478
48892
60475
12765
12764
12763
12762
12760
12759
12758
48891
12775
12773
12772
12771
12770
12769
49946
12767
48908
12785
12783
12782
12781
12779
12777
12776
12798
12796
12794
12793
12792
12791
12790
12788
48907
12719
12718
12717
12715
12714
12713
12712
48906
12727
12726
12725
12724
12723
12722
12721
12742
12741
12737
12734
12733
12732
12731
12730
48905
12754
12753
48904
12750
12749
12748
12747
60521
60520
60519
48903
60516
60515
60514
60513
60531
60530
60529
60528
60527
60526
60524
48902
12701
12700
12699
60537
48901
60535
60534
60532
12710
12709
12708
12707
12706
12704
12703
12702
12674
12673
12672
48872
12670
48871
12665
12664
12682
12681
12680
12679
12678
12677
12676
48870
12695
12694
12693
12692
12690
12689
12688
12683
60512
60511
48868
60509
60508
60507
12697
12696
12632
12631
12629
12628
12626
12625
12624
12622
12642
12641
12640
12637
12636
48867
12634
12633
12650
12649
12648
12647
12646
12645
12644
12643
12662
48864
12659
12658
12656
12654
12652
12651
60562
60559
60558
60557
60554
60553
60552
60551
12603
60569
60568
60567
60566
60565
60564
60563
12612
12611
12610
12609
12607
12606
12605
12604
12621
12620
12619
12617
12616
12615
12614
48863
12582
48862
12578
12577
12575
12574
12573
12572
12594
12592
12591
12588
12587
12586
12585
12583
60541
60540
12601
12600
12599
12598
12597
12595
60550
60549
60548
60547
60545
60544
60543
60542
12538
12537
12535
12533
12531
12526
12525
12524
12548
12547
12546
48881
12542
12541
12540
12539
12561
12559
12557
12555
12554
12553
12550
12549
12570
12569
12568
12566
12565
12564
12563
12562
60591
60590
60589
60588
60587
60586
60585
60584
60599
60598
60597
60596
60595
60594
60593
60592
12513
12512
12511
12510
12509
12507
60602
60601
12523
12520
12519
12518
12517
12516
12515
12514
12488
12487
12486
12482
12481
12480
48880
12477
12501
12500
12499
12496
12495
12494
48879
12489
60574
60573
60572
12506
12505
12504
48877
12502
60583
60582
60581
60580
60579
60577
60576
60575
12443
12442
48876
12439
12436
12435
12434
12433
12451
12450
12449
12448
12447
12446
48875
48874
12465
12463
12462
12461
12458
12456
12454
12453
12476
12475
12474
12473
12470
12469
12467
12466
48873
60623
60621
60620
60618
60617
60612
60611
60633
60632
60631
60630
60629
60628
60627
60626
12423
12422
12420
12419
12418
12412
12411
60634
12432
12431
12430
12429
12428
12427
12425
12424
12390
12389
12388
12387
12386
12385
12384
12382
12401
12400
12399
12398
12397
12396
12392
12391
12410
12408
12407
12406
12405
49915
12403
12402
60610
60609
60608
60607
60606
60605
60604
60603
12348
12347
48890
12342
12341
48889
12338
12336
12360
12359
12356
48887
12354
12352
12350
12349
12371
12370
48885
12368
12367
12366
12363
12362
12381
12380
12379
12377
12376
12375
12374
12373
60654
60653
60652
60651
60649
60648
60647
60646
60664
60663
60662
60660
60659
60657
48884
60655
12324
12323
12318
12317
12316
12315
60666
60665
12334
12333
12332
12331
12329
12327
12326
12325
48883
12294
12292
12291
12289
12288
12287
12285
12303
12302
12301
12300
12299
12298
12297
12296
60635
12313
12312
12311
12310
12309
12307
49924
60644
60643
49923
60641
60639
60638
60637
60636
49922
12252
12251
49921
12247
12246
12245
12242
12262
12261
12260
12259
12258
49919
12255
49918
12273
12270
12269
12268
12266
12265
12264
12263
12284
12283
12282
12281
12279
12276
12275
12274
60687
60686
60685
60684
60683
60682
60681
60680
60698
60697
60694
60693
60692
60691
60690
60689
12232
12231
12230
12228
12227
12222
12221
49917
12241
12240
12239
12238
12237
12235
12234
12233
12191
12189
12188
60730
60729
60727
60726
60725
12207
12206
12205
12202
12201
12196
12195
12194
12217
12215
12214
12213
12212
12211
12210
12209
60679
60678
60674
60672
49916
60669
60668
60667
12168
12167
12166
12165
12164
12162
12161
12160
12179
12177
12175
12174
12173
12172
12171
12169
60709
60708
60706
60703
60700
48830
12183
12180
48829
60722
60720
60719
60715
60714
60713
60710
12131
12130
48827
12124
12123
12122
12121
12120
12140
12139
12138
12137
12135
12134
12133
12132
12151
12149
48826
12146
12145
12144
12143
12142
12159
12158
12157
12156
12155
12154
12153
12152
60756
60755
60754
60753
60752
60751
60750
48825
12095
48824
12091
60762
60761
60760
48823
60758
12107
12104
12103
12102
12100
12099
12098
12097
48822
12116
12115
48840
12113
12111
12109
12108
12076
48839
12074
12072
12065
12064
12063
12060
12085
12084
12083
12081
12080
48837
12078
12077
60735
60734
60732
60731
12089
12088
12087
12086
60747
60746
60745
60744
60743
60740
60739
60738
12030
48836
12028
12027
12026
12025
12024
12023
12040
12039
12037
12036
12035
12034
12033
12031
12049
12048
48835
12045
12044
12043
12042
12041
12059
12058
12057
12056
12055
12054
12053
12052
60786
60785
60784
60783
60781
60780
60779
60776
12001
12000
11999
11998
48834
48832
60793
60788
12012
12011
12010
48849
12007
12006
12004
12002
12022
48848
12020
12018
48847
12015
12014
48846
11979
11978
11976
11975
11974
11973
11972
11968
11988
11987
11986
11985
11984
11983
11981
11980
60767
60765
60764
11994
11993
11992
11991
11990
60775
60774
60773
60772
48845
60770
60769
60768
48844
11936
11935
11934
11932
48843
48861
11929
11946
11945
11944
11943
11942
11941
11939
11938
11957
11955
11954
11953
11952
11951
11950
11947
11967
11966
11964
11963
11962
11960
48860
11958
11895
11893
11892
11891
11890
11889
11887
11884
11905
11903
11902
11901
11900
11898
11897
11896
11917
11916
11915
11914
11912
11908
11907
11906
11928
11927
11926
11925
11923
48855
11921
11918
60815
60814
60813
60811
60809
60808
60807
60805
48854
48853
60821
60820
60819
60818
60817
60816
11872
11871
11870
11869
11868
60826
60825
60824
11883
11881
48852
11878
11877
48851
11874
11873
48850
11844
11843
11842
11841
11840
48790
11838
11857
11855
11854
11853
11851
11850
11848
11846
11866
11865
11864
11863
11862
11861
11860
11858
60804
60803
60802
60801
60800
60797
60796
60795
11802
11800
11799
11798
11797
11795
11794
11793
11815
11813
11811
11808
11807
11806
11805
11803
48789
48788
11823
11822
11821
11820
11817
11816
11837
11836
11835
11833
11832
11829
11828
11827
60847
60846
60845
60844
60843
60842
60841
60839
60856
48787
60853
60852
60851
60850
60849
60848
11780
11779
11778
11777
11776
11775
48786
60858
11791
11790
11789
11786
48785
11784
11783
11782
11752
11750
11749
11748
11747
11745
11744
11743
11764
11763
11762
11761
11760
11756
11755
48784
60828
60827
11770
48783
48800
11767
11766
11765
60837
60836
60834
60833
60832
60831
60830
60829
11707
11704
11703
11702
11700
11699
11698
11696
11721
11718
11717
11714
11713
11711
11709
11708
11732
11730
11729
11728
11727
11725
11724
11722
11742
11741
11740
11739
11738
11737
11736
11734
60876
60875
60874
60873
60872
60871
60869
48799
60885
60883
60882
60881
60880
48798
60878
60877
11683
11681
11680
11679
60889
60888
60887
60886
11695
11694
11691
11690
11689
11686
11685
11684
11656
11655
11654
11653
11652
11650
11649
11648
11665
11664
11662
11661
11660
11659
48797
48796
60859
11674
48792
11672
11671
11669
11668
11667
60867
60866
60865
60864
60863
60862
60861
60860
11617
11615
11613
11612
11611
11610
11609
11608
11625
11624
11623
11622
11621
11620
11619
11618
48791
48810
11633
11632
11630
11629
11628
11626
11647
11646
11645
11643
11641
11640
11639
48808
11578
11577
11576
48807
11573
11572
11570
11569
11588
11587
11586
11585
11584
11583
11580
11579
11598
11595
11594
11593
11592
11591
11590
11589
11607
11605
48806
11603
11602
11601
11600
11599
11537
11536
11535
11534
11533
11532
11530
11529
11547
11546
11545
11544
11542
11541
11540
11538
11556
11555
11553
11552
11551
11550
11549
11548
11567
11565
11564
48804
11561
11560
11559
11557
60907
48803
60905
60904
60903
60902
60901
60899
60915
60914
60913
60912
60911
60910
60909
60908
48802
11515
60922
60920
48801
60918
60917
60916
11528
11527
11526
11525
11524
11520
11518
11517
11491
48821
11489
11488
11487
11486
11485
11484
11499
11498
11497
11496
11495
11494
11493
11492
11510
11509
11507
11506
11505
11502
11501
11500
60898
48820
60896
60895
60894
60893
60891
11512
11451
11449
11448
11447
11446
11444
11443
11442
11459
11458
11457
11456
11455
11454
11453
48819
11473
11470
48818
48817
11465
11464
11463
11461
11483
11481
11480
11479
11477
11476
11475
11474
60945
60944
60943
60942
60940
60939
60936
60935
11419
60954
60953
60952
60949
60948
60947
60946
11429
11428
11427
48815
11425
11423
11421
11420
11441
11440
11438
11437
48813
11435
11432
11431
11393
11391
11389
11388
11387
11386
11385
11384
11405
11403
11402
11401
11400
11399
11396
11395
60923
11418
11416
11415
11412
48812
11409
11407
60933
60932
60930
48755
60928
60927
60926
60924
60985
60983
60979
60978
60977
60974
60973
60972
11362
11361
11360
48754
11358
11356
11355
60986
48753
11369
11368
11367
11366
11365
11364
11363
11383
48751
11378
11377
11375
11374
11373
11371
11339
11338
11336
11335
11334
11332
48750
48748
11347
11346
11345
11344
11343
11342
11341
11340
60958
60957
11354
11352
11351
11350
11349
11348
48747
60967
60966
60965
60963
60962
60961
60960
48746
11297
11295
11294
11293
11292
11291
11290
11306
11305
11304
11303
11302
48765
11300
11299
11317
11316
11315
11314
11312
48763
11310
11308
11328
11327
11325
11323
11322
11321
11319
48762
61016
48761
48759
61012
61009
61006
61005
61004
11267
48756
48774
11263
11261
11260
11259
61018
11279
11278
11275
11273
48773
11270
11269
48772
11289
11288
11286
11285
11284
11283
11282
11281
11244
11243
11242
11241
11240
11239
11237
11235
11255
11254
11252
11249
11248
11247
11246
48771
48770
60991
60989
60988
60987
11258
11257
11256
61003
61002
61001
61000
48768
60995
60994
60993
11203
11202
11201
11200
11198
11197
11196
48766
11212
11211
11210
11209
11207
11206
11205
11204
11223
11222
11221
11218
11217
11216
11214
11213
11233
11231
11230
11229
11228
11226
11225
11224
61043
61042
48782
61040
48781
61038
61037
48780
11167
11166
61050
61049
61048
61047
61045
61044
11178
11177
11176
11175
11173
11171
11170
48779
11193
11191
11190
11185
11184
11183
11182
11180
11144
11143
48778
11141
11139
11138
11137
11136
11159
11157
11156
11153
11151
11149
11148
11145
48776
61024
61023
61022
61020
61019
11162
11161
61035
61034
61033
61032
61030
61029
61028
61027
11103
11101
11099
11096
48775
11094
11093
11091
11114
11113
11112
11109
11107
11106
11105
11104
11124
11123
11122
49964
11120
11118
11117
11116
11135
11132
11131
49961
11128
11127
11126
49958
11060
11059
49957
11056
11055
11054
11053
11052
11069
11068
11067
11066
11065
11064
11063
11062
11078
49974
11076
11075
11074
11072
11071
11070
11090
11089
11088
49973
11086
11084
11081
11080
61067
61065
61064
61062
61061
61060
61059
61058
61076
61075
61074
61073
61071
61070
61069
61068
11039
11038
11037
11036
61082
61080
61078
61077
11051
11050
11049
11047
11046
11044
11043
11041
11009
11008
11007
11006
11004
11000
10999
10997
11024
11023
11022
11020
11019
11017
11015
11013
11033
11032
11031
11030
49972
11028
11026
11025
61057
61056
61055
61054
49971
61052
61051
11034
10969
10968
10967
10966
10965
10964
10963
10962
10977
10976
10975
10974
10973
49969
10971
10970
10986
10984
10983
10982
10981
10980
10979
10978
10996
10995
10994
10993
49968
10991
10989
49967
10936
10935
10934
10933
10932
10931
10930
10929
10944
10943
10942
10941
10940
10939
10938
10937
10952
10951
10950
10949
49966
10947
10946
10945
10960
10959
10958
10957
10956
10955
10954
48734
61105
48733
61101
61100
61099
61098
61096
61095
10908
61114
61112
61111
61110
61108
61107
61106
10916
48732
10914
10913
10912
10911
10910
10909
10928
10926
10925
10924
10923
10922
10921
10917
10883
10881
48731
10879
10878
10877
10876
10874
10896
10895
10891
10889
10888
10887
10886
10885
10906
10905
10904
10903
10901
10900
10899
10897
61093
61091
61090
61089
61088
61087
61084
61083
10840
10839
10836
10835
10833
10832
10831
10830
10852
49978
10849
10846
10845
10843
10842
10841
10860
10859
10858
10857
10856
10855
10854
10853
10871
10870
10869
10868
10866
10865
10862
10861
61132
61131
49977
61128
61126
61125
61124
61123
61143
61141
61139
61138
61137
61135
61134
49976
10817
10816
49975
10813
48745
61146
61145
61144
10829
10828
10826
10822
10821
10820
10819
10818
10791
10790
10789
10788
10787
10786
10785
10783
48743
10798
10797
10796
10795
10794
10793
10792
10809
10808
10806
10805
10804
10803
10802
10800
61122
61121
61120
61119
61117
61116
61115
10810
10749
10747
10746
10745
10744
10742
10741
10740
10759
48742
10757
10754
10753
10752
10751
10750
10771
10770
10768
10767
10765
10764
10763
10762
10781
10780
10779
10778
10777
10776
10774
10772
61173
61172
61170
61169
61168
61166
61165
61164
10719
10718
10717
10715
61178
61176
61175
61174
10728
10727
10726
10725
10724
10723
10721
10720
10738
10737
10736
10734
10733
10732
10731
10730
10700
10699
10695
10694
10693
10692
10691
10689
10712
10711
10710
10708
10707
10706
10705
10702
61152
61151
61150
48740
61148
61147
10714
10713
61163
61162
61161
61159
61157
61156
61155
61153
10656
10655
10654
48739
10652
10651
10650
10648
10667
10666
10662
48737
10660
10659
10658
10657
10677
48736
10674
10673
10671
10670
10669
10668
10687
10686
10684
10683
10682
10680
10679
10678
10615
10614
10613
10612
10611
10610
10608
10607
10625
10624
48735
10622
10619
10618
10617
10616
10637
10635
10634
10633
10631
10629
48709
10626
48708
10645
10644
10643
10642
10641
10640
10638
61199
61198
61197
61196
61195
61194
61193
48706
61207
61206
61205
61204
61203
61202
61201
61200
10592
10591
10590
10589
10588
61210
61209
61208
10606
10602
10600
10598
10597
10596
10595
10594
10569
10567
48705
10565
10563
10562
10560
10559
10580
10578
10577
10576
48703
48700
10572
10571
61183
61181
61180
61179
10585
10584
10582
10581
61191
61190
61189
61188
61187
61186
61185
61184
10527
10525
10524
10523
10522
10521
10519
10518
10537
10536
10535
10533
10531
10530
10529
10528
10549
10548
10546
10545
10544
10542
10540
10538
10558
48696
48719
10555
10554
10553
48718
10551
10476
48717
10474
10473
10472
10471
10470
10469
10493
10490
10489
10487
48716
10483
10479
10477
10507
10506
48715
10503
10502
10501
10496
10494
10517
10516
10513
10512
10511
48713
10509
10508
61227
61225
61224
61223
61221
61220
61219
61218
61235
61234
61233
61232
61231
61230
61229
61228
10460
10459
61242
61241
61240
61239
61237
61236
10468
10467
10466
10465
10464
10463
10462
10461
10437
10435
10434
10433
10431
10429
10427
10426
10445
10444
10443
10442
10441
10440
10439
10438
10454
10453
10451
10450
10449
10448
10447
10446
61217
61216
61215
61214
61213
61212
61211
10457
61271
61270
61269
61268
61266
61265
61262
61260
10402
10401
10400
10399
10398
48711
10395
61273
10412
10411
10410
10408
10407
10406
10405
10404
10425
10422
10421
10420
10419
10418
10416
10415
10379
10378
10377
10376
10374
10372
10371
10369
10391
10390
10389
10388
10385
10384
10383
10380
61248
61247
61245
61244
61243
10394
10393
10392
61259
61258
61257
61256
61255
61254
61253
61249
10328
10327
10325
10324
10323
10322
10321
10320
10345
48710
10342
10341
10340
10331
10330
10329
10356
49947
10352
10350
10349
10348
10347
10346
10368
10366
10365
10363
10362
10360
10359
10358
61294
61293
48727
48726
61289
48724
61286
61285
61306
61305
48723
61300
61298
61297
61296
61295
10308
10306
10305
10304
10303
10302
10301
10299
10319
10317
10315
10314
10313
10312
10311
48721
10273
10271
10270
10269
10268
10267
10266
10265
10282
10281
10280
48720
10277
10276
10275
10274
10294
10293
10291
10290
10288
10287
10285
10284
61284
61280
61279
61277
49956
61275
49955
10295
10234
10233
10232
10231
49954
10229
10228
10227
10242
10241
10240
10239
10238
49951
10236
10235
10252
10251
10248
10247
10246
10245
10244
10243
10264
10262
10259
10257
10256
10255
10254
10253
61328
61326
61325
61323
61322
61321
61320
61319
61338
61337
61336
61334
61333
61332
61331
61329
49950
10212
10211
10210
10209
10206
10204
10203
10226
10225
10224
10223
10220
10218
10217
10216
10183
10182
10180
49949
10177
10176
10175
10174
10195
49948
10193
10192
10188
10187
10185
10184
61309
61308
61307
10202
10201
10200
10199
10196
61317
61316
61315
61314
61313
61312
61311
61310
10141
10140
10139
48661
10136
10135
10134
10133
10151
48660
10149
10147
10146
10145
10144
10143
10161
10159
10158
10157
10156
10154
48658
10152
10172
10169
10168
10167
10166
10165
10164
10163
10103
10101
10099
10097
10096
10095
10094
10093
48657
10110
10109
10108
10107
10106
10105
10104
10121
10120
10119
10118
10117
10116
10115
10113
10132
10131
10130
10126
10125
10124
10123
10122
61360
61359
61358
61356
61355
61353
61352
61351
61369
61368
61367
61366
61365
61363
61362
61361
10081
10080
10079
10078
10077
10076
10075
61370
48656
10090
48655
10088
10087
10085
10084
10083
10059
10056
10055
10054
10053
10052
10051
10050
10068
10067
10066
10065
10064
10063
48654
48671
61342
61341
61340
10074
10073
10071
10070
10069
61350
61349
61348
61347
61346
61345
61344
61343
10017
10016
10015
10014
10013
10011
10010
10009
10029
10025
10024
10023
10022
10021
10020
10019
10038
10037
10036
10034
10033
10032
10031
10030
10049
10048
10046
10045
10043
10042
10041
10040
61397
61395
61394
61393
48670
61391
48668
61389
9983
9982
48666
9980
61401
61400
61399
61398
9998
9997
9993
9991
9990
9989
9985
9984
10007
48665
10005
10004
10002
48664
10000
9999
9966
9965
9964
9962
9960
9959
9957
9956
9975
9973
9972
9971
9970
9969
9968
9967
61379
61378
61376
61375
61374
61373
61372
9978
61388
61386
61385
61384
61383
61382
61381
61380
9920
9919
9918
9917
9916
9915
9914
9913
9933
9930
9929
9928
9927
9923
9922
9921
9943
48662
9941
9940
9939
9938
9937
9935
9955
9954
9953
9951
9950
9946
9945
9944
9884
9883
9882
9881
9880
9877
9876
9875
9894
9892
9891
9889
9888
9887
48683
9885
9904
9903
9902
9901
9900
9899
9898
9895
9912
9911
9910
9909
9908
9907
9906
9905
9843
9842
9841
9840
9839
9838
9837
9836
9852
9851
9849
9848
9847
9846
48678
9844
9864
9862
9860
9859
9858
9857
48677
9853
9874
9872
9871
9870
9868
9867
9866
9865
61423
61421
61420
61418
61417
48676
61415
61412
61432
48675
61430
61429
61427
61426
61425
61424
9827
9826
9825
9824
9823
9820
9819
61434
9835
9834
9833
48674
9831
9830
9829
9828
9798
9797
9796
9795
9794
9793
9791
9790
9807
9806
9805
9803
9802
9801
9800
9799
9818
9817
9816
9815
9814
9811
9809
9808
61411
61410
61409
61408
61407
48673
48672
61403
48695
9760
9759
9756
9755
9754
9751
9749
9769
9768
9767
9766
9765
9764
9763
9762
9779
9778
9777
9776
48694
9774
9772
9770
9789
9787
9786
9784
9783
9782
9781
9780
61457
61455
61454
61451
61450
61449
61447
61445
61466
61465
61464
61462
61461
61460
48691
61458
9732
9731
9730
9728
9726
9725
9724
9723
9747
9744
9742
9741
48690
9739
9738
9733
9702
9701
9700
9699
9697
9696
9695
9694
9712
9711
9710
9709
9708
9705
9704
9703
61435
9722
9721
9720
9719
9716
9714
9713
61444
48689
61442
61441
61440
61439
61438
61436
9661
9660
9659
9657
9656
9655
9654
48688
9670
9669
9668
9667
48687
9665
9663
9662
9680
9679
9677
9676
9675
9674
9673
9671
9692
9691
9690
9689
9687
9685
9683
9682
61488
61487
61486
61484
61483
61481
61479
61475
9629
61497
61494
61493
61492
61491
61490
61489
48684
9639
9636
9635
9634
9633
9632
9630
9651
9650
49997
9646
9644
9643
9642
9641
9600
9599
9597
9595
9594
9593
9592
9591
9611
9610
9609
9606
9605
9604
9602
9601
49996
49995
9623
9621
9617
9616
9614
9613
61474
61473
61472
61471
61470
61469
61468
61467
61525
61523
49994
61520
61519
61518
61515
61514
9567
9566
9564
9563
61530
61529
61528
61527
9575
9574
9573
9572
49993
49992
9569
9568
9590
9589
9586
9581
9580
9579
9577
9576
9548
9546
9545
9544
9543
49991
9539
9538
9558
9557
9556
9555
9554
9553
9552
9550
61505
61502
61500
61499
9562
9561
9560
9559
61513
61512
61511
61510
61509
61508
61507
61506
9496
9495
9494
49990
9490
9488
9486
9485
9510
9509
9504
9503
50009
9501
9500
9499
9522
9521
9520
9516
9515
9513
9512
9511
9536
9535
9532
9531
9529
9528
9524
9523
61549
61548
61547
61546
61545
61544
50008
61541
61561
61558
61557
61556
61554
61553
61552
61550
9475
9473
9472
50007
50005
9469
9467
61562
9483
9482
9481
9480
9479
9478
9477
9476
9442
9441
9440
50001
9438
9437
9436
9435
9452
9451
9450
9449
9447
9446
9444
9443
9463
9462
9461
9460
9459
9457
9456
9455
61539
61538
61537
61535
61534
61533
48642
48641
61591
61590
61588
61587
61585
61583
61582
61581
9413
9412
9410
9409
9407
9406
9404
9403
9424
9423
9421
9420
9419
9418
9417
9415
9434
9433
9431
9430
9428
9427
9426
9425
9387
9384
9383
9381
9380
9379
9378
9377
9397
9396
9395
9394
9391
9390
9389
9388
61567
61566
61564
61563
9401
9400
9399
9398
61579
61578
61574
61573
61572
61571
48640
61568
9346
9344
9343
9342
9341
9340
9339
9338
9355
9354
9353
9352
9351
9349
9348
9347
9363
9362
9361
48638
9359
9358
9357
9356
9376
9375
9373
9372
48637
9367
9365
48636
9307
9306
48635
9304
9303
9302
9301
9299
9317
9316
9315
9314
9313
9312
9311
9308
9327
9326
9325
48650
9322
9321
9320
9318
9337
9336
48649
9333
9332
9330
9329
9328
9271
9270
9268
9267
9266
9265
48648
9262
9279
9278
9277
9276
9275
9274
9273
9272
9287
9286
9285
9284
9283
48647
9281
9280
9298
9295
9294
9293
9292
9291
9289
9288
9231
9230
9229
9228
9227
9226
9225
9224
9241
9239
9238
9237
9235
9234
9233
9232
9249
9248
9247
9246
9245
9244
9243
9242
48646
9259
9258
9257
9255
9254
9253
9252
61610
61609
61607
61606
48644
61604
61603
61602
61620
61619
61618
61617
61616
61614
61612
61611
48643
9211
61626
61625
61624
61623
61622
61621
9223
9222
9220
9219
9218
9217
9216
9215
9188
9187
48615
9185
48614
9183
9182
9181
9198
9196
9195
48613
9192
9191
9190
9189
9208
9205
9204
9203
9202
9201
9200
9199
48612
61600
61599
61598
61597
61595
9210
9209
9147
9146
9145
9144
9143
9142
9141
9140
9158
9156
9155
9154
9152
9151
9150
9148
9168
9167
9166
9165
9164
9163
48609
9160
9178
9177
9176
9175
9173
9172
9170
9169
9110
9108
9107
9106
9104
9103
9102
48604
9121
9118
9117
9116
9114
9113
9112
9111
9130
9129
9127
9126
9125
9124
9123
9122
9139
9138
9137
9136
9135
9133
9132
9131
9074
9073
9072
9071
9070
9069
9068
9067
9083
9082
9081
9080
9079
9077
9076
9075
9092
9091
9090
9089
9088
9087
9086
9084
9100
9099
48603
9097
9096
9095
9094
9093
61641
61640
61639
61638
61637
61635
61634
61633
61650
61649
61648
61647
61646
61644
61643
48602
9054
9052
61658
61657
61656
61654
61653
61652
9066
9064
9063
48627
9061
9059
9056
9055
9031
9030
9029
9028
9027
9026
48625
9024
9039
9038
9037
9036
9035
9034
9033
9032
9047
9046
9045
9044
9043
9042
9041
9040
61632
61631
61630
48621
61628
61627
9050
9049
8994
8993
48620
8991
8990
8988
8987
48619
9002
9001
9000
8999
8998
8997
8996
8995
9010
9009
9008
9007
9006
9005
9004
9003
9023
48618
9017
9016
9015
9013
9012
9011
8955
8954
8953
8952
8950
8948
8947
8946
8966
8963
8962
8960
8959
8958
8957
8956
8974
8973
8972
8971
8970
8969
8968
8967
8984
8983
8982
48617
8979
8978
8977
8976
61682
61680
61679
61677
61676
61674
61673
61672
8926
8925
8924
8923
61690
61688
61687
61683
8935
8934
8933
8932
8931
8929
8928
8927
8945
8944
8943
8942
8940
8939
48616
8937
8903
49980
8901
8900
8899
8898
49979
8895
8911
8910
8909
8908
8907
8906
8905
8904
8920
8919
8918
8917
8916
8914
8913
8912
61670
61669
61662
61661
61660
61659
8922
8921
48634
8862
8861
8858
8857
8856
8852
8851
48633
8876
8874
8871
8870
8869
8868
8866
8885
8884
8883
8882
8881
48632
8879
8878
8894
8893
48630
8891
8890
8888
8887
8886
48629
61713
61712
61711
61710
61709
61708
61707
8830
8829
8828
61722
61721
61720
61719
61718
8841
8840
8839
8838
8836
8834
8833
48628
8850
8849
8848
8847
8846
8844
8843
8842
8808
49989
49988
8805
8804
8803
8800
8799
8818
8817
8815
8814
8813
49986
8810
8809
61696
61694
61693
61691
49985
8824
8822
8819
61706
61705
61704
61703
61702
49984
61700
61697
8768
8767
8766
8765
8764
8763
49983
8760
8777
8776
8775
8774
8772
8771
8770
8769
8787
8786
8785
8784
8783
49982
49981
8778
8798
8794
8793
48570
8791
8790
8789
8788
8728
8727
8726
8725
8723
8721
8719
8718
8737
8736
8735
8734
8733
8732
8731
8729
8746
8745
8744
8743
8742
8741
8740
8739
8759
8758
8757
8756
8755
8752
8749
8748
61745
48569
61743
61742
61741
61740
61738
61737
8699
61754
61753
61752
61751
61750
48568
61746
48566
48565
8706
8705
8704
8703
8701
8700
8716
8715
8714
8713
8712
48564
8710
8709
8682
8681
8680
8679
8678
8677
48562
8675
8692
8691
8690
8688
8687
8686
8684
8683
61727
61725
61724
8698
8697
8696
8694
8693
61735
61734
61733
61732
61731
48578
61729
61728
8641
8640
8639
8638
8637
8636
8635
8634
8651
8650
8649
8648
8647
8645
8643
8642
8661
8660
8659
8658
8656
8655
8654
8652
8674
8673
8672
8669
8667
8666
8664
8663
8605
8604
8602
8601
8599
8598
8596
8595
8615
8614
8613
8612
8611
8610
48577
8608
8624
48576
48575
8621
48573
8619
8618
8616
8633
8632
8631
8630
8629
8627
8626
8625
61779
61778
61777
61776
61774
61773
48572
61771
8572
8571
61786
61784
61783
61782
61781
61780
8582
8581
8579
8578
8577
8576
8575
48590
8594
8593
8591
8590
8589
8585
8584
8583
8553
8552
8546
8543
8542
8541
8537
8536
8563
8562
8561
8560
8559
8558
8557
48589
61760
48585
61756
48584
8569
8568
8567
8565
48583
48582
61768
61767
61766
61765
61763
61762
48581
61813
61812
48599
61805
61804
61803
61802
8511
8510
8509
8508
8507
61818
61816
61815
8520
8519
8518
8516
8515
8514
8513
8512
8535
8533
8532
8528
8527
8525
48597
8522
8490
8489
48596
8487
8486
8485
8484
8483
8503
8502
8498
48595
8495
8493
8492
8491
61792
61791
61790
61789
48593
8506
8505
8504
61801
61800
61799
61797
61796
61795
61794
61793
8449
8448
8447
8446
8445
8444
8443
8442
8459
8456
8455
8454
8453
48591
8451
8450
8469
8467
8466
8465
8464
8463
8462
8461
8481
8479
8478
8477
48532
48531
8472
48530
61842
61841
61840
61839
61838
61836
61835
61834
8416
8413
8412
61849
61848
61845
61844
61843
8428
8427
8426
8423
8422
8420
8418
48529
8441
8439
8438
48525
8433
8432
8430
8429
8390
8389
8388
8387
8385
8384
8383
48524
8403
8402
8401
8400
8398
8396
8392
8391
61821
61820
61819
8409
8408
8406
8405
8404
61833
61832
61831
61828
61827
61826
61825
61822
8350
8348
8346
8345
8342
8340
8338
8337
8359
8358
8357
8356
8355
8354
8352
8351
8371
8370
8369
8367
8364
48523
8361
8360
8381
8380
8378
48541
8376
8375
8374
48540
8309
8308
8307
8306
8305
8303
48539
8300
8318
8317
8316
8315
8313
8312
8311
8310
8327
8326
8325
8324
8323
48537
8320
8319
8336
8335
8333
8332
8331
8330
8329
8328
61869
61868
61867
61866
61865
61863
61862
61861
48536
61876
61875
61874
61873
61872
61871
61870
8287
8286
8284
8283
61882
61881
61880
48535
8297
8296
8294
8292
8291
8290
8289
8288
8262
8261
8260
8259
8258
8255
8254
8253
8272
8270
8269
8268
8267
8266
48534
8264
8281
8280
8279
8278
8277
8276
8275
8273
61860
61859
61858
61857
61855
48549
61851
8282
8220
8219
8218
8217
8216
8215
8214
8213
8230
8229
8228
8227
8225
8224
8223
48548
8240
8239
8238
8236
8235
8234
8233
8232
8252
8251
8250
8249
8246
8244
8242
8241
61909
61908
61907
61904
61903
61901
61900
61899
8191
8190
8189
8188
61914
61912
61911
61910
8202
8201
8200
48547
8195
8194
8193
8192
8212
8211
8210
8209
8208
8207
8204
8203
8168
8167
8166
8165
8164
8163
8160
8159
8177
8176
8175
8174
8173
8172
8171
8170
61887
48546
61885
48544
48542
8182
8181
8180
61898
61897
61895
61894
61893
61892
61891
61889
8130
8129
8128
8126
48561
8124
8123
8122
8139
8138
8137
8136
8135
8133
8132
8131
8148
8147
8146
8145
8144
8143
8141
8140
8158
8157
8156
8155
8154
8153
8152
8150
8089
8088
8086
8084
8083
8082
8081
8080
8099
8097
8096
8095
8094
8093
8092
8090
8110
8108
8107
48560
8105
8104
8103
8101
8121
8120
8119
8118
8114
8113
48557
8111
61937
61933
61932
61929
61928
61927
61926
48556
61946
61945
61944
48555
61942
61941
48554
61938
8068
8067
8066
8065
8064
8063
48552
8059
48498
8076
8075
8074
8073
8072
8070
8069
8036
8035
8033
8032
8031
8029
8028
8027
8047
8046
8045
8044
8043
8042
8041
8040
61915
8058
8056
48497
8054
8053
8049
8048
48496
61923
61922
61921
61920
61918
61917
61916
7997
7996
7995
7994
7993
7991
7990
7988
8008
8007
48494
48493
8004
8003
7999
7998
48492
8015
8014
8013
8012
8011
8010
8009
8026
8025
8024
8023
8022
8021
8020
8019
7958
7956
7955
7954
7953
48491
48490
7949
7967
7966
7965
7964
7963
7962
7961
7960
7978
7976
7974
7973
7972
7971
7969
48506
7987
7986
7984
7983
7982
7981
7980
7979
61964
61962
61960
61959
48505
48504
61956
61955
61977
61975
61973
61972
61969
61968
61967
61966
7938
7936
7935
7934
7933
7932
7931
61978
7948
7947
7946
7944
7943
7942
7940
7939
7910
7908
7907
7906
7904
48503
7900
7898
7922
7920
7919
48502
7916
7915
7913
7911
7930
7929
7928
7927
7926
7925
7924
7923
61954
61953
61952
61951
61950
61949
61948
61947
62008
62007
62004
62003
62001
62000
48501
48500
7878
7876
48499
7874
7871
7870
7867
62010
7889
7888
7887
7884
7883
48514
7880
7879
48513
7896
7895
7894
7893
7892
7891
7890
7851
7850
7849
7845
7843
48512
7841
7840
7860
7859
7858
7857
7856
7855
7854
7852
61982
61981
61980
61979
7865
7864
7863
48511
48510
61993
61992
61990
61989
61987
61984
61983
48509
7811
7810
7808
7807
48508
7804
7803
7822
7821
7820
7819
7818
7817
7816
7814
7831
7830
7829
48507
7827
7825
7824
7823
7839
7838
7837
7836
7835
7834
7833
7832
7769
7768
7767
7764
7762
7761
7760
7759
7784
7783
7782
7781
7780
7778
7771
7770
7793
7792
7791
7790
7789
7788
7786
7785
7801
7800
7799
7798
7797
7796
7795
7794
62034
62033
62030
62029
62028
62027
62026
62025
7740
7739
62042
62041
62038
62037
62036
48522
7750
7749
7747
7746
7745
7743
7742
7741
7758
7757
7756
7755
7754
7753
7752
7751
7718
7717
7716
7715
7714
48521
48520
7710
48519
7731
7726
7724
7723
7722
48517
7719
62012
62011
7738
7737
7736
7735
48516
48515
62024
62023
62022
62021
62020
62019
62017
62015
7677
7676
7675
7674
7672
7667
7666
7665
7687
7685
7683
7682
7681
7680
7679
7678
7698
7697
7696
7695
7694
7693
7692
48461
7708
7706
7705
7704
7703
7702
7701
7699
62068
62067
62066
48460
62061
62060
62059
62058
7645
7644
7643
62074
62072
62071
62070
62069
7655
48459
7653
48458
7650
48457
7648
7647
7664
7662
7661
7660
7659
7658
7657
7656
7623
7622
7621
7619
7618
7617
7615
7614
7633
7631
7629
7628
7627
7626
7625
7624
62044
62043
7640
7639
48456
7637
7636
7634
62056
62053
62052
62050
62049
62048
62047
62045
7577
7575
7574
48455
7571
7570
7569
7568
7586
7585
7584
7583
7582
7580
7579
7578
7599
7598
7597
48454
7595
7593
7592
7591
7613
7612
7608
7607
7605
7604
7603
7602
62098
62097
62096
62095
62094
62093
62092
62091
7549
62106
62105
62103
62102
62101
62100
62099
7558
7557
7556
7555
7553
7552
7551
7550
7567
7566
7565
7563
7562
7561
7560
7559
7529
7528
7527
7526
48469
7524
7522
7521
7541
7540
7539
7537
7536
7535
7533
7532
62077
62076
62075
7546
7545
7544
7543
7542
62090
62089
62088
62087
62085
62084
62079
62078
7492
7491
7490
7489
7488
7487
7486
7485
7500
7499
7498
7497
7496
7495
7494
7493
7509
7508
7507
7506
7505
7504
7503
7502
7518
7517
7516
7515
7513
7512
7511
7510
7454
7452
7451
7450
7449
7447
7446
7445
48468
7465
7464
7463
7462
7459
7456
7455
48467
7474
7473
7472
7471
7470
7469
7468
7484
7483
7482
7481
7480
7479
7478
7476
62126
62124
62123
62122
62121
62119
62118
48466
62134
62133
62132
62131
62130
62129
62128
62127
7426
7425
48465
7423
7421
7420
7419
62137
7442
7441
7440
7438
7436
48464
7431
7427
7401
7400
7399
7397
48463
7395
7394
7393
7411
7410
7409
7407
48462
7405
7403
7402
62107
7418
7417
7416
7415
7414
7413
7412
62116
62115
62114
62113
62112
62111
62110
62109
7359
7358
7357
7355
7354
7353
7352
7351
7369
7368
7367
7366
7365
7363
7362
7360
7379
7378
7377
7376
7374
7372
7371
7370
7392
7389
7388
7387
7385
7383
48478
48476
62165
48475
62161
62160
62159
62158
62157
62156
7326
7325
7324
48474
62170
62169
62168
62166
7339
7336
7335
7334
7333
48473
7329
7327
48472
7348
7346
7345
7344
7343
7341
48471
7307
7306
48470
7303
7302
7300
7299
7298
7318
7317
7315
7314
7313
7310
7309
7308
62142
62141
62140
62139
7322
7321
7320
7319
62154
62153
62152
62151
62149
62148
62147
62143
7258
7257
7255
7254
7253
7252
7251
7249
7275
7274
7272
7269
7266
7263
48489
7260
7286
7284
7283
7281
7280
7279
7278
7277
7296
7295
7294
7293
7292
7290
7289
7288
7219
7218
7215
7213
7212
7211
7209
7207
7229
7228
7227
48487
7223
48486
7221
7220
7238
7237
7236
7235
7234
7233
7232
7231
7248
7246
7245
7244
7242
7241
7240
7239
62186
62185
62184
62183
62182
62181
62180
62179
62195
62194
62193
62192
62191
62190
62189
62187
7196
7195
62202
62201
62200
62199
62197
62196
7206
7205
7204
7203
7201
7200
7199
48485
7176
48483
7174
7173
7172
7171
7169
7168
7184
7183
7182
7181
7180
7179
7178
48481
7194
7193
7192
7190
7189
7188
7186
48479
62178
62177
62176
62175
62174
62173
62172
62171
7130
7128
7126
7125
50028
7122
7121
7118
7140
7138
7136
7135
7134
7133
7132
7131
7156
7152
7151
7148
7145
7144
7142
7141
7167
7164
7163
7162
7161
7160
7158
7157
50026
62216
62215
62214
62212
62211
62210
62209
62228
62227
62226
62225
62224
62223
62221
62219
7105
7103
7102
7099
62234
62233
62231
62230
7117
7116
7115
50025
7112
7111
7109
7106
7074
7073
7071
7070
7068
7066
7065
7063
7088
7085
7084
50024
7081
7080
7077
50023
7096
7095
7094
7093
7092
7091
7090
7089
62208
62207
62206
62205
62204
62203
7098
7097
7029
7028
7027
7026
7024
50021
7022
7021
7039
7038
7036
7035
7034
7033
7032
7031
7050
7049
7048
7046
7044
7042
7041
7040
7062
7060
7059
7056
7054
7053
7052
7051
62248
62247
62246
62245
62244
62243
62242
62241
62261
62258
62257
62256
62253
62252
62251
62250
7008
50020
7006
7005
62266
62264
62263
62262
7020
7019
7018
7017
50019
7012
7010
7009
6976
50036
6974
6973
6972
6971
6969
6968
6988
50035
6985
6984
6982
6980
6979
6978
6998
6997
6996
6995
6994
6992
50034
6990
62240
62239
62238
62237
62236
62235
7002
7000
6939
6938
6937
6936
6935
6934
6931
6929
6948
6947
6946
6945
6944
6943
6942
6940
6958
6956
6955
6954
6953
6952
6951
6950
6967
6966
6965
6964
6963
6961
6960
6959
62284
62282
62281
50033
62279
62278
62277
62276
62298
62297
62296
62294
50032
62289
62286
62285
6917
6916
6914
6912
50031
6910
6908
50030
6928
50029
6926
6923
48445
6920
6919
6918
6875
6874
6873
6871
6870
6869
6868
6867
6887
6886
6885
6882
6880
6879
6878
6876
6901
6900
6899
6896
6892
6891
6889
48443
62275
62274
62273
62272
62270
62269
6905
6904
6838
6837
6836
6835
6834
6832
6830
6829
6849
50042
6847
6845
6844
6842
6841
6839
6858
6857
6855
6854
6853
6852
6851
50041
6866
6865
6864
6863
6862
6861
6860
6859
62316
62315
62314
62313
62312
62311
62310
62308
62326
62324
62323
62322
62321
62319
62318
62317
6819
6816
6813
6812
6811
62330
62328
62327
6828
6827
6826
6825
6824
6823
6822
6820
6784
6782
6781
6780
6779
6778
6777
50040
6794
6793
6792
50039
6789
6788
6787
6786
6807
6806
6805
6804
6801
6799
6797
6795
62307
62306
62305
62304
62301
62300
62299
6809
62357
62356
62355
62353
62352
62350
62347
62346
6752
6751
6750
6749
6748
6747
62361
62358
6762
6761
6760
6759
6758
6755
6754
6753
6775
6773
6770
6769
50038
6765
6764
6763
6727
6725
6724
6723
6722
6720
6719
6717
6737
6736
6735
6734
6733
6732
6730
6728
62336
62333
62332
6746
6745
6743
6742
6741
62344
62343
50037
62341
62340
62339
62338
62337
6688
6687
6686
6684
6680
6679
6677
48453
6697
6696
6695
6694
6693
6692
6691
6690
6708
6706
6705
6703
6702
6700
6699
6698
6716
6715
6714
6713
6712
6711
6710
6709
48452
6645
6644
6643
6642
6641
6640
6639
6655
6653
6652
6651
6650
6649
6648
6647
6665
6664
6663
6662
6661
6660
6659
6657
6675
6674
6673
6672
6671
6670
6668
6666
62384
62382
62381
62380
62379
62378
62377
62376
62393
62392
62391
62390
62389
62388
62386
62385
6625
6624
6623
6622
6621
6620
6619
62394
48451
6636
6635
6634
6633
6628
6627
6626
6599
6598
6596
6595
48450
6593
6592
6590
6612
6610
6609
6606
6605
6604
6602
6600
62366
62365
62363
6618
6616
48449
6614
6613
62375
62374
62373
62372
48448
62370
62368
62367
6557
48447
6555
6554
6553
6552
6551
6550
6568
6566
6565
6562
6561
6560
6559
6558
6580
6579
6576
6575
6573
6572
6570
6569
6588
48446
6586
6585
6584
6583
48423
6581
6514
6513
6512
6511
48422
6507
6506
6504
6526
6525
48421
6523
6520
48420
6517
6515
48419
48418
6535
6534
48417
6531
6529
6528
6549
6548
6547
6546
48416
6543
6541
6538
62413
62412
62409
62408
62407
62405
62404
62403
62423
62422
48432
62420
62419
62418
62416
62414
6495
6494
6493
6492
6491
62426
62425
62424
6503
6502
6501
6500
6499
6498
6497
6496
6472
6471
6470
6469
6468
6467
6466
6461
6480
6479
6478
6477
6476
6475
48431
6473
6490
6489
6487
6486
6485
6483
6482
6481
62402
62401
62400
62399
62398
62397
62396
62395
6429
6428
48430
6426
6425
48429
6421
6420
6438
6437
6436
48428
6433
6432
6431
6430
6452
6446
6444
6443
6442
6441
6440
6439
6460
6459
6458
6457
6456
6455
6454
6453
62449
62447
62446
62445
62444
62442
62441
62440
6398
48427
62457
62455
62454
48425
62451
62450
48424
6407
6406
6404
6403
48440
6401
6400
6419
6418
6417
6416
6415
6412
6411
48439
6376
6374
6373
6372
48437
6369
6368
6367
6384
6383
6382
6381
6380
6379
6378
6377
62428
62427
6394
6393
6391
6390
6387
48436
62439
48434
62437
62436
62435
62432
62430
62429
48433
6333
6332
6330
6329
6328
6327
6326
6343
6342
6341
6340
50017
6338
50016
6336
6355
6354
6351
6350
6349
6348
6346
6345
6366
50014
6363
6361
6360
6359
6357
6356
62479
62478
62477
62476
62475
62474
62473
62472
6300
6299
62488
62485
62484
50013
62481
62480
6311
6310
6309
6308
6307
6306
50012
6302
6324
6323
6322
50011
6316
6314
6313
6312
6281
48442
6277
6276
6275
6274
48441
6272
6290
48386
6288
6287
6286
6285
6284
6283
48385
6298
6297
6295
6294
6293
6292
6291
62470
62469
62468
62466
62465
62464
62463
62461
6243
6241
6239
6238
6237
48384
6235
6234
6252
6251
6250
6249
6248
6246
6245
6244
6260
6259
6258
6257
6256
6255
6254
12444
6271
6270
6269
6268
6266
6265
6264
6262
6203
6202
6201
6200
6195
6194
6193
6191
6213
48382
6211
6209
6208
6207
6206
6205
6222
6220
6219
6218
6217
6216
6215
6214
6233
6232
6231
6230
6229
6228
6225
6224
62511
62509
62508
62507
62504
62503
48380
62501
62519
62518
62517
62516
62515
62514
48379
62512
6177
6176
6174
48378
6172
6171
62522
62520
6190
6187
6184
48397
6182
6181
6180
6179
6149
6148
6147
6146
6144
6143
6142
6140
6161
6160
6159
6157
6156
6152
6151
6150
6170
6169
6168
6167
48396
6165
6163
6162
62500
62498
62496
48395
62494
62493
62492
62491
6106
6105
6104
6103
6102
6101
6100
6099
6116
6115
6114
6113
6111
6110
6109
48393
6125
6124
6123
6121
6120
6119
48390
6117
6137
48389
6134
6132
6131
6130
6127
6126
62545
62544
62543
62542
62541
62540
62539
62538
6075
62554
62553
62552
62551
62550
62549
62547
6086
6085
6084
6083
6080
6079
6078
6076
6098
6097
6096
6095
6094
6091
6089
6088
6051
6050
6047
6046
6045
6044
6043
6042
6067
6066
48388
6061
6059
6058
6057
6053
62527
62526
62524
62523
6073
6071
48387
6068
62536
48405
62534
62533
62532
62531
48404
62528
6014
6013
6012
6011
48403
48402
6008
6007
6024
6023
6022
6021
6020
6018
6017
6015
6033
6032
6031
6030
6029
6028
6027
6025
6041
6040
6039
6038
6037
6036
6035
6034
5974
5972
5971
5970
5969
5968
5966
48401
5986
5983
5982
5981
5980
5978
5976
5975
5994
5993
5992
5991
48400
5989
5988
5987
6006
6005
6004
6003
6002
6001
6000
5998
62573
62572
62571
62570
62569
62568
62567
62566
62581
62580
62579
62578
62577
62576
62575
62574
5950
5949
5948
5947
62586
62584
62583
62582
5964
5963
5960
5958
5955
5954
5953
5952
5926
5924
5923
5922
48399
5919
5918
5917
5935
5934
48398
5931
5930
5929
5928
5927
5946
5945
5942
5941
5940
5939
5938
5936
62565
62564
62562
62561
62560
62558
62557
62556
5885
5883
5882
5881
5879
5878
5875
5874
5896
48415
5894
5892
48414
5890
5888
5886
5907
5906
5905
5902
5901
5899
5898
5897
5916
5915
5914
5913
5912
5911
5909
5908
62605
62604
62603
62602
62599
62598
62596
62595
62613
62612
62611
48413
62609
62608
62607
62606
5858
5857
5855
5853
5852
62617
62616
62614
5873
5872
48412
5870
5868
5862
5861
5860
5826
5824
5823
5821
5820
5818
5817
5816
5835
5834
5833
5831
5830
5829
5828
5827
5847
5845
5844
5843
5839
48411
5837
48409
62593
48406
62591
62590
62589
62588
5849
5848
5780
5779
5778
5777
50069
5771
5770
5769
5793
5791
5788
5787
5786
5784
5782
5781
5804
5803
5801
5800
5798
5797
5795
5794
5815
5814
5812
5811
5809
5807
50068
50067
50065
62638
62636
50064
62634
62633
62631
62629
62648
62647
62646
62645
62644
62643
62642
62641
5760
5759
50063
5757
5756
5755
50061
62649
5768
5767
5766
5765
5764
48353
5762
48352
5734
5733
5732
5729
5728
5727
5726
5722
5743
5742
5741
5740
5739
5737
5736
5735
5751
5750
5749
5748
5747
5746
5745
5744
62628
62627
62626
62625
62623
62622
62619
5752
5691
5690
5689
5688
5686
5685
5684
5683
5701
5700
5699
5698
5696
5694
48351
5692
5711
5710
5709
5708
5707
5706
5705
5702
5721
5719
5718
5717
5716
5715
5713
5712
5653
5652
5651
5650
5649
5647
5646
5642
5664
5662
5661
5659
5658
5657
48349
5654
5673
5672
5671
5670
5668
5667
5666
5665
5682
5681
5680
5679
5678
5676
5675
5674
62665
62664
62663
62662
62661
62660
62658
48347
62676
62675
62674
62673
62671
62670
62667
62666
5632
5630
5628
5627
62681
62679
62678
62677
5641
5640
5639
5638
5637
5636
5635
5634
5600
5599
5598
5597
5596
5595
50072
5593
5613
5612
5607
5606
5605
5603
5602
5601
5624
50071
5621
5620
5618
50070
48367
5614
62656
62655
48365
62653
62652
62651
48364
5625
5559
5558
5556
5555
5554
5553
5552
5551
5572
5571
5570
5567
5566
5565
48361
5560
5581
5580
5579
5578
5576
5575
5574
5573
5592
5590
5589
5587
5586
5585
5583
5582
62706
62705
62704
62703
62702
62701
62700
62699
48359
62714
62713
62712
62711
62709
62708
62707
5539
5538
5537
48358
5535
5534
5533
5532
48356
48354
5545
5544
5543
5542
5541
5540
5510
5509
5507
5506
5505
5503
5501
5499
5523
5522
5521
5520
5519
5518
5516
5512
62689
62688
62687
62686
62685
62683
5530
5529
62697
62696
62695
62694
62693
62692
62691
48375
5467
5466
5465
5464
5462
5461
5459
5458
5477
5476
48374
5474
5473
5471
5470
5468
5486
5485
5484
5483
5482
5481
5480
48373
5497
5495
5494
5492
5490
5489
5488
5487
62735
62733
62732
62731
62730
62729
62728
62727
62746
62745
62744
62743
62741
62739
62737
48372
5445
5444
5443
5441
5440
5438
5437
5435
5457
5456
5453
5451
5449
5448
5447
5446
5415
5414
5413
5412
5411
5410
5408
5407
5423
5422
5421
5420
48371
5418
5417
5416
5432
5431
5429
5428
5427
5426
5425
5424
62725
62724
62722
62721
62720
62718
62716
5433
5373
5372
5370
5368
5367
5366
5365
5363
5383
48370
5380
5379
5377
5376
5375
5374
5394
5393
5391
5390
5389
5387
48369
5384
5406
5403
5402
5401
5400
5399
5398
5396
5333
5332
5331
5330
48368
5328
5327
5326
5343
5342
5341
5340
5339
5338
5337
48328
48327
5353
5352
5351
5350
5349
5346
5344
5362
5361
48325
5359
5358
5357
5356
5355
5295
5294
5293
5292
5291
5290
5288
5286
5306
5305
5304
5303
48324
5301
5300
5299
5316
5315
5314
5313
5312
5311
5308
5307
5325
5324
48323
5322
5321
5319
48322
5317
62761
62760
62759
62758
62757
62756
62755
62754
62771
62770
62769
62767
62765
48321
62763
62762
5276
5275
62778
62777
62776
62774
62773
62772
5285
5284
5283
5282
5281
5280
5279
5278
5254
5252
5251
5250
48337
48336
5247
5246
5263
5261
5260
5259
5258
5257
48334
5255
5272
5271
5270
5269
5268
5267
5266
5264
62753
62752
62750
62749
62748
48333
5274
5273
5212
5210
5209
5207
5205
5204
5202
5201
5222
5220
5219
5218
5216
5215
5214
5213
5232
5230
5229
5228
5226
48331
5224
5223
5244
5242
5241
5239
5236
5235
48330
5233
62801
62799
62798
62795
62794
62792
62791
62790
5183
48329
5179
62810
62806
62805
62804
50046
5192
5191
5189
5188
5187
5186
5185
5184
5200
5199
5198
5197
5196
5195
5194
5193
5154
5153
50045
5150
5149
5148
5146
5145
5163
5162
5160
5159
5158
5157
5156
5155
5177
50044
5175
5174
5173
5172
5166
5165
62788
62787
62786
62785
62784
62782
62781
5178
5120
5119
5118
5117
5116
5115
5113
5111
5128
5127
5126
5125
5124
5123
5122
5121
5136
5135
5134
5133
5132
50043
5130
5129
5144
5143
5142
5141
5140
5139
48346
5137
62832
62831
62830
62829
62828
62826
62825
62824
62842
62841
62840
62838
48345
48339
48338
62833
5095
5093
5092
5090
5089
5088
5087
5084
5110
5109
5107
5105
5102
5101
5099
5098
5056
5054
5050
5049
5048
5047
5046
50058
5068
5067
5066
5065
5063
5061
5060
50053
5080
5079
5078
5076
5075
5073
5071
5070
62823
62822
62821
62817
62813
62812
62811
5082
62865
62862
50052
62860
62859
62857
62856
62855
5020
5019
62874
62871
62870
62869
62868
62866
5029
5028
5027
5026
5025
5024
5023
5022
5043
5042
5040
5039
5038
5037
5035
5033
4993
50051
4991
4990
4989
4987
4986
4985
5007
5005
5002
5001
5000
4999
4998
4995
5018
50050
5016
5014
5013
5011
5010
5009
62854
62853
62852
62851
62850
62849
62847
62845
62902
62898
62897
62895
62892
62891
62889
62888
4961
4960
4959
4958
4956
62906
62904
62903
4972
4970
4969
4968
4966
4965
4964
4963
4984
4981
4980
4979
4978
4977
4974
4973
4935
50049
4931
50048
4929
4926
4925
4924
4945
4943
4942
4941
4939
4938
4937
4936
62876
62875
4952
4951
4949
4948
4947
4946
62887
62886
62885
62884
62883
62882
62879
62878
4886
4885
4884
4883
4882
4881
4879
4878
4899
4897
4895
4892
4891
4890
4889
4887
4911
4910
50047
4908
4906
4905
4902
4900
4922
4921
4919
4918
48288
4916
48287
48285
62926
62925
62924
62923
62922
62921
62920
62919
62937
62936
62935
62932
62931
62930
62928
62927
4868
4867
4866
4865
50106
4863
4861
62938
4877
4876
4875
4874
4872
4871
4870
4869
4840
4836
4835
4834
4833
4832
4827
62969
4850
4848
4847
4846
4845
4843
4842
4841
62910
62909
62908
4858
50105
4854
4853
4851
62918
62917
62916
62915
62914
62913
62912
62911
50104
4808
4807
4803
4802
4798
4795
4793
4825
50102
4821
4820
4815
48298
4813
4812
62949
62947
62946
62945
62944
62943
62940
4826
62966
62965
62964
62960
62956
62953
62951
62950
4757
4756
48296
4754
4753
48295
4749
4748
4771
4769
4768
4766
4762
4760
4759
4758
4781
4779
4778
4777
4776
4775
4773
4772
4792
4791
4790
4789
4788
48293
4783
4782
62987
62986
62983
62982
62981
48292
62979
62978
62999
62998
48291
62993
62992
62991
62989
62988
4736
48290
4734
4733
4731
48289
63001
63000
4746
4744
4743
4742
4740
4739
48307
4737
4705
4702
4701
4700
48306
4698
4697
4695
4717
4716
4715
4712
4711
4710
4707
4706
4727
4726
48304
4724
4722
4721
4720
4719
62977
62976
62975
62974
62973
62972
4729
4728
4658
4655
4654
4653
4652
48302
4649
4648
4667
4665
4664
4663
4662
4661
4660
4659
4683
4681
4679
4675
4673
4672
4670
4668
4694
4692
4691
4690
4689
4686
4685
4684
63019
63018
63017
63016
63015
63013
63012
63011
63028
63027
63026
63025
63024
63023
63021
63020
4636
4635
63034
63033
63032
63031
63030
63029
4647
48301
4642
4641
4640
4639
4638
4637
4611
4609
4608
48300
4606
4605
4604
4603
48299
4619
48320
4616
4615
48319
4613
4612
4634
4631
4629
4628
4627
4626
4624
4622
63010
63009
63008
63007
63006
63005
63004
63003
4574
4573
4572
48317
4570
4566
4565
4564
4584
4583
4582
4581
4579
4578
4577
48316
4593
4592
4591
4590
4589
4588
48315
4586
4602
4601
4600
4598
4597
4596
4595
4594
63055
63053
63052
63051
63050
63049
48313
63047
63065
63064
63063
63062
63061
63059
63058
63056
4546
48308
4544
4543
4542
4541
4540
4539
4561
4558
48266
4555
4554
4553
48262
4548
4514
4513
4512
4511
4510
4509
4508
4507
4527
4526
4522
4521
4520
4519
4516
4515
4538
4537
4535
4533
4532
4530
4529
4528
48261
63044
63043
63042
63040
63038
63037
63036
4474
48260
48259
4468
4467
4466
4465
48258
4482
4481
4480
4479
4478
4477
4476
4475
4495
4494
4491
48257
4489
4487
4486
4483
4506
4505
4504
4503
4502
4501
4500
4499
63083
63081
63080
63079
63078
63077
63075
63074
63094
63093
63092
63091
63090
48256
63087
63084
4446
4445
50076
4443
63098
63097
63096
63095
4459
4456
48280
4452
4451
4450
4449
4447
48278
4412
4411
4408
4406
48277
4402
4401
4424
4423
4420
4419
4418
48276
4415
4414
4440
4439
4438
4437
4434
4429
4428
4427
63073
63072
63071
63070
63069
63068
63067
4441
63124
63123
63122
63121
63120
63119
63118
63116
4382
4381
4379
63130
63129
63127
63126
63125
4391
4390
4389
4388
4387
4386
4385
48275
4400
4399
4398
4397
4396
4395
4393
4392
4362
4361
4357
4356
48267
4353
4352
4351
4375
4372
4371
4368
4367
4365
4364
4363
63107
63106
63105
63103
63102
63100
4377
4376
63115
63114
63113
63112
63111
63110
63109
63108
4312
4311
4310
50092
4308
4307
4306
4305
4323
4321
50091
4319
4318
4317
4316
4313
4340
4339
4338
4333
4328
4326
4325
4324
4350
4348
4347
4346
4345
4344
4342
4341
63153
63152
63151
63150
63149
63148
63146
63145
63162
63161
63160
63159
63158
63156
63155
63154
4292
4291
4289
4288
4287
4285
4284
4283
4302
4301
4300
4299
4297
50090
4294
4293
4263
4261
4260
4259
4258
4257
4255
4254
4272
4271
4269
50089
4267
4266
50087
4264
4282
4280
4278
4277
4276
4275
4274
4273
63143
63139
63137
63136
63134
63133
63132
63131
4217
4215
4214
4212
4210
4209
4206
4205
4232
50084
4226
4225
4223
4221
4219
4218
4243
4242
4241
4240
4237
4236
4235
4234
50082
4252
4251
50078
4248
4247
4246
4245
50101
63182
63181
63180
63179
63178
63177
63176
63193
63192
63191
63190
63188
63187
63186
63184
4193
4192
4191
4190
4189
4188
4187
63194
4204
4202
4200
4199
4198
50100
50099
4194
4171
4170
4169
4168
4167
4165
4164
4162
50098
4179
4178
4177
4176
4174
4173
50097
63165
63164
63163
4186
4185
4184
4183
4182
63175
63174
50095
63172
63171
63170
63169
63167
4129
4128
4127
4126
4124
4122
4121
4120
4138
4137
4136
4135
4133
4132
4131
4130
4149
4148
4147
4146
4144
4143
4141
4140
4161
4160
50094
50093
4154
4153
4152
4150
48225
4089
4088
48224
4086
4085
4084
4083
4101
4099
48223
48222
4095
4094
4092
48221
4109
4108
4107
4106
4105
4104
4103
4102
4118
4117
4115
4114
4113
4112
4111
4110
4051
4050
4048
4047
4045
4044
4043
4042
4061
4060
4059
48220
4055
4054
4053
4052
48219
4070
4069
48217
4067
48235
4063
4062
4082
4081
48233
4079
4077
4076
48232
4073
63212
63211
63209
63208
63207
48230
63204
63203
63222
63221
63220
63219
63218
48228
63215
63214
48227
4032
4031
4029
4028
63226
63224
63223
4041
4040
4039
4038
48226
4036
4035
4034
4004
4001
4000
3997
3996
3994
3993
3992
4015
4014
4013
4012
48244
4008
4007
4005
4023
4022
48242
48241
4019
4018
4017
4016
63202
63201
63199
63198
63197
63196
4026
4025
48239
3963
3962
3961
3960
3959
3958
3956
3973
3972
3971
3969
3968
3967
3966
3965
3981
3980
48238
3978
3977
3976
3975
3974
3991
3990
3988
3987
3985
3984
48237
3982
3924
3922
3921
3920
3919
3918
3917
3916
3934
3933
3932
3931
3930
3928
3927
3926
3946
3945
3943
3941
3940
3938
3937
48236
3955
3954
3953
48255
3950
3949
3948
3947
63244
63243
63242
63241
63240
63239
63238
63237
63253
63252
63251
63250
63249
63247
63246
63245
3903
3900
3899
63258
63257
63256
48254
63254
3914
3913
3911
3910
3908
3907
3906
3904
48253
3880
3878
3877
3876
3875
3874
3873
3890
48252
3888
3887
3886
3885
48250
3883
63227
3898
3897
3896
3894
3893
3892
3891
63236
48247
63234
63233
63232
63231
63230
63229
48246
48245
3841
3840
3838
3837
3836
3835
3852
3850
3849
3848
3847
3846
3845
48184
3862
3861
3859
3857
3856
3855
3854
48183
3872
3870
3869
3868
3867
3866
3865
48182
3803
3802
48181
3800
3799
3797
3796
3794
3815
48178
3810
3809
3808
3807
3806
3804
3824
3823
3822
48177
3819
3818
3817
3816
3834
3833
3832
3831
3829
3827
3826
3825
63276
63273
63272
63271
63270
63269
63268
63267
63287
63285
48176
63283
63282
63281
63280
63279
3779
48175
3777
3776
3775
3774
63290
63289
3791
3788
3787
3786
48194
3783
3781
3780
3750
3749
3748
48193
3744
3743
48191
3739
3760
3759
3758
3757
3755
3753
3752
3751
48189
3768
3767
48188
3764
3763
3762
3761
63266
63265
63264
63263
63262
63261
63260
63259
3709
3706
3705
3702
3701
3700
3699
3698
3721
3720
3719
3718
3717
3716
3715
3714
3730
3729
3728
3727
3726
3724
3723
3722
3738
3737
3736
3735
3734
3733
3732
3731
63313
63312
63311
63310
63309
63308
63307
63306
63321
63320
63319
63318
63317
63316
63315
63314
3685
3684
3683
3681
3680
3679
3678
3675
3697
3692
3691
3690
3689
48187
3687
3686
3659
3657
3656
3654
3653
3652
3651
3650
3667
3666
3665
3664
3663
3662
3661
3660
63293
63292
63291
3674
3673
3671
3670
3668
48185
63303
63302
63301
63300
63298
63297
63295
48202
3619
3618
3616
3614
3613
3612
3610
3629
3628
3627
3626
3625
3624
3623
3622
3639
3638
3637
3635
3634
3633
3632
3630
3649
3648
3647
48201
3645
3642
48200
3640
63351
63350
63347
63346
63344
63342
63341
63340
48199
3587
3586
3584
3583
3582
3581
3579
3597
3596
3595
3594
3593
3592
48198
3589
3609
3608
48197
3606
3604
3603
3599
3598
3563
3562
3560
3557
3556
3555
3554
3553
3572
3571
3570
48196
3568
3567
3566
3564
63328
63326
63325
63324
63323
3578
3576
3575
63339
48195
63334
63333
63332
63331
63330
48210
3518
3517
3516
48209
48207
3511
3509
3507
3529
3528
3525
3524
3523
3521
3520
3519
3539
48206
3536
3535
3533
3532
3531
3530
3552
3551
3549
3546
3543
3542
3541
3540
3477
3476
3475
48205
3473
3470
3469
3468
3487
48204
3484
3483
3482
3480
48203
3478
3497
3496
3495
3494
3493
3491
3489
3488
3506
3504
50125
50124
3501
3500
3499
3498
3437
3436
3434
50123
3432
3431
3430
3429
3447
3445
3444
3443
3442
3441
3439
3438
3458
3456
3455
3454
3453
3452
3451
3450
3467
3466
3465
3464
3463
3462
3461
3460
63372
63371
63370
63369
63368
63366
63365
63362
63380
63379
63378
63377
63376
63375
63374
63373
3420
3419
63386
63385
63384
63383
63382
63381
3428
3427
3426
50122
50121
3423
3422
3421
3398
3397
3396
50120
3392
3390
3389
3388
50118
3407
50117
3404
3403
3402
3400
3399
3416
3415
3414
3413
3412
3411
3410
3409
63361
63360
63359
63358
63357
63356
3418
3417
3361
3360
3359
3358
3357
3356
3355
3354
3370
48155
3368
3366
3365
3364
3363
3362
3378
3377
3376
3375
3374
3373
50138
3371
50137
3386
3385
3384
3382
3381
3380
3379
3323
3322
3321
3320
50136
3317
3316
3315
3335
3334
3333
3331
3330
3327
3326
3325
3343
3342
3341
3340
3339
3338
3337
3336
3353
3352
3351
3350
3348
3347
3346
3345
3284
3283
3282
3280
3279
50134
3277
3276
3294
3292
3291
3290
50132
3287
50128
3285
3305
3302
3301
3300
3298
3297
3296
3295
3314
3312
3311
3310
3309
3308
3307
3306
63407
50126
63405
63404
48164
63401
63399
63398
63418
63417
63416
63414
63413
48163
63411
63409
3267
3266
3265
3263
3262
3261
3260
3259
3275
3274
3273
3272
3271
3270
48162
3268
3236
48161
3233
3232
3231
3229
3227
3225
3249
3248
3247
3246
48159
3240
3239
3238
63387
48158
3257
3256
3255
3254
3253
3251
63396
63395
63394
63393
63391
63390
63389
63388
3193
3191
3190
3189
3188
3187
48156
3185
48172
3203
3199
3198
3197
3196
3195
3194
3213
3212
3211
3210
3208
3207
3206
3205
3223
3222
3220
3218
3217
3216
3215
3214
63441
63440
63439
63438
63437
63436
63434
63433
63450
63449
63447
63446
63445
63444
48171
63442
3171
3170
3169
3168
3167
3166
3164
3163
3184
3183
3182
3181
3180
3175
3174
3172
3144
3143
3141
3140
3139
3138
3137
3135
3154
3152
48170
3150
3149
3148
3147
3145
63419
3162
3161
3160
3158
3157
3156
3155
63431
63429
63428
63427
48169
63425
63424
48168
3106
3105
3104
3103
3102
3100
3099
3098
3115
3114
48167
3111
3110
3109
3108
3107
3123
3122
3121
3120
3119
3118
3117
3116
3133
3131
3130
3129
48166
3126
3125
3124
3064
3063
3062
3061
3060
3059
3057
3056
3074
3072
3071
3070
48165
3068
3067
48135
3087
48134
3083
3082
3081
3080
3079
48132
48129
3095
3094
3093
3092
3091
3090
3089
63472
63471
63469
63468
63467
63466
63464
63463
63481
63479
63478
63477
63476
63475
63474
63473
3046
3043
3042
3041
3040
3039
3035
63482
3055
3054
48128
3052
3051
48127
48125
3048
3012
3010
3009
48124
3007
48145
3005
3002
3024
3023
3021
3020
3017
48142
3014
3013
63451
3034
3032
3031
3029
3028
3027
3025
63462
63461
63460
63459
63458
63457
63456
63455
2968
2967
2966
48141
2964
2963
48140
2961
2977
2976
2974
2973
2972
2971
48139
2969
2987
2984
2983
2982
2981
2980
2979
2978
3001
3000
2999
2998
2996
2995
2991
2990
48138
2928
48137
2924
2923
2922
2921
2920
2942
2941
2940
2938
2937
2935
2934
2932
2950
48136
2948
2947
2946
2945
2944
2943
2960
2959
2958
2957
2955
2953
2952
2951
50107
63498
63497
63496
63495
63494
63493
63492
63508
63507
48154
63505
63504
48152
63501
63500
2908
2907
63514
63513
63512
63511
63510
48151
2919
2918
2916
2914
2912
2911
2910
2909
2887
2886
2884
2883
2882
2881
2880
2878
2896
2895
2893
2892
2891
2890
2889
2888
2905
2904
2903
2901
2900
48149
2898
2897
63491
63490
63488
63487
63486
63485
63484
2906
2846
2845
2842
2841
48147
2839
2838
50116
2856
50115
2852
2851
2850
2849
2848
2847
2866
2865
2863
2861
2860
2859
2858
2857
2877
2876
2875
2873
2871
2870
2869
2867
2801
2800
2798
2797
2796
2794
2793
50114
2811
2810
2809
2808
2807
2806
2805
2802
2826
2825
2824
2823
2820
2818
2816
2815
2834
2833
2832
50112
2830
2829
2828
2827
63531
63530
63529
63528
63527
63525
63524
50111
63539
63538
63537
63536
63535
63534
63533
63532
2781
2780
2779
63546
63545
63544
63542
63541
2791
2790
2789
2788
2786
2785
2783
2782
50110
50109
2746
2745
2743
2742
2741
2738
2766
2763
2762
2760
2759
2757
2755
2754
2777
2776
50108
2772
2771
2770
2769
2768
63521
63520
63519
63518
63517
63516
63515
2778
63570
63565
63564
63562
63560
63559
48093
63557
2717
48092
63577
63576
63575
63574
63573
63571
2728
2725
2724
2722
2721
2720
2719
2718
2737
2736
2734
2733
2732
2731
2730
48090
2698
48089
2695
2694
2693
2692
2691
2687
2706
2705
2704
2703
2702
2701
48087
2699
63547
2713
2712
2711
2710
2709
2708
2707
63556
63555
63553
63552
63551
63550
63549
63548
2655
2650
48086
2647
2646
2644
2643
2642
2665
2663
2662
48085
2660
2658
2657
2656
2678
2677
2675
2674
2673
2671
2670
2666
48084
2685
2684
2683
2682
2681
2680
2679
48102
63599
63597
63596
63595
63594
63591
63589
63610
63609
63608
63607
63606
63605
63602
63601
2628
2625
2624
2623
2622
2621
2620
2619
2640
2639
48101
2635
2634
2632
2630
2629
2594
2593
2592
2586
48100
2584
2583
2582
2602
2601
2600
2599
2598
2597
2596
2595
2615
2611
2610
2609
2607
2606
2604
2603
63587
63586
63585
63582
63581
63579
2618
2617
2550
2549
2548
2547
2545
48098
2543
2541
2560
2559
2557
2556
2555
2554
2552
2551
2570
2569
2568
2567
2566
48097
2563
2561
2580
2579
2578
2577
2575
2574
2573
2572
63626
63625
63624
63623
63622
63620
63619
63617
63634
63633
63632
63631
63630
63629
63628
63627
2526
2525
2524
2523
63642
63638
63636
63635
2540
2537
2535
2534
2533
2532
2531
2528
2496
2495
2494
2493
2492
2491
2489
2488
2509
2508
2507
2506
2504
2503
2502
2501
2520
2519
48096
2516
2515
2514
2512
2511
63616
63615
63614
63613
63612
63611
2522
2521
2456
2455
2454
2452
2450
2449
2447
2446
2466
2465
2464
2463
2461
2460
2459
2457
2476
2474
2473
2472
2471
2469
2468
2467
2487
2486
2485
2483
2481
2479
2478
2477
63663
63662
63660
63659
63658
63656
63655
63654
63674
63673
63671
63670
63667
63666
63665
48095
2436
2435
48114
2432
2431
2430
2429
2428
2445
2444
2443
2442
2441
2439
2438
2437
2408
2407
2406
2405
2404
48111
48110
2401
2416
2415
48109
2413
2412
2411
2410
2409
63645
63644
63643
2422
2421
2420
2419
2417
63653
63652
63651
48107
63649
63648
63647
63646
2373
2372
2369
2368
2367
2366
2365
2364
2383
2382
2381
2380
2379
2378
2375
2374
2391
2390
2389
2388
2387
2386
2385
2384
2400
2399
2397
2396
2395
2394
2393
2392
2331
2330
2329
2328
2327
2326
2325
2324
2339
2338
2337
2336
2335
2334
2333
2332
2351
2350
2349
2348
2345
2344
2343
2340
2363
2362
48104
2360
2359
2356
2354
2353
2296
2295
2294
2293
2292
48103
2290
2288
2304
2303
48123
2301
2300
2299
48122
2297
2313
2312
2311
2309
2308
2307
2306
2305
2323
2320
2319
2318
2317
2316
48121
2314
63693
63692
63691
63689
63688
63687
63686
63685
63706
63705
63704
63703
63701
63700
63698
63694
2279
2278
2277
2274
2271
2269
48120
2267
48119
2286
2285
2284
2283
2282
2281
2280
2241
2240
2239
2237
2236
2235
2234
2233
2254
2253
2251
2248
2247
2246
2245
2244
2266
2265
2263
2261
2258
2257
2256
2255
63684
63683
63681
63680
63679
63677
63676
63675
2200
48118
2197
48116
48115
2194
2193
48052
2211
2210
2208
2207
2205
2204
48051
2202
2220
2219
2218
2217
2216
2215
2213
2212
2232
2228
2227
2226
2225
2224
2222
2221
48050
63724
63723
63722
48049
63720
63717
63716
63736
63735
63734
63732
63731
63730
63729
63728
48048
2178
48047
2175
2173
2172
63738
63737
2191
2189
2187
2186
2185
2184
2183
2180
2152
2151
2150
2149
2148
2147
2146
2143
2160
2159
2158
2157
2156
2155
2154
2153
2170
2167
2166
2165
2164
48046
2162
2161
63715
63714
63713
63711
63710
63709
63708
63707
2109
2108
2107
2106
2105
2103
2101
2098
48065
2119
2117
2114
2113
2112
2111
2110
2132
48062
2129
48060
2127
2124
2123
48058
48057
2141
2140
2139
2137
2136
48056
48055
63765
63763
63762
63761
63760
63759
63758
63756
2077
2076
2075
63770
63769
63768
63767
63766
2085
2084
2083
2082
2081
2080
2079
2078
2094
48073
2092
2091
2090
2089
2088
2086
2051
2050
2049
2046
48072
2044
2043
2038
48071
2067
2065
2063
2061
2059
48070
2054
63745
63744
63743
63742
63741
63740
63739
2074
63755
63754
63753
48069
63749
63748
63747
63746
63794
63793
63792
63791
63790
63789
63787
63786
2013
2012
2011
63801
48068
63797
63796
63795
2026
2025
2022
2021
2017
2016
2015
2014
2036
2035
2034
2033
48067
2030
2029
2027
1991
1990
1989
1988
1987
1986
1985
1984
1999
1998
1997
1996
1995
1994
1993
1992
63774
63773
63772
2009
2007
2006
2005
2000
63785
63784
63782
63781
63780
63779
63778
63777
1952
1951
1949
1947
1946
1945
48066
1938
48083
1963
1960
1959
1958
1957
1955
1954
1974
1973
1971
1970
1969
1967
1966
1965
1982
1981
1980
1979
1978
1977
1976
1975
1902
1901
1900
1899
1898
1897
1894
1893
1915
1913
1912
1909
1908
1907
48082
1903
1926
1925
1924
1922
1921
1920
1919
1917
1937
1936
1933
1931
1930
1929
1928
1927
63817
63816
63815
63814
63813
63812
63811
63809
63825
63824
63823
63822
48081
63820
63819
63818
48080
63833
63832
63830
63829
63828
63827
63826
1891
1890
1888
48079
1886
48078
1884
1883
1857
1856
1855
1853
1852
1851
1850
1849
1869
48077
1867
1866
1863
1861
1859
1858
1877
48075
1875
1874
1873
1872
1871
1870
63808
63807
63806
63805
63804
63803
1879
1878
1816
1814
1813
1812
1811
1809
1808
1807
1825
1824
1823
1822
50156
1820
50155
1817
1838
1837
1833
1830
1829
1828
1827
1826
1848
1845
1844
1843
1842
50154
1840
1839
1778
1777
50153
1775
50152
1772
1771
1770
1787
1786
1785
1784
1783
1782
1781
1780
1795
1794
1793
1792
1791
1790
1789
1788
1805
1804
1803
1802
1800
1799
1797
1796
63850
63847
63846
63845
63844
63843
63842
63841
63859
63857
63856
63855
50150
63853
63852
63851
1760
1759
1756
1755
63865
63863
63862
63860
50149
1768
1767
1766
1765
1764
1762
50148
1732
1731
1729
1728
1725
1722
1721
1720
1744
1743
1741
1740
50168
50167
1734
1733
50165
1751
1750
1749
1748
1747
1746
1745
63840
63839
50164
63837
63836
63835
1754
1753
63895
63891
63889
63888
63887
63885
63884
63883
1699
1698
1696
1695
1692
50163
63897
63896
1710
1707
1706
1705
1704
1702
1701
1700
1719
1718
50162
1716
1715
1714
1712
50159
1671
1670
1668
1667
1666
1665
1662
1659
1681
1680
1679
1676
1675
1674
1673
50157
63869
63868
1689
48035
1687
1686
1685
1682
63882
63881
63880
63878
63875
48033
63871
63870
1629
1628
1627
1625
1623
1622
1621
48031
1639
1638
1637
1636
1635
1634
1632
1630
1648
1647
1646
48029
1643
48028
1641
1640
1658
1657
48027
1654
1653
1652
1650
1649
50170
63921
63920
63919
63918
63917
63916
63915
1598
1597
1596
50169
63929
63928
63927
63926
1607
1606
1604
1603
1602
1601
1600
1599
1618
1617
1616
1615
1614
1613
48044
1608
1577
1576
1575
1574
48043
1572
1571
1570
1585
1584
1583
1582
1581
1580
1579
1578
63899
1594
1593
1591
1589
1588
1587
1586
63914
63912
63911
63909
63907
48042
63904
63900
1536
1535
1532
1530
1529
1528
1527
1526
48041
1547
1545
1543
1541
1540
1539
1537
1559
1558
1557
1556
1553
1552
1551
1550
1569
1568
1567
1566
1563
1562
1561
1560
1496
1495
1494
1492
1491
48040
48039
1488
1505
1504
1503
1501
1500
1499
48038
48037
1515
1514
48006
1512
1511
1510
1507
1506
1525
48005
1523
1522
1520
1518
1517
1516
63955
63954
63953
63952
63951
63950
63949
63946
1467
63962
63961
63960
63959
63958
63957
63956
1478
1475
1473
1472
1471
1470
1469
1468
1487
1486
1485
48002
1483
1482
1481
1479
1451
1450
1449
48001
48000
1444
1443
47999
1461
1460
1459
1458
1457
1456
1453
1452
63935
63934
63932
63931
1466
1465
1463
1462
63945
63944
47998
63942
63941
63939
63937
63936
1407
48014
1405
1404
1403
1402
1401
1400
1418
1417
1416
1415
1414
1412
1411
1408
1428
1427
1426
1425
1423
1422
1421
1420
1440
1439
1438
1435
1433
1432
48013
1429
63987
63985
63984
63983
63981
63980
63976
63975
1379
1377
1376
1375
1374
1373
63991
63988
1390
1389
1387
1386
1385
1384
1383
1381
1399
48012
1396
1395
1394
1393
1392
1391
1349
48011
1347
1345
1344
1343
1342
1341
1362
1360
1359
1358
48010
1355
1352
1351
63963
1370
1369
1368
1366
1365
1364
1363
48008
63972
63971
63969
63968
63967
63965
63964
1310
1309
1308
64025
64023
48007
64019
64016
1320
1318
1317
1316
1315
1313
48024
1311
1330
1329
1326
1325
1324
1323
1322
1321
48023
1339
1338
1337
1336
1335
1334
1332
48022
1292
1291
1289
1287
1286
1284
1283
48021
1304
48020
1300
1299
1298
1296
48019
64005
64004
64003
48017
64000
63998
63997
1306
64014
50147
64011
64010
64009
50146
64007
64006
1249
1248
1247
1244
1243
1242
1241
1239
1258
1257
1256
1255
1254
1253
1251
1250
1268
1267
1266
1264
1263
1262
1260
1259
1279
1278
1277
1276
1274
1272
1271
1269
50144
50143
1205
1203
1202
1200
1199
1198
1217
1215
1214
1212
1211
1210
1209
1208
1228
1227
1224
1223
1222
1221
1220
1219
1238
1237
1236
1235
1234
1233
1232
1230
64049
64048
64047
64046
64045
64044
64043
64041
64058
64057
64056
64055
64054
50142
64052
64050
1188
1187
1186
1185
1183
1182
1180
1179
1197
1196
1195
1194
1192
50141
1190
48026
1162
1160
1159
48025
1157
47967
1154
1153
1172
1170
1168
1167
47966
1165
1164
47964
47963
64031
64029
64027
1178
1177
47962
1173
64040
64039
64038
64037
64036
64035
64034
64033
1107
1106
1104
1103
1102
1101
1100
1099
47961
1118
1117
1116
1115
1114
1111
1108
1136
1132
1131
1129
1128
1127
1124
1122
1152
1149
47959
1146
1145
1141
1140
1139
64075
64073
64072
64071
64070
47958
64068
64067
64087
64086
64085
64084
64082
64080
64079
64077
1090
1087
1085
1084
1083
64090
64089
64088
1098
47978
1096
1095
47974
1093
1092
1091
47971
1056
1055
1054
47970
1050
1048
1047
1066
1065
1064
1063
47969
1061
1059
1058
1077
1076
1075
1074
1073
1070
1069
47968
64065
64064
64063
64061
64060
64059
1079
1078
64113
64112
64111
64108
64106
64104
64103
64102
1019
64121
64120
64119
64117
64116
64115
64114
1032
1030
1029
1028
1027
1026
1025
1020
1044
1043
1042
1041
1037
1036
1035
1034
998
997
996
47989
993
992
991
990
1006
1005
1004
1003
1002
1001
1000
999
1018
1017
1012
1011
1010
1009
1008
1007
64101
64100
64098
64097
64095
64094
64093
64091
958
957
956
955
954
953
952
47988
969
967
966
965
964
963
962
959
979
978
977
976
974
973
971
970
989
988
987
986
983
982
47987
980
64152
64151
64150
64148
64147
64145
64144
64143
928
927
926
925
924
923
64154
64153
940
939
938
936
933
932
47983
929
949
948
47982
946
944
943
942
941
908
47980
905
904
903
901
899
47997
917
916
915
914
913
912
911
47996
64133
64131
64130
64128
64127
922
921
918
64142
64141
64139
64138
64137
64136
64135
64134
860
859
858
857
856
855
854
853
870
868
867
865
864
863
862
861
878
877
47995
47994
47993
873
872
871
896
894
893
892
885
884
882
880
823
822
821
818
816
47992
814
812
834
832
831
830
828
826
825
824
842
841
840
839
838
837
836
835
852
851
849
848
847
846
845
843
64175
64173
47991
64169
64168
64167
64166
64165
795
64186
64184
64182
64181
64179
64178
64177
803
802
801
800
799
798
797
796
811
810
809
808
807
806
805
804
764
763
64218
64217
64216
64214
64213
47990
778
777
776
775
771
770
768
767
791
788
787
47928
47927
781
780
779
47926
64162
64160
64157
64156
64155
794
793
743
739
738
737
736
47925
734
733
759
758
757
753
750
749
748
747
64194
64193
47924
64191
64190
64189
64187
760
47922
47920
64202
64201
64200
64199
64198
64197
698
696
695
692
691
690
689
688
710
707
706
705
47936
702
701
699
720
719
718
717
716
714
713
712
732
731
729
728
726
724
722
721
64238
64237
64236
47935
64234
64233
64232
64230
667
64250
47934
64247
64245
64244
64240
64239
47933
675
674
673
672
671
669
668
687
686
685
684
683
682
681
677
647
646
645
644
643
642
47932
639
656
654
653
652
651
650
649
648
665
664
663
662
47931
659
658
657
64229
64228
64226
64223
64222
64221
64220
666
64280
64278
47930
64276
64275
64273
64272
64270
610
609
47929
606
47946
604
64282
64281
626
621
620
619
618
616
612
611
47945
636
635
633
630
629
628
47944
586
585
47943
583
582
581
579
578
597
596
594
47942
592
591
589
588
64253
64252
64251
602
47941
600
599
598
64268
64266
64265
64264
64263
64260
64258
64256
542
540
47938
47937
537
535
534
531
555
553
552
47957
47954
548
546
543
565
564
562
561
560
559
47953
557
576
574
573
572
571
569
568
47952
494
493
492
491
490
489
488
486
507
505
504
502
501
499
498
497
518
514
513
512
511
510
509
508
47951
528
527
526
524
523
520
519
64301
64300
47950
64298
64297
64295
64294
64293
64309
64308
64307
47949
47947
64304
64303
64302
477
476
475
64314
64313
64312
64311
64310
485
484
50191
482
481
480
479
478
456
455
454
453
452
449
50190
50189
467
466
465
463
461
460
459
50187
64284
64283
474
50186
471
470
469
468
64292
64291
64290
64289
64288
64287
64286
64285
412
411
410
409
408
405
404
403
421
420
419
417
416
415
414
413
50185
430
427
50183
425
424
423
422
50182
443
50200
441
439
437
436
50199
64339
64338
64336
50198
64334
64333
64332
64330
381
380
379
64346
64344
64342
64341
64340
391
390
389
387
50196
384
383
382
402
401
400
399
398
395
50192
392
355
354
47907
352
351
349
347
346
370
47906
368
367
363
362
361
360
64316
64315
378
47904
376
375
374
371
64329
64328
64327
47903
64323
64321
64320
64318
313
312
309
307
306
305
303
47902
326
325
322
321
320
319
317
314
336
335
333
332
330
329
47900
327
345
344
342
341
340
339
338
337
64371
64369
64367
64366
64365
64363
64362
64360
283
64378
64377
64376
64375
64374
64373
64372
291
290
289
288
287
286
50202
284
47919
300
299
298
296
295
294
292
264
263
262
261
47918
258
257
255
273
272
270
269
47917
267
266
265
282
281
279
278
277
276
275
274
64359
64356
64355
64354
47916
64352
64351
64348
225
224
223
222
220
219
217
215
235
234
233
232
231
230
228
227
245
243
242
241
240
239
238
237
254
253
252
251
250
248
247
246
185
184
182
180
179
177
176
175
197
196
194
193
192
191
190
189
206
205
204
203
202
201
200
198
214
213
212
211
210
209
208
207
64396
64394
64393
64392
64391
64389
64388
64387
64406
64405
64404
64403
64401
64400
64398
47915
163
160
159
157
47911
64409
64408
64407
174
47909
171
169
168
167
166
164
128
127
126
125
47874
123
122
121
141
140
139
138
135
134
132
129
153
151
150
147
146
145
144
143
64386
64384
64383
64382
64381
64380
64379
154
64440
47873
64435
64434
64433
64432
64431
64430
47870
100
99
97
95
47869
92
47868
111
110
109
47867
107
47866
104
102
120
118
117
116
115
114
113
112
47865
47883
54
51
49
48
47
64
47882
64450
64449
64448
64447
64444
64443
58
47881
64458
64457
64456
64455
64454
64453
64452
64470
64469
64468
64466
64465
64463
64462
64473
73
72
71
69
67
66
65
64478
83
82
80
79
78
47880
47879
74
64418
64416
64415
64414
64412
88
86
84
64428
64426
64425
64424
64423
64421
64420
6253
