46327
26748
50083
43053
33597
35318
17354
58536
59189
131
32738
47684
57627
55438
26395
45754
47692
9810
43112
24571
47309
0
133
23035
3026
40612
37334
59539
47948
16020
37104
17561
26440
63986
43737
47306
5995
18252
26202
29972
31798
5604
44615
13724
47889
49100
28128
25900
42218
12865
23874
30005
39664
30016
42901
43476
7342
51820
40410
34960
50002
53952
58048
31826
41449
11250
50103
17769
6530
28195
40222
56473
49591
4559
20605
15558
28370
48631
13397
48192
55911
31551
8720
32914
31874
3344
28112
32486
56015
24424
49300
6831
3151
10827
34400
9649
54929
37651
6464
43058
55956
55022
24597
20990
37158
26743
55928
33745
35652
62320
64319
6683
51151
55345
37816
35084
38627
19908
36935
889
26422
23854
4425
43009
52662
30415
60049
30114
21708
27452
29557
22069
63661
12685
31242
1763
22113
8151
16514
9949
38480
22132
27965
61856
24447
44947
45265
52444
26744
22326
50
9105
35551
24753
20159
28466
20606
27202
28573
26316
64026
35654
11769
13395
30013
33965
43527
12864
33895
16022
32029
28072
31601
2087
32907
36281
4687
14653
53006
60324
61524
10012
33469
55235
33237
48248
1382
14699
20673
55936
28183
45111
30312
58212
39895
44610
23821
7197
31455
19391
32518
8702
63348
54213
49055
48009
50398
62267
27475
5439
49125
36646
5687
1815
23009
28931
56013
21466
42904
2853
42232
44048
32531
23778
49870
7110
26434
5588
63993
50318
38685
56979
46661
18007
4610
4207
15897
23710
20832
55154
29805
9149
52195
44832
51155
9115
34059
27024
5973
56036
2855
14128
26641
10381
34206
3394
15632
56956
39538
63484
18329
46331
60002
39250
39147
55084
10823
7594
14166
4203
56508
28532
22473
5677
50327
1290
60561
28335
1697
41603
13976
60673
56554
24368
655
22675
40411
2099
57835
30352
28050
43833
14708
9366
62042
62359
1892
9582
34122
59857
5977
52277
29957
53224
33157
58364
31573
55495
11472
27750
42336
47506
55434
54648
42010
34729
25720
11186
26204
41062
30017
56986
43887
42162
9583
31644
25598
6987
20951
16803
9753
62198
24868
44932
46888
45375
17374
5775
53654
5206
33806
10278
38742
43502
18506
17754
26250
49744
63592
42324
19209
29886
61695
35658
30653
13145
15012
35353
53323
40569
59864
31561
51157
28490
19794
24570
19062
32081
29966
61413
35786
17280
43638
24551
48282
38683
32870
56139
54933
64271
40564
5150
49782
40179
17702
52510
46047
149
4838
30912
27034
39056
34168
15409
58706
18460
2742
30353
23191
13351
13508
32506
24695
35338
40245
33855
8038
55931
60616
17130
37916
53707
32437
28670
15894
4366
27639
17738
42066
17363
27126
52646
55462
62738
42956
30015
50081
38465
39169
52287
17021
39148
13668
59974
29578
9236
61976
43439
57583
2116
2795
48592
7673
44793
36925
13782
26106
1620
52703
1847
14092
64474
12314
8989
6352
9120
48608
23934
12223
54172
28492
26025
29403
11187
49140
52687
21716
46784
18253
42860
57465
53697
9085
58303
32418
49080
39532
47872
28454
29552
42649
39792
25685
17851
47835
54302
12729
25435
53704
7641
37362
19339
33631
30412
17843
4227
51231
6564
54934
50010
43761
64225
8179
21666
33762
35984
33000
52588
31992
12886
37380
40732
29192
17705
33853
2223
38069
5161
34827
15463
10599
28290
10990
59310
23096
13103
54890
28952
51637
38525
37266
8298
23490
24281
37465
29686
1231
761
38121
62006
23088
25220
36911
63701
33592
63572
56356
4708
45908
5051
23573
45474
23680
4681
58819
45373
46319
46500
7875
41388
40476
8415
26278
15167
31633
37538
28197
54218
37650
47780
5987
5631
37210
4551
19857
10198
42401
61664
39564
55809
12244
23641
17885
517
39315
27540
4244
52134
33424
56376
22060
36207
30197
16046
53009
52876
1245
51730
39685
16290
17398
9734
64451
51633
26489
25265
9402
22501
53879
47860
12413
53337
43484
10704
36032
24658
58286
39899
47447
37500
31448
32537
26958
8531
36061
63974
26814
36524
61304
2498
59422
62411
51392
1694
63439
2100
32906
46587
40104
61118
46492
50762
44680
37619
26543
39370
16745
46586
41977
30179
31124
13720
56231
4422
38031
12980
50479
63854
53667
3936
16140
54781
18069
11831
35805
13413
41666
28252
42693
13427
45896
63002
16030
46956
28768
32505
20389
46396
22175
53686
16695
41725
22741
29959
52469
244
58677
28926
8529
59548
53513
49485
25440
58679
10207
39200
42823
17768
41441
21219
20896
17182
47029
54731
55205
41571
13747
1226
21510
63082
14704
41491
16654
28595
41328
16611
36848
36277
60316
58408
10148
38626
21198
54207
4457
18749
28927
49392
4962
30718
22107
25901
29589
64242
9757
17456
42473
55794
6924
29963
47087
11002
29067
36810
46209
2426
49486
37903
25531
34766
7404
8134
2489
52934
46239
37688
2641
37381
28530
29310
1595
49271
47685
19026
31922
63157
43438
35293
6317
59058
34515
38844
40402
18559
41676
61823
43366
61495
12638
46516
16097
36601
43779
13086
44901
11810
30325
34591
40295
24933
31354
24140
46834
52240
60792
16484
19023
19114
25747
62546
13099
6544
23651
58102
6803
25617
47770
22696
39873
44151
52682
33534
4206
17050
52850
47897
42389
22064
39548
21906
4442
28688
54739
46709
32462
50231
4211
27856
9053
17240
19044
31257
24184
56640
9658
34205
5562
34375
18784
15281
40062
2008
58912
21765
14317
34917
4920
32043
36482
26602
57783
41646
47777
54798
51843
40419
13296
29641
26200
17196
30837
17046
19835
11342
62055
20122
817
63994
20686
22325
55015
34836
17568
60078
64249
25721
32513
44369
51729
33664
61103
36680
62043
59636
36851
35150
60491
20323
30630
29221
9958
14741
24493
22254
63727
4859
63831
19189
22156
26435
12945
1531
38999
56204
21541
22802
28963
39715
54186
37580
22359
54400
37565
44101
25158
48692
21476
56611
40361
28338
32309
58291
62086
42689
35779
50088
44543
6196
29741
22915
2872
62901
54987
23819
25457
31733
7635
35582
5933
56427
33286
9746
62150
50899
5697
54019
56676
8304
54699
47984
28888
25793
59605
56238
55335
49249
47759
54762
5041
63327
46263
45684
21299
5450
18321
18439
18505
26969
4974
11413
55046
17520
13421
26805
52998
30269
16492
26992
14144
26296
31013
15871
35289
4006
26964
57515
8754
58784
16830
17691
47837
15200
55328
31999
58891
4049
54888
25755
41442
39049
40786
46899
38693
12774
38939
7809
50586
13094
17226
63430
17681
58056
10697
57207
39485
49892
2174
55517
51490
54653
10436
26667
1983
46922
15567
9370
41521
28461
995
1038
24043
44833
36732
1322
60969
47019
63977
47210
1119
12850
40744
20842
50439
34596
22391
55206
13557
49695
48341
44062
51395
39751
4407
34733
26207
46835
17687
64122
44013
186
18392
26994
41134
60097
44196
46889
62073
20034
58845
59459
20173
16270
30456
22393
57229
55415
48679
39479
40993
2250
4811
60656
18886
36385
30680
37637
43728
36975
5619
58903
33300
54338
12485
45922
30740
59228
45462
49079
1493
48088
49476
28238
52697
56201
31657
48383
57505
47836
13501
56698
27484
26640
38451
54401
32529
56621
33628
5643
58461
30328
10601
29979
1207
11482
7432
64259
20302
58773
2726
15701
59639
195
280
23180
47024
27956
62843
22231
8061
10263
15439
23768
50243
9341
22224
15489
52199
34065
60624
28312
42868
11801
14455
57764
24104
32385
16343
40988
54700
55259
18000
55003
2064
8425
12034
28760
27094
37583
37788
19718
42800
39544
63200
36941
62979
61025
62939
42907
46528
2817
21707
32891
547
35023
16788
5714
3526
56650
7011
38804
31789
2451
44674
48105
19792
31351
45924
51505
27767
46374
25687
42196
891
25179
15677
9897
36830
15268
23289
42663
30905
26412
32761
34736
27026
19650
61930
4567
6049
45119
1910
44451
50624
45101
3472
24348
293
61476
35723
6632
4286
10424
17956
57726
63213
42310
5253
15221
30043
49142
34451
15692
63388
63299
47018
27025
34585
33971
20246
10829
23411
36093
2020
28916
8001
46419
3153
37041
25218
30873
32242
57057
33054
16502
13595
43266
4220
26542
15226
53010
37237
33356
33458
23965
26490
49250
43852
16369
34933
60037
41234
7590
22622
50795
62585
53755
16316
52359
58840
21616
40455
4139
26303
34758
60984
29871
31728
56421
13074
34200
40287
51290
29278
18215
47579
52013
57912
27975
39648
16092
14261
62600
48444
6786
47716
1275
13690
11503
21753
58813
40534
25351
2473
59235
43332
43978
49511
3544
62873
11100
15015
17244
26549
28266
16438
14867
61998
45027
18313
30341
19021
8711
33355
36959
38258
29738
57158
1120
27658
63363
1860
39876
3813
3393
31059
42024
20041
26028
17770
29898
3096
33908
5077
56573
55754
39918
45755
754
34552
49246
52860
41305
33104
38920
62942
38548
30362
14007
38711
4901
46862
7812
51814
3745
2125
59846
7047
53580
56295
22534
51304
28597
11705
6424
52141
57520
38382
62541
63990
53638
30171
47798
55483
12778
55999
46164
63141
27504
271
11596
27853
18723
33905
28329
16455
50830
49536
35217
39116
28199
49453
47477
58368
18762
53599
61807
6010
46332
28347
63978
46717
40989
56085
57116
15892
33529
14375
18110
33665
7609
55394
29273
22904
21458
33023
20203
2787
21307
21691
5517
6941
15748
9584
29068
64377
11040
2058
58163
16460
16782
52183
22629
41807
56525
9788
44324
54227
39368
54696
39079
12256
56781
58995
59227
25020
43281
42175
31229
16734
26073
60442
53073
24041
24943
2214
51226
30368
3895
13709
44319
58149
7268
29139
34033
56331
6353
56123
30769
17922
10336
40163
52823
43927
26751
33332
26592
396
59183
30391
58050
6077
5610
57749
39431
26733
23879
16150
6731
24894
43996
9648
55157
48063
21247
35874
53493
64427
21591
16755
32236
1455
44580
37430
20772
53361
19652
61798
47912
45346
40947
43877
42127
12784
16340
10011
20899
21145
46999
37889
36850
6669
49328
25477
39143
18593
52807
56587
31061
40255
7433
3754
27563
34284
15418
37986
52718
55895
25285
14464
40322
28710
57514
26821
47615
62290
18631
25841
4369
13144
62899
56609
20072
54506
32474
25050
4469
34192
4608
55153
52551
21948
40066
58854
63901
20235
45169
52023
33165
16374
41191
15162
3391
16302
20788
55445
6672
35648
52534
47308
22859
23754
5010
24117
45134
5434
54511
30470
46701
14252
3623
14099
53972
38724
503
1388
30802
54225
26067
20336
38905
12416
16694
19447
4380
45871
53636
26491
35184
47582
8087
6757
9454
30974
38991
51945
48381
28201
27593
56815
37919
12110
44121
48669
54620
21483
9893
10703
25894
54274
8314
3677
10250
44210
53435
8915
17045
20519
9717
43770
58991
7113
22265
32525
29341
14621
32883
41158
54744
33170
14418
32162
25638
44237
34814
47385
38498
12532
13553
6983
45400
30865
37065
48923
8393
60450
47701
3221
58410
2954
25492
17573
30587
53463
2874
11847
62354
28012
57349
40326
55305
61448
54904
3695
26612
57134
59592
64340
47850
2484
32134
13812
54517
844
27021
11313
8554
55159
8349
28909
10459
45183
27711
51661
16210
36396
40880
36623
56447
6949
35347
52161
9607
30719
2703
37468
61414
1285
63355
786
38842
47205
13586
5584
16098
27399
33323
14374
23061
25618
37269
15410
31211
14463
12248
17227
15612
23943
41
46333
22117
26894
26409
47104
19649
4860
47913
63432
6689
18382
9275
9194
59939
36362
6455
14025
29328
28935
31648
41074
42930
61515
41487
54484
36594
58485
17302
2433
39969
18137
57186
15136
43787
22409
39081
22909
45772
5296
28108
6815
34452
57813
55868
29011
8958
3080
42935
61797
17517
58743
31418
60649
26018
1564
19899
23799
35760
4644
57397
24107
59435
49306
18842
11954
32840
50903
13368
5524
46365
59945
10026
11478
18340
40447
28025
56091
5799
14293
23713
56850
28772
21828
11422
11372
2115
54551
58945
43499
4786
57599
17716
32009
53257
19943
45705
50288
42489
11003
48994
20388
32668
53607
13402
43016
19073
40514
35603
18778
12471
5258
8662
28713
24800
18168
3966
544
39716
4201
13810
46376
36693
11715
61576
22487
32207
48342
61094
44097
32476
36113
48741
4996
6056
9645
10054
31896
22908
20640
62548
34698
24743
32055
18604
52380
32329
18233
44773
61757
14606
4829
23613
26167
9974
22720
46289
41464
13849
40397
16421
38089
4975
11433
51845
162
31088
21084
37454
56027
34438
25143
8341
4896
14006
3209
31510
18597
42177
5217
49694
26083
51008
26960
60658
4560
54609
25035
62951
1915
13548
41303
2850
57613
14453
3165
31888
5347
25512
39809
42424
38613
6388
2536
3741
23812
41021
13758
5052
1014
25481
12061
8139
38302
12951
52846
50284
60570
57453
40312
60
1554
53618
43609
20845
47273
49152
40486
35513
1138
13381
12272
16613
15096
59324
16645
22374
27977
55803
54229
16116
23119
62587
31923
12125
52759
54438
10632
37164
46383
34804
40924
25244
61830
7243
4944
29647
58546
24145
55752
310
29049
61565
6189
29121
16251
27637
40631
13102
23801
55766
10867
15338
27920
18270
41068
53655
7285
12608
2055
62954
11787
46599
2917
4447
26616
16447
45589
34281
43624
4801
24657
18478
13306
22548
55666
14750
61864
32032
12924
16481
4463
13171
51320
7992
14457
49389
32949
45426
48869
63390
58660
63788
49371
53052
641
10423
22318
12627
23792
59719
45365
11449
29919
58860
25651
55487
5932
56778
22735
4898
11411
869
4873
22931
24717
22583
14011
63890
18744
6582
23065
22389
27029
50691
30975
39799
64438
53032
61853
11894
54368
14115
22388
55634
31303
59932
6975
36378
10626
12126
2739
24451
6958
55778
30227
16693
32310
440
20405
11394
58174
35942
60296
60619
64099
12834
29869
58326
60127
48079
58000
5678
8198
3134
7882
693
49118
3565
50003
15754
27895
21804
41097
29162
39535
2591
49653
54813
17776
43873
18534
40269
58790
60789
35840
30289
44226
39701
18857
43010
12441
58112
41358
30001
44422
64123
12106
2813
15134
613
26628
34930
21053
10027
9408
43421
61443
47075
61276
37675
42788
5965
42872
32972
26989
961
14336
64445
11232
39162
48231
27940
62345
34297
28702
31745
42457
31502
9534
64022
6423
31405
48482
26975
61919
4398
58486
47676
50404
64446
50178
9995
7556
29889
58447
2347
56258
59137
42229
63995
7620
61092
40956
2696
43232
1184
60098
45103
37206
17343
58672
61931
29215
62268
34349
62815
37920
22358
5693
35635
25228
33526
26709
6798
18571
22352
32673
33778
56434
26643
9992
27604
57770
14369
54327
52849
12094
3293
63898
2510
30185
12320
27692
7332
63395
28287
31856
26754
63751
37243
45649
55139
41460
60511
37098
45120
53415
29490
52088
10127
2470
34696
21477
51415
7224
27386
22267
40634
18173
14527
7766
7375
5454
59050
32165
57302
26263
40709
56921
2
7477
51979
18805
55160
2571
12684
29009
38392
6629
54045
26725
17428
43345
10300
23848
45396
3357
58990
58320
15687
50419
43724
33721
12241
19572
20006
28132
58155
27826
38456
1353
20080
49310
42931
51690
59055
50826
3621
50361
36377
23608
59908
41248
8617
4281
55724
5287
16733
16157
34011
10609
51064
14655
44714
44214
59206
43227
41366
43380
19821
5256
46682
58239
61008
25733
46133
44
25728
39108
31846
56140
15556
43460
46254
44577
16911
8368
12908
7611
4374
13662
13138
42120
22369
40670
27282
62062
40997
8197
26223
60108
6072
58512
4354
59056
5957
17550
59858
46213
43145
50429
18471
53920
44067
7338
35210
32087
54727
55844
8556
54858
57698
61651
43694
47050
9406
13843
24272
26609
47138
48581
16778
3887
5115
28344
57523
59861
28696
1889
36334
4304
49934
13000
20653
27290
41695
47009
21358
17887
63135
49290
23575
10003
6993
31681
32911
40257
39604
44755
19801
52589
35478
42905
62827
34456
54347
54993
16042
29962
43352
32438
12766
23487
51809
28409
1835
21895
2926
61154
29991
1736
46508
54935
45406
38871
10605
25936
59691
30034
30973
42735
34401
26333
56558
48712
29590
8435
30432
21674
5842
39761
1489
56158
12786
45573
51733
37857
18307
16951
18425
48234
16804
19780
21863
13457
58223
50151
981
7955
6903
2039
30354
20600
25592
18602
53772
38896
37923
12234
58282
45519
38193
18406
3508
29652
20817
19791
48993
30334
24819
51640
41302
60288
44977
53929
5106
50614
53997
37046
56360
11152
34964
40691
30184
1142
31175
58356
59896
7548
37528
20490
18075
44476
62825
51566
27541
56472
14125
57975
42211
5085
9947
39145
26652
38449
39518
36356
20868
54629
24208
1281
14102
30782
29520
31250
37562
41580
54485
56437
3057
27403
44246
50865
61102
45839
50483
4180
29082
50086
54965
50526
4730
63996
43470
19487
54423
12558
746
11857
43071
21210
28122
33547
46173
59700
10312
11027
906
26011
8421
12305
52937
35201
14036
59424
12136
20274
26105
16922
21560
7067
30009
32839
46212
10830
31623
11911
36116
42056
15330
60921
2238
40811
16684
34245
20314
51159
61575
8534
18365
39489
31976
26796
22272
10413
7446
31431
64246
50496
23278
44790
48133
46513
4405
10894
52419
15231
6597
61877
11169
1948
34970
1348
21805
42644
58387
18044
61081
4473
16334
5997
46227
43785
18862
33775
58350
11970
44600
52527
45547
25044
30978
4239
11048
50641
26813
51568
37761
60941
55938
38753
2799
57193
51018
32927
40485
35534
39176
36015
61113
27
47536
12876
33767
2361
3725
24613
25908
34175
813
13393
39803
7606
52604
20903
36391
29431
7424
12827
8630
52478
59882
58725
33179
25009
27204
57413
13590
37405
3018
12092
38436
315
52536
12378
11188
49475
8470
57893
51232
27422
37463
61620
25349
27016
49387
19283
730
35213
34273
13120
25871
4907
356
59893
28111
2867
54847
3820
6516
18656
28276
12576
62955
2542
26610
61678
62362
32454
19214
12343
43840
31284
55635
37428
35438
43607
32882
1944
30631
22646
3548
53326
24306
52346
34680
17304
28893
53046
47670
48310
27400
16219
1916
12050
39687
44502
31392
7777
23381
56843
57442
61027
39990
19686
3881
57347
14241
34099
13484
42016
2120
12810
55614
58970
9518
55644
63989
60184
50300
46820
13471
4024
1834
13728
38299
12899
45697
28169
56405
53358
41082
28706
63181
18396
29548
2929
4084
44948
50027
19845
14712
42214
11867
29873
54937
47190
55879
53575
14295
49877
26424
16892
46700
19448
21783
61079
39523
63304
26410
50645
50894
21030
41233
28843
37119
26185
36744
26536
62146
45018
16877
16577
10766
2812
4343
9737
59135
32950
31190
35748
13589
22911
50227
34544
39712
3611
20410
64074
50673
39679
13379
14084
90
36299
10047
54403
41179
16536
45622
16269
3025
60071
54545
54162
13984
5180
27735
17577
17452
12881
27324
16261
23060
58381
3097
49460
39887
28143
47395
26148
59021
50742
15921
53637
45577
18115
48270
21831
16775
3951
64419
44594
20139
17895
20709
62668
8344
42364
6909
11012
56760
457
29787
25326
6293
59558
55953
25910
48314
5877
15334
15341
29965
32390
13118
56896
10739
49155
20344
54042
52393
4785
10556
11287
28875
23137
57039
1962
5591
54639
3785
43493
59123
38213
46719
24404
1333
62970
10153
22967
46761
60670
5773
16838
31666
61806
58262
42052
35521
13733
46655
49852
46334
2676
4356
33499
39521
55728
5003
41147
5438
18476
17950
55881
55510
40954
17403
58749
4934
57591
32263
4074
22417
37001
52115
5012
11307
2448
50718
23825
4656
38611
58296
33805
47803
57461
56636
39014
49588
22754
32547
10668
32217
33897
16658
45867
50397
64049
29363
20987
43758
388
30568
35124
24666
64387
33290
61971
56523
43368
1146
37645
33596
36375
30741
20481
58109
60855
40751
23245
17867
33110
38096
41306
45006
16047
58528
39323
7927
7316
62659
31932
56299
8173
17027
13732
36806
26916
55387
40094
33685
57534
41485
54411
41613
39870
4349
15100
40109
56808
51007
62563
31444
11771
41054
43270
22333
13325
33430
15322
51062
50931
63130
54258
4828
46281
20804
2756
10351
39127
3742
63435
23099
64429
21371
15178
24160
45017
41262
27517
8781
14855
39404
19349
26034
33142
6240
29692
1831
61496
44990
6210
18699
43528
37277
46252
4780
51680
11379
55875
31556
39345
42734
46537
25266
42620
44927
2558
19169
7165
3076
37446
19335
13297
27011
28552
3136
32487
53261
44127
8196
50128
19323
33860
4370
47276
4253
2826
52328
42396
48878
11722
46046
53207
5378
9221
14994
12687
39524
10575
51764
14385
57788
26456
29270
25302
51511
18680
36103
38177
3712
1723
14696
28842
57451
62002
61808
4284
8009
26920
7025
12129
24162
57516
53087
54595
53074
36411
32642
46244
38192
829
31463
4197
8002
17195
24339
17761
4751
20192
53058
1144
51265
12337
54312
13085
33792
63640
24951
58633
1609
10086
16457
21337
34329
11875
27134
2377
4432
55797
47258
12983
60890
14167
13265
61905
46803
3069
28811
40196
52257
17315
53881
8539
16163
26019
62032
7045
23216
33404
56342
11092
48973
62505
51478
35529
41939
30907
41489
6347
16500
12739
7772
63014
49593
4750
36144
45770
13458
35837
47985
64174
62136
1972
30304
35693
48097
28953
62493
15645
44918
20407
52432
32267
30943
27067
34
22347
27612
29952
15589
29983
19125
33046
53211
54839
11693
17024
11474
43599
31969
27777
24426
25892
63792
47332
59117
18486
44365
27739
39424
40941
39385
12736
4733
28117
62401
16692
25487
60066
46340
23399
48004
13738
26052
820
64083
23559
50759
43753
24737
24474
58669
31330
27190
10258
62740
42012
18177
51634
27523
38671
2849
43307
62029
49318
58817
27902
12530
32490
48786
23393
24871
32160
26173
26242
59586
27929
58786
364
57380
22759
32807
61421
50538
40705
53548
1660
48131
54557
62138
34398
28624
26593
30920
19600
14779
22786
58106
10681
41073
4954
5104
7154
10824
47518
38496
24081
35408
32574
58129
45949
25255
46879
58493
32475
57036
48811
41178
33540
17606
12825
20466
27725
60718
48714
18474
59631
40742
18014
18102
57616
35504
53133
60092
52991
16719
58449
25176
11189
14909
18954
29085
5754
40068
57699
33703
13056
52254
44586
6108
36758
57677
59184
47014
52725
15500
35940
35690
24993
54747
49775
11531
50195
22372
28525
12522
462
18530
28102
11701
18466
19688
48394
8670
33671
55094
51541
1007
7202
54702
10332
9924
32479
57123
29043
30584
20863
60301
23374
13374
28788
45184
4767
7030
50987
15059
17944
15938
38255
58193
44410
55659
52070
40254
55861
47724
38878
49574
46627
1130
49303
32277
50363
15432
7877
40302
28908
5479
22308
20129
18489
59304
45669
8135
28076
14881
56909
24558
62806
1436
38751
42565
20694
50038
25942
27994
57118
8780
5822
15928
23274
51030
54735
44519
14159
52189
47787
14218
55053
28850
1039
5091
62766
47767
57932
7989
58105
50304
29216
1896
19684
50597
3224
27459
61888
9134
60292
3230
35452
46324
32419
13420
38701
29050
5058
29179
63023
28616
21163
18465
53496
42980
38773
41064
63373
32469
17023
26264
8644
60238
14269
22493
47628
60103
29214
11450
4617
8782
16213
33673
13084
5062
42648
63864
3348
54529
32904
39428
56618
24233
42295
32338
61940
40533
20370
47209
49126
48074
20398
10994
8475
19582
5151
51019
60925
49730
29279
30459
17305
11309
23991
33043
35678
2071
53705
2631
44355
28715
61559
59842
45033
50687
55354
52290
56502
57178
50054
44568
48749
62605
21142
20509
56596
11466
17197
19659
52252
28574
35135
18248
27042
42891
34373
1126
51687
22167
17602
40015
58559
6744
19546
52180
50184
34117
28087
10098
47957
19617
19307
9638
44708
30623
21308
20442
21427
44113
16331
55918
58074
26301
39346
17753
23072
31646
10769
18743
61817
34601
703
772
24331
11163
29136
37448
16221
14602
54285
45763
24139
27903
60150
20093
15459
53042
11581
30622
58792
61250
366
13267
7083
42124
62621
18904
57072
37093
44478
49327
40605
63403
5904
40832
38346
54771
41439
20875
19438
17570
25005
25742
41605
10314
45486
57196
33536
8646
16601
27408
10564
5298
18029
14405
7429
16281
17643
54598
7437
60981
18529
17493
53680
20019
34294
4806
45435
56818
43554
61106
47649
58957
4614
15267
22071
52926
32665
4857
14562
21408
158
4703
1476
24575
659
8414
33426
2249
41024
35994
10620
20830
17311
36323
9873
40434
16362
61302
51217
54955
16448
45239
40815
47355
17413
35399
4305
16897
35659
46413
6781
14649
23820
55285
60434
44839
26186
11014
6577
60892
40138
41721
25317
43176
23444
19882
45623
6026
57245
40760
61136
32825
11913
36457
13673
52855
23588
43510
10298
33527
7893
25177
41259
1125
47969
1644
58308
33114
48112
50720
4909
51987
41132
51112
24878
62234
15187
48543
22697
38284
14615
15750
61373
3260
30340
59804
8429
10249
57710
43273
16828
18503
52686
36253
1536
5442
33025
40306
42699
34347
20583
39161
30491
38657
53214
46271
62188
32777
36016
45106
36241
41046
960
41820
14784
45207
46246
23982
16126
33991
31584
28557
7246
11959
8017
30480
15408
56232
44726
11710
13645
36721
42511
2010
27655
27377
46993
38468
34681
28568
16188
11301
13502
4955
53089
10205
58265
61761
37156
60854
11733
756
21796
34828
43294
38435
46285
43206
2168
63248
8379
12282
37461
22401
6187
45587
11682
1940
22223
17332
59920
45165
16523
18893
1544
24302
27453
13807
44205
8773
4068
32399
24720
29908
17381
29312
30519
5645
53560
26978
61685
48624
56141
532
46181
22322
43584
56456
40849
19677
50902
55223
12163
27173
50282
15165
25282
56200
48814
55311
47977
36620
13549
2104
58338
51969
29271
27640
17272
13705
51203
2240
1424
53455
2121
59194
44126
23844
54802
25454
1951
136
39497
25427
5436
30455
3815
15615
2032
23626
62819
1024
30641
50203
41546
1656
40296
60196
5069
33743
56339
23904
21063
64044
15261
16855
29575
54628
11566
6325
14903
11670
10688
50721
55860
170
24801
41657
49305
3586
50813
19687
44270
11782
35733
4002
35305
566
24491
33273
44455
30830
20978
47445
31795
13630
60525
48587
64395
28611
5886
60065
29254
16153
7079
6999
21186
22302
4290
60468
39288
9421
33927
25583
20185
18595
3030
64024
12575
20762
47654
38533
3879
19912
38167
42667
5889
27892
5819
41525
17554
19535
47600
50901
47404
38184
25229
12583
24211
43288
52174
33663
57254
40256
30941
16381
4163
59907
22698
35147
4378
19701
54959
58849
19731
29367
27148
61161
57628
57088
54666
14949
14634
59430
32745
57654
24168
10028
37524
28795
58758
3747
4688
59880
59543
41067
49987
19370
57837
43193
12707
10367
63329
5265
11445
30091
39119
30390
13583
4940
24559
8373
45409
41950
27167
26840
13355
6135
1065
40773
47960
49229
46190
56678
12497
26728
28
47868
47038
63637
35624
56022
769
38835
48357
61422
23200
50549
28621
24222
24409
4808
7630
14000
28455
25149
17162
56615
42657
15664
45062
51075
34173
50932
37037
22212
38854
31636
57045
13133
2062
42036
39320
62734
563
7364
60284
21756
34078
38041
46048
52758
50709
41993
59860
18393
4692
28559
11280
16193
52032
24910
14827
10072
50458
15783
2740
24292
430
23538
46946
1684
1188
23693
33774
17083
19416
10289
46075
9946
13098
50682
60999
15342
61924
4816
5004
14989
56442
38902
24843
1950
45741
41249
81
48092
46687
10219
62531
4853
12828
40309
59996
29504
20917
51090
57537
38682
25655
2653
57554
14818
18010
35300
48546
27928
13979
17256
11774
9698
9934
39435
24083
12853
35882
14332
42075
6522
59677
11061
444
10927
62076
56375
13184
47878
1294
33662
20802
27469
16786
62039
54658
60555
56291
53506
41834
983
50627
17495
64
30664
29749
27350
38531
17259
2613
595
2477
43199
14650
9572
61675
21037
25353
51933
27827
11882
36881
36319
35126
52550
43876
32717
35724
17726
41662
26436
27189
12955
53346
47641
25155
20594
31119
12667
5103
41626
9977
10357
33996
44194
40310
41686
638
51071
62467
33453
27687
42223
22991
54477
33609
62371
24169
9263
54083
30626
48701
63982
13568
19007
59780
49484
24217
31425
47589
32014
11731
24429
58481
46745
61596
28981
44078
55070
53960
5463
22912
60265
34756
53935
58972
23638
7534
13175
63947
23616
38776
32290
11271
14151
24254
20071
49231
359
55965
24197
51742
12686
16721
22868
57456
25698
46731
14605
4256
46005
11719
5731
49104
12246
64042
58249
59876
46592
15430
50746
30251
52401
21127
39275
60982
47888
39136
26487
49678
44203
46885
34346
9078
48269
45446
54736
56746
6334
3226
15354
47699
40219
26002
9098
7072
22274
51172
16486
23688
21737
29608
31691
55323
42398
63364
41137
40666
25956
19369
25927
24124
11049
1806
29975
10223
36967
52035
14460
28962
63669
56697
37978
46890
40338
5164
28444
53
3349
797
62529
16576
53993
6319
43836
52349
41794
64159
59922
24058
50004
2915
33520
1758
4817
5810
59284
27056
59957
57642
43299
36983
14204
1110
20161
5846
9377
44516
10570
40678
6681
54122
32816
50391
30494
41704
7434
39295
55986
5948
26774
38610
47167
20397
968
30751
8497
29519
27631
61419
36455
52173
732
46559
12426
53153
59065
14245
27168
27579
30577
41247
44663
575
13165
27960
18431
63800
16866
59254
28643
13828
64028
10837
4880
56736
515
16321
56786
59014
63144
2198
16038
45831
64277
35284
27270
14127
27218
14975
49099
17387
25095
45209
7043
18140
47908
9896
18229
13038
5044
8530
53174
2138
30126
39966
35639
47045
41938
48410
9672
26603
31524
47636
49304
32237
22097
27348
39688
29987
34949
18683
49572
35354
15031
30536
38098
17299
45604
54263
34505
28255
46241
1938
48344
11130
19326
20471
43828
53043
385
47565
55301
984
18211
22701
32515
30583
13364
21527
8231
60267
60613
19450
13744
56641
43707
40420
57519
745
40731
55508
51524
60791
52904
2499
45133
36581
33220
58199
55839
29307
2919
59323
46279
37455
21667
35396
29057
6413
42976
18415
58236
33859
13271
6802
52111
31589
25253
63566
50825
46896
24807
50653
5382
4436
36153
4994
4461
39372
39551
26614
9498
35807
26176
26777
3304
4352
47825
343
16918
13588
35997
56371
54641
52009
12911
59031
2308
61936
53118
59740
62900
57538
17920
60539
13187
40042
52744
10039
64207
13443
38786
45602
23237
57102
21951
11436
4677
11558
35774
5921
53545
47592
22099
24071
2633
40459
24263
60771
58445
4262
16527
25385
21412
1218
18131
13134
58651
34274
17744
64467
30506
56965
46498
28234
8386
12208
52475
40143
61965
3038
60884
62559
27306
16009
32876
54909
63483
27196
26257
32169
56491
33523
39286
15337
24467
53319
18712
26525
11283
13419
22910
1739
17201
44275
49792
19606
3849
56377
52778
12197
61608
27387
44614
33352
17437
31432
49869
51808
51706
13071
4417
44525
32861
54500
31929
54256
25014
33318
9290
16415
58281
52242
40371
3383
13559
2538
12866
53732
30532
40297
64171
28983
56357
28281
33992
25955
50900
32798
21581
21269
49644
4518
7977
6282
13309
3459
46684
5030
42584
12141
50990
41072
21911
20036
3585
9019
29658
25798
18838
56308
28769
4216
58227
5961
33445
58499
7175
33154
41355
46669
29127
30138
49185
35280
56279
62894
30777
15229
1943
24044
44111
33800
61456
49789
51312
23884
40228
14302
9386
11234
32034
30717
522
21329
18757
15533
39462
50079
37732
7273
64161
28256
38378
19598
58367
12635
42291
10403
15085
57128
33999
24974
29994
63902
556
61923
59429
54824
38745
16304
37531
40220
62051
46696
57980
45262
57146
40653
18753
7775
19589
35548
9796
50127
49891
9195
21536
19964
58996
35138
51576
3655
63532
2126
5639
52308
34532
40659
789
30867
24473
59552
55650
38523
31111
42551
10339
49541
47939
18295
64255
34310
60661
53974
27359
36839
19202
39091
18298
1447
45975
35242
5240
10162
57251
26712
7171
43105
62599
49444
3527
24415
48073
14162
41633
46217
3591
47899
34651
64023
12531
34716
8981
16552
61498
39012
9748
32484
21284
1129
2177
40014
43216
4587
14589
24243
10260
4913
26768
50279
17339
15476
1664
1730
1798
48108
7646
10907
55251
4046
26300
6055
60900
35684
1538
47133
9261
53125
16152
15763
6840
42204
3830
5097
23524
12017
46961
58440
25547
64002
44919
43085
58297
54367
4314
13947
39686
16992
32017
34862
56453
31225
41635
56493
8187
30810
46543
15968
54353
39433
1015
60648
54764
21825
62120
11578
53430
38134
42185
24724
60244
49932
9636
30225
27730
41258
58966
29455
25966
23136
26233
60281
53998
15209
36525
28186
62265
22544
44086
64124
57531
32045
57235
17973
11337
6790
30283
53262
41176
59987
38858
2990
38343
46198
52039
52159
47301
43022
21105
49875
1286
23070
7530
52263
41754
1703
3440
61433
39356
1864
6906
32815
25928
39057
37109
2681
35751
41173
14003
13277
38183
43321
624
57925
22306
25751
56521
63099
7587
5417
17975
4599
58656
39277
40085
20014
51109
12068
12639
28479
47333
6037
51275
39339
2322
2066
10761
46542
36629
30427
34331
34300
6718
4946
49626
45521
42046
32196
686
37872
27521
58769
40403
52623
56194
21955
41874
41821
25409
28161
24952
53334
46201
1086
14198
16132
15366
8100
41096
46942
58841
24026
328
43821
27630
39390
29903
32995
40133
16590
3299
2047
54084
46742
32726
39463
29426
51798
58831
26371
61698
7210
50481
50601
24855
58818
52577
26800
62329
51802
59601
49450
27279
20976
17955
39111
5130
53982
40718
61401
26295
60251
22416
29645
57996
61327
41171
29904
55466
63176
48809
25022
44042
61536
12361
22740
1062
19306
40648
62941
10621
6540
16368
59840
38169
52467
31207
42923
39240
54187
17502
42600
27250
18655
38476
22154
60424
4862
17875
37097
19432
15575
41286
43378
16220
4426
42676
26367
13847
25306
15742
25888
47704
17057
56836
39023
15008
51793
61299
55912
10639
43322
42825
37588
52333
54008
7951
56265
55237
1776
20633
62489
17055
16607
57832
2040
61408
16164
56863
16503
35879
41767
64439
24715
36879
43680
34138
28705
7519
44311
19798
18353
3403
4250
29180
23005
57664
7320
42714
25879
42701
41570
26294
8147
38109
24898
39017
17929
24600
51418
49337
2936
38769
53329
54712
48626
37712
29977
47293
49531
5283
53467
14810
63400
21979
64063
18245
52638
12460
7600
4123
62848
32848
56503
17933
53249
7291
10514
54591
50715
2993
34038
61699
64413
21389
3814
48036
58153
11635
36984
48588
29609
20021
5072
16876
49885
64227
25772
38323
22900
21576
62632
32205
38956
58820
59233
57020
43073
29257
4640
63421
33091
30153
53896
31569
30098
62896
61577
61501
10261
6406
17301
6133
38849
58785
6881
35209
55198
49747
7137
49998
34838
14588
53774
904
47264
886
52626
21810
12414
7459
46552
64195
39825
40761
44445
45023
15213
709
25308
19971
20476
34707
23836
56089
47076
16780
63252
6631
30573
38544
7871
32208
24466
34399
36647
44295
32301
3240
20430
19605
36213
10018
2646
52803
59229
35743
40426
27344
9308
57097
59756
40290
30558
38703
57706
32260
22594
10441
15460
33850
36107
35813
44267
35599
63891
39767
23270
31626
51826
63784
8573
55847
51334
27169
37625
59478
21201
63205
30944
5190
58830
59392
62586
43095
40842
31410
28394
2069
52291
4080
58654
48229
43447
60093
39917
53475
41850
36059
25628
55741
13719
4358
59098
25633
19454
1043
64385
13764
53793
50660
26027
12393
54695
34379
11513
46595
62308
61925
9296
49199
32913
5208
59897
56800
34023
6571
21792
53932
1669
26699
22166
15421
18427
13181
16385
52808
4470
18444
18700
40036
18779
19089
26
43776
54436
18725
37526
27873
45247
50998
13814
26776
30649
19763
16382
28577
35270
31504
30804
5789
63057
63672
4642
13915
19003
6052
4929
6626
30389
24057
2562
61594
60443
25102
16736
12463
43921
61780
41310
741
11231
46436
54475
2553
40858
24996
33537
46260
37672
62521
792
4430
47594
8127
63189
45999
54907
21997
52
10302
44462
27753
30122
17949
61589
14392
29508
37942
44689
50119
40935
17309
35703
26976
18786
12459
18669
60462
11051
39397
12071
48311
40762
50489
17066
20401
1605
51468
45104
24089
64464
33018
43280
55461
41356
40651
431
58836
56247
56104
4813
10850
17773
43632
3498
49936
13994
51777
63523
5469
48281
46125
31865
45734
10715
14165
27140
59436
54248
26587
21152
580
41319
62417
27405
36687
30501
4471
56224
47675
4735
64078
29308
3063
39578
24942
17012
2804
22350
29817
27628
2814
61854
31156
48527
25383
28584
23172
4809
62973
16416
60822
38124
33691
52087
1768
29762
42577
57620
40805
18130
4950
50292
48272
26654
31183
23366
8762
27263
13246
1071
36951
5221
57467
15101
19072
22833
34786
48636
53474
13313
51628
15201
4953
6395
12960
2913
63886
35013
21657
567
49216
22999
26601
6970
37163
45979
43283
27789
55448
31642
37793
27393
55611
61330
54587
26922
55414
54525
11606
44153
59341
54564
21118
42150
56582
42536
48795
32791
44064
6434
45139
5186
42865
6517
35197
37829
8071
40016
45351
27939
6198
22301
54986
4100
48268
56111
3257
40546
50085
32161
6915
35793
12737
20582
5838
61177
15905
41651
9718
48130
49113
17228
2889
28985
20156
16124
28980
44329
31542
39774
22907
47090
45361
2370
29714
18837
33195
28783
44753
54118
26102
59051
50247
46911
9179
47105
63410
2439
4072
36922
54129
47511
56362
44394
13742
50528
10686
60356
12602
3084
37490
13191
6841
38606
41788
47384
2480
42432
22195
34628
18783
50222
63929
16643
47479
7391
54072
54611
48144
6810
61013
50135
23827
614
51609
221
45752
31208
31272
11021
63665
34630
2507
62453
3555
56989
2376
20253
40002
23024
27240
59270
9542
14401
46572
49814
46708
63695
59147
13173
37133
60976
59520
11353
51426
53002
39931
57653
40633
35387
45771
26351
8521
9735
14439
9879
4517
16446
19320
27898
29587
15791
46930
30979
15633
40153
39451
21428
42749
13542
57612
11814
60373
57561
57035
19388
37203
51608
25845
500
17821
23563
53632
2018
12735
21739
50532
40507
60997
46002
26984
36345
38847
63584
56593
53608
57490
27936
36382
3011
39643
3989
52398
6485
56100
5395
20629
64224
5345
29978
56993
60441
15122
12192
56865
22885
61605
33105
10532
14035
55074
4818
50817
55864
18777
62905
32931
694
16848
58488
15819
11417
62363
63489
2019
59420
27498
20000
48185
41838
49274
2095
63048
5165
23990
16563
43351
20001
42542
52816
51403
23459
51662
34236
12117
11483
46174
39285
52542
64322
12771
27223
62887
53231
31400
1252
54437
41572
52575
7652
6913
28468
15159
33894
64076
53778
17458
43923
23415
27835
60549
38153
57213
50497
42253
57122
56482
7779
51521
42570
36534
7505
17285
36793
45308
44460
62139
49783
45490
47681
44823
39369
17119
725
3925
25072
52997
19451
6918
24088
32597
64213
59977
5032
59438
9300
30720
28048
57261
54148
643
8488
45325
48791
46010
49463
50704
35810
63758
101
4228
3184
25949
50804
16999
25273
31440
54853
45512
36186
3615
22282
10035
23526
39100
22538
819
58382
56619
38971
63810
26927
39379
52342
42809
45303
25388
51248
13126
8586
21746
41091
46137
12552
44733
18210
4928
31507
35671
63881
3856
51268
1961
9392
61947
8105
29378
58423
35110
6525
32890
44771
5057
24627
12365
52166
44986
8112
49187
22823
58454
16037
53867
29967
48327
45564
6771
4547
35657
727
16254
50096
32215
1821
34722
19855
16555
45568
35973
44709
20058
22547
31217
43656
35642
58751
39939
4699
45565
42202
46416
39953
50881
23555
3882
6044
17180
24573
29509
18207
46026
33595
4478
37258
9681
39243
54419
61723
44788
35862
44518
680
58936
32856
15622
31151
54908
53085
4550
31365
16687
21664
56443
51089
58538
38807
40552
6414
12016
59307
25204
49833
8547
51587
42758
23533
61007
57575
51195
46087
63647
25507
58257
16950
61586
51279
45156
53090
61097
29158
55932
7190
60372
52374
8000
43422
53830
60152
15483
15986
16335
47973
54152
40537
54206
36347
23123
63408
59232
32591
52319
61846
61062
40700
3485
61709
21193
37641
4519
52956
53064
60466
41229
35588
10316
7978
24460
21285
7734
25548
19560
56592
41661
18594
59036
59224
53591
1261
17471
6704
21211
39354
19770
23733
37458
23582
1651
59790
14711
18433
62331
61318
23167
50271
3237
17185
9517
53098
36571
25924
35459
51465
56335
32266
56501
18368
15768
46462
29506
63101
63699
63893
36703
37493
57085
30096
30817
47410
13359
54232
7443
29313
35700
2645
20930
39097
27953
48911
54577
62967
12725
8671
6510
57321
40896
54565
9014
2821
12457
25639
25823
33728
39324
11628
32223
40938
19028
495
25100
49736
6310
13790
20743
41785
39477
45596
41027
63776
8458
55043
28839
18191
23971
27838
26336
28139
41114
48251
24785
27993
20989
43551
34024
308
26393
31990
58556
35843
42461
25837
4745
25814
31212
24400
62009
12973
17900
41937
55612
41298
52635
59654
48674
7461
36786
26218
51890
64176
39473
22336
27456
53566
14473
565
56338
43543
6399
7430
40350
43665
30632
14901
32773
11712
46990
55061
31280
14619
41031
37744
10801
19035
50522
54574
40393
53269
16594
52460
53809
56613
48623
38217
43236
16553
12267
16490
12051
32894
63210
38334
28134
47216
27381
54412
4763
61542
57956
28162
16235
56155
41320
63590
45416
24829
2854
36535
40333
1143
58583
30458
50267
14740
13493
38373
15993
51201
37480
16781
5753
40848
37038
59047
18038
3811
62594
17853
1327
14927
24725
39073
35854
25082
17945
16905
23685
28707
58882
45950
29026
48143
30527
51685
41503
1691
9948
1713
37151
5502
50573
27322
23809
36173
30870
34318
39475
47486
19842
63642
6087
38159
19001
63696
56260
61614
29074
31980
14292
40803
42705
21473
17918
13538
9635
40315
12322
11402
42688
36477
3492
4157
4568
44699
4490
6818
52752
23875
26035
43132
6375
3795
32410
53751
61041
58567
40834
51610
3653
19254
38812
56707
52343
64196
34751
4336
13917
33455
26831
13475
56981
434
34406
52677
41116
48061
22378
46307
60650
45694
23632
53390
53126
3347
56782
28465
19994
27010
39253
42139
1663
44300
60809
3675
16444
53030
4933
50975
43039
12271
173
33380
40487
30186
34459
49441
41996
48551
16192
14248
6048
25570
51259
31080
35473
58248
18480
30910
62248
29864
29930
1409
60938
47679
30673
39179
28816
49550
3789
7700
52918
18951
39944
7271
50255
31362
16827
1288
53342
17660
43709
56345
38640
28483
49862
27391
43712
21463
41112
7670
46480
35636
10458
10488
48015
11909
49821
20381
62291
47135
15509
3686
49708
36419
48318
39697
61011
23132
47534
48391
60408
6567
49812
31304
40660
22756
43262
38486
2196
9858
62920
33159
32760
59717
32560
62483
41023
40037
26734
13526
25693
833
54837
1953
50460
49368
42761
38320
19224
23960
5723
3210
63473
57823
23822
29047
17928
46372
12073
55177
12140
1013
28656
49819
44971
37043
6986
48622
40221
23963
16932
40369
28285
4312
4459
63618
45892
43224
17940
954
22330
13377
50281
64431
16569
10113
2730
16856
47799
25299
4713
13785
33565
26694
55140
9758
29168
33252
26735
25281
24837
3005
38517
57
44301
10755
31744
52829
40289
34959
38566
43339
20955
25726
27337
55065
36846
36618
44260
12364
52565
39958
9258
56704
39337
57089
42104
56616
2031
39970
55646
64118
36668
14368
17439
28685
4680
30609
49544
30112
63588
20084
26315
64081
10649
43350
24906
9029
51914
4071
12342
55988
45748
33283
5903
18015
4563
11508
44706
9686
29855
63953
1882
4472
35933
58764
14694
17540
49424
2149
36635
7873
4493
29178
44266
61319
33773
46335
34212
37506
31988
34353
30753
15021
43838
25018
49471
17120
49075
25563
22227
34609
13354
16832
6397
10568
54346
2605
15303
16323
3688
61564
29598
31616
57268
40617
26980
62895
2209
46112
49341
7636
35007
54195
13784
54251
58143
5405
22362
59581
35322
53522
6707
34130
62680
59053
40625
3601
1265
53059
56193
13846
8550
26683
9721
55677
59795
61584
58736
7707
7520
39603
51484
52619
38574
32192
35547
17278
5979
60645
15699
58052
44566
24548
21353
48196
35151
32764
25847
4621
49826
6826
55990
39942
39304
34364
10880
34166
7489
11886
1914
32866
24316
32802
57639
12328
16821
2985
17008
45802
12438
32389
18124
60724
48675
37581
4869
16579
44492
11654
55234
13723
52573
51331
44748
30408
29560
52713
51147
29774
30922
8626
45029
13350
16588
33797
45801
38894
19717
33681
8062
31498
63454
54556
16174
11108
60614
34916
20209
56263
10875
36710
25382
18740
18135
18254
2836
52186
61760
11879
6445
43147
22625
28400
59844
34594
61836
1555
8837
7787
6405
14468
9952
42582
8807
3992
31298
17541
19253
21680
50630
39959
7576
24432
31314
38112
46221
32626
61824
47824
49797
1213
41685
14202
2930
21850
22736
29624
428
12630
21820
55111
47627
34080
48698
41037
15316
21396
57549
49421
10429
17169
42569
58004
48255
11395
33375
11
61091
16065
4725
7924
29829
48421
902
53018
25876
30205
3449
23348
39516
32872
15522
34136
58047
40443
57928
28484
49240
44661
40623
43997
708
47027
5504
9168
2587
54011
15279
54474
5959
14324
45010
36307
42834
17353
29985
41511
11725
45364
17822
57034
58671
35439
19479
13866
15253
24362
24305
52659
34656
59172
11454
10069
2093
28631
35869
59337
40561
6638
37421
47088
27559
30140
54208
48866
26753
54452
5406
35993
31704
41169
53884
40117
8875
44340
49043
23151
28896
30923
31397
7531
16477
26251
45630
25632
52440
56346
50760
41925
21276
44635
2057
37192
56791
35093
30549
30095
38341
42941
51718
40158
815
7187
51639
26680
31078
56922
8800
49301
48100
54370
61714
20846
40370
62199
59940
50781
38380
61402
35560
59781
47089
10666
40592
21093
62820
19836
29480
46364
5985
554
32536
42672
47283
57529
44630
31339
49765
50299
5874
43725
60536
31671
22477
23554
4971
52267
10307
20379
13591
27625
20491
10567
54582
20731
17669
30540
45340
8343
62229
35207
31889
59105
50690
2482
44684
17395
38716
35156
31064
31355
40847
62953
19401
9834
5571
36427
58997
7221
16464
33916
60464
57888
55788
62669
52701
9229
22580
21534
7183
15464
33336
54668
29358
40225
7282
16388
29705
47562
62763
5196
59884
51170
45256
1490
27568
63933
31611
20786
57022
2989
4549
4775
53386
3771
47894
1312
35384
40607
27366
55633
32324
33106
2729
8705
56043
751
41107
34210
45425
38488
41028
679
31544
41376
56262
17766
60778
28361
22242
19587
49171
53411
26015
42847
64185
39254
48900
31583
18456
27111
40382
22695
8172
3281
8309
46431
16663
41952
4030
2242
2962
51302
3573
6574
60651
55289
41201
8183
8305
46548
34684
50191
34158
48355
60526
33543
54967
56278
905
51314
24879
12421
40223
25916
38761
1949
46514
57485
21344
54343
39216
52895
22744
9775
40541
54690
8965
18692
22700
55617
15449
43689
11277
2988
1216
37095
31560
51510
46963
53668
36436
24195
47426
30878
5989
28211
16121
41909
48059
7862
44093
18562
19550
54057
9653
58833
7901
34190
26638
38411
59003
41338
26152
34893
31961
27476
98
45703
37790
36641
42520
20446
48263
40273
20785
2070
48179
21835
38856
56241
19187
47144
20737
50996
54109
9250
60340
30556
30712
31685
9988
8881
20334
62641
48938
35254
45252
56199
972
17640
17888
39981
33354
34360
3854
62249
36342
40992
45158
40669
50850
53578
24094
46768
38984
23022
15466
42179
45786
45284
23054
25534
60522
47682
21393
8385
63502
29614
24288
32459
50843
49649
4458
16279
56928
24382
4497
22381
49580
23615
41761
8524
29456
38800
56207
52420
29896
7664
23858
44447
21554
57184
12821
20395
46556
7573
15994
23936
55151
33840
61716
19914
56530
34509
33498
26997
28841
20310
57865
45355
41297
12832
16399
58477
59598
63966
17698
44353
39746
1836
54250
3620
23130
19542
41300
9445
42339
51590
46218
54100
25267
56187
31321
14456
26245
10286
44877
10838
63889
10329
43514
46328
58886
52372
31599
6158
56553
56414
55107
17849
2424
48571
56975
31654
40604
25827
28936
53380
4770
15651
61578
13272
3177
28661
45978
19828
61970
41919
44334
4704
36261
23945
24682
6756
11720
29561
25774
8436
60360
57822
43759
15082
25947
32091
15084
26732
38754
24118
56189
30092
53439
55124
43088
47613
15885
50062
49564
28499
9407
50984
63319
53800
4485
38524
22319
45241
23373
53454
23928
14552
24290
9013
39935
13541
1160
14968
54750
48707
29301
43530
3369
9773
623
26999
33535
45910
13328
44435
19597
58468
30819
46871
46200
11025
12179
29234
1498
34053
39916
56500
51100
59434
16216
55773
28694
58269
32142
16845
27691
17889
64345
64015
33069
16051
8085
53815
11469
57496
59425
46950
43031
5887
24505
7788
63086
24495
18767
8603
36795
11253
42109
60484
32405
17153
47955
23949
47884
26895
52445
13029
32213
3721
13825
16236
23674
12445
7547
22937
31015
54503
32744
29736
64172
14357
28863
51238
29471
47072
4646
48706
11330
36236
14848
53130
49220
40264
34925
23389
13551
61715
46337
10371
45895
48831
46882
30105
29353
46118
20149
35849
13111
51487
22906
29356
38908
48160
5967
2427
41122
49859
6850
41311
3589
20984
8486
27819
18111
62135
16744
11398
14110
49338
7347
49667
34335
24482
40276
45041
47373
12339
1774
60695
60486
12793
19728
22159
16459
4531
25419
4482
57314
39967
15794
55715
23394
4027
22361
53194
34066
47054
56367
41618
1148
56693
6344
43243
5951
19829
11055
3213
20991
59711
3319
64422
17852
25945
40687
56683
52138
26086
60188
34703
4916
13142
11675
60542
44510
45302
18856
46126
49654
52324
62751
17689
58974
49221
2037
52098
28856
36366
990
16395
34479
36127
21743
21702
18451
47773
49887
61364
64110
29659
60274
13428
10799
37668
36135
58376
7959
52422
59954
40345
21784
35557
4131
23597
21251
37118
60895
33873
47614
58394
21054
12484
35870
10495
31676
43398
43928
25868
54852
31810
38285
62396
34352
12031
6451
16146
60157
23654
52236
45632
21528
29314
30030
26993
24994
58894
42235
22070
25981
53702
39436
57219
50717
39117
55167
4650
57723
626
27685
4484
60419
25030
7711
16286
55565
6164
5900
6922
57473
30250
53143
62971
11792
5302
44836
12257
52832
4804
7166
46090
37436
59874
39703
47726
12874
62200
27742
28073
45420
2110
30489
17879
25195
41743
21776
48810
59517
51920
61717
17044
46172
55004
935
38990
31673
8588
18166
6617
41152
51154
4741
54476
38212
20191
20073
30766
27881
17208
12351
15785
62816
3079
5075
11147
42564
496
28650
1911
39184
21991
56893
16194
52755
21894
33784
54154
35806
48173
52345
20240
7689
16667
18040
28090
46310
26584
4466
40510
24483
13516
54215
1794
57772
44374
61592
9850
32671
51669
55075
23349
35679
8330
61929
47914
63365
22469
48249
25605
58480
38414
24177
64192
15501
10690
13070
50270
41671
47694
62065
59460
11013
58339
5169
26061
46378
36706
47515
16773
16565
53784
37013
34697
24962
23950
13729
9364
47591
23704
6563
19333
50680
24950
50133
1206
51554
4764
9131
46176
45214
9208
18430
6673
10181
13753
15826
10636
17615
37409
48392
5053
19453
22666
22229
26905
9171
43613
62715
28228
39755
45053
25151
27231
62590
6846
2654
48174
41022
38802
14503
54443
60088
4830
38623
11891
43648
39702
44991
29034
64468
51495
15243
50726
32304
19618
15038
56633
16900
10552
9039
12590
39971
61861
62807
41982
38879
3983
61462
49677
41450
16433
45616
28858
1899
56212
11057
54756
13524
12885
58839
47127
20242
42492
21602
12740
10370
57486
27996
56774
14955
41582
46686
15424
54058
58180
64248
19683
55509
21474
51199
13691
51986
14925
7293
2959
52546
12111
8551
61634
42708
39681
42115
53157
57408
43829
15064
52092
25080
36480
27031
1548
46180
8424
25133
1841
36789
51559
54149
26158
58732
9603
37634
33594
60625
23878
13108
49722
506
18588
31469
51631
22792
55279
30409
59818
57487
14155
37232
50080
37439
50551
58741
648
62618
6448
23843
29211
13739
43404
10147
51462
42597
44542
50057
22410
55771
38590
54901
2228
58645
58097
4927
26799
50954
17426
7776
7436
28412
56733
22797
12193
18200
53865
42420
5513
8980
47531
38505
52001
28727
26383
28642
57323
14481
37473
49418
32136
22264
19591
17037
58825
25188
41708
461
62645
15716
58752
19746
50642
7581
6476
4410
1783
13813
13775
13746
20350
57712
36294
46059
22872
41902
5498
9514
36192
58621
40373
56192
2050
23662
37268
38910
8624
46207
21167
36249
54925
919
57394
3671
63222
17547
11563
18383
13442
39078
20276
689
5884
25430
8538
49235
14783
21640
52715
59180
44731
782
28110
692
52847
28516
54018
31639
41612
22423
16770
53177
35182
259
54482
16723
43756
11549
58921
10905
34423
59877
60654
48816
44056
58789
1169
47056
909
14809
64191
8853
55810
39889
56242
42928
30187
59257
46101
30079
55755
11178
45028
2773
46124
36196
36449
46273
56148
40194
36551
40244
3242
62334
51330
24975
50193
61360
34100
15790
38209
49352
38848
38344
39635
27716
23105
27272
33048
59887
17312
61775
54913
34867
55277
10354
45458
15362
54630
47910
23866
9944
9615
16396
38306
50784
22660
15166
937
31851
41261
16437
49439
50424
58810
25482
42440
63294
13983
31427
54989
46360
26497
54000
34383
63580
31897
20514
21597
54254
26512
53957
29486
2145
49795
50623
37122
2041
38952
48739
22894
35193
14331
41111
59933
49464
32023
10146
1031
42316
45429
38329
23207
56210
28742
41593
4443
13745
25475
33462
33900
43508
8869
20264
28947
39327
7149
64212
6589
14745
15437
41674
7339
21104
63177
31803
53640
22528
44403
18496
31196
40785
47200
41230
21144
16711
7684
23903
6385
25996
21881
39700
45864
43850
7610
42022
11339
62919
43223
37149
6926
12536
38949
8943
2243
24605
3863
62157
28174
43720
4983
8496
20199
22983
41221
25047
27854
8653
29033
34140
32231
33528
36226
56681
39415
52761
25442
10844
850
32439
56591
22560
39430
54427
63026
39130
52027
59568
48197
43555
49733
36440
47316
36801
54418
61668
42350
44092
13425
20627
27154
20232
2992
54421
12415
26812
34855
2554
10170
1549
56933
323
18407
11812
36148
30119
15285
24161
30007
33633
58473
32000
18598
53300
58662
40283
32768
36568
64204
7135
15001
33580
16596
9983
12780
16361
11374
10057
56464
2644
42806
59157
3309
41065
38152
61417
64132
4175
62206
37802
33563
32145
5070
640
49510
24138
10574
57170
34449
59935
63556
19969
28941
24995
36845
28986
34114
24330
59809
59929
19782
55304
26955
5644
39018
57180
50723
47124
16475
53953
15485
3995
53462
14107
52888
27051
35345
39951
62167
32058
16420
15925
15179
13593
59673
32404
35460
25616
23796
32844
9856
49693
47811
5237
19594
28206
50651
59767
15931
2500
44517
43741
61913
52837
32119
40490
14757
9274
40320
16779
36760
46493
41901
44998
61636
18638
13809
24732
40493
8394
18902
50435
53683
30161
53047
5452
1726
51102
28747
7448
55172
27236
25712
44217
16762
29321
52957
22758
31570
39612
19293
40810
5665
52191
20809
11877
56363
41970
36273
57206
42093
47983
57336
22576
26721
14755
1878
32170
43781
11298
36009
16365
40680
17487
56568
46072
18990
27353
55506
54111
45002
59569
54351
25185
2264
58142
24915
604
20952
16874
51872
52397
1147
33053
29217
18987
61629
10685
8453
536
9207
1410
44291
36604
4492
41145
21215
29195
64206
5497
23698
16843
25499
56725
26421
13518
60600
49746
49735
63922
1787
26199
15549
18361
32194
14192
57640
38527
5925
44969
51941
43215
17407
1378
549
58939
57240
55846
21575
1876
53171
43708
46575
60990
43087
50578
57016
44493
42014
34481
46138
6888
28790
53663
29070
43576
55596
2791
49946
9489
45080
60453
17103
9666
11897
61764
62688
51328
6465
57305
43686
35739
28326
23535
58984
48214
30852
28910
22905
15030
25086
46793
33270
50652
17430
58084
17984
42352
7037
40013
44888
28777
17422
18558
47129
27055
22044
47703
53236
7150
12998
23522
6392
15715
63598
61140
36596
51543
35119
49169
16754
51912
57009
40468
20573
710
64327
59512
17292
42319
36544
1881
7567
38651
54279
19668
36274
37993
37910
42652
60401
14466
40642
570
53100
22026
11219
57650
38422
28534
35481
24529
41210
25523
53294
22619
10326
14390
16652
2372
41363
30274
55589
15425
47710
60950
19880
17324
29029
34332
49488
23131
2144
2053
11923
56522
59072
20918
36791
63185
26344
33945
64324
16893
57365
61537
16275
35715
959
56719
46067
11631
28956
22152
37685
12321
13792
3070
19505
5956
19742
6898
8540
7398
2638
37443
57029
30310
41153
49528
51211
44406
41294
40574
25304
9094
64254
28708
25938
50832
8150
30677
55299
47170
11973
31274
50908
25608
9146
15800
3455
57994
51932
21095
27080
14926
38190
3302
15092
15283
16414
27097
23900
60538
6280
48563
17415
4433
14924
26752
64215
18107
28429
52995
31866
14996
53928
24340
15512
43357
16101
64428
64455
4151
27049
63603
51034
27280
53889
31585
33082
50257
6488
43764
20601
62858
64347
25246
53297
60032
45129
615
13998
42004
44515
40793
23298
22645
58770
17144
17009
22268
4888
41840
45985
58787
15493
30757
7840
49804
50244
37233
12032
56286
54704
38019
14112
12334
19790
9925
56205
17421
1780
13971
10333
51981
50249
19122
62846
61412
29442
27390
18246
23510
40589
4331
57370
17572
55607
61192
6242
27526
62741
3594
31050
56937
11001
18227
28523
6569
43430
28946
32968
11462
30178
10299
42154
30336
49420
7523
18519
14611
38636
37310
39171
25988
52782
27922
907
2300
587
48823
36570
21853
60712
31505
9436
31195
44082
58435
22478
8169
12329
44195
25735
45194
61246
48086
53624
30182
40895
48529
17713
52516
42991
1132
17883
37660
40796
43174
42426
11239
54674
2714
48680
20657
54023
3690
38259
25258
36353
41740
55441
3765
44637
19398
23841
51786
31635
21001
33667
55940
30416
14483
19291
56557
11515
41864
51374
39363
48957
60256
60185
18873
29383
32735
4669
25867
35778
18410
62538
12527
24459
12112
8827
64064
64140
33478
11772
51212
52591
25813
5615
59316
34441
10637
13067
57743
44645
47013
57615
47647
39660
36803
22028
6741
25593
25096
54119
930
25378
54840
52593
19170
51274
55537
14409
35777
63537
41283
2652
17971
661
30507
32885
57602
11238
44118
31413
23661
34700
27915
58327
1592
48297
41932
3832
21961
8241
63894
32369
25494
25222
59476
38277
22468
16319
5320
47940
56439
25441
49255
31487
17860
40331
9061
2793
50224
37515
6542
39757
63755
43051
3562
39260
38668
18257
25549
435
61010
15270
15571
52232
61351
7905
31129
55661
26162
24790
52681
10006
36063
5525
44439
54236
48273
18134
48888
60137
3250
39282
11160
3704
31619
39710
40775
46853
25918
27078
36278
6886
14845
63142
42164
24029
10969
12872
31200
50194
39273
54693
31643
5668
9305
2735
46515
38219
12802
2344
38191
45858
57291
45276
22793
40606
28187
12614
59913
23659
40937
9280
37517
22890
16752
53670
55476
1172
23432
38593
49764
13674
4831
9060
7409
59579
58804
52489
19082
64331
34898
46741
30765
11008
51182
36895
62040
58680
25724
8956
34948
7880
40599
21620
8079
61906
26951
57942
22253
27293
4056
9360
21275
17016
43028
59489
17033
2517
44032
41830
36887
31172
37178
50161
36979
51114
20910
12730
31068
35067
63138
54859
48187
41555
52146
56966
62081
24913
12335
57697
44660
59086
57854
45914
54866
54158
24893
48362
29447
63377
60777
32265
15551
18394
58878
6450
58844
18651
64343
31012
29007
34338
26903
57214
64203
25037
23664
34044
28224
59470
58913
42495
32672
59427
45988
24680
17997
11642
52109
58699
26871
4166
21341
22582
20025
29937
36754
5996
5703
37502
30675
59845
64441
49311
8523
6575
10420
63066
32362
37762
46009
18517
55935
48350
48738
54328
13273
45797
30998
36024
44799
30070
19173
17982
12181
13215
2727
26335
61986
24341
29524
19711
23347
4502
33284
15834
48536
32662
50225
8226
37812
22142
12923
25041
32592
401
13795
23388
24698
9212
24672
51288
32810
64358
32787
55792
22598
24572
38053
15416
38809
26480
50978
51621
30520
52000
51264
35713
14396
10811
17234
20219
55555
20824
36369
12838
50386
39806
34368
47473
48975
45083
58580
13612
43032
22639
13247
8451
44915
57882
54566
39351
8237
28447
30709
148
29220
17951
55946
44391
38023
20196
64105
48053
34498
46021
12653
49606
10221
35716
62872
36161
29499
24080
27642
40214
53081
10337
15233
33807
7988
37167
42019
63343
29707
61847
41696
57043
24945
529
19875
58572
40522
32495
21380
26782
32516
14313
1134
1149
19201
27957
16964
31593
33588
32635
38364
21706
8865
12028
23578
57541
3672
36400
48651
36603
1804
56492
60431
21174
45785
4585
5370
17780
32898
48333
64059
10539
5213
25211
1328
40879
48605
12066
26524
32647
56864
60671
9547
38709
42786
48526
533
8927
9155
5493
3265
42145
24231
56281
45833
16398
35381
4904
42516
39252
45485
4270
2259
32658
53942
61504
59666
54365
7846
44412
55307
6957
51919
36767
51531
62630
1246
39983
58688
40454
10722
24751
5640
46033
49110
3631
13298
27102
41050
50648
22818
27562
19968
15151
26177
63683
60951
28457
28318
25681
1979
42140
59814
2578
44055
50180
47310
35188
61763
17254
56614
20729
8018
50118
28939
56634
11757
47459
56735
22327
28663
11804
35584
24488
25756
35453
24982
28053
24406
30364
58063
13872
2472
37270
29986
39196
37797
51569
4360
20059
18118
44117
55089
57833
44293
36915
33889
13006
53661
61692
55542
36609
34421
11431
11110
1225
26541
24334
27261
61790
20030
34864
18858
53094
19640
15675
18812
47122
16768
1021
19414
4709
53410
59655
62165
6934
21839
7957
60719
22599
14946
57609
21080
44431
64027
30086
25219
7721
8057
51036
50513
8040
53139
18344
58946
27000
58959
38336
1934
57249
11364
27299
61386
4265
2131
41316
35579
43219
10732
42395
46839
26280
43107
13585
3939
29337
35623
1508
59317
59347
18346
9627
34107
37508
14446
8434
18213
1754
50269
59040
2749
62369
16578
1906
7428
55029
46473
38172
1552
5108
21572
50668
46121
48752
58871
52048
6463
16760
43349
59712
6362
47336
649
4923
53946
7902
7001
20919
31154
43221
47010
53311
5934
5096
55513
23842
3505
56748
61579
639
13304
5745
19954
59089
60546
12353
64412
3085
5557
46601
40516
38863
21456
48530
40113
13463
13644
45395
2764
45656
29907
24557
8334
24266
30454
47324
60155
19631
40984
22551
21718
19895
16608
47001
61129
30180
56240
42782
49839
47549
28039
24200
13701
60336
4942
39560
33505
31768
22922
57228
24521
42099
24235
59111
23354
59002
1885
34296
45973
23001
56178
45176
17790
50181
4571
46953
26982
23932
56597
60510
46945
60494
46775
25568
41483
56137
45927
4784
26977
373
63409
54586
27840
49724
16018
39994
9051
41888
56344
40571
24932
31168
8468
28167
49696
13727
24880
10526
4915
16258
16854
20757
12184
32334
46079
41871
24470
56255
54870
38612
60675
18141
22753
48034
48580
25604
43163
2970
25107
47428
2672
22063
31686
7056
32108
54166
44561
53731
44128
52360
28551
56840
42123
38783
4815
36217
29155
13587
11633
48981
10627
24299
5409
43250
40055
28840
37023
47110
39418
20104
28544
40278
54074
11737
10814
56269
55331
13934
25122
23144
56995
63543
49053
23283
16774
5310
7352
11296
25381
15282
11098
8288
40949
45725
55579
5577
54951
49512
24593
45843
56322
41958
27778
38416
27860
54846
39522
30329
63569
35667
42790
31032
20721
63596
12444
21331
51598
9707
3889
29997
13949
16990
30338
33368
6783
7191
40876
33175
59133
51464
60422
1521
27717
14521
43980
31149
57400
51537
29036
37042
63255
9598
40161
11119
40428
32826
55998
45132
41621
41468
3022
62933
24928
16683
61315
12581
17603
1454
40190
4858
34276
43186
38567
35580
60191
55950
42505
2689
18009
34410
63104
14428
59736
29365
39960
26391
40334
42633
53235
11133
45938
57434
48154
36255
3479
33408
35441
39611
47427
16835
52986
49088
40661
37059
49263
22345
50274
43431
52811
25376
41060
8358
8975
9442
29732
11723
8555
49714
17076
55826
9505
20998
45443
59612
15046
46954
52636
13294
47687
18518
2819
18665
16091
22055
34699
4416
24710
43963
26745
4315
8931
55668
45465
64337
24423
48366
35562
18281
19772
6498
50352
52301
57405
38062
55783
57458
29955
26532
25708
15204
16465
40121
17453
40359
57641
40518
56880
28849
50412
45287
43080
2497
32171
15609
10897
54576
33521
41268
23942
29320
64048
30816
19365
29371
24132
17158
26077
37544
21402
30866
31613
36405
40000
11638
37955
24663
8162
11980
46351
15045
11468
55858
40996
5546
45777
2716
14379
58629
58220
24148
27397
33923
10100
47361
22246
29750
38891
17672
29678
3884
6847
25296
28885
41048
39270
52407
31017
883
39726
29783
38805
61649
34904
20574
2101
60869
12856
6106
15188
56824
34765
37079
12319
2944
32526
58187
59965
2891
63806
814
32002
31073
14902
44820
32578
2767
51380
17683
23527
11235
46234
11852
22481
63406
51908
9939
28274
44362
1123
59961
35079
56731
37117
18507
3166
48218
2986
60922
119
45369
16147
13774
49561
60232
26716
9540
2065
57021
46486
62438
36509
35909
59979
36631
20827
19624
29323
51473
33880
33642
30094
10789
226
18662
57354
57162
8201
32820
27161
24970
7848
38666
35469
45566
53628
1175
16413
24902
33088
52441
39338
18803
5334
46610
56627
61337
26196
34528
30464
21926
36410
61404
46449
50236
5895
54724
4104
61354
33243
21382
43282
24768
48838
10272
18028
14541
60322
28593
7647
15814
29942
30
8986
25097
29232
16482
23269
27665
30838
27760
8907
55770
10884
55047
11781
17206
16701
33630
29194
36101
22941
36643
29374
7200
55108
4327
22715
287
14235
7373
28502
4676
27334
19519
50082
45363
49635
52783
20889
22647
49909
6808
57567
49818
28106
63063
59507
62387
56417
63763
9535
44857
26467
23832
47638
38388
50139
54348
14511
43696
42282
48538
23937
2668
39318
58460
37327
11615
12943
9979
37714
4240
36541
11382
36652
23344
55325
10664
5227
43017
13209
49944
8039
17474
14477
53825
43633
35505
33578
17345
20244
24030
24136
45159
36637
10342
19622
12101
1624
17974
39513
4196
18033
44655
62928
43560
61689
13162
13643
51781
25709
55784
60474
16640
15700
63732
32698
46833
56156
19756
39386
37758
25960
41823
20170
54845
28605
34961
39507
740
54711
11933
26824
26577
46665
39937
4462
9332
39192
56904
11311
17685
46728
33539
31892
45085
63719
61046
41912
24981
33002
17886
27697
4777
42283
62814
23446
8213
52204
17610
26622
29564
25168
8445
25452
17543
30040
9382
46030
33926
48517
55248
11410
52223
56784
19427
55291
46854
3676
44098
7225
11208
57571
14491
60937
46441
17793
11539
6734
1057
20733
49103
57917
35224
49520
13461
63976
32654
603
17496
16133
51507
33918
19579
21704
44654
24987
24098
56060
62597
32392
17588
61957
63930
26807
23387
63949
60451
57978
36906
17414
38076
10729
23161
30805
29099
3929
27918
13474
36488
59452
3602
12613
62458
50060
51213
26966
16120
44325
38103
59364
51612
16479
55580
3828
46868
4967
43210
43943
44193
31318
17376
2822
60096
11016
58299
62918
55996
17930
24697
32746
26689
28576
60727
45507
44367
47198
59638
12472
30219
4238
28697
6127
7937
8212
9608
39561
38888
60250
19527
60931
19871
24875
15521
23987
59242
38514
63054
43884
58057
23702
33100
2753
62443
48610
5081
9678
56237
52034
63698
5167
56872
44001
1396
48844
36228
64020
17330
13519
25458
9516
37107
46167
15080
19239
10572
23999
30064
40123
31176
53233
44925
59788
23837
21538
47330
32268
23304
6833
3641
16869
25974
29597
35694
57173
18059
31640
25270
18833
28857
34433
50907
36905
62030
37316
59112
15906
52493
37281
34478
36937
31499
44759
9293
10189
41177
7258
33357
16881
5153
39153
13430
63578
9142
38179
2581
24907
18339
24998
23301
52230
19580
15198
57671
22449
55212
54323
12909
44717
56284
50185
16306
41340
34093
57847
6178
21965
40227
51061
16677
1087
60063
43308
13570
8384
63349
49019
62408
58504
18454
18073
15214
60733
22047
48064
52368
50669
52288
57524
64350
44489
18802
50233
6946
28010
54219
38210
60481
20531
35833
40023
61104
2774
13766
57933
35010
2956
60559
38349
17697
50863
17786
18273
39639
4092
26912
2073
14898
12833
6145
406
45629
44923
57242
15150
4645
17003
18348
30574
16515
58279
887
321
429
58902
32460
53180
18717
22475
18395
62961
55282
25028
13326
44694
8729
6880
20885
39055
51084
59213
28993
64126
39542
17476
7323
54322
6036
57095
32868
33240
22990
30018
4330
37287
39498
3318
13467
53988
61287
200
30900
38607
42922
34555
32458
10809
45195
22020
26809
3037
15093
45046
17756
10515
61902
52128
27613
61063
48495
38836
26356
6321
58644
25700
59025
58372
43235
4329
24049
37595
7968
22964
35515
43108
21213
54572
2864
51163
42971
11215
11230
26971
41333
64267
16811
17987
51122
35001
24909
8395
26151
49939
34841
47039
60321
24999
36938
52806
34987
54383
20742
50793
55327
52947
8747
60179
12720
58433
36823
25629
35626
59367
61560
58501
25846
27217
33933
54634
52233
31237
13619
1505
30191
28432
6093
59414
26737
558
58222
42850
17680
28007
20290
30437
58615
31975
19789
25806
59538
37459
1453
43612
53515
64444
32713
7100
1484
27376
44162
17264
36882
47192
20577
6774
24576
9954
32446
58470
7435
55573
15481
10222
15007
3703
10144
790
37441
17916
55731
58156
34361
17718
8606
12957
13357
7259
21744
25652
1642
58728
6797
51297
17743
51783
18882
18457
47630
10691
20716
3762
57860
61289
16616
12199
4666
31023
13208
17405
4335
1509
30734
12607
15047
44679
2699
15802
64370
3050
48408
26305
12813
2843
18155
52733
12831
17592
52143
28196
17811
46985
58960
36325
6822
888
60934
33448
58806
36189
39461
57105
9497
62016
28734
14244
40224
168
21155
22498
6090
59498
54076
6389
51672
63735
44503
1956
17919
60359
17187
47588
64183
35090
2612
61014
23337
41931
58721
28732
4191
30413
42318
33548
9869
59292
26613
29116
52925
50625
16903
17873
29558
40822
11658
39042
62813
40970
15018
40058
14539
12436
59770
44233
7107
25081
3561
32483
49657
54425
58016
36344
36856
28794
56452
39199
46520
11830
1888
53414
54883
22360
53470
33042
59496
9525
52200
6977
57758
12734
28202
20143
28152
37627
27160
1300
7712
28766
26053
5306
11975
15936
15548
3245
21139
22334
21959
29724
55350
16994
4976
6634
28546
36775
14415
41672
36816
14412
2651
35175
59125
56569
63903
41135
29815
7801
55889
51547
47831
44457
6578
8587
17740
19716
28208
12200
17715
40539
57906
1293
46041
28528
18797
19205
11597
53855
29640
14954
31651
14058
60515
13530
19314
47320
1133
60817
49515
61618
18462
53097
10760
46306
33557
41990
949
7564
13537
28771
8761
47472
58801
18674
19352
52921
17874
29395
11326
29140
55324
52096
63973
19120
48917
51996
27908
61615
15208
34815
24417
46585
59177
21658
37669
2831
7935
12660
14915
51146
27229
52167
42040
24607
28385
62893
47443
49032
19725
16585
40197
34641
42008
43167
24105
6509
1905
51502
56998
58668
50073
15192
41452
58910
60932
25485
44903
55391
17626
60095
42096
31645
50392
4058
58328
52448
54601
22457
64257
64361
27330
21363
39964
47775
55308
32117
2362
52275
34823
18613
37835
54170
24313
44604
31296
44740
30829
40545
11791
30281
311
12114
40441
21399
23519
44140
40643
27718
27765
55776
55583
30972
13752
1823
56227
26615
51588
61665
30908
2346
6295
51070
37423
42780
17781
62013
40929
17321
51189
7899
6505
45980
26449
49570
11687
64279
9969
23722
62357
41501
5128
43627
12993
60158
28683
50301
54665
6933
8476
20599
21879
48283
62560
48586
29521
56191
53360
41891
34444
22397
5851
28602
15725
9664
37006
12107
46171
27354
21775
59911
52297
701
38447
2164
62593
678
18235
6402
52014
6855
6776
40118
4279
10895
54049
52455
42914
47871
59752
12634
49397
18046
14142
33988
9269
43732
52355
49888
35630
44894
60353
49377
28388
4371
53909
10191
31600
5629
30492
43475
40526
40132
14893
24702
1085
57474
37743
18379
27864
43763
3178
17907
2666
63577
5388
49970
14599
45025
31708
59603
2206
14819
63097
52835
64410
15607
50382
47867
16638
7120
5089
1822
38975
34417
16969
36333
17559
22421
2260
35343
56221
19402
46287
34928
25515
50969
64061
6223
12978
60307
44511
6390
6237
26248
5660
7444
19653
54410
25701
58369
16445
48336
39409
34491
483
47906
2747
60209
18941
45847
27429
21645
9260
4421
17892
43260
10102
20004
2788
61726
28912
18350
35196
22770
10091
3902
51420
54470
59415
29650
42018
35444
5168
40664
20140
46534
10581
51130
52540
2371
24554
26090
31098
2072
44481
13434
54280
34789
42332
5695
37587
49715
24164
44307
13052
51756
52889
8142
19101
28036
4184
13689
6637
53487
5198
32035
743
46293
4359
12186
23361
10979
1932
61300
4761
20855
35253
36977
30567
21454
32896
54524
47221
14465
11949
35078
6537
39683
41920
13715
32281
28604
61580
30342
29617
43823
3252
9319
29925
22479
6761
58341
50450
9240
7502
51394
39417
25699
17189
5066
2505
47460
29472
30291
58189
56892
56214
4580
23557
51605
61170
48477
62628
8050
5055
4765
43721
27162
32527
30732
30204
54352
39037
24835
55725
32467
31574
58876
34985
23955
16966
890
32351
13043
27082
29777
15557
10237
45024
22158
51871
27623
38787
26375
54691
6309
30002
44935
5923
11785
44795
37212
3152
39665
36487
24971
33398
58948
49449
3275
51079
63103
33518
35893
38237
52274
23604
7250
19358
38158
60717
51277
29948
19211
44797
10748
58711
56370
3127
54662
27497
2965
52322
25191
17869
48428
47254
12105
10985
29366
755
44400
10158
53181
63783
49073
49710
18722
5971
41140
50166
1781
37091
12176
22050
50263
64035
50835
8350
49699
60996
57750
46206
46510
21379
5515
52952
16353
46725
27772
45383
3019
15195
43606
36066
3367
59680
27721
58780
59163
24931
45870
9745
42998
60952
17198
24652
4951
59108
61288
35185
34115
8855
55197
63850
29755
2229
3267
32920
9637
6701
21062
45884
15022
58483
28254
29674
7765
63455
11636
15873
45832
63322
43455
42762
44443
30308
46986
64158
41623
50188
17360
40083
5328
40039
13412
41164
25145
39738
58723
6950
53886
49230
29277
32922
14344
34712
24228
47648
29528
24577
14470
40781
58159
33264
13404
13532
49709
30737
40260
9215
29048
28630
22849
17017
14707
26370
11293
57564
50449
19785
62421
31153
15787
10733
27657
47151
64348
20544
53761
38289
49868
25973
35709
19620
18791
15711
63209
13203
56130
45532
62963
58823
24395
59439
18666
35155
44033
62492
15314
22742
38865
17260
50831
42157
5542
30166
20412
21546
12795
59573
36705
5808
11333
58393
3146
37447
62302
61160
19607
57304
61512
40450
25417
1406
35257
46553
25992
51988
39678
38790
16706
14339
56832
45398
8117
40556
46941
885
62283
2045
44011
52804
9206
58330
26026
47267
2434
5866
63072
17170
58437
20858
3846
60517
29131
40088
52329
58587
27594
37840
26255
3033
35018
8628
39234
40547
21255
25056
32402
59083
31946
32831
31470
43938
39022
5767
2810
4379
22353
25062
50805
32343
39659
20603
37249
27779
37017
697
1942
8399
47034
17623
36379
58870
49452
43406
61617
17755
8657
29035
10246
40621
31306
4548
52046
62287
20101
19131
34194
18255
23175
46865
31087
50915
5038
60707
21242
25584
60302
35610
16497
30383
8252
64299
21191
17893
357
53685
38208
43048
32575
59878
49845
6607
31235
42807
8302
43121
33383
63641
26500
34105
19819
46086
23159
6040
9350
46560
62966
24960
52325
48434
43041
43408
37874
45277
63166
31627
26349
13055
46511
41227
1649
48972
52936
49335
44368
47709
9891
34563
11511
4125
51850
4337
42390
12435
58398
34462
61696
62552
20270
50816
64310
21070
27006
10344
32953
31603
36909
4671
56767
36675
45163
31223
253
37984
18771
37883
34553
63950
48128
57874
48042
62506
46063
8119
20195
4269
18362
47430
55337
6261
60275
57821
3387
36545
48437
13341
5802
40215
64349
17145
36805
23548
23681
10058
20053
40436
35342
47282
21066
24130
41146
62490
7890
15295
14021
10882
57661
27590
51057
41117
50574
7663
9550
55400
9530
51616
21332
54404
23214
10430
17251
29769
45164
41086
172
33888
42508
11950
6961
18364
11609
52928
44494
54373
11825
62235
59761
40054
26778
18982
29800
7847
50380
40433
5049
58774
40318
45359
57568
32244
6185
22595
62674
46219
6305
49742
54820
752
61236
62957
32012
7064
14283
48825
32103
55077
63876
3851
41144
10701
17209
28749
51828
19547
44420
37945
20427
4093
13274
14290
62395
46646
16901
43291
36260
27101
40573
56151
399
1935
42889
48208
64186
24125
51361
35555
26655
43150
59946
34997
20552
40555
37044
41524
31788
25223
36179
28182
49560
24804
18770
6211
44499
6442
47204
25058
29092
48427
53734
7626
8382
57713
34570
32113
57114
18449
57388
59281
6386
54009
24490
6814
28722
49533
46011
11820
55897
49044
1338
45516
49971
17399
8725
31382
34390
5800
41368
36178
54204
39038
29298
7675
19241
44477
30488
43154
63925
12878
60252
2971
22671
62972
64264
53514
11538
33233
33360
41849
49086
14026
19292
42237
15433
2724
10709
20171
33862
54881
57056
59778
59760
53656
41149
15154
15144
35523
62258
28958
53911
33497
46169
37026
19674
50378
53331
6890
16989
27900
32241
38821
22489
53943
48699
17812
30853
10143
33207
26166
18525
26076
20475
16474
58116
181
11115
57430
56301
12556
29349
5592
14255
38044
45305
51999
22761
29430
52517
31457
43173
15552
58822
21407
46177
39832
6129
52037
43402
64382
41339
31883
44972
36355
40111
13478
28672
54596
40907
1744
4630
5392
12069
41597
58610
53703
20567
48598
15300
3346
22788
54406
24905
52943
13188
20454
57721
15904
16836
42702
63128
26289
59287
24315
61730
27291
30824
54949
37199
47292
64241
60535
39325
59366
57695
64314
46061
56811
521
48728
27433
50317
45049
23243
28991
12716
58704
22976
51905
31323
63228
7460
13132
35411
38027
17104
1016
10491
14495
31699
12449
54562
21669
37998
25991
31716
42778
17080
32416
59344
20127
38195
23730
6877
39437
53712
52612
22394
42378
24359
62959
50559
46517
48725
58484
53292
60413
40069
15181
25665
32800
53469
35851
6885
516
4943
10869
8867
25897
9507
12468
38309
43617
41999
4852
6391
50372
56882
31028
16252
12261
20081
51012
32778
52896
3970
15005
29039
33319
7260
37172
17968
14826
31144
29727
51758
32934
26437
10296
59096
34488
57028
61667
35542
52688
48443
57843
49051
63382
62797
33930
39589
19554
62460
4142
53452
60365
25325
40375
60758
59803
41923
22484
16292
35451
27335
17732
4229
35675
50283
42999
11790
11582
20655
24946
34759
5676
34391
41427
3858
54032
59079
35680
25141
28911
50904
17788
61555
6192
29826
1433
56239
14608
43727
5937
15547
10848
30129
32987
8462
32327
57711
22075
51397
20002
40235
40759
40155
41372
60437
42628
28668
53449
38748
56175
52724
17762
61955
44691
26868
47102
34040
35334
49941
36542
10396
2407
26883
30645
40893
25872
5672
51348
29807
44441
8745
39645
18228
33530
26823
53134
51315
46052
4871
7058
5083
218
6128
46017
12474
5536
53961
17622
49454
43747
35718
22111
11823
22049
51179
17077
57762
54468
29882
5776
41510
56154
54330
17346
21710
40904
16088
32570
1591
14695
54975
41228
22486
26339
42651
1320
60560
3646
5447
8501
21780
29984
40673
37700
25933
41710
56705
32166
49507
14535
59170
16690
27806
10775
40151
11819
48659
10338
36853
47583
17706
55695
53894
5225
5899
21197
33904
28613
58554
32689
3192
5074
8891
60136
31508
28456
8613
20311
52543
4747
30243
52613
16822
13940
1516
30099
1965
33942
4854
22485
16245
28651
44229
25196
45060
19917
54941
45929
46703
51360
6315
38810
17140
55643
9878
57447
15617
27795
54416
13199
41544
52531
50105
59881
45043
29632
14549
26328
50662
6714
24072
43268
14263
37600
5277
20437
43961
60643
35055
39633
13217
31720
10126
32945
62640
55714
39742
32311
15492
46824
42616
11945
4613
15899
61690
2084
14299
49430
34282
22048
16344
35666
60043
368
18262
10382
46521
45059
22447
58724
59221
58342
32107
15398
41380
59400
57051
56300
12584
11227
21864
11521
41561
11967
29914
37077
6857
12277
11614
24794
58318
24431
37654
61324
39104
57177
37957
3045
43098
43540
41994
30246
42983
11697
13963
16002
33393
50640
50329
58712
7087
3713
49419
52435
19004
19854
14329
10630
51784
2830
48205
3294
16953
52660
40702
26569
48215
1361
13232
685
63923
24900
21204
60970
61072
50214
17052
41217
1204
11543
58361
63088
16317
27311
43705
3984
62717
54449
41641
57488
42810
464
16471
53880
54044
41150
6863
44775
38264
47715
11381
50164
13961
23461
61963
12675
20175
40998
40915
60978
51649
63022
57547
7888
63448
34465
29200
20566
62624
54623
5506
33726
49953
61357
5280
41774
34504
64136
31471
32138
59069
23018
43813
14760
31512
23923
55682
47302
3778
16875
54621
47856
47095
3859
23118
8306
3534
9075
14020
187
45778
51250
7394
54819
23501
60213
5514
25776
18739
37337
43956
50396
45331
20013
51888
58179
54605
18133
20503
1398
61231
23450
14531
33166
32367
33729
38882
57350
34326
62326
59423
32071
35768
45292
25889
43359
44008
13858
25275
16239
25844
4693
11125
19390
46140
39957
21137
23141
39921
33912
20495
19689
54780
13449
43641
27816
43211
23125
40630
53040
4774
9458
13256
1494
24854
49145
32530
48898
64210
55664
24989
9706
16529
62737
62221
28377
53572
53914
36222
31912
35105
7501
31632
16039
45600
32345
39095
50154
35082
56465
36755
2583
37185
31045
15554
20426
56954
54153
34689
61743
63674
36868
23981
22837
29936
49516
22979
28414
54871
46566
38518
45437
63277
33577
11519
16404
57623
37472
39482
44496
16244
60463
32010
36671
1222
24930
10816
49197
5500
16896
35380
34163
52127
58172
34126
52815
41235
55628
5278
28889
16796
18629
38475
18376
51132
10653
22825
38534
54667
8206
27700
63659
33120
23109
52559
37890
17047
56188
15435
27988
34285
28214
46435
40031
47498
7617
26729
42573
14147
63312
23486
27098
37537
5045
19621
23224
42881
35800
48656
33010
59153
51695
62263
16614
58244
17563
63436
7897
54308
54683
56146
28373
36648
4332
9174
29764
3215
26555
34510
39923
10698
10500
19334
45471
43429
38461
22954
1318
4217
62824
4475
20639
13437
26856
4641
47986
58980
28871
26537
50592
44122
34186
12151
14636
40134
23479
35767
2201
18398
20793
34757
33193
6618
56126
14730
17318
59980
38246
54726
39450
11947
10670
28282
17423
55262
2679
18049
36548
64390
22324
54957
21153
62544
5589
33459
22615
2270
59676
53120
22426
7365
59681
14435
6518
63799
26448
38327
36298
61553
33188
22612
11969
17054
27146
6301
13249
37705
37311
12632
57026
29027
60123
21631
14943
592
15718
53108
52547
24983
53069
53305
3490
9807
22996
52678
54255
2997
25027
37535
45178
25310
47560
25136
59610
38605
31209
28648
26850
20358
61642
2262
38942
56459
23867
56838
46119
17565
46308
42759
10077
8034
23610
40553
6721
51055
28959
59193
60763
22331
16205
24394
8864
11164
50999
1194
56820
47471
50261
13875
56318
44079
23198
13396
22942
59797
48309
49238
38297
43738
25917
3998
16894
29156
17946
35465
59521
2186
33938
24708
20049
28954
14564
593
30971
762
54765
12047
23282
35268
17058
5252
58754
16007
19486
19273
32444
50156
21365
19581
13075
57614
24303
53135
20329
30438
40979
21958
55024
35109
32497
47936
3401
35955
26268
47980
25503
18018
29081
17876
22215
3176
19735
55049
54887
26647
56620
15123
18438
866
37382
2035
45081
60177
25664
29915
31841
45022
26632
55491
58927
12547
25132
64096
52871
49258
34094
22899
60363
49396
40483
42478
57407
8152
27301
6303
7053
2903
9861
26317
1520
25076
56310
22725
57171
61978
54550
31941
53115
27150
20768
35107
29758
11910
58859
9961
14526
40853
23413
59010
26865
9365
62222
59370
42100
29332
38324
52843
8544
5009
38924
47141
24092
52700
31650
49144
37590
17297
62729
16355
43608
17466
24914
25488
9993
4893
7679
7104
61655
47172
4477
26973
56323
16678
2142
20705
43240
43711
44485
40395
36615
600
22053
54053
11904
12229
49267
12849
34548
29518
55214
45376
8133
50722
22109
9159
28293
41295
59771
25502
16887
8548
25680
24025
27346
61133
6153
15962
7542
27861
37182
31077
42399
60056
56450
51178
30794
460
56885
37070
5236
16986
35965
19247
56994
45560
36655
21857
34323
13151
18163
37896
54409
45585
15025
49873
11849
44567
28892
4299
41215
45664
40319
61480
43587
50074
43179
23491
58998
31753
14408
59883
10847
15970
8946
50071
14548
419
39118
36412
40535
56364
55302
41608
19175
41051
34121
34673
29059
45737
19516
15835
59664
20047
32624
64029
63712
56638
37603
45393
53692
11574
64129
47929
60534
29676
10773
35413
61516
34473
4903
50606
33817
60417
48921
19428
62946
11696
17457
51401
54694
51844
20518
30434
50295
53220
15772
9919
50740
49252
44681
19681
24047
49212
7376
40730
365
25303
42838
43418
8897
44251
46305
42467
44432
17217
50512
58657
62346
9715
48089
50508
2540
55349
17290
45216
30266
26156
11523
9133
32098
61852
40307
61570
41308
3782
538
5460
43946
63367
46316
2530
56766
29700
40619
16787
32388
6521
47633
25903
12236
40671
2449
4679
3923
35069
60977
31473
12757
24414
11759
63866
43067
57589
48225
21274
16664
25428
25057
6462
53283
53970
40131
54493
1767
45019
46714
1868
32342
54795
54386
64231
29661
64208
9628
49907
44223
49133
43505
25252
5472
60737
37434
10112
61267
28078
11706
14186
31042
28830
38988
7139
56689
52243
35902
56337
53937
61405
34730
4031
49527
61428
55718
37131
29731
44386
24420
9959
61701
12254
9022
61645
30846
23424
48630
4856
41102
57898
3077
24327
38828
28600
34116
43623
10505
16249
15803
58462
11837
51209
59671
11328
1895
40208
15933
25274
2027
48920
7730
44030
35647
29709
50583
45608
13832
13830
22779
59359
55273
45143
54331
16476
6441
57414
56980
1413
21226
37695
62880
34977
8678
38431
17490
11678
4208
14281
63463
51072
199
15949
34953
11587
7691
44876
58963
24542
28109
24927
16307
7671
5990
38959
42794
17857
33297
7715
56143
62448
7065
51413
4819
9324
40952
19083
55189
24944
24872
15998
27513
2355
40601
46546
12544
11726
50218
31241
24115
50148
5804
41537
58943
20380
57668
7127
41903
31746
60153
2306
46370
23449
6904
37084
37557
36204
41944
6608
4464
30275
38843
37630
36056
61997
24579
15216
13839
63287
4796
60330
46199
59822
34333
11571
55126
59772
54826
31326
36172
8347
46831
34664
28403
31005
2748
38943
51636
24000
30037
25248
19779
8845
23158
57914
24538
50643
49673
33122
41000
7299
22285
52541
22105
46726
5611
40836
1540
54466
44317
49567
55283
16910
18992
60445
62045
55673
55443
40684
32504
45007
49451
46522
56789
49854
7930
61450
21172
1829
8831
21064
51658
56891
29950
9018
4752
49549
14183
15875
28703
63041
39932
5297
41330
46014
18813
34998
35867
775
38050
37223
19987
51106
63848
22161
59937
52085
35350
39336
16769
15773
62377
54675
32707
19665
3699
52867
53310
35123
54656
32229
33506
6897
35687
62340
37734
48326
37594
27420
31496
31275
46178
20289
27919
44828
9310
56866
25300
53539
17845
56812
28327
8418
40001
47717
20780
19419
62592
31914
47652
63359
40274
30894
10023
27867
39114
16203
21203
30074
26544
19105
21444
25117
15325
43718
6054
3310
24101
18824
1957
56218
26866
41187
62612
31421
30790
39361
46507
848
2287
34839
62348
7078
25203
7557
9537
58582
677
17106
26345
24048
28295
53588
19953
23423
35417
9
4448
40038
54701
30725
50453
1690
62833
56876
57605
39113
28812
26165
55899
15445
53176
49138
33085
17464
62061
29970
9529
16225
12453
25060
13318
60407
51068
60021
54534
34440
56585
16825
34581
57528
8743
53286
64031
13540
54329
16299
14721
42799
62360
52069
10595
54233
34216
26784
16861
12296
11885
43667
36814
28884
56830
56166
14133
10982
11401
50596
39131
34343
58562
2268
41862
12187
49577
36091
24027
59333
318
16544
34850
31660
62801
32908
16493
40022
6870
33409
29722
21924
39080
35985
16507
2803
40386
15003
20015
59646
2720
26269
7124
6204
22241
25251
497
27075
62728
12746
11010
15498
15052
21489
22446
19374
38647
30822
63453
16266
31497
54465
52580
28180
63259
50763
432
52118
62484
52785
30245
3074
4540
29302
42685
11666
44418
59295
2381
32969
51381
32477
45112
24966
53916
41556
31572
10140
53101
57399
62513
54684
45086
29788
2431
15823
8622
47782
34156
6766
15908
12070
4468
43870
42900
46751
16496
37257
42959
49059
55888
4249
27621
13107
62984
33163
60235
42299
38227
37592
40156
23591
17412
58331
8365
27057
15761
25669
15520
3234
41336
63140
13574
32376
34325
49010
1930
25697
16839
25147
54707
6767
37339
16700
38900
15927
18504
49551
56251
47923
55541
42057
36262
39571
25237
47854
60973
60329
41245
6539
6070
53464
44501
50131
16814
31855
53266
41207
37467
61809
13028
29982
56851
52903
55739
55059
26082
5938
21983
10353
36968
15969
63245
13991
13243
24515
60529
44607
16499
25689
59975
29600
991
22431
1645
48457
10111
21112
43580
42973
62309
38070
48681
32784
5728
44395
42947
9771
28845
41284
45497
1724
28919
44878
48694
16123
49829
41914
7703
54539
58442
7912
17511
29473
31523
40628
51299
33589
19816
11052
16351
61746
39885
13637
42346
48886
5234
15734
479
29171
21941
36472
4719
44852
38239
28240
23550
19949
35340
36616
52281
30970
33278
7936
10586
38733
16600
53930
4643
3770
6988
41936
60870
15649
48312
56685
48153
64363
48091
37597
14419
49508
13490
26121
14509
594
52984
37007
18825
51488
6166
23290
17300
21132
27849
22206
11274
55410
25653
7858
4868
53027
53026
53025
53024
53023
53022
53039
53038
53037
53036
53035
53034
53033
53031
56987
56985
56984
56983
53045
53044
53041
56997
56996
56992
56991
56990
56988
52989
52988
52987
52985
52983
52982
53000
52999
52996
52994
52993
52992
52990
53012
53011
53008
53007
53005
53004
53003
53001
53021
53020
53019
53017
53016
53015
53014
53013
52955
52954
52953
52951
52950
52949
52965
52964
52963
52962
52961
52960
52959
52958
52973
52972
52971
52970
52969
52968
52967
52966
52981
52980
52979
52978
52977
52976
52975
52974
52920
52919
52917
52916
52915
52914
52913
52930
52929
52927
52924
52923
52922
52940
52939
52938
52935
52933
52932
52931
52948
52946
52945
52944
52942
52941
52886
52885
52884
52883
52882
52881
52880
52879
52894
52893
52892
52891
52890
52887
52902
52901
52900
52899
52898
52897
52912
52911
52910
52909
52908
52907
52906
52905
57042
57041
57040
57038
57037
57033
57032
57031
52861
52859
52858
52857
52856
57046
57044
52869
52868
52866
52865
52864
52863
52862
52878
52877
52875
52874
52873
52872
52870
52841
52840
52839
52838
52836
52834
52852
52851
52848
52845
52844
52842
57019
57018
57017
57015
52854
52853
57030
57027
57025
57024
57023
52802
52801
52800
52799
52798
52797
52796
52795
52813
52812
52810
52809
52805
52822
52821
52820
52819
52818
52817
52814
52833
52831
52830
52828
52827
52826
52825
52824
52769
52768
52767
52766
52765
52764
52763
52762
52777
52776
52775
52774
52773
52772
52771
52770
52786
52784
52781
52780
52779
52794
52793
52792
52791
52790
52789
52788
52787
52732
52731
52730
52729
52728
52727
52726
52740
52739
52738
52737
52736
52735
52734
52749
52748
52747
52746
52745
52743
52742
52741
52760
52757
52756
52754
52753
52751
52750
52694
52693
52692
52691
52690
52689
52685
52705
52704
52702
52699
52698
52696
52695
52714
52712
52711
52710
52709
52708
52707
52706
52723
52722
52721
52720
52719
52717
52716
52656
52655
52654
52653
52652
52651
52650
52649
52666
52665
52664
52663
52661
52658
52657
52674
52673
52672
52671
52670
52669
52668
52667
52684
52683
52680
52679
52676
52675
57068
57067
57066
57065
57064
57063
57062
57061
57077
57076
57075
57074
57073
57071
57070
57069
52639
52637
52634
52633
52632
52631
57078
52648
52647
52645
52644
52643
52642
52641
52640
52616
52615
52614
52611
52610
52609
52627
52625
52624
52622
52621
52620
52618
52617
57050
57049
57048
57047
52630
52629
52628
57060
57059
57058
57055
57054
57053
57052
52581
52579
52578
52576
52574
52572
52571
52590
52587
52586
52585
52584
52583
52582
52599
52598
52597
52596
52595
52594
52592
52608
52607
52606
52605
52603
52602
52601
52600
52539
52538
52537
52535
52533
52553
52552
52549
52548
52545
52544
52561
52560
52558
52557
52556
52555
52554
52570
52569
52568
52567
52566
52564
52563
52562
52506
52505
52504
52503
52502
52501
52500
52499
52515
52514
52513
52512
52511
52509
52508
52507
52523
52522
52521
52520
52519
52518
52532
52530
52529
52528
52526
52525
52524
52472
52471
52470
52468
52466
52465
52464
52463
52482
52481
52480
52479
52477
52476
52474
52473
52490
52488
52487
52486
52485
52484
52483
52498
52497
52496
52495
52494
52492
52491
52434
52433
52431
52430
52429
52428
52427
52426
52443
52442
52439
52438
52437
52436
52453
52452
52451
52450
52449
52447
52446
52462
52461
52459
52458
52457
52456
52454
57101
57100
57099
57098
57096
57094
57093
57110
57109
57108
57107
57106
57104
57103
52414
52413
52412
52411
52410
52409
52408
52425
52424
52423
52421
52418
52417
52416
52415
52390
52389
52388
52387
52386
52385
52384
52383
52400
52399
52396
52395
52394
52392
52391
57081
57080
57079
52406
52405
52404
52403
52402
57092
57091
57090
57087
57086
57084
57083
57082
52354
52353
52352
52351
52350
52348
52347
52344
52363
52362
52361
52358
52357
52356
52371
52370
52369
52367
52366
52365
52364
52382
52381
52379
52378
52377
52376
52375
52373
52313
52312
52311
52310
52309
52307
52306
52305
52321
52320
52318
52317
52316
52315
52314
52332
52331
52330
52327
52326
52323
52341
52340
52339
52338
52337
52336
52335
52334
52276
52273
52272
52271
52270
52269
52285
52284
52283
52282
52280
52279
52278
52296
52295
52294
52293
52292
52289
52286
52304
52303
52302
52300
52299
52298
57135
57133
57132
57131
57130
57129
57127
57126
52247
57142
57141
57140
57139
57138
57137
57136
52258
52256
52255
52253
52251
52250
52249
52248
52268
52266
52265
52264
52262
52261
52260
52259
52229
52228
52227
52226
52225
52224
52239
52238
52237
52235
52234
52231
57113
57112
57111
52246
52245
52244
52241
57125
57124
57121
57120
57119
57117
57115
52197
52196
52194
52193
52192
52190
52188
52206
52205
52203
52202
52201
52198
52214
52213
52212
52211
52210
52209
52208
52207
52222
52221
52220
52219
52218
52217
52216
52215
52155
52154
52153
52152
52151
52150
52149
52148
52165
52164
52163
52162
52160
52158
52157
52156
52176
52175
52172
52171
52170
52169
52168
52187
52185
52184
52182
52181
52179
52178
52177
52120
52119
52117
52116
52114
52113
52112
52126
52125
52124
52123
52122
52121
52137
52136
52135
52133
52132
52131
52130
52129
52147
52145
52144
52142
52140
52139
52083
52082
52081
52080
52079
52078
52077
52076
52093
52091
52090
52089
52086
52084
52102
52101
52100
52099
52097
52095
52094
52110
52108
52107
52106
52105
52104
52103
52050
52049
52047
52045
52044
52043
52058
52057
52056
52055
52054
52053
52052
52051
52066
52065
52064
52063
52062
52061
52060
52059
52075
52074
52073
52072
52071
52068
52067
52012
52011
52010
52008
52007
52006
52005
52022
52021
52020
52019
52018
52017
52016
52015
52031
52030
52029
52028
52026
52025
52024
52042
52041
52040
52038
52036
52033
57164
57163
57161
57160
57159
57157
57156
57172
57169
57168
57167
57166
57165
51995
51994
51993
51992
51991
57174
52004
52003
52002
51998
51997
51976
51975
51974
51973
51972
51971
51970
51968
51985
51984
51983
51982
51980
51978
51977
57147
57145
57144
57143
51990
51989
57155
57154
57153
57152
57151
57150
57149
57148
51942
51940
51939
51938
51937
51936
51935
51951
51950
51949
51948
51947
51946
51944
51943
51959
51958
51957
51956
51955
51954
51953
51952
51967
51966
51965
51964
51963
51962
51961
51960
51907
51906
51904
51903
51902
51901
51900
51916
51915
51913
51911
51910
51909
51925
51924
51923
51922
51921
51918
51917
51934
51931
51930
51929
51928
51927
51926
51874
51873
51870
51869
51868
51867
51882
51881
51880
51879
51878
51877
51876
51875
51891
51889
51887
51886
51885
51884
51883
51899
51898
51897
51896
51895
51894
51893
51892
51840
51839
51838
51837
51836
51835
51834
51833
51849
51848
51847
51846
51842
51841
51858
51857
51856
51855
51854
51853
51852
51851
51866
51865
51864
51863
51862
51861
51860
51859
51803
51801
51800
51799
51797
51796
51795
51794
51813
51812
51811
51810
51807
51806
51805
51804
51823
51822
51821
51819
51818
51817
51816
51815
51832
51831
51830
51829
51827
51825
51824
51767
51766
51765
51763
51762
51761
51760
51759
51775
51774
51773
51772
51771
51770
51769
51768
51782
51780
51779
51778
51776
51792
51791
51790
51789
51788
51787
51785
51732
51731
51728
51727
51726
51725
51724
51723
51741
51740
51739
51738
51737
51736
51735
51734
51750
51749
51748
51747
51746
51745
51744
51743
51757
51755
51754
51753
51752
51751
57200
57199
57198
57197
57195
57194
57192
57191
51704
51703
57205
57204
57203
57202
57201
51713
51712
51711
51710
51709
51708
51707
51705
51722
51721
51720
51719
51717
51716
51715
51714
51691
51689
51688
51686
51684
51683
51682
51681
51699
51698
51697
51696
51694
51693
51692
57179
57176
57175
51702
51701
51700
57190
57189
57188
57187
57185
57183
57182
57181
51652
51651
51650
51648
51647
51646
51645
51660
51659
51657
51656
51655
51654
51653
51671
51670
51668
51667
51666
51665
51664
51663
51679
51678
51677
51676
51675
51674
51673
51614
51613
51611
51607
51606
51604
51622
51620
51619
51618
51617
51615
51630
51629
51627
51626
51625
51624
51623
51644
51643
51642
51641
51638
51635
51632
51577
51575
51574
51573
51572
51571
51570
51585
51584
51583
51582
51581
51580
51579
51578
51595
51594
51593
51592
51591
51589
51586
51603
51602
51601
51600
51599
51597
51596
51542
51540
51539
51538
51536
51535
51534
51550
51549
51548
51546
51545
51544
51558
51557
51556
51555
51553
51552
51551
51567
51565
51564
51563
51562
51561
51560
51504
51503
51501
51500
51499
51498
51497
51515
51514
51513
51512
51509
51508
51506
51525
51523
51522
51520
51519
51518
51517
51516
51533
51532
51530
51529
51528
51527
51526
57227
57226
57225
57224
57223
57222
57221
57220
57237
57236
57234
57233
57232
57231
57230
51486
51485
51483
51482
51481
51480
51479
57238
51496
51494
51493
51492
51491
51489
51461
51460
51459
51458
51457
51456
51455
51454
51471
51470
51469
51467
51466
51463
57209
57208
51477
51476
51475
51474
51472
57218
57217
57216
57215
57212
57211
57210
51429
51428
51427
51425
51424
51423
51422
51421
51437
51436
51435
51434
51433
51432
51431
51430
51445
51444
51443
51442
51441
51440
51439
51438
51453
51452
51451
51450
51449
51448
51447
51446
51391
51390
51389
51388
51387
51386
51385
51384
51400
51399
51398
51396
51393
51410
51409
51408
51407
51406
51405
51404
51402
51419
51417
51416
51414
51412
51411
51359
51358
51357
51356
51355
51354
51353
51352
51367
51366
51365
51364
51363
51362
51375
51373
51372
51371
51370
51369
51368
51383
51382
51379
51378
51377
51376
51325
51324
51323
51322
51321
51319
51318
51317
51335
51333
51332
51329
51327
51326
51343
51342
51341
51340
51339
51338
51337
51336
51351
51350
51349
51347
51346
51345
51344
51287
51286
51285
51284
51283
51282
51281
51280
51296
51295
51294
51293
51292
51291
51289
51306
51305
51303
51301
51300
51298
51316
51313
51311
51310
51309
51308
51307
51249
51247
51246
51245
51244
51243
51242
51258
51257
51256
51255
51254
51253
51252
51251
51269
51267
51266
51263
51262
51261
51260
51278
51276
51273
51272
51271
51270
57259
57258
57257
57256
57255
57253
57252
57250
57269
57267
57266
57265
57264
57263
57262
57260
51230
51229
51228
51227
51225
51224
51223
57270
51241
51240
51239
51237
51236
51235
51234
51233
51207
51206
51205
51204
51202
51200
51198
51215
51214
51210
51208
57239
51222
51221
51220
51219
51218
51216
57248
57247
57246
57244
57243
57241
51171
51169
51168
51167
51166
51165
51164
51180
51177
51176
51175
51174
51173
51188
51187
51186
51185
51184
51183
51181
51197
51196
51194
51193
51192
51191
51190
51131
51129
51128
51127
51126
51125
51140
51139
51138
51137
51136
51135
51134
51133
51149
51148
51145
51144
51143
51142
51141
51162
51161
51160
51158
51156
51153
51152
51150
51097
51096
51095
51094
51093
51092
51091
51088
51105
51104
51103
51101
51099
51098
51116
51115
51113
51111
51110
51108
51107
51124
51123
51121
51120
51119
51118
51117
51059
51058
51056
51054
51053
51052
51069
51067
51066
51065
51063
51060
51078
51077
51076
51074
51073
51087
51086
51085
51083
51082
51081
51080
51026
51025
51024
51023
51022
51021
51020
51017
51035
51033
51032
51031
51029
51028
51027
51043
51042
51041
51040
51039
51038
51037
51051
51050
51049
51048
51047
51046
51045
51044
57293
57292
57290
57289
57288
57287
57286
57301
57300
57299
57298
57297
57296
57295
57294
51006
51005
51004
51003
51002
51001
51000
51016
51015
51014
51013
51011
51010
51009
50985
50983
50982
50981
50980
50979
50977
50995
50994
50993
50992
50991
50989
50988
50986
57277
57276
57275
57274
57273
57272
57271
50997
57285
57284
57283
57282
57281
57280
57279
57278
50951
50950
50949
50948
50947
50946
50945
50944
50959
50958
50957
50956
50955
50953
50952
50967
50966
50965
50964
50963
50962
50961
50960
50976
50974
50973
50972
50971
50970
50968
50917
50916
50914
50913
50912
50911
50910
50925
50924
50923
50922
50921
50920
50919
50918
50935
50934
50933
50930
50929
50928
50927
50926
50943
50942
50941
50940
50939
50938
50937
50936
50878
50877
50876
50875
50874
50873
50872
50871
50887
50886
50885
50884
50883
50882
50880
50879
50896
50895
50893
50892
50891
50890
50889
50888
50909
50906
50905
50898
50897
50844
50842
50841
50840
50839
50838
50837
50836
50853
50852
50851
50849
50848
50847
50846
50845
50861
50860
50859
50858
50857
50856
50855
50854
50870
50869
50868
50867
50866
50864
50862
50806
50803
50802
50801
50800
50799
50798
50815
50814
50812
50811
50810
50809
50808
50807
50824
50823
50822
50821
50820
50819
50818
50834
50833
50829
50828
50827
50771
50770
50769
50768
50767
50766
50765
50764
50779
50778
50777
50776
50775
50774
50773
50772
50788
50787
50786
50785
50783
50782
50780
50797
50796
50794
50792
50791
50790
50789
57327
57326
57325
57324
57322
57320
57319
50743
57334
57333
57332
57331
57330
57329
57328
50752
50751
50750
50749
50748
50747
50745
50744
50761
50758
50757
50756
50755
50754
50753
50732
50731
50730
50729
50728
50727
50725
50739
50738
50737
50736
50735
50734
50733
57309
57308
57307
57306
57303
50741
57318
57317
57316
57315
57313
57312
57311
57310
50693
50692
50689
50688
50686
50685
50684
50683
50701
50700
50699
50698
50697
50696
50695
50694
50711
50710
50708
50707
50706
50705
50703
50702
50724
50719
50716
50714
50713
50712
50655
50654
50650
50649
50647
50664
50663
50661
50659
50658
50657
50656
50672
50671
50670
50667
50666
50665
50681
50679
50678
50677
50676
50675
50674
50617
50616
50615
50613
50612
50611
50610
50609
50626
50622
50621
50620
50619
50618
50636
50635
50634
50633
50632
50631
50629
50628
50646
50644
50639
50638
50637
50581
50580
50579
50577
50576
50575
50590
50589
50588
50587
50585
50584
50582
50599
50598
50595
50594
50593
50591
50608
50607
50605
50604
50603
50602
50600
50547
50546
50545
50544
50543
50542
50541
50540
50556
50555
50554
50553
50552
50550
50548
50564
50563
50562
50561
50560
50558
50557
50572
50571
50570
50569
50568
50567
50566
50565
50510
50509
50507
50506
50505
50504
50503
50518
50517
50516
50515
50514
50511
50529
50527
50525
50524
50523
50521
50520
50519
50539
50537
50536
50535
50534
50533
50531
50530
57355
57353
57352
57351
57348
57346
57363
57362
57361
57360
57359
57358
57357
57356
50492
50491
50490
50488
50487
57366
57364
50502
50501
50500
50499
50498
50495
50494
50493
50470
50469
50468
50467
50466
50465
50464
50463
50478
50477
50476
50475
50474
50473
50472
50471
57337
57335
50486
50485
50484
50482
50480
57345
57344
57343
57342
57341
57340
57339
57338
50434
50433
50432
50431
50430
50428
50427
50444
50443
50442
50441
50440
50438
50437
50436
50452
50451
50448
50447
50446
50445
50462
50461
50459
50457
50456
50455
50454
50400
50399
50395
50394
50393
50390
50409
50408
50407
50406
50405
50403
50402
50401
50417
50416
50415
50414
50413
50411
50410
50426
50425
50423
50422
50421
50420
50418
50365
50364
50362
50360
50359
50358
50357
50356
50373
50371
50370
50369
50368
50367
50366
50381
50379
50377
50376
50375
50374
50389
50388
50387
50385
50384
50383
50331
50330
50328
50326
50325
50324
50323
50339
50338
50337
50336
50335
50334
50333
50332
50347
50346
50345
50344
50343
50342
50341
50340
50355
50354
50353
50351
50350
50349
50348
50294
50293
50291
50290
50289
50287
50286
50285
50305
50303
50302
50298
50297
50296
50313
50312
50311
50310
50309
50308
50307
50306
50322
50321
50320
50319
50316
50315
50314
50253
50252
50251
50250
50248
50246
50245
50262
50260
50259
50258
50256
50254
50272
50268
50266
50265
50264
50280
50278
50277
50276
50275
50273
57385
57384
57383
57382
57381
57379
57378
57377
57393
57392
57391
57390
57389
57387
57386
50235
50234
50232
57398
57396
57395
50242
50241
50240
50239
50238
50237
50213
50212
50211
50210
50209
50208
50207
50223
50221
50220
50219
50217
50216
50215
57368
57367
50230
50229
50228
50226
57376
57375
57374
57373
57372
57371
57369
50177
50176
50175
50174
50173
50172
50171
50170
50187
50186
50183
50182
50179
50197
50196
50192
50190
50189
50206
50205
50204
50202
50201
50200
50199
50198
50144
50143
50142
50141
50140
50138
50137
50153
50152
50150
50149
50147
50146
50145
50160
50159
50158
50157
50155
50169
50168
50167
50165
50163
50162
50108
50107
50106
50104
50102
50101
50100
50116
50115
50114
50113
50112
50111
50110
50109
50125
50124
50123
50122
50121
50120
50117
50136
50134
50132
50130
50129
50126
50068
50067
50066
50065
50064
50063
50061
50076
50075
50072
50070
50069
50090
50089
50087
50084
50078
50077
50099
50098
50097
50095
50094
50093
50092
50091
50033
50032
50031
50030
50029
50028
50026
50025
50042
50041
50040
50039
50037
50036
50035
50034
50050
50049
50048
50047
50046
50045
50044
50043
50059
50058
50056
50055
50053
50052
50051
49995
49994
49993
49992
49991
49990
49989
49988
50007
50006
50005
50001
50000
49999
49997
49996
50016
50015
50014
50013
50012
50011
50009
50008
50024
50023
50022
50021
50020
50019
50018
50017
49962
49961
49960
49959
49958
49957
49956
49955
49969
49968
49967
49966
49965
49964
49963
49978
49977
49976
49975
49974
49973
49972
49986
49985
49984
49983
49982
49981
49980
49979
57418
57417
57416
57415
57412
57411
57410
57426
57425
57424
57423
57422
57421
57420
57419
49945
49943
57429
57428
57427
49954
49952
49951
49950
49949
49948
49947
49926
49925
49924
49923
49922
49921
49920
49919
49937
49935
49933
49931
49930
49929
49928
49927
57401
49942
49940
49938
57409
57406
57404
57403
57402
49894
49893
49890
49889
49886
49884
49883
49902
49901
49900
49899
49898
49897
49896
49895
49910
49908
49906
49905
49904
49903
49918
49917
49916
49915
49914
49913
49912
49911
49851
49850
49849
49848
49847
49846
49844
49861
49860
49858
49857
49856
49855
49853
49872
49871
49867
49866
49865
49864
49863
49882
49881
49880
49879
49878
49876
49874
49815
49813
49811
49810
49809
49808
49807
49806
49825
49824
49823
49822
49820
49817
49816
49835
49834
49832
49831
49830
49828
49827
49843
49842
49841
49840
49838
49837
49836
49776
49774
49773
49772
49771
49770
49769
49768
49786
49785
49784
49781
49780
49779
49778
49777
49796
49794
49793
49791
49790
49788
49787
49805
49803
49802
49801
49800
49799
49798
57450
57449
57448
57446
57445
57444
57443
57462
57460
57459
57457
57455
57454
57452
49758
49757
49756
49755
49754
49753
49752
49751
49767
49766
49763
49762
49761
49760
49759
49734
49732
49731
49729
49728
49727
49726
49743
49741
49740
49739
49738
49737
57433
57432
57431
49750
49749
49748
49745
57441
57440
57439
57438
57437
57436
57435
49700
49698
49697
49692
49691
49707
49706
49705
49704
49703
49702
49701
49717
49716
49713
49712
49711
49725
49723
49721
49720
49719
49718
49664
49663
49662
49661
49660
49659
49658
49672
49671
49670
49669
49668
49666
49665
49682
49681
49680
49679
49676
49675
49674
49690
49689
49688
49687
49686
49685
49684
49683
49628
49627
49625
49624
49623
49622
49621
49620
49636
49634
49633
49632
49631
49630
49629
49645
49643
49642
49641
49640
49639
49638
49637
49656
49655
49652
49651
49650
49648
49647
49646
49595
49594
49592
49590
49589
49587
49586
49585
49603
49602
49601
49600
49599
49598
49597
49596
49611
49610
49609
49608
49607
49605
49604
49619
49618
49617
49616
49615
49614
49613
49612
49556
49555
49554
49553
49552
49548
49565
49563
49562
49559
49558
49557
49575
49573
49571
49569
49568
49566
49584
49583
49582
49581
49579
49578
49576
49519
49518
49517
49514
49513
49526
49525
49524
49523
49522
49521
49537
49535
49534
49532
49530
49529
49547
49546
49545
49543
49542
49540
49539
49538
57484
57483
57482
57481
57480
57479
57478
57477
57494
57493
57492
57491
57489
49502
49501
49500
49499
49498
49497
49496
49495
49509
49506
49505
49504
49503
49478
49477
49474
49473
49472
49470
49469
49468
49489
49487
49483
49482
49481
49480
49479
57466
57464
57463
49494
49493
49492
49491
49490
57476
57475
57472
57471
57470
57469
57468
49437
49436
49435
49434
49433
49432
49431
49447
49446
49445
49443
49442
49440
49438
49457
49456
49455
49448
49467
49466
49465
49462
49461
49459
49458
49403
49402
49401
49400
49399
49398
49411
49410
49409
49408
49407
49406
49405
49404
49417
49416
49415
49414
49413
49412
49429
49428
49427
49426
49425
49423
49422
49366
49365
49364
49363
49362
49361
49360
49359
49376
49375
49374
49373
49372
49370
49369
49367
49384
49383
49382
49381
49380
49379
49378
49395
49394
49393
49391
49390
49388
49386
49385
57522
57521
57518
57517
57513
57512
57511
57510
49342
49340
49339
49336
57526
57525
49350
49349
49348
49347
49346
49345
49344
49343
49358
49357
49356
49355
49354
49353
49351
49321
49320
49319
49317
49316
49315
49314
49313
49331
49330
49329
49326
49325
49324
49323
49322
57500
57499
57498
57497
57495
49334
49333
49332
57509
57508
57507
57506
57504
57503
57502
57501
49280
49279
49278
49277
49276
49275
49273
49272
49288
49287
49286
49285
49284
49283
49282
49281
49297
49296
49295
49294
49293
49292
49291
49289
49312
49309
49308
49307
49302
49299
49298
49243
49242
49241
49239
49237
49236
49254
49253
49251
49248
49247
49245
49244
49262
49261
49260
49259
49257
49256
49270
49269
49268
49266
49265
49264
49205
49204
49203
49202
49201
49200
49198
49213
49211
49210
49209
49208
49207
49206
49224
49223
49222
49219
49218
49217
49215
49214
49234
49233
49232
49228
49227
49226
49225
49168
49167
49166
49165
49164
49163
49162
49178
49177
49176
49175
49174
49173
49172
49170
49188
49186
49184
49183
49182
49181
49180
49179
49196
49195
49194
49193
49192
49191
49190
49189
57550
57548
57546
57545
57544
57543
57542
49143
57558
57557
57556
57555
57553
57552
57551
49151
49150
49149
49148
49147
49146
49161
49160
49159
49158
49157
49156
49154
49153
49124
49123
49122
49121
49120
49119
49117
49116
49134
49132
49131
49130
49129
49128
49127
57527
49141
49139
49137
49136
49135
57540
57539
57536
57535
57533
57532
57530
49087
49085
49084
49083
49082
49081
49078
49095
49094
49093
49092
49091
49090
49089
49106
49105
49102
49101
49098
49097
49096
49115
49114
49112
49111
49109
49108
49107
49050
49049
49048
49047
49046
49045
49060
49058
49057
49056
49054
49052
49068
49067
49066
49065
49064
49063
49062
49061
49077
49076
49074
49072
49071
49070
49069
49018
49017
49016
49015
49014
49013
49012
49011
49026
49025
49024
49023
49022
49021
49020
49034
49033
49031
49030
49029
49028
49027
49042
49041
49040
49039
49038
49037
49036
49035
48984
48983
48982
48980
48979
48978
48977
48992
48991
48990
48989
48988
48987
48986
48985
49002
49001
49000
48999
48998
48997
48996
48995
49009
49008
49007
49006
49005
49004
49003
48951
48950
48949
48948
48947
48946
48945
48944
48959
48958
48956
48955
48954
48953
48952
48967
48966
48965
48964
48963
48962
48961
48960
48976
48974
48971
48970
48969
48968
48916
48915
48914
48913
48912
48910
48909
48926
48925
48924
48922
48919
48918
48934
48933
48932
48931
48930
48929
48928
48927
48943
48942
48941
48940
48939
48937
48936
48935
48883
48882
48881
48880
48879
48877
48876
48875
48891
48890
48889
48887
48885
48884
48899
48897
48896
48895
48894
48893
48892
48908
48907
48906
48905
48904
48903
48902
48901
48848
48847
48846
48845
48843
48842
48841
48856
48855
48854
48853
48852
48851
48850
48849
48864
48863
48862
48861
48860
48859
48858
48857
48874
48873
48872
48871
48870
48868
48867
48865
57582
57581
57580
57579
57578
57577
57576
57574
57590
57588
57587
57586
57585
57584
48832
48830
48829
48828
48827
48826
48824
48840
48839
48837
48836
48835
48834
48833
48808
48807
48806
48805
48804
48803
48802
48801
48820
48819
48818
48817
48815
48813
48812
57565
57563
57562
57560
57559
48822
48821
57573
57572
57570
57569
57566
48773
48772
48771
48770
48769
48768
48767
48766
48781
48780
48779
48778
48777
48776
48775
48774
48790
48789
48788
48787
48785
48784
48783
48782
48800
48799
48798
48797
48796
48794
48793
48792
48737
48736
48735
48734
48733
48732
48748
48747
48746
48745
48744
48743
48742
48740
48757
48756
48755
48754
48753
48751
48750
48765
48764
48763
48762
48761
48760
48759
48758
48703
48702
48700
48697
48696
48695
48715
48713
48711
48710
48709
48708
48705
48704
48723
48722
48721
48720
48719
48718
48717
48716
48731
48730
48729
48727
48726
48724
48664
48663
48662
48661
48660
48658
48657
48673
48672
48671
48670
48668
48667
48666
48665
48684
48683
48682
48678
48677
48676
48693
48691
48690
48689
48688
48687
48686
48685
48629
48628
48627
48625
48621
48620
48619
48640
48639
48638
48637
48635
48634
48633
48632
48648
48647
48646
48645
48644
48643
48642
48641
48655
48654
48653
48652
48650
48649
57611
57610
57608
57607
57606
48601
48600
48599
57622
57621
57619
57618
57617
48609
48607
48606
48604
48603
48602
48618
48617
48616
48615
48614
48613
48612
48611
48584
48583
48582
48579
48578
48577
48576
48595
48594
48593
48591
48590
48589
48585
57596
57595
57594
57593
57592
48597
48596
57604
57603
57601
57600
57598
57597
48549
48548
48547
48545
48544
48542
48541
48540
48558
48557
48556
48555
48554
48553
48552
48550
48566
48565
48564
48562
48561
48560
48559
48575
48574
48573
48572
48570
48569
48568
48567
48514
48513
48512
48511
48510
48509
48508
48507
48522
48521
48520
48519
48518
48516
48515
48531
48528
48525
48524
48523
48539
48537
48535
48534
48533
48532
48481
48480
48479
48478
48476
48475
48474
48490
48489
48488
48487
48486
48485
48484
48483
48498
48497
48496
48494
48493
48492
48491
48506
48505
48504
48503
48502
48501
48500
48499
48449
48448
48447
48446
48445
48442
48441
48456
48455
48454
48453
48452
48451
48450
48465
48464
48463
48462
48461
48460
48459
48458
48473
48472
48471
48470
48469
48468
48467
48466
48415
48414
48413
48412
48411
48409
48407
48424
48423
48422
48420
48419
48418
48417
48416
48432
48431
48430
48429
48426
48425
48440
48439
48438
48436
48435
48433
48378
48377
48376
48375
48374
48373
48372
48371
48388
48387
48386
48385
48384
48382
48380
48379
48398
48397
48396
48395
48393
48390
48389
48406
48405
48404
48403
48402
48401
48400
48399
48343
48340
48339
48338
48337
48335
48334
48352
48351
48349
48348
48347
48346
48345
48361
48360
48359
48358
48356
48354
48353
48370
48369
48368
48367
48365
48364
48363
48304
48303
48302
48301
48300
48299
48298
48315
48313
48308
48307
48306
48305
48324
48323
48322
48321
48320
48319
48317
48316
48332
48331
48330
48329
48328
48325
57644
57643
57638
57637
57636
57635
57652
57651
57649
57648
57647
57646
57645
48288
48287
48286
48285
48284
48280
48279
48296
48295
48294
48293
48292
48291
48290
48289
48259
48258
48257
48256
48254
48253
48252
48250
48271
48267
48266
48265
48264
48262
48261
48260
57624
48278
48277
48276
48275
48274
57634
57633
57632
57631
57630
57629
57626
57625
48220
48219
48217
48216
48213
48228
48227
48226
48224
48223
48222
48221
48239
48238
48237
48236
48235
48233
48232
48230
48247
48246
48245
48244
48243
48242
48241
48240
48186
48184
48183
48182
48181
48180
48178
48177
48195
48194
48193
48191
48190
48189
48188
48204
48203
48202
48201
48200
48199
48198
48212
48211
48210
48209
48207
48206
48150
48149
48148
48147
48146
48145
48142
48141
48158
48157
48156
48155
48152
48151
48167
48166
48165
48164
48163
48162
48161
48159
48176
48175
48172
48171
48170
48169
48168
48113
48111
48110
48109
48107
48106
48104
48103
48121
48120
48119
48118
48117
48116
48115
48114
48129
48127
48126
48125
48124
48123
48122
48140
48139
48138
48137
48136
48135
48134
48132
57673
57672
57670
57669
57667
57666
57682
57681
57680
57679
57678
57676
57675
57674
48090
48087
57686
57685
57684
57683
48102
48101
48099
48098
48096
48095
48094
48093
48069
48068
48067
48066
48065
48062
48060
48080
48078
48077
48076
48075
48072
48071
48070
57656
57655
48085
48084
48083
48082
48081
57665
57663
57662
57660
57659
57658
57657
48033
48032
48031
48030
48029
48028
48027
48026
48041
48040
48039
48038
48037
48035
48050
48049
48048
48047
48046
48045
48044
48043
48058
48057
48056
48055
48054
48052
48051
47998
47997
47996
47995
47994
47993
47992
47991
48007
48006
48005
48003
48002
48001
48000
47999
48017
48016
48014
48013
48012
48011
48010
48008
48025
48024
48023
48022
48021
48020
48019
48018
47961
47959
47958
47956
47954
47953
47952
47951
47970
47968
47967
47966
47965
47964
47963
47962
47979
47978
47976
47975
47974
47972
47971
47990
47989
47988
47987
47982
47981
47924
47922
47921
47920
47919
47918
47917
47932
47931
47930
47928
47927
47926
47925
47941
47938
47937
47935
47934
47933
47950
47949
47947
47946
47945
47944
47943
47942
57709
57708
57707
57705
57704
57703
57702
57701
57718
57717
57716
57715
57714
47904
47903
47902
47901
47900
47898
47896
47895
47916
47915
47911
47909
47907
47905
47877
47876
47875
47874
47873
47870
47869
47887
47886
47885
47883
47882
47881
47880
47879
57690
57689
57688
57687
47893
47892
47891
47890
57700
57696
57694
57693
57692
57691
47841
47840
47839
47838
47834
47833
47832
47849
47848
47847
47846
47845
47844
47843
47842
47858
47857
47855
47853
47852
47851
47866
47865
47864
47863
47862
47861
47859
47804
47802
47801
47800
47797
47796
47795
47794
47812
47810
47809
47808
47807
47806
47805
47820
47819
47818
47817
47816
47815
47814
47813
47830
47829
47828
47827
47826
47823
47822
47821
47763
47762
47761
47760
47758
47757
47756
47755
47774
47772
47771
47769
47768
47766
47765
47764
47784
47783
47781
47779
47778
47776
47793
47792
47791
47790
47789
47788
47786
47785
47730
47729
47728
47727
47725
47723
47722
47721
47738
47737
47736
47735
47734
47733
47732
47731
47746
47745
47744
47743
47742
47741
47740
47739
47754
47753
47752
47751
47750
47749
47748
47747
57741
57740
57739
57738
57737
57736
57735
57734
57748
57747
57746
57745
57744
57742
47711
47708
47707
47706
47705
47720
47719
47718
47714
47713
47712
47688
47686
47683
47680
47678
47677
47674
47697
47696
47695
47693
47691
47690
47689
57724
57722
57720
57719
47702
47700
47698
57733
57732
57731
57730
57729
57728
57727
57725
47646
47645
47644
47643
47642
47640
47639
47656
47655
47653
47651
47650
47664
47663
47662
47661
47660
47659
47658
47657
47673
47672
47671
47669
47668
47667
47666
47665
47607
47606
47605
47604
47603
47602
47601
47599
47618
47617
47616
47612
47611
47610
47609
47608
47626
47625
47624
47623
47622
47621
47620
47619
47637
47635
47634
47632
47631
47629
47569
47568
47567
47566
47564
47563
47561
47577
47576
47575
47574
47573
47572
47571
47570
47587
47586
47585
47584
47581
47580
47578
47598
47597
47596
47595
47593
47590
47533
47532
47530
47529
47528
47527
47526
47543
47542
47541
47540
47539
47538
47537
47535
47551
47550
47548
47547
47546
47545
47544
47559
47558
47557
47556
47555
47554
47553
47552
57769
57768
57767
57766
57765
57763
57761
57779
57778
57777
57776
57775
57774
57773
57771
47516
47514
47513
47512
57782
57781
57780
47525
47524
47523
47522
47521
47520
47519
47517
47495
47494
47493
47492
47491
47490
47489
47488
47503
47502
47501
47500
47499
47497
47496
57752
57751
47510
47509
47508
47507
47505
47504
57760
57759
57757
57756
57755
57754
57753
47458
47457
47456
47455
47454
47453
47468
47467
47466
47465
47464
47463
47462
47461
47476
47475
47474
47470
47469
47487
47485
47484
47483
47482
47481
47480
47478
47425
47424
47423
47422
47421
47420
47419
47418
47434
47433
47432
47431
47429
47442
47441
47440
47439
47438
47437
47436
47435
47452
47451
47450
47449
47448
47446
47444
47390
47389
47388
47387
47386
47383
47382
47381
47399
47398
47397
47396
47394
47393
47392
47391
47408
47407
47406
47405
47403
47402
47401
47400
47417
47416
47415
47414
47413
47412
47411
47409
47354
47353
47352
47351
47350
47349
47348
47347
47363
47362
47360
47359
47358
47357
47356
47371
47370
47369
47368
47367
47366
47365
47364
47380
47379
47378
47377
47376
47375
47374
47372
47319
47318
47317
47315
47314
47313
47328
47327
47326
47325
47323
47322
47321
47338
47337
47335
47334
47331
47329
47346
47345
47344
47343
47342
47341
47340
47339
47281
47280
47279
47278
47277
47275
47274
47291
47290
47289
47288
47287
47286
47285
47284
47300
47299
47298
47297
47296
47295
47294
47312
47311
47307
47305
47304
47303
47246
47245
47244
47243
47242
47241
47240
47239
47253
47252
47251
47250
47249
47248
47247
47263
47262
47261
47260
47259
47257
47256
47255
47272
47271
47270
47269
47268
47266
47265
57805
57804
57803
57802
57801
57800
57799
57798
57814
57812
57811
57810
57809
57808
57807
57806
47230
47229
47228
47227
47226
47225
47224
47223
47238
47237
47236
47235
47234
47233
47232
47231
47208
47207
47206
47203
47202
47201
47219
47218
47217
47215
47214
47213
47212
47211
57789
57787
57786
57785
57784
47222
47220
57797
57796
57795
57794
57793
57792
57791
57790
47174
47173
47171
47169
47168
47166
47182
47181
47180
47179
47178
47177
47176
47175
47191
47189
47188
47187
47186
47185
47184
47183
47199
47197
47196
47195
47194
47193
47140
47139
47137
47136
47134
47132
47131
47130
47149
47148
47147
47146
47145
47143
47142
47157
47156
47155
47154
47153
47152
47150
47165
47164
47163
47162
47161
47160
47159
47158
47103
47101
47100
47099
47098
47097
47096
47113
47112
47111
47109
47108
47107
47106
47121
47120
47119
47118
47117
47116
47115
47114
47128
47126
47125
47123
47064
47063
47062
47061
47060
47059
47058
47057
47073
47071
47070
47069
47068
47067
47066
47065
47083
47082
47081
47080
47079
47078
47077
47074
47094
47093
47092
47091
47086
47085
47084
57844
57842
57841
57840
57839
57838
57836
47036
47035
47033
47032
47031
57846
57845
47046
47044
47043
47042
47041
47040
47037
47055
47053
47052
47051
47049
47048
47047
47020
47017
47016
47015
47012
47011
57815
47030
47028
47026
47025
47023
47022
47021
57825
57824
57820
57819
57818
57817
57816
57834
57831
57830
57829
57828
57827
57826
46981
46980
46979
46978
46977
46976
46975
46974
46989
46988
46987
46984
46983
46982
47000
46998
46997
46996
46995
46994
46992
46991
47008
47007
47006
47005
47004
47003
47002
46944
46943
46940
46939
46938
46937
46936
46952
46951
46949
46948
46947
46965
46964
46962
46960
46959
46958
46957
46955
46973
46972
46971
46970
46969
46968
46967
46966
46908
46907
46906
46905
46904
46903
46902
46901
46917
46916
46915
46914
46913
46912
46910
46909
46926
46925
46924
46923
46921
46920
46919
46918
46935
46934
46933
46932
46931
46929
46928
46927
46867
46866
46864
46863
46861
46860
46859
46876
46875
46874
46873
46872
46870
46869
46887
46886
46884
46883
46881
46880
46878
46877
46900
46898
46897
46895
46894
46893
46892
46891
46832
46830
46829
46828
46827
46826
46825
46842
46841
46840
46838
46837
46836
46850
46849
46848
46847
46846
46845
46844
46843
46858
46857
46856
46855
46852
46851
46798
46797
46796
46795
46794
46792
46791
46807
46806
46805
46804
46802
46801
46800
46799
46815
46814
46813
46812
46811
46810
46809
46808
46823
46822
46821
46819
46818
46817
46816
46764
46763
46762
46760
46759
46758
46757
46756
46773
46772
46771
46770
46769
46767
46766
46765
46781
46780
46779
46778
46777
46776
46774
46790
46789
46788
46787
46786
46785
46783
46782
57866
57864
57863
57862
57861
57859
57858
57873
57872
57871
57870
57869
57868
57867
46747
46746
46744
46743
57878
57877
57876
57875
46755
46754
46753
46752
46750
46749
46748
46727
46724
46723
46722
46721
46720
46736
46735
46734
46733
46732
46730
46729
57849
57848
46740
46739
46738
46737
57857
57856
57855
57853
57852
57851
57850
46688
46685
46683
46681
46680
46679
46678
46697
46695
46694
46693
46692
46691
46690
46689
46707
46706
46705
46704
46702
46699
46698
46718
46716
46715
46713
46712
46711
46710
46650
46649
46648
46647
46645
46644
46643
46659
46658
46657
46656
46654
46653
46652
46651
46668
46667
46666
46664
46663
46662
46660
46677
46676
46675
46674
46673
46672
46671
46670
46617
46616
46615
46614
46613
46612
46611
46625
46624
46623
46622
46621
46620
46619
46618
46634
46633
46632
46631
46630
46629
46628
46626
46642
46641
46640
46639
46638
46637
46636
46635
46580
46579
46578
46577
46576
46574
46573
46590
46589
46588
46584
46583
46582
46581
46600
46598
46597
46596
46594
46593
46591
46609
46608
46607
46606
46605
46604
46603
46602
46541
46540
46539
46538
46536
46535
46533
46551
46550
46549
46547
46545
46544
46563
46562
46561
46558
46557
46555
46554
46571
46570
46569
46568
46567
46565
46564
57899
57897
57896
57895
57894
57892
57891
57907
57905
57904
57903
57902
57901
57900
46523
46519
57910
57909
57908
46532
46531
46530
46529
46527
46526
46525
46524
46501
46499
46497
46496
46495
46494
46491
46509
46506
46505
46504
46503
46502
57881
57880
57879
46518
46512
57890
57889
57887
57886
57885
57884
57883
46465
46464
46463
46461
46460
46459
46458
46457
46472
46471
46470
46469
46468
46467
46466
46482
46481
46479
46478
46477
46476
46475
46474
46490
46489
46488
46487
46485
46484
46483
46430
46429
46428
46427
46426
46425
46424
46423
46440
46439
46438
46437
46434
46433
46432
46448
46447
46446
46445
46444
46443
46442
46456
46455
46454
46453
46452
46451
46450
46394
46393
46392
46391
46390
46389
46388
46387
46403
46402
46401
46400
46399
46398
46397
46395
46411
46410
46409
46408
46407
46406
46405
46404
46422
46421
46420
46418
46417
46415
46414
46412
57940
57939
57938
57937
57936
57935
57934
46366
46363
46362
46361
46359
57941
46377
46375
46373
46371
46369
46368
46367
46386
46385
46384
46382
46381
46380
46379
46352
46350
46349
46348
46347
46346
46345
57913
57911
46358
46357
46356
46355
46354
46353
57921
57920
57919
57918
57916
57915
57931
57930
57929
57927
57926
57924
57923
57922
46304
46303
46302
46301
46300
46317
46315
46314
46313
46312
46311
46309
46329
46326
46325
46323
46322
46321
46320
46318
46344
46343
46342
46341
46339
46338
46336
46330
46270
46269
46268
46267
46266
46265
46264
46262
46280
46278
46277
46276
46275
46274
46272
46291
46290
46288
46286
46284
46283
46282
46299
46298
46297
46296
46295
46294
46292
46230
46229
46228
46226
46225
46224
46223
46222
46238
46237
46236
46235
46233
46232
46231
46250
46249
46248
46247
46245
46243
46242
46240
46261
46259
46258
46257
46256
46255
46253
46251
57965
57964
57963
57962
57961
57960
57959
57958
57973
57972
57971
57970
57969
57968
57967
57966
46205
46204
46203
46202
57974
46220
46216
46215
46214
46211
46210
46208
46186
46185
46184
46183
46182
46179
46195
46194
46193
46192
46191
46189
46188
46187
57948
57947
57946
57945
57944
57943
46197
46196
57957
57955
57954
57953
57952
57951
57950
57949
46149
46148
46147
46146
46145
46144
46143
46142
46157
46156
46155
46154
46153
46152
46151
46150
46166
46165
46163
46162
46161
46160
46159
46158
46175
46170
46168
46111
46110
46109
46108
46107
46106
46105
46104
46120
46117
46116
46115
46114
46113
46131
46130
46129
46128
46127
46123
46122
46141
46139
46136
46135
46134
46132
46077
46076
46074
46073
46071
46070
46069
46085
46084
46083
46082
46081
46080
46078
46095
46094
46093
46092
46091
46089
46088
46103
46102
46100
46099
46098
46097
46096
46040
46039
46038
46037
46036
46035
46034
46051
46050
46049
46045
46044
46043
46042
46060
46058
46057
46056
46055
46054
46053
46068
46066
46065
46064
46062
46007
46006
46004
46003
46001
46000
45998
45997
46016
46015
46013
46012
46008
46024
46023
46022
46020
46019
46018
46032
46031
46029
46028
46027
46025
45969
45968
45967
45966
45965
45964
45963
45962
45977
45976
45974
45972
45971
45970
45987
45986
45984
45983
45982
45981
45996
45995
45994
45993
45992
45991
45990
45989
45935
45934
45933
45932
45931
45930
45928
45943
45942
45941
45940
45939
45937
45936
45953
45952
45951
45948
45947
45946
45945
45944
45961
45960
45959
45958
45957
45956
45955
45954
57993
57992
57991
57990
57989
57988
57987
58005
58003
58002
58001
57999
57998
57997
57995
45917
45916
45915
45913
45912
45911
58006
45926
45925
45923
45921
45920
45919
45918
45891
45890
45889
45888
45887
45886
45885
45902
45901
45900
45899
45898
45897
45894
45893
57977
57976
45909
45907
45906
45905
45904
45903
57986
57985
57984
57983
57982
57981
57979
45857
45856
45855
45854
45853
45852
45851
45850
45865
45863
45862
45861
45860
45859
45875
45874
45873
45872
45869
45868
45866
45883
45882
45881
45880
45879
45878
45877
45876
45823
45822
45821
45820
45819
45818
45817
45816
45830
45829
45828
45827
45826
45825
45824
45841
45840
45838
45837
45836
45835
45834
45849
45848
45846
45845
45844
45842
45789
45788
45787
45784
45783
45782
45781
45796
45795
45794
45793
45792
45791
45790
45807
45806
45805
45804
45803
45800
45799
45798
45815
45814
45813
45812
45811
45810
45809
45808
45749
45747
45746
45745
45744
45743
45742
45740
45760
45759
45758
45757
45756
45753
45751
45750
45769
45768
45767
45766
45765
45764
45762
45761
45780
45779
45776
45775
45774
45773
45714
45713
45712
45711
45710
45709
45708
45707
45722
45721
45720
45719
45718
45717
45716
45715
45730
45729
45728
45727
45726
45724
45723
45739
45738
45736
45735
45733
45732
45731
45677
45676
45675
45674
45673
45672
45671
45670
45686
45685
45683
45682
45681
45680
45679
45678
45695
45693
45692
45691
45690
45689
45688
45687
45706
45704
45702
45701
45700
45699
45698
45696
45643
45642
45641
45640
45639
45638
45637
45636
45652
45651
45650
45648
45647
45646
45645
45644
45660
45659
45658
45657
45655
45654
45653
45668
45667
45666
45665
45663
45662
45661
58024
58023
58022
58021
58020
58019
58018
58017
58032
58031
58030
58029
58028
58027
58026
58025
45625
45624
58038
58037
58036
58035
58034
58033
45635
45634
45633
45631
45628
45627
45626
45607
45606
45605
45603
45601
45599
45598
45615
45614
45613
45612
45611
45610
45609
58008
58007
45621
45620
45619
45618
45617
58015
58014
58013
58012
58011
58010
58009
45567
45563
45562
45561
45559
45558
45578
45576
45575
45574
45572
45571
45570
45569
45586
45584
45583
45582
45581
45580
45579
45597
45595
45594
45593
45592
45591
45590
45588
45531
45530
45529
45528
45527
45526
45525
45540
45539
45538
45537
45536
45535
45534
45533
45549
45548
45546
45545
45544
45543
45542
45541
45557
45556
45555
45554
45553
45552
45551
45550
45496
45495
45494
45493
45492
45491
45489
45505
45504
45503
45502
45501
45500
45499
45498
45514
45513
45511
45510
45509
45508
45506
45524
45523
45522
45520
45518
45517
45515
45461
45460
45459
45457
45456
45455
45454
45470
45469
45468
45467
45466
45464
45463
45479
45478
45477
45476
45475
45473
45472
45488
45487
45484
45483
45482
45481
45480
58067
58066
58065
58064
58062
58061
58060
45436
45434
45433
45432
45431
58070
58069
58068
45444
45442
45441
45440
45439
45438
45453
45452
45451
45450
45449
45448
45447
45445
45419
45418
45417
45415
45414
45413
45412
45411
45430
45428
45427
45424
45423
45422
45421
58046
58045
58044
58043
58042
58041
58040
58039
58059
58058
58055
58054
58053
58051
58049
45382
45381
45380
45379
45378
45377
45374
45390
45389
45388
45387
45386
45385
45384
45399
45397
45394
45392
45391
45410
45408
45407
45405
45404
45403
45402
45401
45342
45341
45339
45338
45337
45336
45335
45334
45352
45350
45349
45348
45347
45345
45344
45343
45362
45360
45358
45357
45356
45354
45353
45372
45371
45370
45368
45367
45366
45307
45306
45304
45301
45300
45299
45298
45316
45315
45314
45313
45312
45311
45310
45309
45324
45323
45322
45321
45320
45319
45318
45317
45333
45332
45330
45329
45328
45327
45326
45272
45271
45270
45269
45268
45267
45266
45264
45280
45279
45278
45275
45274
45273
45289
45288
45286
45285
45283
45282
45281
45297
45296
45295
45294
45293
45291
45290
45233
45232
45231
45230
45229
45228
45227
45226
45243
45242
45240
45238
45237
45236
45235
45234
45253
45251
45250
45249
45248
45246
45245
45244
45263
45261
45260
45259
45258
45257
45255
45254
45199
45198
45197
45196
45193
45192
45208
45206
45205
45204
45203
45202
45201
45200
45217
45215
45213
45212
45211
45210
45225
45224
45223
45222
45221
45220
45219
45218
58092
58091
58090
58089
58088
58087
58086
58085
58100
58099
58098
58096
58095
58094
58093
45181
45180
45179
45177
45175
58101
45191
45190
45189
45188
45187
45186
45185
45182
45161
45160
45157
45155
45154
45153
45152
45171
45170
45168
45167
45166
45162
58076
58075
58073
58072
58071
45174
45173
45172
58083
58082
58081
58080
58079
58078
58077
45124
45123
45122
45121
45118
45117
45116
45115
45131
45130
45128
45127
45126
45125
45142
45141
45140
45138
45137
45136
45135
45151
45150
45149
45148
45147
45146
45145
45144
45084
45082
45079
45078
45093
45092
45091
45090
45089
45088
45087
45102
45100
45099
45098
45097
45096
45095
45094
45114
45113
45110
45109
45108
45107
45105
45052
45051
45050
45048
45047
45045
45058
45057
45056
45055
45054
45069
45068
45067
45066
45065
45064
45063
45061
45077
45076
45075
45074
45073
45072
45071
45070
45013
45012
45011
45009
45008
45005
45004
45021
45020
45016
45015
45014
45035
45034
45032
45031
45030
45026
45044
45042
45040
45039
45038
45037
45036
44976
44975
44974
44973
44970
44968
44985
44984
44983
44982
44981
44980
44979
44978
44995
44994
44993
44992
44989
44988
44987
45003
45001
45000
44999
44997
44996
58126
58125
58124
58123
58122
58121
58120
58119
44951
58134
58133
58132
58131
58130
58128
58127
44959
44958
44957
44956
44955
44954
44953
44952
44967
44966
44965
44964
44963
44962
44961
44960
44936
44934
44933
44931
44930
44929
44928
44944
44943
44942
44941
44940
44939
44938
44937
58108
58107
58104
58103
44950
44949
44946
44945
58118
58117
58115
58114
58113
58111
58110
44899
44898
44897
44896
44895
44893
44892
44908
44907
44906
44905
44904
44902
44900
44916
44914
44913
44912
44911
44910
44909
44926
44924
44922
44921
44920
44917
44866
44865
44864
44863
44862
44861
44860
44859
44874
44873
44872
44871
44870
44869
44868
44867
44883
44882
44881
44880
44879
44875
44891
44890
44889
44887
44886
44885
44884
44830
44829
44827
44826
44825
44824
44822
44842
44841
44840
44838
44837
44835
44834
44831
44850
44849
44848
44847
44846
44845
44844
44843
44858
44856
44855
44854
44853
44851
44796
44794
44792
44791
44789
44787
44805
44804
44803
44802
44801
44800
44798
44813
44812
44811
44810
44809
44808
44807
44806
44821
44819
44818
44817
44816
44815
44814
44760
44758
44757
44756
44754
44752
44751
44768
44767
44766
44765
44764
44763
44762
44761
44778
44777
44776
44774
44772
44770
44769
44786
44785
44784
44783
44782
44781
44780
44779
44723
44722
44721
44720
44719
44718
44716
44732
44730
44729
44728
44727
44725
44724
44741
44739
44738
44737
44736
44735
44734
44750
44749
44747
44746
44745
44744
44743
44742
58157
58154
58152
58151
58150
58148
58147
58166
58165
58164
58162
58161
58160
58158
44703
44702
44701
44700
44698
44697
44696
44695
44715
44713
44712
44711
44710
44707
44705
44704
44678
44677
44676
44675
44673
44672
44671
44670
44688
44687
44686
44685
44683
44682
58137
58136
58135
44693
44692
44690
58146
58145
58144
58141
58140
58139
58138
44643
44642
44641
44640
44639
44638
44636
44651
44650
44649
44648
44647
44646
44644
44659
44658
44657
44656
44653
44652
44669
44668
44667
44666
44665
44664
44662
44606
44605
44603
44602
44601
44599
44598
44617
44616
44613
44612
44611
44609
44608
44625
44624
44623
44622
44621
44620
44619
44618
44634
44633
44632
44631
44629
44628
44627
44626
44569
44565
44564
44563
44562
44560
44578
44576
44575
44574
44573
44572
44571
44570
44588
44587
44585
44584
44583
44582
44581
44579
44597
44596
44595
44593
44592
44591
44590
44589
44534
44533
44532
44531
44530
44529
44528
44527
44541
44540
44539
44538
44537
44536
44535
44551
44550
44549
44548
44547
44546
44545
44544
44559
44558
44557
44556
44555
44554
44553
44552
44495
44491
44490
44488
44505
44504
44500
44498
44497
44514
44513
44512
44509
44508
44507
44506
44526
44524
44523
44522
44521
44520
58188
58186
58185
58184
58183
58182
58181
58197
58196
58195
58194
58192
58191
58190
44479
44475
44474
44473
44472
44471
58198
44487
44486
44484
44483
44482
44480
44456
44454
44453
44452
44450
44449
44448
44467
44466
44465
44464
44463
44461
44459
44458
58171
58170
58169
58168
58167
44470
44469
44468
58178
58177
58176
58175
58173
44419
44417
44416
44415
44414
44413
44428
44427
44426
44425
44424
44423
44421
44437
44436
44434
44433
44430
44429
44446
44444
44442
44440
44438
44385
44384
44383
44382
44381
44380
44379
44378
44393
44392
44390
44389
44388
44387
44402
44401
44399
44398
44397
44396
44411
44409
44408
44407
44405
44404
44348
44347
44346
44345
44344
44343
44342
44341
44358
44357
44356
44354
44352
44351
44350
44349
44366
44364
44363
44361
44360
44359
44377
44376
44375
44373
44372
44371
44370
44310
44309
44308
44306
44305
44304
44303
44320
44318
44316
44315
44314
44313
44312
44330
44328
44327
44326
44323
44322
44321
44339
44338
44337
44336
44335
44333
44332
44331
44274
44273
44272
44271
44269
44268
44265
44264
44283
44282
44281
44280
44279
44278
44277
44276
44290
44289
44288
44287
44286
44285
44284
44302
44299
44298
44297
44296
44294
44292
58219
58218
58217
58216
58215
58214
58213
58230
58229
58228
58226
58225
58224
58221
44254
44253
44252
44250
44249
44248
44247
44263
44262
44261
44259
44258
44257
44256
44255
44232
44231
44230
44228
44227
44225
44224
44241
44240
44239
44238
44236
44235
44234
58203
58202
58201
58200
44245
44244
44243
44242
58211
58210
58209
58208
58207
58206
58205
58204
44192
44191
44190
44189
44188
44187
44186
44204
44202
44201
44200
44199
44198
44197
44215
44213
44212
44211
44209
44208
44207
44206
44222
44221
44220
44219
44218
44216
44161
44160
44159
44158
44157
44156
44155
44154
44169
44168
44167
44166
44165
44164
44163
44177
44176
44175
44174
44173
44172
44171
44170
44185
44184
44183
44182
44181
44180
44179
44178
44125
44124
44123
44120
44119
44135
44134
44133
44132
44131
44130
44129
44143
44142
44141
44139
44138
44137
44136
44152
44150
44149
44148
44147
44146
44145
44144
44087
44085
44084
44083
44081
44080
44096
44095
44094
44091
44090
44089
44088
44106
44105
44104
44103
44102
44100
44099
44116
44115
44114
44112
44110
44109
44108
44107
44050
44049
44047
44046
44045
44044
44043
44041
44058
44057
44054
44053
44052
44051
44069
44068
44066
44065
44063
44061
44060
44059
44077
44076
44075
44074
44073
44072
44071
44070
58254
58253
58252
58251
58250
58247
58246
58245
44024
44023
58261
58260
58259
58258
58256
58255
44031
44029
44028
44027
44026
44025
44040
44039
44038
44037
44036
44035
44034
44009
44007
44006
44005
44004
44003
44002
44018
44017
44016
44015
44014
44012
44010
58234
58233
58232
58231
44022
44021
44020
44019
58243
58242
58241
58240
58238
58237
58235
43974
43973
43972
43971
43970
43969
43968
43967
43983
43982
43981
43979
43977
43976
43975
43991
43990
43989
43988
43987
43986
43985
43984
44000
43999
43998
43995
43994
43993
43992
43942
43941
43940
43939
43937
43936
43935
43950
43949
43948
43947
43945
43944
43958
43957
43955
43954
43953
43952
43951
43966
43965
43964
43962
43960
43959
43906
43905
43904
43903
43902
43901
43900
43899
43914
43913
43912
43911
43910
43909
43908
43907
43924
43922
43920
43919
43918
43917
43916
43915
43934
43933
43932
43931
43930
43929
43926
43925
43869
43868
43867
43866
43865
43864
43863
43881
43880
43879
43878
43875
43874
43872
43871
43890
43889
43888
43886
43885
43883
43882
43898
43897
43896
43895
43894
43893
43892
43891
43834
43832
43831
43830
43827
43826
43825
43845
43844
43843
43842
43841
43839
43837
43835
43854
43853
43851
43849
43848
43847
43846
43862
43861
43860
43859
43858
43857
43856
43855
43799
43798
43797
43796
43795
43794
43793
43792
43807
43806
43805
43804
43803
43802
43801
43800
43815
43814
43812
43811
43810
43809
43808
43824
43822
43820
43819
43818
43817
43816
58289
58288
58287
58285
58284
58283
58280
43771
43769
43768
43767
58294
58293
58292
58290
43780
43778
43777
43775
43774
43773
43772
43791
43790
43789
43788
43786
43784
43783
43782
43752
43751
43750
43749
43748
43746
43745
43762
43760
43757
43755
43754
58270
58268
58267
58266
58264
58263
43766
43765
58278
58277
58276
58275
58274
58273
58272
58271
43716
43715
43714
43713
43710
43706
43726
43723
43722
43719
43717
43735
43734
43733
43731
43730
43729
43744
43743
43742
43740
43739
43736
43678
43677
43676
43675
43674
43673
43672
43671
43687
43685
43684
43683
43682
43681
43679
43697
43695
43693
43692
43691
43690
43688
43704
43703
43702
43701
43700
43699
43698
43644
43643
43642
43640
43639
43637
43636
43652
43651
43650
43649
43647
43646
43645
43661
43660
43659
43658
43657
43655
43654
43653
43670
43669
43668
43666
43664
43663
43662
43605
43604
43603
43602
43601
43600
43616
43615
43614
43611
43610
43626
43625
43622
43621
43620
43619
43618
43635
43634
43631
43630
43629
43628
43573
43572
43571
43570
43569
43568
43567
43566
43581
43579
43578
43577
43575
43574
43590
43589
43588
43586
43585
43583
43582
43598
43597
43596
43595
43594
43593
43592
43591
43538
43537
43536
43535
43534
43533
43532
43531
43547
43546
43545
43544
43542
43541
43539
43557
43556
43553
43552
43550
43549
43548
43565
43564
43563
43562
43561
43559
43558
58316
58315
58314
58313
58312
58311
58310
58309
58325
58324
58323
58322
58321
58319
58317
43519
43518
43517
43516
43515
43513
43512
43511
43529
43526
43525
43524
43523
43522
43521
43520
43492
43491
43490
43489
43488
43487
43486
43485
43503
43501
43500
43498
43497
43496
43495
43494
58298
58295
43509
43507
43506
43504
58307
58306
58305
58304
58302
58301
58300
43456
43454
43453
43452
43451
43450
43449
43465
43464
43463
43462
43461
43459
43458
43457
43474
43473
43472
43471
43469
43468
43467
43466
43483
43482
43481
43480
43479
43478
43477
43419
43417
43416
43415
43414
43413
43412
43428
43427
43426
43425
43424
43423
43420
43437
43436
43435
43434
43433
43432
43448
43446
43445
43444
43443
43442
43441
43440
43386
43385
43384
43383
43382
43381
43379
43377
43394
43393
43392
43391
43390
43389
43388
43387
43403
43401
43400
43399
43397
43396
43395
43411
43410
43409
43407
43405
43347
43346
43344
43343
43342
43341
43340
43338
43358
43356
43355
43354
43353
43348
43367
43365
43364
43363
43362
43361
43360
43376
43375
43374
43373
43372
43371
43370
43369
58348
58347
58346
58345
58344
58343
58358
58357
58355
58354
58353
58352
58351
58349
43328
43327
43326
43325
43324
43323
43320
43319
43337
43336
43335
43334
43333
43331
43330
43329
43306
43305
43304
43303
43302
43301
43300
43298
43315
43314
43313
43312
43311
43310
43309
58329
43318
43317
43316
58340
58337
58336
58335
58334
58333
58332
43265
43264
43263
43261
43259
43258
43257
43276
43275
43274
43272
43271
43269
43267
43287
43286
43285
43284
43279
43278
43277
43297
43296
43295
43293
43292
43290
43289
43229
43228
43226
43225
43222
43220
43239
43238
43237
43234
43233
43231
43230
43248
43247
43246
43245
43244
43242
43241
43256
43255
43254
43253
43252
43251
43249
43191
43190
43189
43188
43187
43185
43184
43201
43200
43198
43197
43196
43195
43194
43192
43209
43208
43207
43205
43204
43203
43202
43218
43217
43214
43213
43212
43158
43157
43156
43155
43153
43152
43151
43166
43165
43164
43162
43161
43160
43159
43172
43171
43170
43169
43168
43183
43182
43181
43180
43178
43177
43175
43123
43122
43120
43119
43118
43117
43116
43131
43130
43129
43128
43127
43126
43125
43124
43140
43139
43138
43137
43136
43135
43134
43133
43149
43148
43146
43144
43143
43142
43141
58383
58380
58379
58378
58377
58375
58374
58373
43097
43096
58390
58389
58388
58386
58385
58384
43106
43104
43103
43102
43101
43100
43099
43115
43114
43113
43111
43110
43109
43079
43078
43077
43076
43075
43074
43072
43070
43089
43086
43084
43083
43082
43081
58360
58359
43094
43093
43092
43091
43090
58371
58370
58366
58365
58363
58362
43043
43042
43040
43038
43037
43036
43035
43050
43049
43047
43046
43045
43044
43061
43060
43059
43057
43056
43055
43054
43052
43069
43068
43066
43065
43064
43063
43062
43005
43004
43003
43002
43001
43000
43015
43014
43013
43012
43011
43008
43007
43006
43025
43024
43023
43021
43020
43019
43018
43034
43033
43030
43029
43027
43026
42970
42969
42968
42967
42966
42965
42964
42981
42979
42978
42977
42975
42974
42972
42989
42988
42987
42986
42985
42984
42982
42997
42996
42995
42994
42993
42992
42990
42937
42936
42934
42933
42932
42929
42927
42946
42945
42944
42943
42942
42940
42939
42938
42954
42953
42952
42951
42950
42949
42948
42963
42962
42961
42960
42958
42957
42955
42897
42896
42895
42894
42893
42892
42890
42909
42908
42906
42903
42902
42899
42898
42917
42916
42915
42913
42912
42911
42910
42926
42925
42924
42921
42920
42919
42918
42861
42859
42858
42857
42856
42855
42854
42853
42871
42870
42869
42867
42866
42864
42863
42862
42880
42879
42878
42877
42876
42875
42874
42873
42888
42887
42886
42885
42884
42883
42882
58411
58409
58407
58406
58405
58404
58403
58402
58419
58418
58417
58416
58415
58414
58413
58412
42843
42842
42841
42840
42839
58422
58421
58420
42852
42851
42849
42848
42846
42845
42844
42821
42820
42819
42818
42817
42816
42815
42814
42831
42830
42829
42828
42827
42826
42824
42822
58392
58391
42837
42836
42835
42833
42832
58401
58400
58399
58397
58396
58395
42785
42784
42783
42781
42779
42795
42793
42792
42791
42789
42787
42804
42803
42802
42801
42798
42797
42796
42813
42812
42811
42808
42805
42752
42751
42750
42748
42747
42746
42745
42744
42760
42757
42756
42755
42754
42753
42770
42769
42768
42767
42766
42765
42764
42763
42777
42776
42775
42774
42773
42772
42771
42717
42716
42715
42713
42712
42711
42710
42709
42725
42724
42723
42722
42721
42720
42719
42718
42733
42732
42731
42730
42729
42728
42727
42726
42743
42742
42741
42740
42739
42738
42737
42736
42678
42677
42675
42674
42673
42671
42670
42669
42686
42684
42683
42682
42681
42680
42679
42697
42696
42695
42694
42692
42691
42690
42687
42707
42706
42704
42703
42700
42698
58443
58441
58439
58438
58436
42647
58453
58452
58451
58450
58448
58446
58444
42658
42656
42655
42654
42653
42650
42668
42666
42665
42664
42662
42661
42660
42659
42632
42631
42630
42629
42627
42626
42625
42640
42639
42638
42637
42636
42635
42634
58426
58425
58424
42646
42645
42643
42642
42641
58434
58432
58431
58430
58429
58428
58427
42598
42596
42595
42594
42593
42592
42591
42607
42606
42605
42604
42603
42602
42601
42599
42615
42614
42613
42612
42611
42610
42609
42608
42624
42623
42622
42621
42619
42618
42617
42559
42558
42557
42556
42555
42554
42553
42552
42571
42568
42567
42566
42563
42562
42561
42560
42580
42579
42578
42576
42575
42574
42572
42590
42589
42588
42587
42586
42585
42583
42581
42524
42523
42522
42521
42519
42518
42517
42532
42531
42530
42529
42528
42527
42526
42525
42541
42540
42539
42538
42537
42535
42534
42533
42550
42549
42548
42547
42546
42545
42544
42543
42490
42488
42487
42486
42485
42484
42483
42482
42498
42497
42496
42494
42493
42491
42506
42504
42503
42502
42501
42500
42499
42515
42514
42513
42512
42510
42509
42507
42454
42453
42452
42451
42450
42449
42448
42447
42464
42463
42462
42460
42459
42458
42456
42455
42472
42471
42470
42469
42468
42466
42465
42481
42480
42479
42477
42476
42475
42474
42419
42418
42417
42416
42415
42414
42413
42429
42428
42427
42425
42423
42422
42421
42438
42437
42436
42435
42434
42433
42431
42430
42446
42445
42444
42443
42442
42441
42439
42384
42383
42382
42381
42380
42379
42377
42393
42392
42391
42388
42387
42386
42385
42404
42403
42402
42400
42397
42394
42412
42411
42410
42409
42408
42407
42406
42405
58474
58472
58471
58469
58467
58466
42359
58482
58479
58478
58476
58475
42368
42367
42366
42365
42363
42362
42361
42360
42376
42375
42374
42373
42372
42371
42370
42369
42344
42343
42342
42341
42340
42338
42337
42335
42351
42349
42348
42347
42345
58456
58455
42358
42357
42356
42355
42354
42353
58465
58464
58463
58459
58458
58457
42308
42307
42306
42305
42304
42303
42302
42301
42317
42315
42314
42313
42312
42311
42309
42326
42325
42323
42322
42321
42320
42334
42333
42331
42330
42329
42328
42327
42274
42273
42272
42271
42270
42269
42268
42267
42281
42280
42279
42278
42277
42276
42275
42290
42289
42288
42287
42286
42285
42284
42300
42298
42297
42296
42294
42293
42292
42241
42240
42239
42238
42236
42234
42233
42249
42248
42247
42246
42245
42244
42243
42242
42258
42257
42256
42255
42254
42252
42251
42250
42266
42265
42264
42263
42262
42261
42260
42259
42200
42199
42198
42197
42195
42194
42193
42192
42210
42209
42208
42207
42206
42205
42203
42201
42221
42220
42219
42217
42216
42215
42213
42212
42231
42230
42228
42227
42226
42225
42224
42222
42163
42161
42160
42159
42158
42156
42155
42171
42170
42169
42168
42167
42166
42165
42182
42181
42180
42178
42176
42174
42173
42172
42191
42190
42189
42188
42187
42186
42184
42183
58511
58510
58509
58508
58507
58506
58505
42136
42135
58518
58517
58516
58515
58514
58513
42144
42143
42142
42141
42138
42137
42153
42152
42151
42149
42148
42147
42146
42122
42121
42119
42118
42117
42116
42114
42132
42131
42130
42129
42128
42126
42125
58494
58492
58491
58490
58489
58487
42134
42133
58503
58502
58500
58498
58497
58496
58495
42087
42086
42085
42084
42083
42082
42081
42080
42095
42094
42092
42091
42090
42089
42088
42103
42102
42101
42098
42097
42113
42112
42111
42110
42108
42107
42106
42105
42051
42050
42049
42048
42047
42045
42044
42043
42061
42060
42059
42058
42055
42054
42053
42070
42069
42068
42067
42065
42064
42063
42062
42079
42078
42077
42076
42074
42073
42072
42071
42015
42013
42011
42009
42007
42006
42025
42023
42021
42020
42017
42033
42032
42031
42030
42029
42028
42027
42026
42042
42041
42039
42038
42037
42035
42034
41979
41978
41976
41975
41974
41973
41972
41971
41987
41986
41985
41984
41983
41981
41980
41997
41995
41992
41991
41989
41988
42005
42003
42002
42001
42000
41998
41943
41942
41941
41940
41935
41934
41954
41953
41951
41949
41948
41947
41946
41945
41962
41961
41960
41959
41957
41956
41955
41969
41968
41967
41966
41965
41964
41963
41906
41905
41904
41900
41899
41915
41913
41911
41910
41908
41907
41924
41922
41921
41918
41917
41916
41933
41930
41929
41928
41927
41926
41873
41872
41870
41869
41868
41867
41866
41882
41881
41880
41879
41878
41877
41876
41875
41890
41889
41887
41886
41885
41884
41883
41898
41897
41896
41895
41894
41893
41892
41839
41837
41836
41835
41833
41832
41831
41848
41847
41846
41845
41844
41843
41842
41841
41857
41856
41855
41854
41853
41852
41851
41865
41863
41861
41860
41859
41858
58539
58537
58535
58534
58533
58532
58531
58530
58548
58547
58545
58544
58543
58542
58541
58540
41822
41819
41818
41817
41816
41815
58550
58549
41829
41828
41827
41826
41825
41824
41799
41798
41797
41796
41795
41793
41792
41791
41808
41806
41805
41804
41803
41802
41801
41800
58520
58519
41814
41813
41812
41811
41810
41809
58529
58527
58526
58525
58524
58523
58522
58521
41763
41762
41760
41759
41758
41757
41756
41755
41772
41771
41770
41769
41768
41766
41765
41764
41780
41779
41778
41777
41776
41775
41773
41790
41789
41787
41786
41784
41783
41782
41781
41728
41727
41726
41724
41723
41722
41720
41719
41736
41735
41734
41733
41732
41731
41730
41729
41745
41744
41742
41741
41739
41738
41737
41753
41752
41751
41750
41749
41748
41747
41746
41692
41691
41690
41689
41688
41687
41684
41683
41701
41700
41699
41698
41697
41694
41693
41709
41707
41706
41705
41703
41702
41718
41717
41716
41715
41714
41713
41712
41711
41653
41652
41650
41649
41648
41647
41645
41644
41664
41663
41660
41659
41658
41656
41655
41654
41673
41670
41669
41668
41667
41665
41682
41681
41680
41679
41678
41677
41675
41615
41614
41611
41610
41609
41607
41624
41622
41620
41619
41617
41616
41634
41632
41631
41630
41629
41628
41627
41625
41643
41642
41640
41639
41638
41637
41636
58571
58570
58569
58568
58566
58565
58564
58579
58578
58577
58576
58575
58574
58573
41596
41595
41594
41592
41591
58581
41606
41604
41602
41601
41600
41599
41598
41576
41575
41574
41573
41569
41568
41567
41566
41585
41584
41583
41581
41579
41578
41577
58553
58552
58551
41590
41589
41588
41587
41586
58563
58561
58560
58558
58557
58555
41540
41539
41538
41536
41535
41534
41533
41549
41548
41547
41545
41543
41542
41541
41557
41554
41553
41552
41551
41550
41565
41564
41563
41562
41560
41559
41558
41505
41504
41502
41500
41499
41498
41497
41514
41513
41512
41509
41508
41507
41506
41523
41522
41520
41519
41518
41517
41516
41515
41532
41531
41530
41529
41528
41527
41526
41467
41466
41465
41463
41462
41461
41459
41476
41475
41474
41473
41472
41471
41470
41469
41484
41482
41481
41480
41479
41478
41477
41496
41495
41494
41493
41492
41490
41488
41486
41430
41429
41428
41426
41425
41424
41423
41438
41437
41436
41435
41434
41433
41432
41431
41448
41447
41446
41445
41444
41443
41440
41458
41457
41456
41455
41454
41453
41451
41398
41397
41396
41395
41394
41393
41392
41391
41406
41405
41404
41403
41402
41401
41400
41399
41414
41413
41412
41411
41410
41409
41408
41407
41422
41421
41420
41419
41418
41417
41416
41415
41362
41361
41360
41359
41357
41354
41353
41371
41370
41369
41367
41365
41364
41381
41379
41378
41377
41375
41374
41373
41390
41389
41387
41386
41385
41384
41383
41382
58607
58606
58605
58604
58603
58602
58601
58600
41335
58614
58613
58612
58611
58609
58608
41344
41343
41342
41341
41337
41352
41351
41350
41349
41348
41347
41346
41345
41325
41324
41323
41322
41321
41318
41317
41334
41332
41331
41329
41327
41326
58591
58590
58589
58588
58586
58585
58584
58599
58598
58597
58596
58595
58594
58593
58592
41281
41280
41279
41278
41277
41276
41275
41274
41290
41289
41288
41287
41285
41282
41301
41299
41296
41293
41292
41291
41315
41314
41313
41312
41309
41307
41304
41243
41242
41241
41240
41239
41238
41237
41236
41254
41253
41252
41251
41250
41246
41244
41265
41264
41263
41260
41257
41256
41255
41273
41272
41271
41270
41269
41267
41266
41208
41206
41205
41204
41203
41202
41200
41216
41214
41213
41212
41211
41209
41224
41223
41222
41220
41219
41218
41232
41231
41226
41225
41168
41167
41166
41165
41163
41162
41161
41182
41181
41180
41175
41174
41172
41170
41190
41189
41188
41186
41185
41184
41183
41199
41198
41197
41196
41195
41194
41193
41192
58637
58636
58635
58634
58632
58631
58630
58643
58642
58641
58640
58639
58638
41148
41143
58646
41160
41159
41157
41156
41155
41154
41151
41129
41128
41127
41126
41125
41124
41123
41121
41139
41138
41136
41133
41131
41130
58620
58619
58618
58617
58616
41142
41141
58628
58627
58626
58625
58624
58623
58622
41089
41088
41087
41085
41084
41083
41081
41100
41099
41098
41095
41094
41093
41092
41090
41109
41108
41106
41105
41104
41103
41101
41120
41119
41118
41115
41113
41110
41047
41045
41044
41043
41042
41041
41040
41057
41056
41055
41053
41052
41049
41069
41066
41063
41061
41059
41058
41080
41079
41078
41077
41076
41075
41071
41070
58667
58666
58665
58664
58663
58661
41016
41015
58678
58676
58675
58674
58673
58670
41029
41026
41025
41020
41019
41018
41017
41039
41038
41036
41035
41034
41033
41032
41030
40999
40995
40994
40991
40990
41008
41007
41006
41005
41004
41003
41002
41001
58648
58647
41014
41013
41012
41011
41010
41009
58659
58658
58655
58653
58652
58650
58649
40963
40962
40961
40960
40959
40958
40957
40955
40971
40969
40968
40967
40966
40965
40964
40978
40977
40976
40975
40974
40973
40972
40987
40986
40985
40983
40982
40981
40980
40925
40923
40922
40921
40920
40919
40918
40917
40933
40932
40931
40930
40928
40927
40926
40944
40943
40942
40940
40939
40936
40934
40953
40951
40950
40948
40946
40945
40891
40890
40889
40888
40887
40886
40885
40884
40900
40899
40898
40897
40894
40892
40908
40906
40905
40903
40902
40901
40916
40914
40913
40912
40911
40910
40909
40857
40856
40855
40854
40852
40851
40850
40866
40865
40864
40863
40862
40861
40860
40859
40874
40873
40872
40871
40870
40869
40868
40867
40883
40882
40881
40878
40877
40875
40819
40818
40817
40816
40814
40813
40812
40827
40826
40825
40824
40823
40821
40820
40837
40835
40833
40831
40830
40829
40828
40846
40845
40844
40843
40841
40840
40839
40838
40782
40780
40779
40778
40777
40776
40791
40790
40789
40788
40787
40784
40783
40799
40798
40797
40795
40794
40792
40809
40808
40807
40806
40804
40802
40801
40800
58697
58696
58695
58694
58693
58692
58691
58690
58705
58703
58702
58701
58700
58698
40765
40764
40763
58710
58709
58708
58707
40774
40772
40771
40770
40769
40768
40767
40766
40741
40740
40739
40738
40737
40736
40735
40734
40752
40750
40749
40748
40747
40746
40745
40743
58681
40758
40757
40756
40755
40754
40753
58689
58687
58686
58685
58684
58683
58682
40704
40703
40701
40699
40698
40697
40696
40714
40713
40712
40711
40710
40708
40707
40706
40723
40722
40721
40720
40719
40717
40716
40715
40733
40729
40728
40727
40726
40725
40724
40665
40663
40662
40658
40657
40656
40676
40675
40674
40672
40668
40667
40685
40683
40682
40681
40679
40677
40695
40694
40693
40692
40690
40689
40688
40686
40624
40622
40620
40618
40616
40615
40636
40635
40632
40629
40627
40626
40644
40641
40640
40639
40638
40637
40655
40654
40652
40650
40649
40647
40646
40645
58729
58727
58726
58722
58738
58737
58735
58734
58733
58731
58730
40602
40600
58742
58740
58739
40614
40613
40611
40610
40609
40608
40603
40583
40582
40581
40580
40579
40578
40577
40576
40591
40590
40588
40587
40586
40585
40584
40598
40597
40596
40595
40594
40593
58720
58719
58718
58717
58716
58715
58714
58713
40544
40543
40542
40540
40538
40554
40551
40550
40549
40548
40566
40565
40563
40562
40560
40559
40558
40557
40575
40572
40570
40568
40567
40508
40506
40505
40504
40503
40502
40501
40500
40517
40515
40513
40512
40511
40509
40525
40524
40523
40521
40520
40519
40536
40532
40531
40530
40529
40528
40527
40471
40470
40469
40467
40466
40465
40464
40480
40479
40478
40477
40475
40474
40473
40472
40491
40489
40488
40484
40482
40481
40499
40498
40497
40496
40495
40494
40492
58768
58767
58766
58765
58763
58762
58761
40444
40442
40440
40439
58772
58771
40453
40452
40451
40449
40448
40446
40445
40463
40462
40461
40460
40458
40457
40456
40427
40425
40424
40423
40422
40421
40418
40417
40435
40432
40431
40430
40429
58750
58748
58747
58746
58745
58744
40438
40437
58760
58759
58757
58756
58755
58753
40385
40384
40383
40381
40380
40379
40378
40394
40392
40391
40390
40389
40388
40387
40406
40405
40404
40401
40400
40399
40398
40396
40416
40415
40414
40413
40412
40409
40408
40407
40348
40347
40346
40344
40343
40342
40341
40340
40357
40356
40355
40354
40353
40352
40351
40349
40366
40365
40364
40363
40362
40360
40358
40377
40376
40374
40372
40368
40367
58805
58803
58802
58800
58799
58798
40317
40316
40314
40313
40311
40329
40328
40327
40325
40324
40323
40321
40339
40337
40336
40335
40332
40330
40300
40299
40298
40294
40293
40292
40291
40288
58776
58775
40308
40305
40304
40303
40301
58783
58782
58781
58779
58778
58777
58797
58796
58795
58794
58793
58791
58788
40258
40253
40252
40251
40250
40249
40248
40247
40267
40266
40265
40263
40262
40261
40259
40277
40275
40272
40271
40270
40268
40286
40285
40284
40282
40281
40280
40279
40213
40212
40211
40210
40209
40207
40229
40226
40218
40217
40216
40237
40236
40234
40233
40232
40231
40230
40246
40243
40242
40241
40240
40239
40238
40181
40180
40178
40177
40176
40175
40174
40173
40189
40188
40187
40186
40185
40184
40183
40182
40198
40195
40193
40192
40191
40206
40205
40204
40203
40202
40201
40200
40199
58829
58828
58827
58826
58824
40154
40152
58838
58837
58835
58834
58832
40164
40162
40160
40159
40157
40172
40171
40170
40169
40168
40167
40166
40165
40130
40129
40128
40127
40126
40144
40142
40141
40140
40139
40137
40136
40135
58808
58807
40150
40149
40148
40147
40146
40145
58821
58816
58815
58814
58812
58811
58809
40098
40097
40096
40095
40093
40092
40091
40090
40107
40106
40105
40103
40102
40101
40100
40099
40116
40115
40114
40112
40110
40108
40125
40124
40122
40120
40119
40061
40060
40059
40057
40056
40072
40071
40070
40067
40065
40064
40063
40080
40079
40078
40077
40076
40075
40074
40073
40089
40087
40086
40084
40082
40081
40026
40025
40024
40021
40020
40019
40034
40033
40032
40030
40029
40028
40027
40045
40044
40043
40041
40040
40035
40053
40052
40051
40050
40049
40048
40047
40046
39989
39988
39987
39986
39985
39984
39982
39998
39997
39996
39995
39993
39992
39991
40007
40006
40005
40004
40003
39999
40018
40017
40012
40011
40010
40009
40008
58863
58862
58861
58858
58857
58856
58855
58869
58868
58867
58866
58865
58864
39972
39968
39965
39963
39962
39961
39980
39979
39978
39977
39976
39975
39974
39973
39941
39940
39938
39936
39934
39933
39950
39949
39948
39947
39946
39945
39943
58843
58842
39956
39955
39954
39952
58853
58852
58851
58850
58848
58847
58846
39903
39902
39901
39900
39898
39897
39896
39894
39911
39910
39909
39908
39907
39906
39905
39904
39922
39920
39919
39915
39914
39913
39912
39930
39929
39928
39927
39926
39925
39924
39865
39864
39863
39862
39861
39860
39859
39858
39875
39874
39872
39871
39869
39868
39867
39866
39884
39883
39882
39881
39880
39879
39878
39877
39893
39892
39891
39890
39888
39886
39833
39831
39830
39829
39828
39827
39826
39841
39840
39839
39838
39837
39836
39835
39834
39849
39848
39847
39846
39845
39844
39843
39842
39857
39856
39855
39854
39853
39852
39851
39850
39797
39796
39795
39794
39793
39791
39790
39789
39807
39805
39804
39802
39801
39800
39798
39816
39815
39814
39813
39812
39811
39810
39808
39824
39823
39822
39821
39820
39819
39818
39817
39762
39760
39759
39758
39756
39754
39771
39770
39769
39768
39766
39765
39764
39763
39780
39779
39778
39777
39776
39775
39773
39772
39788
39787
39786
39785
39784
39783
39782
39781
58895
58893
58892
58890
58889
58888
58887
58885
39735
58901
58900
58899
58898
58897
58896
39743
39741
39740
39739
39737
39736
39753
39752
39750
39749
39748
39747
39745
39744
39723
39722
39721
39720
39719
39718
39717
39714
39731
39730
39729
39728
39727
39725
39724
58875
58874
58873
58872
39734
39733
39732
58884
58883
58881
58880
58879
58877
39680
39677
39676
39675
39674
39673
39693
39692
39691
39690
39689
39684
39682
39704
39699
39698
39696
39695
39694
39713
39711
39709
39708
39707
39706
39705
39646
39644
39642
39641
39640
39638
39655
39654
39653
39652
39651
39650
39649
39647
39663
39662
39661
39658
39657
39656
39672
39671
39670
39669
39668
39667
39666
39613
39610
39609
39608
39607
39606
39621
39620
39619
39618
39617
39616
39615
39614
39629
39628
39627
39626
39625
39624
39623
39622
39637
39636
39634
39632
39631
39630
39579
39577
39576
39575
39574
39573
39572
39587
39586
39585
39584
39583
39582
39581
39580
39595
39594
39593
39592
39591
39590
39588
39605
39602
39601
39600
39599
39598
39597
39596
39541
39540
39539
39537
39536
39534
39533
39553
39552
39550
39549
39547
39546
39545
39543
39559
39558
39557
39556
39555
39554
39570
39569
39568
39567
39566
39565
39563
39562
39502
39501
39500
39499
39496
39495
39494
39510
39509
39508
39506
39505
39504
39503
39520
39519
39517
39515
39514
39512
39511
39531
39530
39529
39528
39527
39526
39525
58922
58920
58919
58918
58917
58916
58915
58930
58929
58928
58926
58925
58924
58923
39483
39481
39480
58934
58933
58932
58931
39493
39492
39491
39490
39488
39487
39486
39484
39459
39458
39457
39456
39455
39454
39453
39452
39469
39468
39467
39466
39465
39464
39460
58905
58904
39478
39476
39474
39472
39471
39470
58914
58911
58909
58908
58907
58906
39420
39419
39416
39414
39413
39429
39427
39426
39425
39423
39422
39421
39442
39441
39440
39439
39438
39434
39432
39449
39448
39447
39446
39445
39444
39443
39384
39383
39382
39381
39380
39378
39377
39376
39394
39393
39392
39391
39389
39388
39387
39403
39402
39401
39400
39399
39398
39396
39395
39412
39411
39410
39408
39407
39406
39405
58958
58956
58955
58954
58953
58952
39353
39352
58965
58964
58962
58961
39362
39360
39359
39358
39357
39355
39375
39374
39373
39371
39367
39366
39365
39364
39335
39334
39333
39332
39331
39330
39349
39348
39347
39344
39343
39342
39341
39340
58942
58941
58940
58938
58937
58935
39350
58951
58950
58949
58947
58944
39300
39299
39298
39297
39296
39294
39293
39292
39309
39308
39307
39306
39305
39303
39302
39301
39317
39316
39314
39313
39312
39311
39310
39329
39328
39326
39322
39321
39319
39262
39261
39259
39258
39257
39256
39255
39269
39268
39267
39266
39265
39264
39263
39280
39279
39278
39276
39274
39272
39271
39291
39290
39289
39287
39284
39283
39281
39225
39224
39223
39222
39221
39220
39219
39218
39233
39232
39231
39230
39229
39228
39227
39226
39242
39241
39239
39238
39237
39236
39235
39251
39249
39248
39247
39246
39245
39244
39191
39190
39189
39188
39187
39186
39185
39183
39198
39197
39195
39194
39193
39208
39207
39206
39205
39204
39203
39202
39201
39217
39215
39214
39213
39212
39211
39210
39209
58988
58987
58986
58985
58983
58982
58981
39163
39160
39159
58994
58993
58992
58989
39172
39170
39168
39167
39166
39165
39164
39182
39181
39180
39178
39177
39175
39174
39173
39141
39140
39139
39138
39137
39135
39134
39133
39152
39151
39150
39149
39146
39144
39142
58969
58968
58967
39158
39157
39156
39155
39154
58979
58978
58977
58976
58975
58973
58971
39102
39101
39099
39098
39096
39094
39093
39112
39110
39109
39107
39106
39105
39103
39123
39122
39121
39120
39115
39132
39129
39128
39126
39125
39124
39064
39063
39062
39061
39060
39059
39058
39072
39071
39070
39069
39068
39067
39066
39065
39083
39082
39077
39076
39075
39074
39092
39090
39089
39088
39087
39086
39085
39084
39029
39028
39027
39026
39025
39024
39021
39036
39035
39034
39033
39032
39031
39030
39045
39044
39043
39041
39040
39039
39054
39053
39052
39051
39050
39048
39047
39046
38992
38989
38987
38986
38985
38983
38982
39001
39000
38998
38997
38996
38995
38994
38993
39009
39008
39007
39006
39005
39004
39003
39002
39020
39019
39016
39015
39013
39011
39010
59019
59018
59017
59016
59015
59013
59012
59011
59028
59027
59026
59024
59023
59022
59020
38973
38972
38970
38969
38968
38967
59030
59029
38981
38980
38979
38978
38977
38976
38974
38951
38950
38948
38947
38946
38945
38961
38960
38958
38957
38955
38954
38953
59001
59000
58999
38966
38965
38964
38963
38962
59009
59008
59007
59006
59005
59004
38918
38917
38916
38915
38914
38913
38912
38911
38927
38926
38925
38923
38922
38921
38919
38935
38934
38933
38932
38931
38930
38929
38928
38944
38941
38940
38938
38937
38936
38881
38880
38877
38876
38875
38874
38873
38889
38887
38886
38885
38884
38883
38899
38898
38897
38895
38893
38892
38890
38909
38907
38906
38904
38903
38901
38840
38839
38838
38837
38834
38833
38832
38852
38851
38850
38846
38845
38841
38862
38861
38860
38859
38857
38855
38853
38872
38870
38869
38868
38867
38866
38864
38803
38801
38799
38798
38797
38796
38815
38814
38813
38811
38808
38806
38823
38822
38820
38819
38818
38817
38816
38831
38830
38829
38827
38826
38825
38824
59054
59052
59049
59048
59046
59045
59044
59043
38778
38777
38775
59062
59061
59060
59059
59057
38785
38784
38782
38781
38780
38779
38795
38794
38793
38792
38791
38789
38788
38757
38756
38755
38752
38750
38749
38747
38766
38765
38764
38763
38762
38760
38759
38758
59033
59032
38774
38772
38771
38770
38768
38767
59042
59041
59039
59038
59037
59035
59034
38719
38718
38717
38715
38714
38713
38712
38710
38728
38727
38726
38725
38723
38722
38721
38720
38736
38735
38734
38732
38731
38730
38729
38746
38744
38743
38741
38740
38739
38738
38737
38679
38678
38677
38676
38675
38674
38673
38672
38690
38689
38688
38687
38686
38684
38681
38680
38699
38698
38697
38696
38695
38694
38692
38691
38708
38707
38706
38705
38704
38702
38700
38645
38644
38643
38642
38641
38639
38638
38637
38653
38652
38650
38649
38648
38646
38662
38661
38660
38659
38658
38656
38655
38654
38670
38669
38667
38665
38664
38663
38604
38603
38602
38601
38600
38599
38618
38617
38616
38615
38614
38609
38608
38628
38625
38624
38622
38621
38620
38619
38635
38634
38633
38632
38631
38630
38629
38573
38572
38571
38570
38569
38568
38565
38582
38581
38580
38579
38578
38577
38576
38575
38589
38588
38587
38586
38585
38584
38583
38598
38597
38596
38595
38594
38592
38591
59084
59082
59081
59080
59078
59077
59092
59091
59090
59088
59087
59085
38556
38555
38554
38553
38552
38551
59094
59093
38564
38563
38562
38561
38560
38559
38558
38557
38537
38536
38535
38532
38530
38529
38528
38546
38545
38543
38542
38541
38540
38539
38538
59068
59067
59066
59064
59063
38550
38549
38547
59076
59075
59074
59073
59071
59070
38499
38497
38495
38494
38493
38492
38491
38490
38507
38506
38504
38503
38502
38501
38500
38515
38513
38512
38511
38510
38509
38508
38526
38522
38521
38520
38519
38516
38459
38458
38457
38455
38454
38453
38452
38450
38469
38467
38466
38464
38463
38462
38460
38478
38477
38474
38473
38472
38471
38470
38489
38487
38485
38484
38483
38482
38481
38479
38421
38420
38419
38418
38417
38415
38430
38429
38428
38427
38426
38425
38424
38423
38440
38439
38438
38437
38434
38433
38432
38448
38446
38445
38444
38443
38442
38441
38387
38386
38385
38384
38383
38381
38379
38377
38396
38395
38394
38393
38391
38390
38389
38404
38403
38402
38401
38400
38399
38398
38397
38413
38412
38410
38409
38408
38407
38406
38405
59118
59116
59115
59114
59113
59110
38359
59126
59124
59122
59121
59120
59119
38367
38366
38365
38363
38362
38361
38360
38376
38375
38374
38372
38371
38370
38369
38368
38347
38345
38342
38340
38339
38338
38337
38355
38354
38353
38352
38351
38350
38348
59100
59099
59097
59095
38358
38357
38356
59109
59107
59106
59104
59103
59102
59101
38308
38307
38305
38304
38303
38301
38317
38316
38315
38314
38313
38312
38311
38310
38326
38325
38322
38321
38319
38318
38335
38333
38332
38331
38330
38328
38273
38272
38271
38270
38269
38268
38267
38266
38281
38280
38279
38278
38276
38275
38274
38291
38290
38288
38287
38286
38283
38282
38300
38298
38296
38295
38294
38293
38292
38238
38236
38235
38234
38233
38232
38247
38245
38244
38243
38242
38241
38240
38256
38254
38253
38252
38251
38250
38249
38248
38265
38263
38262
38261
38260
38257
38204
38203
38202
38201
38200
38199
38198
38197
38214
38211
38207
38206
38205
38223
38222
38221
38220
38218
38216
38215
38231
38230
38229
38228
38226
38225
38224
38165
38164
38163
38162
38161
38160
38157
38175
38174
38173
38171
38170
38168
38166
38186
38185
38182
38181
38180
38178
38176
38196
38194
38189
38188
38187
38130
38129
38128
38127
38126
38125
38123
38122
38139
38138
38137
38136
38135
38133
38132
38131
38147
38146
38145
38144
38143
38142
38141
38140
38156
38155
38154
38151
38150
38149
38148
38092
38091
38090
38088
38087
38086
38085
38084
38102
38101
38100
38099
38097
38095
38094
38093
38111
38110
38108
38107
38106
38105
38104
38120
38119
38118
38117
38116
38115
38114
38113
59146
59145
59144
59143
59142
59141
59140
59139
59155
59154
59152
59151
59150
59149
59148
38075
38074
38073
38072
38071
59158
59156
38083
38082
38081
38080
38079
38078
38077
38055
38054
38052
38051
38049
38048
38063
38061
38060
38059
38058
38057
38056
59128
59127
38068
38067
38066
38065
38064
59138
59136
59134
59132
59131
59130
59129
38021
38020
38018
38017
38016
38015
38014
38029
38028
38026
38025
38024
38022
38038
38037
38036
38035
38034
38033
38032
38030
38047
38046
38045
38043
38042
38040
38039
37989
37988
37987
37985
37983
37982
37981
37997
37996
37995
37994
37992
37991
37990
38005
38004
38003
38002
38001
38000
37999
38013
38012
38011
38010
38009
38008
38007
38006
37954
37953
37952
37951
37950
37949
37948
37963
37962
37961
37960
37959
37958
37956
37971
37970
37969
37968
37967
37966
37965
37964
37980
37979
37977
37976
37975
37974
37973
37972
37921
37918
37917
37915
37914
37913
37912
37911
37930
37929
37928
37927
37926
37925
37924
37922
37938
37937
37936
37935
37934
37933
37932
37931
37947
37946
37944
37943
37941
37940
37939
37884
37882
37881
37880
37879
37878
37877
37893
37892
37891
37888
37887
37886
37885
37901
37900
37899
37898
37897
37895
37894
37909
37908
37907
37906
37905
37904
37902
37850
37849
37848
37847
37846
37845
37844
37843
37859
37858
37856
37855
37854
37853
37852
37851
37867
37866
37865
37864
37863
37862
37861
37860
37876
37875
37873
37871
37870
37869
37868
37817
37815
37814
37813
37811
37810
37809
37825
37824
37823
37822
37821
37820
37819
37818
37834
37833
37832
37831
37830
37828
37827
37826
37842
37841
37839
37838
37837
37836
37781
37780
37779
37778
37777
37776
37775
37774
37791
37789
37787
37786
37785
37784
37783
37782
37800
37799
37798
37796
37795
37794
37792
37808
37807
37806
37805
37804
37803
37801
37748
37747
37746
37745
37742
37741
37740
37756
37755
37754
37753
37752
37751
37750
37749
37765
37764
37763
37760
37759
37757
37773
37772
37771
37770
37769
37768
37767
37766
37713
37711
37710
37709
37708
37707
37706
37722
37721
37720
37719
37718
37717
37716
37715
37730
37729
37728
37727
37726
37725
37724
37723
37739
37738
37737
37736
37735
37733
37731
37680
37679
37678
37677
37676
37674
37673
37671
37689
37687
37686
37684
37683
37682
37681
37697
37696
37694
37693
37692
37691
37690
37704
37703
37702
37701
37699
37698
59178
59176
59175
59174
59173
59171
59188
59187
59186
59185
59182
59181
59179
37661
37659
37658
37657
37656
37655
59190
37670
37667
37666
37665
37664
37663
37662
37636
37635
37633
37632
37631
37629
37647
37646
37644
37643
37642
37640
37639
37638
59161
59160
59159
37653
37652
37649
37648
59169
59168
59167
59166
59165
59164
59162
37602
37601
37599
37598
37596
37610
37609
37608
37607
37606
37605
37604
37618
37617
37616
37615
37614
37613
37612
37611
37628
37626
37624
37623
37622
37621
37620
37566
37564
37563
37561
37560
37559
37558
37574
37573
37572
37571
37570
37569
37568
37567
37585
37584
37582
37579
37578
37577
37576
37575
37593
37591
37589
37586
37530
37529
37527
37525
37523
37522
37521
37520
37540
37539
37536
37534
37533
37532
37548
37547
37546
37545
37543
37542
37541
37556
37555
37554
37553
37552
37551
37550
37549
37492
37491
37489
37488
37487
37486
37485
37484
37501
37499
37498
37497
37496
37495
37494
37511
37510
37509
37507
37505
37504
37503
37519
37518
37516
37514
37513
37512
59215
59214
59212
59211
59210
59209
59208
37464
59222
59220
59219
59218
59217
59216
37474
37471
37470
37469
37466
37483
37482
37481
37479
37478
37477
37476
37475
37449
37445
37444
37442
37440
37460
37457
37456
37453
37452
37451
37450
59198
59197
59196
59195
59192
59191
37462
59207
59205
59204
59203
59202
59201
59200
59199
37411
37410
37408
37407
37406
37404
37403
37419
37418
37417
37416
37415
37414
37413
37412
37429
37427
37426
37425
37424
37422
37420
37438
37437
37435
37433
37432
37431
37376
37375
37374
37373
37372
37371
37370
37369
37386
37385
37384
37383
37379
37378
37377
37394
37393
37392
37391
37390
37389
37388
37387
37402
37401
37400
37399
37398
37397
37396
37395
37343
37342
37341
37340
37338
37336
37351
37350
37349
37348
37347
37346
37345
37344
37359
37358
37357
37356
37355
37354
37353
37352
37368
37367
37366
37365
37364
37363
37361
37360
37309
37308
37307
37306
37305
37304
37303
37318
37317
37315
37314
37313
37312
37326
37325
37324
37323
37322
37321
37320
37319
37335
37333
37332
37331
37330
37329
37328
37278
37276
37275
37274
37273
37272
37271
37286
37285
37284
37283
37282
37280
37279
37294
37293
37292
37291
37290
37289
37288
37302
37301
37300
37299
37298
37297
37296
37295
37241
37240
37239
37238
37236
37235
37234
37250
37248
37247
37246
37245
37244
37242
37259
37256
37255
37254
37253
37252
37251
37267
37265
37264
37263
37262
37261
37260
37207
37205
37204
37202
37201
37200
37198
37216
37215
37214
37213
37211
37209
37208
37224
37222
37221
37220
37219
37218
37217
37231
37230
37229
37228
37227
37226
37225
59251
59250
59249
59248
59247
59246
59245
59244
37180
37179
37177
37176
37175
59253
59252
37188
37187
37186
37184
37183
37181
37197
37196
37195
37194
37193
37191
37190
37189
37162
37161
37160
37159
37157
37155
37154
37153
37171
37170
37169
37168
37166
37165
59234
59231
59230
59226
59225
59223
37174
37173
59243
59241
59240
59239
59238
59237
59236
37126
37125
37124
37123
37121
37120
37135
37134
37132
37130
37129
37128
37127
37143
37142
37141
37140
37139
37138
37137
37136
37152
37150
37148
37147
37146
37145
37144
37086
37085
37083
37082
37081
37080
37096
37094
37092
37090
37089
37088
37087
37106
37105
37103
37102
37101
37100
37099
37116
37115
37114
37113
37112
37111
37110
37108
37053
37052
37051
37050
37049
37048
37047
37045
37061
37060
37058
37057
37056
37055
37054
37069
37068
37067
37066
37064
37063
37062
37078
37076
37075
37074
37073
37072
37071
37016
37015
37014
37012
37011
37010
37009
37024
37022
37021
37020
37019
37018
37032
37031
37030
37029
37028
37027
37025
37040
37039
37036
37035
37034
37033
36981
36980
36978
36976
36974
36973
36991
36990
36989
36988
36987
36986
36985
36982
36999
36998
36997
36996
36995
36994
36993
36992
37008
37005
37004
37003
37002
37000
36945
36944
36943
36942
36940
36939
36954
36953
36952
36950
36949
36948
36947
36946
36963
36962
36961
36960
36958
36957
36956
36955
36972
36971
36970
36969
36966
36965
36964
36908
36907
36904
36903
36902
36901
36917
36916
36914
36913
36912
36910
36927
36926
36924
36923
36921
36920
36919
36918
36936
36934
36933
36932
36931
36930
36929
36928
36874
36873
36872
36871
36870
36869
36867
36884
36883
36880
36878
36877
36876
36875
36892
36891
36890
36889
36888
36886
36885
36900
36899
36898
36897
36896
36894
36893
59273
59272
59271
59269
59268
59267
59266
59265
59280
59279
59278
59277
59276
59275
59274
36858
36857
36855
59286
59285
59283
59282
36866
36865
36864
36863
36862
36861
36860
36859
36835
36834
36833
36832
36831
36829
36828
36827
36844
36843
36842
36841
36840
36838
36837
36836
59256
59255
36854
36852
36849
36847
59264
59263
59262
59261
59260
59259
59258
36800
36799
36798
36797
36796
36794
36792
36809
36808
36807
36804
36802
36818
36817
36815
36813
36812
36811
36826
36825
36824
36822
36821
36820
36819
36765
36764
36763
36762
36761
36759
36757
36773
36772
36771
36770
36769
36768
36766
36781
36780
36779
36778
36777
36776
36774
36790
36788
36787
36785
36784
36783
36782
36730
36729
36728
36727
36726
36725
36724
36723
36739
36738
36737
36736
36735
36734
36733
36731
36748
36747
36746
36745
36743
36742
36741
36740
36756
36753
36752
36751
36750
36749
36695
36694
36692
36691
36690
36689
36688
36686
36704
36702
36701
36700
36699
36698
36697
36696
36713
36712
36711
36709
36708
36707
36722
36720
36719
36718
36717
36716
36715
36714
36659
36658
36657
36656
36654
36653
36667
36666
36665
36664
36663
36662
36661
36660
36676
36674
36673
36672
36670
36669
36685
36684
36683
36682
36681
36679
36678
36677
59311
59309
59308
59306
59305
59303
59302
59301
59318
59315
59314
59313
59312
36640
36639
36638
36636
36634
36633
36632
36651
36650
36649
36645
36644
36642
36614
36613
36612
36611
36610
36627
36626
36625
36624
36622
36621
36619
36617
59291
59290
59289
59288
36630
36628
59300
59299
59298
59297
59296
59294
59293
36582
36580
36579
36578
36577
36576
36575
36574
36590
36589
36588
36587
36586
36585
36584
36583
36599
36598
36597
36595
36593
36592
36591
36608
36607
36606
36605
36602
36600
36547
36546
36543
36556
36555
36554
36553
36552
36550
36549
36564
36563
36562
36561
36560
36559
36558
36557
36573
36572
36569
36567
36566
36565
36512
36511
36510
36508
36507
36506
36505
36520
36519
36518
36517
36516
36515
36514
36513
36530
36529
36528
36527
36526
36523
36522
36521
36540
36539
36538
36537
36536
36533
36532
36531
36479
36478
36476
36475
36474
36473
36471
36486
36485
36484
36483
36481
36496
36495
36494
36493
36492
36491
36490
36489
36504
36503
36502
36501
36500
36499
36498
36497
36444
36443
36442
36441
36439
36438
36437
36452
36451
36450
36448
36447
36446
36445
36462
36461
36460
36459
36458
36456
36454
36453
36470
36469
36468
36467
36466
36465
36464
36463
36408
36407
36406
36404
36403
36402
36401
36417
36416
36415
36414
36413
36409
36426
36425
36424
36423
36422
36421
36420
36418
36435
36434
36433
36432
36431
36430
36429
36428
36368
36367
36365
36364
36363
36361
36360
36380
36376
36374
36373
36372
36371
36370
36390
36389
36388
36387
36386
36384
36383
36381
36399
36398
36397
36395
36394
36393
36392
59339
59338
59336
59335
59334
59332
59331
59348
59346
59345
59343
59342
59340
36350
36349
36348
36346
36343
59350
59349
36359
36358
36357
36354
36352
36351
36326
36324
36322
36321
36320
36318
36317
36335
36332
36331
36330
36329
36328
36327
59320
59319
36341
36340
36339
36338
36337
36336
59330
59329
59328
59327
59326
59325
59322
59321
36290
36289
36288
36287
36286
36285
36284
36283
36297
36296
36295
36293
36292
36291
36308
36306
36305
36304
36303
36302
36301
36300
36316
36315
36314
36313
36312
36311
36310
36309
36254
36252
36251
36250
36248
36247
36264
36263
36259
36258
36257
36256
36272
36271
36270
36269
36268
36267
36266
36265
36282
36280
36279
36276
36275
36220
36219
36218
36216
36215
36214
36212
36227
36225
36224
36223
36221
36237
36235
36234
36233
36232
36231
36230
36229
36246
36245
36244
36243
36242
36240
36239
36238
36185
36184
36183
36182
36181
36180
36194
36193
36191
36190
36188
36187
36202
36201
36200
36199
36198
36197
36195
36211
36210
36209
36208
36206
36205
36203
36151
36150
36149
36147
36146
36145
36143
36160
36159
36158
36157
36156
36155
36154
36152
36168
36167
36166
36165
36164
36163
36162
36177
36176
36175
36174
36171
36170
36169
36115
36114
36112
36111
36110
36109
36108
36106
36124
36123
36122
36121
36120
36119
36118
36117
36133
36132
36131
36130
36129
36128
36126
36125
36142
36141
36140
36139
36138
36137
36136
36134
36079
36078
36077
36076
36075
36074
36073
36072
36087
36086
36085
36084
36083
36082
36081
36080
36096
36095
36094
36092
36090
36089
36088
36105
36104
36102
36100
36099
36098
36097
36045
36044
36043
36042
36041
36040
36039
36038
36053
36052
36051
36050
36049
36048
36047
36046
36062
36060
36058
36057
36055
36054
36071
36070
36069
36068
36067
36065
36064
59372
59371
59369
59368
59365
59380
59379
59378
59377
59376
59375
59374
59373
36028
36027
36026
36025
36023
59382
59381
36037
36036
36035
36034
36033
36031
36030
36029
36010
36008
36007
36006
36005
36004
36003
36020
36019
36018
36017
36014
36013
36012
36011
59356
59355
59354
59353
59352
59351
36022
36021
59363
59362
59361
59360
59358
59357
35974
35972
35971
35970
35969
35968
35967
35966
35982
35981
35980
35979
35978
35977
35976
35975
35991
35990
35989
35988
35987
35986
35983
36002
36001
36000
35999
35998
35996
35995
35992
35939
35938
35937
35936
35935
35934
35932
35931
35949
35948
35947
35946
35945
35944
35943
35941
35957
35956
35954
35953
35952
35951
35950
35964
35963
35962
35961
35960
35959
35958
35906
35905
35904
35903
35901
35900
35899
35914
35913
35912
35911
35910
35908
35907
35922
35921
35920
35919
35918
35917
35916
35915
35930
35929
35928
35927
35926
35925
35924
35923
35871
35868
35866
35865
35864
35863
35861
35881
35880
35878
35877
35876
35875
35873
35872
35890
35889
35888
35887
35886
35885
35884
35883
35898
35897
35896
35895
35894
35892
35891
35831
35830
35829
35828
35827
35826
35825
35824
35841
35839
35838
35836
35835
35834
35832
35850
35848
35847
35846
35845
35844
35842
35860
35859
35858
35857
35856
35855
35853
35852
35794
35792
35791
35790
35789
35788
35787
35785
35802
35801
35799
35798
35797
35796
35795
35815
35814
35812
35811
35809
35808
35804
35803
35823
35822
35821
35820
35819
35818
35817
35816
35757
35756
35755
35754
35753
35752
35750
35749
35766
35765
35764
35763
35762
35761
35759
35758
35775
35773
35772
35771
35770
35769
35784
35783
35782
35781
35780
35776
59402
59401
59399
59398
59397
59396
59395
59410
59409
59408
59407
59406
59405
59404
59403
35738
35737
35736
35735
59413
59412
59411
35747
35746
35745
35744
35742
35741
35740
35717
35714
35712
35711
35728
35727
35726
35725
35722
35721
35720
35719
59385
59384
59383
35734
35732
35731
35730
35729
59394
59393
59391
59390
59389
59388
59387
59386
35681
35677
35676
35674
35673
35672
35691
35689
35688
35686
35685
35683
35682
35701
35699
35698
35697
35696
35695
35692
35710
35708
35707
35706
35705
35704
35702
35638
35637
35634
35633
35632
35631
35629
35649
35646
35645
35644
35643
35641
35640
35662
35661
35660
35656
35655
35653
35651
35650
35670
35669
35668
35665
35664
35663
59443
59442
59441
59440
59437
59433
59432
35611
35609
35608
35607
59446
59445
59444
35619
35618
35617
35616
35615
35614
35613
35612
35628
35627
35625
35622
35621
35620
35591
35590
35589
35587
35586
35585
35583
35600
35598
35597
35596
35595
35594
35593
35592
59417
59416
35606
35605
35604
35602
35601
59431
59428
59426
59421
59419
59418
35554
35553
35552
35550
35549
35546
35545
35565
35564
35563
35561
35559
35558
35556
35573
35572
35571
35570
35569
35568
35567
35566
35581
35578
35577
35576
35575
35574
35517
35516
35514
35512
35511
35510
35509
35526
35525
35524
35522
35520
35519
35518
35536
35535
35533
35532
35531
35530
35528
35527
35544
35543
35541
35540
35539
35538
35537
35483
35482
35480
35479
35477
35476
35475
35491
35490
35489
35488
35487
35486
35485
35484
35499
35498
35497
35496
35495
35494
35493
35492
35508
35507
35506
35503
35502
35501
35500
35447
35446
35445
35443
35442
35440
35456
35455
35454
35450
35449
35448
35464
35463
35462
35461
35458
35457
35474
35472
35471
35470
35468
35467
35466
35412
35410
35409
35407
35406
35405
35421
35420
35419
35418
35416
35415
35414
35429
35428
35427
35426
35425
35424
35423
35422
35437
35436
35435
35434
35433
35432
35431
35430
35376
35375
35374
35373
35372
35371
35370
35369
35385
35383
35382
35379
35378
35377
35394
35393
35392
35391
35390
35389
35388
35386
35404
35403
35402
35401
35400
35398
35397
35395
35341
35339
35337
35336
35335
35333
35349
35348
35346
35344
35360
35359
35358
35357
35356
35355
35352
35351
35368
35367
35366
35365
35364
35363
35362
35361
59466
59465
59464
59463
59462
59461
59458
59474
59473
59472
59471
59469
59468
59467
35324
35323
35321
35320
35319
59477
59475
35332
35331
35330
35329
35328
35327
35326
35325
35303
35302
35301
35299
35298
35297
35296
35295
35312
35311
35310
35309
35308
35307
35306
35304
59449
59448
59447
35317
35316
35315
35314
35313
59457
59456
59455
59454
59453
59451
59450
35265
35264
35263
35262
35261
35260
35259
35258
35274
35273
35272
35271
35269
35267
35266
35283
35282
35281
35279
35278
35277
35276
35275
35294
35292
35291
35290
35288
35287
35286
35285
35231
35230
35229
35228
35227
35226
35225
35239
35238
35237
35236
35235
35234
35233
35232
35248
35247
35246
35245
35244
35243
35241
35240
35256
35255
35252
35251
35250
35249
35192
35191
35190
35189
35187
35186
35202
35200
35199
35198
35195
35194
35214
35212
35211
35208
35206
35205
35204
35203
35223
35222
35221
35220
35219
35218
35216
35215
35159
35158
35157
35154
35153
35152
35149
35167
35166
35165
35164
35163
35162
35161
35160
35174
35173
35172
35171
35170
35169
35168
35183
35181
35180
35179
35178
35177
35176
35118
35117
35116
35115
35114
35113
35112
35129
35128
35127
35125
35122
35121
35120
35139
35137
35136
35134
35133
35132
35131
35130
35148
35146
35145
35144
35143
35142
35141
35140
35085
35083
35081
35080
35077
35094
35092
35091
35089
35088
35087
35086
35102
35101
35100
35099
35098
35097
35096
35095
35111
35108
35106
35104
35103
35052
35051
35050
35049
35048
35047
35046
35045
35060
35059
35058
35057
35056
35054
35053
35068
35066
35065
35064
35063
35062
35061
35076
35075
35074
35073
35072
35071
35070
35019
35017
35016
35015
35014
35012
35011
35028
35027
35026
35025
35024
35022
35021
35020
35036
35035
35034
35033
35032
35031
35030
35029
35044
35043
35042
35041
35040
35039
35038
35037
34984
34983
34982
34981
34980
34979
34978
34993
34992
34991
34990
34989
34988
34986
35000
34999
34996
34995
34994
35009
35008
35006
35005
35004
35003
35002
59495
59494
59493
59492
59491
59490
59504
59503
59502
59501
59500
59499
59497
34968
34967
59510
59509
59508
59506
59505
34976
34975
34974
34973
34972
34971
34969
34947
34946
34945
34944
34943
34942
34941
34957
34956
34955
34954
34952
34951
34950
59480
59479
34966
34965
34963
34962
34958
59488
59487
59486
59485
59484
59483
59482
59481
34911
34910
34909
34908
34907
34906
34905
34921
34920
34919
34918
34915
34914
34913
34912
34931
34929
34927
34926
34924
34923
34922
34940
34939
34938
34937
34936
34935
34934
34932
34878
34877
34876
34875
34874
34873
34872
34871
34886
34885
34884
34883
34882
34881
34880
34879
34895
34894
34892
34891
34890
34889
34888
34887
34903
34902
34901
34900
34899
34897
34896
34845
34844
34843
34842
34840
34837
34853
34852
34851
34849
34848
34847
34846
34861
34860
34859
34858
34857
34856
34854
34870
34869
34868
34866
34865
34863
34808
34807
34806
34805
34803
34802
34801
34800
34817
34816
34813
34812
34811
34810
34809
34825
34824
34822
34821
34820
34819
34818
34835
34834
34833
34832
34831
34830
34829
34826
34774
34773
34772
34771
34770
34769
34768
34767
34782
34781
34780
34779
34778
34777
34776
34775
34791
34790
34788
34787
34785
34784
34783
34799
34798
34797
34796
34795
34794
34793
34792
34738
34737
34735
34734
34732
34731
34728
34746
34745
34744
34743
34742
34741
34740
34739
34755
34754
34753
34752
34750
34749
34748
34747
34764
34763
34762
34761
34760
59532
59531
59530
59529
59528
59527
59526
59525
59541
59540
59537
59536
59535
59534
59533
34718
34717
34715
34714
34713
34711
59542
34727
34726
34725
34724
34723
34721
34720
34719
34694
34693
34692
34691
34690
34688
34687
34705
34704
34702
34701
34695
59514
59513
59511
34710
34709
34708
34706
59524
59523
59522
59519
59518
59516
59515
34659
34658
34657
34655
34654
34653
34652
34650
34667
34666
34665
34663
34662
34661
34660
34675
34674
34672
34671
34670
34669
34668
34686
34685
34683
34682
34679
34678
34677
34676
34623
34622
34621
34620
34619
34618
34617
34616
34633
34632
34631
34629
34627
34626
34625
34624
34640
34639
34638
34637
34636
34635
34634
34649
34648
34647
34646
34645
34644
34643
34642
34586
34584
34583
34582
34580
34579
34578
34597
34595
34593
34592
34590
34589
34588
34587
34606
34605
34604
34603
34602
34600
34599
34598
34615
34614
34613
34612
34611
34610
34608
34607
34551
34550
34549
34547
34546
34545
34561
34560
34559
34558
34557
34556
34554
34569
34568
34567
34566
34565
34564
34562
34577
34576
34575
34574
34573
34572
34571
34518
34517
34516
34514
34513
34512
34511
34526
34525
34524
34523
34522
34521
34520
34519
34535
34534
34533
34531
34530
34529
34527
34543
34542
34541
34540
34539
34538
34537
34536
34483
34482
34480
34477
34476
34475
34490
34489
34487
34486
34485
34484
34499
34497
34496
34495
34494
34493
34492
34508
34507
34506
34503
34502
34501
34500
34446
34445
34443
34442
34439
34457
34455
34454
34453
34450
34448
34447
34466
34464
34463
34461
34460
34458
34474
34472
34471
34470
34469
34468
34467
59565
59564
59563
59562
59561
59560
59559
59557
59572
59571
59570
59567
59566
34429
34428
34427
34426
34425
34424
59574
34437
34436
34435
34434
34432
34431
34430
34409
34408
34407
34405
34404
34403
34402
34397
34416
34415
34414
34413
34412
34411
59546
59545
59544
34422
34420
34419
34418
59556
59555
59554
59553
59551
59550
59549
59547
34369
34367
34366
34365
34363
34362
34380
34378
34377
34376
34374
34372
34371
34370
34388
34387
34386
34385
34384
34382
34381
34396
34395
34394
34393
34392
34389
34327
34324
34322
34321
34320
34337
34336
34334
34330
34328
34348
34345
34344
34342
34341
34340
34339
34359
34358
34357
34356
34355
34354
34351
34350
34290
34289
34288
34287
34286
34283
34301
34299
34298
34295
34293
34292
34291
34309
34308
34307
34306
34305
34304
34303
34302
34319
34317
34316
34315
34314
34313
34312
34311
59595
59594
59593
59591
59590
59589
59588
59587
59606
59604
59602
59600
59599
59597
59596
34270
34269
34268
34267
34266
34265
34264
34263
34280
34279
34278
34277
34275
34272
34271
34248
34247
34246
34244
34243
34242
34241
34240
34256
34255
34254
34253
34252
34251
34250
34249
59576
59575
34262
34261
34260
34259
34258
34257
59585
59584
59583
59582
59580
59578
59577
34214
34213
34211
34209
34208
34207
34204
34203
34222
34221
34220
34219
34218
34217
34215
34230
34229
34228
34227
34226
34225
34224
34223
34239
34238
34237
34235
34234
34233
34232
34231
34174
34172
34171
34170
34169
34167
34165
34164
34183
34182
34181
34180
34179
34178
34177
34176
34193
34191
34189
34188
34187
34185
34184
34202
34201
34199
34198
34197
34196
34195
34137
34135
34134
34133
34132
34131
34129
34128
34146
34145
34144
34143
34142
34141
34139
34154
34153
34152
34151
34150
34149
34148
34147
34162
34161
34160
34159
34157
34155
34101
34098
34097
34096
34095
34109
34108
34106
34104
34103
34102
34118
34113
34112
34111
34110
34127
34125
34124
34123
34120
34119
34064
34063
34062
34061
34060
34058
34057
34056
34074
34073
34072
34071
34070
34069
34068
34067
34084
34083
34082
34081
34079
34077
34076
34075
34092
34091
34090
34089
34088
34087
34086
34085
59628
59627
59626
59625
59624
59623
59622
59621
59637
59635
59634
59633
59632
59630
59629
34046
34045
34043
34042
34041
34039
34055
34054
34052
34051
34050
34049
34048
34047
34026
34025
34022
34021
34020
34019
34018
34017
34035
34034
34032
34031
34030
34029
34028
34027
59611
59609
59608
59607
34037
34036
59620
59619
59618
59617
59616
59615
59614
59613
33987
33986
33985
33984
33983
33982
33981
33980
33998
33997
33995
33994
33993
33990
33989
34007
34006
34005
34004
34003
34002
34001
34000
34016
34015
34014
34013
34012
34010
34009
34008
33953
33952
33951
33950
33949
33948
33947
33946
33961
33960
33959
33958
33957
33956
33955
33954
33970
33969
33968
33967
33966
33964
33963
33962
33979
33978
33977
33976
33975
33974
33973
33972
33920
33919
33917
33915
33914
33913
33929
33928
33925
33924
33922
33921
33937
33936
33935
33934
33932
33931
33944
33943
33941
33940
33939
33882
33881
33879
33878
33877
33876
33875
33890
33887
33886
33885
33884
33883
33901
33899
33898
33896
33893
33892
33891
33911
33910
33909
33907
33906
33903
33902
33844
33843
33842
33841
33839
33838
33837
33836
33854
33852
33851
33849
33848
33847
33846
33845
33865
33864
33863
33861
33858
33857
33856
33874
33872
33871
33870
33869
33868
33867
33866
33811
33810
33809
33808
33804
33803
33802
33819
33818
33816
33815
33814
33813
33812
33827
33826
33825
33824
33823
33822
33821
33820
33835
33834
33833
33832
33831
33830
33829
33828
59661
59660
59659
59658
59657
59656
59653
59669
59668
59667
59665
59663
59662
33790
33789
33788
33787
33786
33785
33783
59670
33801
33799
33798
33796
33795
33794
33793
33791
33766
33765
33764
33763
33761
33760
33759
33758
33779
33777
33776
33772
33771
33770
33769
33768
59644
59643
59642
59641
59640
33782
33781
33780
59652
59651
59650
59649
59648
59647
59645
33731
33730
33727
33725
33724
33723
33739
33738
33737
33736
33735
33734
33733
33732
33749
33748
33747
33746
33744
33742
33741
33740
33757
33756
33755
33754
33753
33752
33751
33750
33696
33695
33694
33693
33692
33690
33689
33688
33705
33704
33702
33701
33700
33699
33698
33697
33713
33712
33711
33710
33709
33708
33707
33706
33722
33720
33719
33718
33717
33716
33715
33714
33655
33654
33653
33652
33651
33650
33649
33648
33666
33661
33660
33659
33658
33657
33656
33677
33676
33675
33674
33672
33670
33669
33668
33687
33686
33684
33683
33682
33680
33679
33678
33621
33620
33619
33618
33617
33616
33615
33614
33629
33627
33626
33625
33624
33623
33622
33639
33638
33637
33636
33635
33634
33632
33647
33646
33645
33644
33643
33641
33640
33584
33583
33582
33581
33579
33593
33591
33590
33587
33586
33585
33604
33603
33602
33601
33600
33599
33598
33613
33612
33611
33610
33608
33607
33606
33605
59694
59693
59692
59690
59689
59688
59687
59686
33559
59702
59701
59699
59698
59697
59696
59695
33568
33567
33566
33564
33562
33561
33560
33576
33575
33574
33573
33572
33571
33570
33569
33546
33545
33544
33542
33541
33538
33556
33555
33554
33553
33552
33551
33550
33549
59675
59674
59672
33558
59685
59684
59683
59682
59679
59678
33504
33503
33502
33501
33500
33496
33495
33512
33511
33510
33509
33508
33507
33519
33517
33516
33515
33514
33513
33533
33532
33531
33525
33524
33522
33470
33468
33467
33466
33465
33464
33463
33477
33476
33475
33474
33473
33472
33471
33486
33485
33484
33483
33482
33481
33480
33479
33494
33493
33492
33491
33490
33489
33488
33487
33433
33432
33431
33429
33428
33427
33425
33423
33441
33440
33439
33438
33437
33436
33435
33434
33450
33449
33447
33446
33444
33443
33442
33461
33460
33457
33456
33454
33452
33451
33397
33396
33395
33394
33392
33391
33390
33406
33405
33403
33402
33401
33400
33399
33414
33413
33412
33411
33410
33407
33422
33421
33420
33419
33418
33417
33416
33415
33363
33362
33361
33359
33358
33353
33371
33370
33369
33367
33366
33365
33364
33381
33379
33378
33377
33376
33374
33373
33372
33389
33388
33387
33386
33385
33384
33382
33325
33324
33322
33321
33320
33317
33316
33334
33333
33331
33330
33329
33328
33327
33326
33343
33342
33341
33340
33339
33338
33337
33335
33351
33350
33349
33348
33347
33346
33345
33344
59723
59722
59721
59720
59718
59716
59715
59714
59731
59730
59729
59728
59727
59726
59725
59724
33307
33306
33305
33304
33303
59734
59733
59732
33315
33314
33313
33312
33311
33310
33309
33308
33285
33282
33281
33280
33279
33277
33295
33294
33293
33292
33291
33289
33288
33287
59704
59703
33302
33301
33299
33298
33296
59713
59710
59709
59708
59707
59706
59705
33250
33249
33248
33247
33246
33245
33244
33259
33258
33257
33256
33255
33254
33253
33251
33267
33266
33265
33263
33262
33261
33260
33276
33275
33274
33272
33271
33269
33268
33216
33215
33214
33213
33212
33211
33210
33209
33225
33224
33223
33222
33221
33219
33218
33217
33232
33231
33230
33229
33228
33227
33226
33242
33241
33239
33238
33236
33235
33234
33183
33182
33181
33180
33178
33177
33176
33191
33190
33189
33187
33186
33185
33184
33200
33199
33198
33197
33196
33194
33192
33208
33206
33205
33204
33203
33202
33201
33145
33144
33143
33141
33140
33139
33138
33137
33153
33152
33151
33150
33149
33148
33147
33146
33164
33162
33161
33160
33158
33156
33155
33174
33173
33172
33171
33169
33168
33167
33111
33109
33108
33107
33103
33102
33101
33119
33118
33117
33116
33115
33113
33112
33128
33127
33126
33125
33124
33123
33121
33136
33135
33134
33133
33132
33131
33130
33129
33074
33073
33072
33071
33070
33068
33067
33066
33081
33080
33079
33078
33077
33076
33075
33090
33089
33087
33086
33084
33083
33099
33098
33097
33096
33095
33094
33093
33092
33038
33037
33036
33035
33034
33033
33032
33031
33047
33045
33044
33041
33040
33039
33057
33056
33055
33052
33051
33050
33049
33065
33064
33063
33062
33061
33060
33059
33058
59754
59753
59751
59750
59749
59748
59747
59763
59762
59759
59758
59757
59755
33020
33019
33017
33016
33015
59766
59765
59764
33030
33029
33028
33027
33026
33024
33022
33021
33001
32999
32998
32997
32996
32994
32993
32992
33009
33008
33007
33006
33005
33004
33003
59737
59735
33014
33013
33012
33011
59746
59745
59744
59743
59742
59741
59739
59738
32966
32965
32964
32963
32962
32961
32960
32959
32975
32974
32973
32971
32970
32967
32983
32982
32981
32980
32979
32978
32977
32976
32991
32990
32989
32988
32986
32985
32984
32932
32930
32929
32928
32926
32925
32924
32923
32940
32939
32938
32937
32936
32935
32933
32948
32947
32946
32944
32943
32942
32941
32958
32957
32956
32955
32954
32952
32951
32889
32888
32887
32886
32884
32881
32880
32900
32899
32897
32895
32893
32892
32912
32910
32909
32905
32903
32902
32901
32921
32919
32918
32917
32916
32915
32849
32847
32846
32845
32843
32842
32841
32858
32857
32855
32854
32853
32852
32851
32850
32867
32865
32864
32863
32862
32860
32859
32879
32878
32877
32875
32874
32873
32871
32869
59787
59786
59785
59784
59783
59782
59779
59796
59794
59793
59792
59791
59789
32830
32829
32828
32827
32824
32823
59798
32838
32837
32836
32835
32834
32833
32832
32806
32805
32804
32803
32801
32799
32797
32817
32814
32813
32812
32811
32809
32808
59769
59768
32822
32821
32819
32818
59777
59776
59775
59774
59773
32769
32767
32766
32765
32763
32762
32759
32779
32776
32775
32774
32772
32771
32770
32786
32785
32783
32782
32781
32780
32796
32795
32794
32793
32792
32790
32789
32788
32731
32730
32729
32728
32727
32725
32724
32723
32740
32739
32737
32736
32734
32733
32732
32750
32749
32748
32747
32743
32742
32741
32758
32757
32756
32755
32754
32753
32752
32751
32697
32696
32695
32694
32693
32692
32691
32690
32705
32704
32703
32702
32701
32700
32699
32712
32711
32710
32709
32708
32706
32722
32721
32720
32719
32718
32716
32715
32714
32661
32660
32659
32657
32656
32655
32670
32669
32667
32666
32664
32663
32681
32680
32679
32678
32677
32676
32675
32674
32688
32687
32686
32685
32684
32683
32682
32628
32627
32625
32623
32622
32621
32620
32636
32634
32633
32632
32631
32630
32629
32645
32644
32643
32641
32640
32639
32638
32637
32653
32652
32651
32650
32649
32648
32646
32594
32593
32590
32589
32588
32587
32586
32603
32602
32601
32600
32599
32598
32596
32595
32611
32610
32609
32608
32607
32606
32605
32604
32619
32618
32617
32616
32615
32614
32613
32612
32559
32558
32557
32556
32555
32554
32553
32552
32568
32567
32566
32565
32564
32563
32562
32561
32577
32576
32573
32572
32571
32569
32585
32584
32583
32582
32581
32580
32579
59820
59819
59817
59816
59815
59813
59828
59827
59826
59825
59824
59823
59821
32542
32541
32540
32539
32538
32535
59830
59829
32551
32550
32549
32548
32546
32545
32544
32543
32520
32519
32517
32514
32512
32511
32510
32528
32524
32523
32522
32521
59802
59801
59800
59799
32534
32533
32532
59812
59811
59810
59808
59807
59806
59805
32478
32473
32472
32471
32470
32468
32491
32489
32488
32485
32482
32481
32480
32499
32498
32496
32494
32493
32492
32509
32508
32507
32503
32502
32501
32500
32436
32435
32434
32433
32432
32431
32430
32447
32445
32443
32442
32441
32440
32456
32455
32453
32452
32451
32450
32449
32448
32466
32465
32464
32463
32461
32457
59854
59853
59852
59851
59850
59849
59848
59847
32411
32409
32408
32407
59862
59859
59856
59855
32421
32420
32417
32415
32414
32413
32412
32429
32428
32427
32426
32425
32424
32423
32422
32391
32387
32386
32384
32383
32382
32401
32400
32398
32397
32396
32395
32394
32393
59834
59833
59832
59831
32406
32403
59843
59841
59839
59838
59837
59836
59835
32357
32356
32355
32354
32353
32352
32350
32365
32364
32363
32361
32360
32359
32358
32373
32372
32371
32370
32368
32366
32381
32380
32379
32378
32377
32375
32374
32322
32321
32320
32319
32318
32317
32316
32315
32332
32331
32330
32328
32326
32325
32323
32341
32340
32339
32337
32336
32335
32333
32349
32348
32347
32346
32344
32286
32285
32284
32283
32282
32280
32279
32295
32294
32293
32292
32291
32289
32288
32287
32303
32302
32300
32299
32298
32297
32296
32314
32313
32312
32308
32307
32306
32305
32249
32248
32247
32246
32245
32243
32257
32256
32255
32254
32253
32252
32251
32250
32269
32264
32262
32261
32259
32258
32278
32276
32275
32274
32273
32272
32271
32270
59890
59889
59888
59886
59885
32221
32220
32219
32218
32216
59894
59892
59891
32230
32228
32227
32226
32225
32224
32222
32240
32239
32238
32235
32234
32233
32232
32200
32199
32198
32197
32195
32193
32191
32211
32210
32209
32206
32204
32203
32202
32201
59869
59868
59867
59866
59865
59863
32214
32212
59879
59875
59873
59872
59871
59870
32164
32163
32159
32158
32157
32156
32155
32154
32174
32173
32172
32168
32167
32182
32181
32180
32179
32178
32177
32176
32175
32190
32189
32188
32187
32186
32185
32184
32183
32127
32126
32125
32124
32123
32122
32121
32120
32135
32133
32132
32131
32130
32129
32128
32144
32143
32141
32140
32139
32137
32153
32152
32151
32150
32149
32148
32147
32146
32095
32094
32093
32092
32090
32089
32088
32086
32102
32101
32100
32099
32097
32096
32111
32110
32109
32106
32105
32104
32118
32116
32115
32114
32112
32060
32059
32057
32056
32054
32053
32052
32068
32067
32066
32065
32064
32063
32062
32061
32076
32075
32074
32073
32072
32070
32069
32085
32084
32083
32082
32080
32079
32078
32077
32022
32021
32020
32019
32018
32016
32015
32013
32031
32030
32028
32027
32026
32025
32024
32041
32040
32039
32038
32037
32036
32033
32051
32050
32049
32048
32047
32046
32044
32042
59919
59918
59917
59916
59915
59914
59912
31994
31993
31991
59926
59925
59924
59923
59921
32003
32001
31998
31997
31996
31995
32011
32008
32007
32006
32005
32004
31974
31973
31972
31971
31970
31968
31967
31985
31984
31983
31982
31981
31979
31978
31977
59901
59900
59899
59898
59895
31989
31987
31986
59910
59909
59906
59905
59904
59903
59902
31940
31939
31938
31937
31936
31935
31934
31949
31948
31947
31945
31944
31943
31942
31957
31956
31955
31954
31953
31952
31951
31950
31966
31965
31964
31963
31962
31960
31959
31958
31905
31904
31903
31902
31901
31900
31899
31898
31913
31911
31910
31909
31908
31907
31906
31921
31920
31919
31918
31917
31916
31915
31933
31931
31930
31928
31927
31926
31925
31924
31869
31868
31867
31864
31863
31862
31861
31878
31877
31876
31875
31873
31872
31871
31870
31886
31885
31884
31882
31881
31880
31879
31895
31894
31893
31891
31890
31887
31834
31833
31832
31831
31830
31829
31828
31827
31842
31840
31839
31838
31837
31836
31835
31850
31849
31848
31847
31845
31844
31843
31860
31859
31858
31857
31854
31853
31852
31800
31799
31797
31796
31794
31793
31792
31791
31808
31807
31806
31805
31804
31802
31801
31817
31816
31815
31814
31813
31812
31811
31809
31825
31824
31823
31822
31821
31820
31819
31818
31765
31764
31763
31762
31761
31760
31759
31758
31773
31772
31771
31770
31769
31767
31766
31781
31780
31779
31778
31777
31776
31775
31774
31790
31787
31786
31785
31784
31783
31782
31730
31729
31727
31726
31725
31724
31723
31722
31739
31738
31737
31736
31735
31734
31732
31731
31749
31748
31747
31743
31742
31741
31740
31757
31756
31755
31754
31752
31751
31750
59950
59949
59948
59947
59944
59943
59942
31705
31703
59958
59956
59955
59953
59952
59951
31713
31712
31711
31710
31709
31707
31706
31721
31719
31718
31717
31715
31714
31689
31688
31687
31684
31683
31682
31680
31698
31697
31696
31695
31694
31693
31692
31690
59930
59928
59927
31702
31701
31700
59941
59938
59936
59934
59931
31649
31647
31641
31638
31659
31658
31656
31655
31653
31652
31668
31667
31665
31664
31663
31662
31661
31679
31678
31677
31675
31674
31672
31670
31669
31607
31606
31605
31604
31602
31598
31617
31615
31614
31612
31610
31609
31608
31625
31624
31622
31621
31620
31618
31637
31634
31631
31630
31629
31628
31568
31567
31566
31565
31564
31563
31562
31559
31578
31577
31576
31575
31571
31588
31587
31586
31582
31581
31580
31579
31597
31596
31595
31594
31592
31591
31590
59978
59976
59973
59972
59971
59970
59969
59986
59985
59984
59983
59982
59981
31548
31547
31546
31545
31543
59990
59989
59988
31558
31557
31555
31554
31553
31552
31550
31549
31527
31526
31525
31522
31521
31520
31519
31535
31534
31533
31532
31531
31530
31529
31528
59960
59959
31541
31540
31539
31538
31537
31536
59968
59967
59966
59964
59963
59962
31489
31488
31486
31485
31484
31483
31482
31495
31494
31493
31492
31491
31490
31509
31506
31503
31501
31500
31518
31517
31516
31515
31514
31513
31511
31456
31454
31453
31452
31451
31450
31449
31447
31465
31464
31462
31461
31460
31459
31458
31472
31468
31467
31466
31481
31480
31479
31478
31477
31476
31475
31474
31416
31415
31414
31412
31411
31409
31408
31426
31424
31423
31422
31420
31419
31417
31436
31435
31434
31433
31430
31429
31428
31446
31445
31443
31442
31441
31439
31438
31437
31379
31378
31377
31376
31375
31374
31373
31372
31387
31386
31385
31384
31383
31381
31380
31396
31395
31394
31393
31391
31390
31389
31388
31407
31406
31404
31403
31402
31401
31399
31398
31342
31341
31340
31338
31337
31336
31335
31334
31350
31349
31348
31347
31346
31345
31344
31343
31361
31360
31359
31358
31357
31356
31353
31352
31371
31370
31369
31368
31367
31366
31364
31363
60011
60010
60009
60008
60007
60006
60005
60004
60019
60018
60017
60016
60015
60014
60013
60012
31324
31322
31320
31319
60022
60020
31333
31332
31331
31329
31328
31327
31325
31302
31301
31300
31299
31297
31295
31294
31312
31311
31310
31309
31308
31307
31305
59993
59992
59991
31317
31316
31315
31313
60003
60001
60000
59999
59998
59997
59995
59994
31266
31265
31264
31263
31262
31261
31260
31259
31273
31271
31270
31269
31268
31267
31285
31283
31282
31281
31279
31278
31277
31276
31293
31292
31291
31290
31289
31288
31287
31286
31231
31230
31228
31227
31226
31224
31222
31239
31238
31236
31234
31233
31232
31248
31247
31246
31245
31244
31243
31240
31258
31256
31255
31254
31253
31252
31251
31249
31192
31191
31189
31188
31187
31186
31185
31184
31199
31198
31197
31194
31193
31210
31206
31205
31204
31203
31202
31201
31221
31220
31219
31218
31216
31215
31214
31213
31157
31155
31152
31150
31148
31165
31164
31163
31162
31161
31160
31159
31158
31173
31171
31170
31169
31167
31166
31182
31181
31180
31179
31178
31177
31174
31122
31121
31120
31118
31117
31116
31115
31114
31131
31130
31128
31127
31126
31125
31123
31139
31138
31137
31136
31135
31134
31133
31132
31147
31146
31145
31143
31142
31141
31140
31086
31085
31084
31083
31082
31081
31079
31096
31095
31094
31093
31092
31091
31090
31089
31104
31103
31102
31101
31100
31099
31097
31113
31112
31110
31109
31108
31107
31106
31105
31049
31048
31047
31046
31044
31043
31058
31057
31056
31055
31054
31053
31052
31051
31069
31067
31066
31065
31063
31062
31060
31076
31075
31074
31072
31071
31070
60041
60040
60039
60038
60036
60035
60034
60033
60050
60048
60047
60046
60045
60044
60042
31034
31033
31031
60054
60053
60052
60051
31041
31040
31039
31038
31037
31036
31035
31016
31014
31011
31010
31009
31008
31007
31024
31022
31021
31020
31019
31018
60024
60023
31030
31029
31027
31026
31025
60031
60030
60029
60028
60027
60026
60025
30982
30981
30980
30977
30976
30990
30989
30988
30987
30986
30985
30984
30983
30997
30996
30995
30994
30993
30992
30991
31006
31004
31003
31002
31001
31000
30999
30945
30942
30940
30939
30938
30937
30936
30935
30953
30952
30951
30950
30949
30948
30947
30946
30961
30960
30959
30958
30957
30956
30955
30954
30969
30968
30967
30966
30965
30964
30963
30962
30903
30902
30901
30899
30898
30897
30896
30915
30914
30913
30911
30909
30906
30904
30926
30925
30924
30921
30919
30918
30917
30916
30934
30933
30932
30931
30930
30929
30928
30927
30868
30864
30863
30862
30861
30860
30859
30879
30877
30876
30875
30874
30872
30871
30869
30887
30886
30885
30884
30883
30882
30881
30880
30895
30893
30892
30891
30890
30889
30888
30833
30832
30831
30828
30827
30826
30825
30842
30841
30840
30839
30836
30835
30834
30850
30849
30848
30847
30845
30844
30843
30858
30857
30856
30855
30854
30851
60076
60075
60074
60073
60072
60070
60069
60068
60085
60084
60083
60082
60081
60080
60079
60077
30814
30813
30812
30811
30809
30808
30807
60086
30823
30821
30820
30818
30815
30791
30789
30788
30787
30786
30785
30784
30799
30798
30797
30796
30795
30793
30792
60057
60055
30806
30803
30801
30800
60067
60064
60062
60061
60060
60059
60058
30755
30754
30752
30750
30749
30748
30747
30746
30763
30762
30761
30760
30759
30758
30756
30773
30772
30771
30770
30768
30767
30764
30783
30781
30780
30779
30778
30776
30775
30774
30715
30714
30713
30711
30710
30708
30707
30727
30726
30724
30723
30722
30721
30716
30735
30733
30731
30730
30729
30728
30745
30744
30743
30742
30739
30738
30736
30682
30681
30679
30678
30676
30674
30690
30689
30688
30687
30686
30685
30684
30683
30698
30697
30696
30695
30694
30693
30692
30691
30706
30705
30704
30703
30702
30701
30700
30699
30644
30643
30642
30640
30639
30638
30637
30655
30654
30652
30651
30650
30648
30647
30646
30663
30662
30661
30660
30659
30658
30657
30656
30672
30671
30670
30669
30668
30667
30666
30665
60110
60109
60107
60106
60105
60104
60102
60101
60118
60117
60116
60115
60114
60113
60112
60111
30624
30621
30620
30619
30618
30617
30616
30615
30636
30635
30634
30633
30629
30628
30627
30625
30599
30598
30597
30596
30595
30594
30593
30592
30607
30606
30605
30604
30603
30602
30601
30600
60087
30614
30613
30612
30611
30610
30608
60100
60099
60094
60091
60090
60089
30561
30560
30559
30557
30555
30554
30553
30552
30570
30569
30566
30565
30564
30563
30562
30580
30579
30578
30576
30575
30572
30571
30591
30590
30589
30588
30586
30585
30582
30581
30522
30521
30518
30517
30516
30515
30514
30531
30530
30529
30528
30526
30525
30524
30523
30542
30541
30539
30538
30537
30535
30534
30533
30551
30550
30548
30547
30546
30545
30544
30543
30484
30483
30482
30481
30479
30478
30477
30476
30495
30493
30490
30487
30486
30485
30504
30503
30502
30500
30499
30498
30497
30496
30513
30512
30511
30510
30509
30508
30505
30446
30445
30444
30443
30442
30441
30440
30439
30453
30452
30451
30450
30449
30448
30447
30466
30465
30463
30462
30461
30460
30457
30475
30474
30473
30472
30471
30469
30468
30467
60139
60138
60135
60134
60133
60132
60147
60146
60145
60144
60143
60142
60141
60140
30429
30428
30426
30425
30424
30423
60149
60148
30436
30435
30433
30431
30430
30407
30406
30405
30404
30403
30402
30401
30400
30418
30417
30414
30411
30410
60122
60121
60120
60119
30422
30421
30420
30419
60131
60130
60129
60128
60126
60125
60124
30372
30371
30370
30369
30367
30366
30365
30380
30379
30378
30377
30376
30375
30374
30373
30388
30387
30386
30385
30384
30382
30381
30399
30398
30397
30396
30395
30394
30393
30392
30332
30331
30330
30327
30326
30324
30323
30343
30339
30337
30335
30333
30351
30350
30349
30348
30347
30346
30345
30344
30363
30361
30360
30359
30358
30357
30356
30355
30296
30295
30294
30293
30292
30290
30288
30305
30303
30302
30301
30300
30299
30298
30297
30314
30313
30311
30309
30307
30306
30322
30321
30320
30319
30318
30317
30316
30315
30261
30260
30259
30258
30257
30256
30255
30254
30270
30268
30267
30265
30264
30263
30262
30278
30277
30276
30273
30272
30271
30287
30286
30285
30284
30282
30280
30279
30226
30224
30223
30222
30221
30220
30218
30235
30234
30233
30232
30231
30230
30229
30228
30242
30241
30240
30239
30238
30237
30236
30253
30252
30249
30248
30247
30244
30190
30189
30188
30183
30181
30200
30199
30198
30196
30195
30194
30193
30192
30209
30208
30207
30206
30203
30202
30201
30217
30216
30215
30214
30213
30212
30211
30210
60170
60169
60168
60167
60166
60165
60164
60163
60178
60176
60175
60174
60173
60172
60171
30170
30169
30168
30167
60182
60181
60180
30177
30176
30175
30174
30173
30172
30151
30150
30149
30148
30147
30146
30145
30144
30160
30159
30158
30157
30156
30155
30154
30152
60151
30165
30164
30163
30162
60162
60161
60160
60159
60156
60154
30115
30113
30111
30110
30109
30108
30107
30106
30124
30123
30121
30120
30118
30117
30116
30133
30132
30131
30130
30128
30127
30125
30143
30142
30141
30139
30137
30136
30135
30134
30075
30073
30072
30071
30069
30068
30083
30082
30081
30080
30078
30077
30076
30093
30090
30089
30088
30087
30085
30084
30104
30103
30102
30101
30100
30097
30042
30041
30039
30038
30036
30035
30051
30050
30049
30048
30047
30046
30045
30044
30059
30058
30057
30056
30055
30054
30053
30052
30067
30066
30065
30063
30062
30061
30060
60211
60210
60208
60207
60206
60205
60204
30012
30011
30010
30008
60214
60212
30024
30023
30022
30021
30020
30019
30014
30033
30032
30031
30029
30028
30027
30026
30025
29998
29996
29995
29993
29992
29990
29989
60183
30006
30004
30003
30000
29999
60194
60193
60192
60190
60189
60187
60186
60203
60202
60201
60200
60199
60198
60197
60195
29947
29946
29945
29944
29943
29941
29958
29956
29954
29953
29951
29949
29973
29971
29969
29968
29964
29961
29960
29988
29981
29980
29976
29974
29913
29912
29911
29910
29909
29906
29923
29922
29921
29920
29918
29917
29916
29932
29931
29929
29928
29927
29926
29924
29940
29939
29938
29935
29934
29933
29875
29874
29872
29870
29868
29867
29866
29865
29883
29881
29880
29879
29878
29877
29876
29893
29892
29891
29890
29888
29887
29885
29884
29905
29902
29901
29900
29899
29897
29895
29894
29838
29837
29836
29835
29834
29833
29832
29831
29846
29845
29844
29843
29842
29841
29840
29839
29854
29853
29852
29851
29850
29849
29848
29847
29863
29862
29861
29860
29859
29858
29857
29856
29803
29802
29801
29799
29798
29797
29796
29812
29811
29810
29809
29808
29806
29804
29821
29820
29819
29818
29816
29814
29813
29830
29828
29827
29825
29824
29823
29822
60231
60230
60229
60228
60227
60226
60225
60241
60240
60239
60237
60236
60234
60233
29786
29785
29784
60246
60245
60243
60242
29795
29794
29793
29792
29791
29790
29789
29767
29766
29765
29763
29761
29760
29759
29776
29775
29773
29772
29771
29770
29768
60216
60215
29782
29781
29780
29779
29778
60224
60223
60222
60221
60220
60219
60218
60217
29730
29729
29728
29726
29725
29723
29740
29739
29737
29735
29734
29733
29748
29747
29746
29745
29744
29743
29742
29757
29756
29754
29753
29752
29751
29696
29695
29694
29693
29691
29690
29689
29688
29704
29703
29702
29701
29699
29698
29697
29713
29712
29711
29710
29708
29706
29721
29720
29719
29718
29717
29716
29715
29662
29660
29657
29656
29655
29654
29653
29670
29669
29668
29667
29666
29665
29664
29663
29677
29675
29673
29672
29671
29687
29685
29684
29683
29682
29681
29680
29679
29623
29622
29621
29620
29619
29618
29616
29631
29630
29629
29628
29627
29626
29625
29639
29638
29637
29636
29635
29634
29633
29651
29649
29648
29646
29644
29643
29642
29584
29583
29582
29581
29580
29579
29577
29576
29595
29594
29593
29592
29591
29588
29586
29585
29604
29603
29602
29601
29599
29596
29615
29613
29612
29611
29610
29607
29606
29605
60266
60264
60263
60262
60261
60260
60259
60258
60276
60273
60272
60271
60270
60269
60268
29566
29565
29563
29562
29559
60278
60277
29574
29573
29572
29571
29570
29569
29568
29567
29541
29540
29539
29538
29537
29536
29535
29534
29550
29549
29547
29546
29545
29544
29543
29542
60248
60247
29556
29555
29554
29553
29551
60257
60255
60254
60253
60249
29503
29502
29501
29500
29498
29497
29496
29515
29514
29513
29512
29511
29510
29507
29505
29525
29523
29522
29517
29516
29533
29532
29531
29530
29529
29527
29526
29468
29467
29466
29465
29464
29463
29462
29461
29477
29476
29475
29474
29470
29469
29485
29484
29483
29482
29481
29479
29478
29495
29494
29493
29492
29491
29489
29488
29487
29434
29433
29432
29429
29428
29427
29425
29441
29440
29439
29438
29437
29436
29435
29450
29449
29448
29446
29445
29444
29443
29460
29459
29458
29457
29454
29453
29452
29451
29399
29398
29397
29396
29394
29393
29392
29408
29407
29406
29405
29404
29402
29401
29400
29416
29415
29414
29413
29412
29411
29410
29409
29424
29423
29422
29421
29420
29419
29418
29417
29364
29362
29361
29360
29359
29357
29355
29373
29372
29370
29369
29368
29382
29381
29380
29379
29377
29376
29375
29391
29390
29389
29388
29387
29386
29385
29384
60304
60303
60300
60299
60298
60297
60295
29336
29335
60310
60309
60308
60306
60305
29345
29344
29343
29342
29340
29339
29338
29354
29352
29351
29350
29348
29347
29346
29319
29318
29317
29316
29315
29311
29330
29329
29327
29326
29325
29324
29322
60283
60282
60280
60279
29334
29333
29331
60294
60293
60291
60290
60289
60287
60286
60285
29282
29281
29280
29276
29275
29274
29272
29290
29289
29288
29287
29286
29285
29284
29283
29297
29296
29295
29294
29293
29292
29291
29309
29306
29305
29304
29303
29300
29299
29243
29242
29241
29240
29239
29238
29237
29236
29251
29250
29249
29248
29247
29246
29245
29244
29261
29260
29259
29258
29256
29255
29253
29252
29269
29268
29267
29266
29265
29264
29263
29262
29206
29205
29204
29203
29202
29201
29199
29213
29212
29210
29209
29208
29207
29226
29225
29224
29223
29222
29219
29218
29235
29233
29231
29230
29229
29228
29227
29170
29169
29167
29166
29165
29164
29163
29161
29181
29177
29176
29175
29174
29173
29172
29189
29188
29187
29186
29185
29184
29183
29182
29198
29197
29196
29193
29191
29190
29133
29132
29130
29129
29128
29126
29125
29143
29142
29141
29138
29137
29135
29134
29151
29150
29149
29148
29147
29146
29145
29144
29160
29159
29157
29154
29153
29152
60328
60327
60326
60325
60323
60338
60337
60335
60334
60333
60332
60331
29115
29114
29113
29112
29111
60342
60341
60339
29124
29123
29122
29120
29119
29118
29117
29096
29095
29094
29093
29091
29090
29089
29104
29103
29102
29101
29100
29098
29097
60312
60311
29110
29109
29108
29107
29106
29105
60320
60319
60318
60317
60315
60314
60313
29058
29056
29055
29054
29053
29052
29051
29069
29066
29065
29064
29063
29062
29061
29060
29078
29077
29076
29075
29073
29072
29071
29088
29087
29086
29084
29083
29080
29079
29021
29020
29019
29018
29017
29016
29015
29014
29030
29028
29025
29024
29023
29022
29038
29037
29032
29031
29046
29045
29044
29042
29041
29040
28987
28984
28982
28979
28978
28977
28976
28995
28994
28992
28990
28989
28988
29003
29002
29001
29000
28999
28998
28997
28996
29013
29012
29010
29008
29006
29005
29004
28945
28944
28943
28942
28940
28957
28955
28951
28950
28949
28948
28967
28966
28965
28964
28961
28960
28975
28974
28973
28972
28971
28970
28969
28968
60364
60362
60361
60358
60357
60355
60374
60371
60370
60369
60368
60367
60366
28928
28925
28924
28923
28922
28921
28920
28938
28937
28934
28933
28932
28930
28929
28903
28902
28901
28900
28899
28898
28897
28895
28913
28907
28906
28905
28904
60346
60345
60344
60343
28918
28917
28915
28914
60354
60352
60351
60350
60349
60348
60347
28867
28866
28865
28864
28862
28861
28860
28859
28876
28874
28873
28872
28870
28869
28868
28883
28882
28881
28880
28879
28878
28877
28894
28891
28890
28887
28886
28828
28827
28826
28825
28824
28823
28822
28821
28836
28835
28834
28833
28832
28831
28829
28848
28847
28846
28844
28838
28837
28855
28854
28853
28852
28851
28793
28792
28791
28789
28787
28786
28785
28802
28801
28800
28799
28798
28797
28796
28810
28809
28808
28807
28806
28805
28804
28803
28820
28819
28818
28817
28815
28814
28813
28755
28754
28753
28752
28751
28750
28748
28764
28763
28762
28761
28759
28758
28757
28756
28775
28774
28773
28770
28767
28765
28784
28782
28781
28780
28779
28778
28776
28723
28721
28720
28719
28718
28717
28716
28731
28730
28729
28728
28726
28725
28724
28739
28738
28737
28736
28735
28733
28746
28745
28744
28743
28741
28740
60395
60394
60393
60392
60391
60390
60389
60388
60403
60402
60400
60399
60398
60397
60396
28700
28699
28698
28695
60406
60405
60404
28714
28712
28711
28709
28704
28701
28680
28679
28678
28677
28676
28675
28674
28673
28690
28689
28687
28686
28684
28682
28681
60379
60378
60377
60376
60375
28693
28692
28691
60387
60386
60385
60384
60383
60382
60381
60380
28644
28641
28640
28639
28638
28637
28636
28653
28652
28649
28647
28646
28645
28662
28660
28659
28658
28657
28655
28654
28671
28669
28667
28666
28665
28664
28606
28603
28601
28599
28615
28614
28612
28610
28609
28608
28607
28626
28625
28623
28622
28620
28619
28618
28617
28635
28634
28633
28632
28629
28628
28627
28567
28566
28565
28564
28563
28562
28561
28560
28579
28578
28575
28572
28571
28570
28569
28588
28587
28586
28585
28583
28582
28581
28580
28598
28596
28594
28592
28591
28590
28589
28531
28529
28527
28526
28524
28522
28540
28539
28538
28537
28536
28535
28533
28548
28547
28545
28543
28542
28541
28558
28556
28555
28554
28553
28550
28549
60432
60430
60429
60428
60427
60426
60425
28505
28504
28503
60438
60436
60435
60433
28513
28512
28511
28510
28509
28508
28507
28506
28521
28520
28519
28518
28517
28515
28514
28491
28489
28488
28487
28486
28485
28482
28481
28501
28500
28498
28497
28496
28495
28494
28493
60414
60412
60411
60410
60409
60423
60421
60420
60418
60416
60415
28449
28448
28446
28445
28443
28442
28441
28459
28458
28453
28452
28451
28450
28471
28470
28469
28467
28464
28463
28462
28460
28480
28478
28477
28476
28475
28474
28473
28472
28416
28415
28413
28411
28410
28408
28424
28423
28422
28421
28420
28419
28418
28417
28431
28430
28428
28427
28426
28425
28440
28439
28438
28437
28436
28435
28434
28433
28381
28380
28379
28378
28376
28375
28374
28389
28387
28386
28384
28383
28382
28398
28397
28396
28395
28393
28392
28391
28390
28407
28406
28405
28404
28402
28401
28399
28346
28345
28343
28342
28341
28340
28339
28337
28355
28354
28353
28352
28351
28350
28349
28348
28364
28363
28362
28360
28359
28358
28357
28356
28372
28371
28369
28368
28367
28366
28365
28309
28308
28307
28306
28305
28304
28303
28302
28317
28316
28315
28314
28313
28311
28310
28325
28324
28323
28322
28321
28320
28319
28336
28334
28333
28332
28331
28330
28328
60461
60460
60459
60458
60457
60456
60455
60454
28280
28279
60470
60469
60467
60465
28292
28291
28289
28288
28286
28284
28283
28301
28300
28299
28298
28297
28296
28294
28263
28262
28261
28260
28259
28258
28257
64465
28272
28271
28270
28269
28268
28267
28265
28264
60444
60440
60439
28278
28277
28275
64463
28273
64462
60452
64461
60449
60448
60447
60446
64460
28226
28225
64459
28223
28222
28221
28220
28219
28235
28233
28232
28231
28230
28229
64458
28227
28244
28243
28242
28241
64457
28239
28237
28236
28253
28251
28250
28249
28248
28247
28246
28245
28189
28188
64456
28185
28184
64454
28181
64453
28200
28198
64452
28194
28193
28192
28191
28190
28209
64450
28207
31
28205
28204
28203
29
28218
28217
28216
28215
25
28213
28212
28210
24
28151
28150
28149
28148
28147
28146
28145
28160
28159
28158
28157
28156
28155
28154
28153
28171
28170
28168
23
28166
28165
28164
28163
28179
28178
28177
28176
28175
64437
28173
28172
28113
64414
56462
28107
68
28105
28104
28103
28123
28121
28120
28119
28118
28116
28115
28114
28133
28131
28130
28129
28127
28126
28125
28124
28144
28142
28141
28140
28138
28137
28136
28135
60490
60489
60488
60487
60485
60483
60482
64426
60499
60498
60497
60496
60495
32
60493
60492
28093
28092
28091
28089
28088
60502
60501
60500
28101
28100
28099
28098
28097
28096
28095
28094
28069
28068
28067
28066
28065
28064
28063
28062
28080
28079
56469
28077
28075
28074
28071
28070
60472
60471
28086
28085
28084
28083
28082
28081
60480
60479
60478
60477
60476
60475
56468
60473
28035
28034
28033
28032
28031
28030
28029
28028
28043
28042
28041
28040
56467
28038
28037
56466
56463
28052
28051
28049
28047
28046
28045
28044
28061
28060
28059
28058
28057
28056
28055
28054
28001
28000
27999
27998
27997
63
27995
27992
28009
28008
62
28006
28005
28004
28003
28002
28018
28017
28016
28015
28014
28013
28011
61
28027
28026
28024
28023
28022
28021
28020
28019
27964
27963
27962
27961
27959
27958
59
27955
27973
27972
27971
27970
27969
27968
27967
27966
27983
27982
27981
27980
27979
27978
27976
27974
27991
27990
27989
58
27987
27986
27985
27984
27924
27923
56
27921
55
56470
27917
27916
27934
27933
27932
27931
27930
27927
27926
27925
27945
27944
27943
27942
27941
27938
27937
27935
27954
27952
27951
27950
27949
27948
27947
27946
27886
27885
27884
27883
27882
27880
27879
27878
27896
27894
27893
27891
27890
27889
27888
27887
27907
27906
27905
27904
27901
64425
27899
27897
64424
27914
27913
27912
27911
27910
27909
64423
60521
60520
60519
60518
64421
60516
64420
60514
60532
60531
60530
64418
60528
60527
60524
60523
27868
64417
27866
27865
64416
27863
64436
60533
27877
27876
27875
27874
27872
27871
27870
27869
27846
27845
27844
27843
27842
27841
64435
27839
27855
64434
27852
27851
27850
64433
27848
27847
60504
60503
27862
64432
64430
27859
27858
27857
60513
60512
64471
60509
60508
60507
60506
60505
27809
27808
27807
56490
27805
27804
27803
27802
27817
56489
27815
27814
27813
27812
27811
27810
27828
27825
27824
27823
27822
27821
27820
27818
27837
27836
27834
27833
27832
27831
27830
27829
27775
27774
27773
56488
27771
27770
27769
27768
27784
27783
27782
27781
27780
56487
56486
27776
27793
27792
27791
27790
27788
27787
27786
27785
27801
27800
27799
27798
27797
27796
56485
27794
27738
27737
27736
27734
27733
27732
27731
27729
27748
27747
27746
27745
27744
27743
27741
27740
27758
27757
27756
27755
27754
27752
27751
27749
27766
56484
27764
27763
27762
27761
56440
27759
27702
27701
56499
27699
27698
56498
27696
27695
27710
27709
27708
27707
27706
27705
27704
27703
27719
56497
56496
56495
27715
27714
27713
27712
27728
27727
27726
27724
27723
27722
56494
27720
27666
56451
27664
27663
27662
27661
27660
27659
27674
27673
27672
27671
27670
27669
27668
27667
27682
27681
27680
27679
27678
27677
27676
27675
27694
27693
27690
27689
27688
27686
27684
27683
60557
60556
60554
60553
60552
60551
60550
60548
60566
60565
60564
60563
60562
56449
56448
60558
27648
27647
27646
27645
27644
27643
56446
27641
56445
27656
27654
27653
27652
27651
27650
27649
27619
27618
27617
27616
27615
27614
56444
27611
27629
27627
27626
27624
56441
27622
56461
27620
60537
56460
27638
27636
27635
27634
27633
27632
60547
56458
60545
60544
60543
60541
60540
56457
27584
27583
27582
27581
27580
27578
27577
27576
27592
27591
56455
27589
27588
27587
27586
27585
27601
27600
27599
27598
27597
27596
27595
56454
27610
27609
27608
27607
27606
27605
27603
27602
27548
27547
27546
27545
27544
27543
27542
27539
27556
27555
27554
27553
27552
27551
27550
27549
27566
27565
27564
56420
27561
27560
27558
27557
27575
27574
27573
27572
27571
27570
27569
27567
27511
27510
27509
27508
27507
27506
27505
27503
27520
27519
27518
27516
27515
27514
56419
27512
27530
27529
27528
27527
56418
27525
27524
27522
27538
27537
27536
27535
27534
27533
27532
27531
27474
27473
27472
27471
27470
27468
27467
27466
27485
27483
27482
27481
27480
27479
27478
27477
27493
27492
27491
27490
27489
27488
27487
27486
27502
27501
27500
27499
56416
27496
27495
27494
27437
27436
27435
27434
56415
27432
27431
27430
27445
27444
27443
27442
27441
27440
27439
27438
27455
27454
27451
27450
27449
27448
27447
27446
27465
27464
27463
27462
27461
27460
27458
27457
60588
60587
60586
60585
60584
60583
60582
60581
60596
60595
60594
60593
60592
60591
60590
60589
56413
27419
27418
27417
27416
27415
60598
60597
56412
27428
27427
27426
27425
27424
27423
27421
27398
56430
27396
27395
27394
27392
56429
27389
27411
27410
27409
27407
27406
27404
27402
27401
60572
60571
60569
60568
60567
27414
27413
27412
60580
60579
60578
60577
60576
60575
60574
60573
27358
27357
27356
27355
56428
56426
27352
27351
27368
27367
27365
27364
27363
27362
27361
27360
56425
27375
27374
27373
27372
27371
27370
27369
27388
27385
27384
27383
27382
27380
27379
27378
27320
27319
27318
27317
27316
27315
27314
27313
56424
27329
27328
27327
27326
27325
27323
27321
27339
27338
27336
56423
56422
27333
27332
27331
27349
27347
56474
27345
27343
27342
27341
27340
27286
27285
27284
27283
27281
56471
27278
27277
27295
27294
56438
27292
56436
27289
27288
27287
27303
27302
56435
27300
56433
27298
27297
27296
27312
56432
27310
27309
27308
27307
27305
27304
27249
27248
27247
27246
27245
27244
27243
27242
27258
27257
27256
27255
27254
27253
27252
27251
27267
27266
27265
27264
27262
56431
27260
27259
27276
27275
27274
27273
56483
27271
27269
27268
60622
60621
60620
60618
60617
60615
60612
60611
27224
60630
60629
60628
60627
60626
56481
60623
27232
56480
27230
56479
27228
27227
27226
27225
27241
27239
27238
27237
56478
27235
27234
27233
27209
27208
27207
27206
27205
27203
27201
27200
56477
27216
27215
27214
27213
27212
27211
27210
60602
60601
56476
60599
27222
27221
27220
27219
60610
60609
60608
60607
60606
60605
60604
60603
27171
27170
27166
27165
27164
27163
56475
56386
27180
27179
27178
27177
27176
27175
27174
27172
27188
27187
27186
27185
27184
27183
27182
27181
27199
27198
27197
27195
27194
27193
27192
27191
27133
27132
27131
27130
27129
27128
27127
27125
27143
27142
27141
27139
27138
27137
27136
27135
27152
27151
56385
27149
27147
56384
27145
27144
56383
27159
27158
27157
27156
27155
56382
27153
27099
56381
56380
27096
27095
27093
27092
27091
27107
27106
27105
27104
27103
56379
56394
27100
27116
27115
27114
27113
27112
27110
27109
27108
27124
27123
27122
27121
27120
27119
27118
27117
27065
27064
27063
27062
27061
27060
27059
27058
27074
27073
27072
27071
27070
27069
27068
27066
56393
27081
56392
27079
56391
27077
27076
56390
27090
27089
27088
27087
27086
27085
27084
27083
60662
60660
60659
60657
60655
56389
60653
60652
27039
27038
27037
27036
27035
27033
27032
56388
27048
27047
27046
27045
27044
27043
27041
27040
56387
56402
27054
27053
27052
56401
27050
56400
27017
27015
27014
27013
27012
27009
27008
27007
27030
27028
27027
27023
27022
27020
27019
27018
60638
60637
60636
60635
60634
60633
60632
60631
60647
60646
60644
56399
60642
60641
60640
60639
56398
26970
26968
26967
56397
26965
26963
26962
26983
56396
26981
26979
56395
26974
56411
26972
26996
26995
26991
26990
26988
26987
26986
26985
56410
27005
27004
27003
27002
27001
56409
26998
26935
26934
26933
26932
26931
26930
26929
26928
26943
26942
26941
26940
26939
26938
26937
26936
56408
26950
26949
26948
26947
26946
26945
26944
26961
26959
26957
26956
56407
26954
26953
26952
26899
26898
26897
26896
26893
26892
26891
26890
26907
26906
56406
26904
56404
26902
26901
26900
26915
26914
26913
56403
26911
26910
26909
26908
26926
26925
26924
26923
26921
26919
26918
26917
56343
26864
26863
26862
26861
26860
26859
26858
26873
26872
56341
26870
26869
56340
26867
56336
26881
26880
26879
26878
26877
26876
26875
26874
26889
26888
26887
26886
26885
26884
56334
26882
26832
26830
26829
26828
26827
26826
26825
56333
26841
26839
26838
26837
26836
26835
26834
26833
26849
26848
26847
26846
26845
26844
26843
26842
26857
56332
26855
26854
26853
26852
26851
56353
60684
60683
60682
60681
60680
60679
60678
60677
60692
60691
60690
60689
60688
60687
60686
60685
56352
26811
26810
56351
26808
56350
60694
60693
56349
26822
26820
26819
26818
26817
26816
26815
26791
26790
26789
26788
26787
26786
26785
56348
26801
56347
26798
26797
26795
26794
26793
26792
60666
60665
60664
60663
26806
26804
26803
26802
60676
56365
60674
60672
56361
60669
60668
60667
26755
56359
26750
26749
26747
26746
56358
26742
26763
26762
26761
26760
26759
26758
26757
26756
26772
26771
26770
26769
26767
26766
26765
26764
26783
56355
26781
26780
26779
56354
26775
26773
26710
26708
26707
26706
26705
26704
26703
26702
26719
26718
26717
56378
26715
26714
26713
26711
56374
26727
26726
26724
26723
26722
56373
26720
26741
26740
26739
26738
56372
26736
26731
26730
26673
26672
26671
26670
26669
26668
26666
26665
26682
26681
26679
26678
26677
26676
26675
26674
26691
26690
56369
26688
26687
26686
26685
26684
26701
26700
26698
26697
26696
26695
26693
26692
60716
60715
60714
60713
56368
60711
60710
60709
60726
60725
60723
60722
60721
60720
56366
56529
26656
56528
26653
26651
26650
26649
26648
56527
26664
26663
26662
26661
26660
26659
26658
26657
26631
26630
26629
26627
26626
26625
26624
26623
26642
26639
26637
26636
26635
26634
26633
56526
60700
60699
60698
60697
60696
26646
26645
26644
60708
56524
60706
60705
60704
60703
60702
60701
26588
26586
26585
26583
26582
26581
26580
26579
26598
26597
26596
26595
26594
26591
26590
26589
26611
26608
26607
26606
26605
26604
26600
26599
56520
26621
26620
26619
26618
26617
56519
56314
26554
26553
26552
26551
26550
26548
26547
26546
26562
26561
26560
26559
26558
26557
26556
56313
26570
56312
26568
26567
26566
26565
26564
26563
26578
56311
26576
26575
26574
26573
26572
26571
26517
26516
26515
26514
26513
56534
26511
26510
26526
56533
26523
26522
26521
26520
26519
26518
26534
26533
56532
26531
26530
26529
26528
26527
26545
56531
56321
26540
26539
26538
56320
26535
26481
56319
26479
26478
26477
26476
26475
26474
26493
26492
26488
26486
26485
26484
26483
26482
26501
56317
26499
26498
56316
26496
26495
26494
26509
26508
26507
26506
26505
26504
26503
26502
56315
26447
26446
26445
26444
26443
26442
26441
26457
26455
26454
26453
26452
26451
26450
56330
26465
26464
26463
26462
26461
26460
26459
26458
26473
26472
26471
26470
26469
26468
56329
26466
60747
60746
60745
60744
60743
60742
60741
60740
60755
60754
60753
60752
60751
60750
60749
60748
26428
26427
26426
26425
26423
56328
60757
60756
26439
26438
56327
26433
26432
26431
26430
26429
26407
26406
26405
26404
26403
26402
26401
26400
26418
26417
26416
26415
26414
26413
26411
26408
60731
60730
60729
60728
56326
56325
26420
26419
60739
60738
56324
60736
60735
60734
56298
60732
26373
26372
56297
26369
26368
26366
26365
26364
26381
26380
26379
26378
26377
26376
56296
26374
26389
26388
26387
26386
26385
26384
56294
26382
26399
26398
26397
26396
26394
26392
56293
26390
26338
26337
56292
26334
26332
26331
26330
26329
26346
56290
56289
26343
26342
26341
26340
56307
26355
26354
26353
26352
26350
56306
26348
26347
26363
26362
26361
26360
26359
26358
26357
56305
26299
26298
26297
26293
26292
26291
26290
56304
26310
26309
26308
26307
26306
56303
26304
26302
26320
26319
26318
56302
26314
26313
26312
26311
56510
26327
26326
26325
26324
26323
26322
26321
26261
26260
26259
26258
26256
56509
26254
26253
26271
26270
56507
56506
26267
26266
26265
26262
56505
26279
26277
26276
26275
26274
26273
26272
26288
26287
26286
26285
26284
26283
26282
26281
60782
60781
60780
60779
56504
60776
60775
60774
26231
60790
60788
60787
60786
60785
60784
60783
26240
26239
26238
26237
26236
26235
26234
26232
26252
26249
56309
26247
26246
26244
26243
26241
26219
26217
26216
26215
26214
26213
26212
26211
26228
26227
26226
26225
26224
26222
26221
26220
60764
56518
60762
60761
60760
60759
26230
26229
60773
60772
60770
60769
60768
60767
60766
60765
26180
26179
26178
56517
26175
26174
26172
26171
26190
26189
26188
26187
26184
26183
26182
26181
26198
26197
56516
26195
26194
26193
26192
26191
26210
26209
26208
26206
26205
26203
26201
56515
26143
26142
26141
26140
26139
26138
26137
26136
26153
56514
26150
26149
26147
26146
26145
26144
26161
26160
26159
56513
26157
56512
26155
26154
26170
26169
26168
56511
56257
26164
26163
56256
26111
26110
26109
26108
26107
26104
26103
26101
26119
26118
26117
26116
26115
26114
26113
26112
26127
26126
26125
26124
26123
26122
56254
26120
26135
26134
26133
26132
26131
26130
26129
26128
26074
26072
26071
26070
26069
26068
26066
26065
56253
26081
26080
26079
26078
56252
56250
26075
26092
26091
56270
26089
26088
26087
26085
26084
26100
26099
26098
26097
26096
26095
26094
26093
26039
26038
26037
26036
26033
26032
26031
26030
26047
26046
26045
26044
26043
26042
26041
26040
26056
26055
26054
56268
26051
26050
26049
26048
26064
26063
26062
56267
26060
26059
26058
26057
25997
56266
25995
25994
25993
56264
56261
25990
26006
26005
26004
26003
26001
26000
25999
25998
26016
26014
26013
26012
26010
26009
26008
26007
26029
56259
26024
26023
26022
26021
26020
26017
60811
60810
60808
60807
60806
60805
60804
60803
60819
60818
56280
60816
60815
60814
60813
60812
25980
25979
25978
25977
25976
25975
60821
60820
25989
56277
25987
25986
25985
25984
25983
25982
25959
25958
25957
25954
25953
25952
25951
25950
25968
25967
25965
25964
25963
25962
25961
56276
60794
60793
56275
56274
25972
25971
25970
25969
60802
60801
60800
60799
60798
60797
60796
60795
56273
25915
25914
25913
25912
25911
25909
25907
25926
25925
25923
25922
25921
25920
25919
56272
25937
25935
25934
56271
25932
25931
25930
25929
25948
25946
25944
25943
25941
25940
25939
56288
25875
25874
25873
56287
25870
25869
56285
25866
25885
25884
25883
25882
25881
25880
25878
25877
25896
25895
25893
25891
25890
56283
25887
25886
25906
25905
25904
56282
25902
25899
25898
56219
25838
25836
25835
25834
25833
25832
25831
25830
25849
25848
56217
56216
25843
25842
25840
25839
25857
25856
25855
25854
25853
25852
25851
25850
25865
25864
25863
25862
25861
25860
25859
25858
60842
60841
60840
60839
60838
60837
60836
60835
60850
60849
60848
60847
60846
60845
60844
60843
25819
25818
25817
25816
25815
60853
60852
60851
25829
25828
25826
25825
25824
25822
25821
25820
25801
25800
25799
25797
25796
25795
25794
25792
25809
25808
25807
56215
25805
25804
25803
25802
60826
60825
60824
60823
56213
25812
25811
25810
60834
60833
60832
60831
60830
60829
60828
60827
25765
25764
25763
25762
25761
25760
25759
25758
25775
25773
25771
25770
25769
25768
25767
25766
25783
25782
25781
25780
25779
25778
25777
56228
25791
25790
25789
25788
25787
25786
25785
25784
25727
25725
56226
25723
25722
25719
25718
25717
25737
25736
56225
25734
25732
25731
25730
25729
25746
25745
25744
25743
25741
25740
25739
25738
25757
56223
25754
25753
25752
25750
25749
25748
25690
56222
25688
25686
25684
25683
25682
56220
56236
56235
56234
25696
25695
25694
25692
25691
56233
25707
25706
25705
25704
25703
25702
56230
25716
25715
25714
25713
56229
25711
25710
56249
25656
25654
56248
56246
25650
25649
25648
25647
56245
25663
25662
25661
25660
25659
25658
25657
25672
25671
25670
56244
25668
25667
25666
56243
56177
25679
25678
25677
25676
25675
25674
25673
25615
25614
25613
25612
25611
25610
25609
56176
25625
25624
25623
25622
25621
25620
25619
56174
25636
25635
25634
25631
25630
56173
25627
25626
25646
25645
25644
25643
25642
25641
25640
25637
60875
60874
60873
60872
60871
56172
56171
60868
60883
60882
60881
60880
60879
60878
60877
60876
25597
25596
25595
25594
56186
25591
60886
60885
25607
25606
56185
25603
25602
25601
25600
25599
25577
25576
25575
25574
25573
25572
25571
25569
25586
25585
56184
25582
25581
25580
25579
25578
60859
60858
60857
60856
25590
25589
25588
25587
60867
60866
60865
60864
60863
60862
60861
60860
25541
25540
25539
25538
25537
25536
25535
25533
25551
25550
56183
25546
25545
25544
25543
25542
25559
25558
25557
25556
25555
25554
25553
25552
56182
25567
25566
25565
25564
25562
25561
25560
25505
25504
56181
56180
25501
25500
56179
25498
56198
25514
25513
25511
25510
25509
25508
25506
56197
25522
25521
25520
25519
25518
25517
25516
25532
25530
25529
25528
25527
25526
25525
25524
25469
25468
25467
25466
25465
25464
25463
25462
25478
25476
56196
25474
25473
25472
25471
25470
56195
25486
56190
25484
25483
56211
25480
25479
25497
25496
25495
56209
25493
25491
25490
25489
25433
25432
25431
56208
25429
56206
25426
25425
25443
56203
56202
25439
25438
25437
25436
25434
25451
25450
25449
25448
25447
25446
25445
25444
25461
25460
25459
56144
25456
25455
25453
56142
25398
25397
25396
25395
25394
25393
25392
25391
25406
25405
25404
25403
25402
25401
25400
25399
25415
25414
25413
25412
25411
25410
25408
25407
25424
25423
25422
25421
25420
25418
56138
25416
25362
25361
25360
25359
25358
25357
25356
25355
25370
25369
25368
25367
25366
25365
25364
25363
56136
25377
56135
25375
25374
25373
25372
25371
25390
25389
25387
25386
25384
56134
25380
25379
60911
60910
60909
60908
60907
60906
60905
60904
25335
60918
60917
60916
60915
60914
60913
60912
25343
25342
25341
25340
25339
25338
25337
25336
25354
25352
25350
25348
25347
25346
25345
25344
25322
25321
25320
25319
25318
25316
25315
25314
25331
25330
25329
25328
25327
56152
25324
25323
60893
60891
60889
60888
60887
25334
25333
25332
60903
60902
60901
60899
60898
60897
60896
60894
25284
25283
25280
25279
25278
25277
25276
56150
25293
25292
25291
25290
25289
25288
25287
25286
56149
25301
56147
25298
25297
56145
25295
25294
25313
25312
25311
56162
25309
25307
25305
56161
25243
25242
25241
25240
25239
25238
56160
25236
56159
56157
25250
25249
56153
25247
56170
25245
25262
25261
25260
25259
56169
25257
25256
25254
56168
25272
25271
56167
25269
25268
25264
25263
25207
25206
25205
56165
25202
25201
25200
25199
25215
25214
25213
25212
56164
25210
25209
25208
25225
25224
56163
56555
25221
56552
25217
25216
25235
25234
25233
25232
25231
25230
25227
25226
25170
25169
56551
25167
25166
25165
25164
25163
25181
25180
25178
25175
25174
25173
25172
25171
25189
56550
25187
25186
56549
25184
25183
25182
25198
25197
56548
25194
25193
25192
56547
25190
25134
56546
56564
25131
25130
25129
25128
25127
25142
56563
25140
25139
25138
25137
56562
25135
25152
56561
25150
25148
56560
25146
56559
25144
25162
25161
25160
25159
25157
25156
25154
25153
60942
60940
60939
56556
60936
60935
56125
60933
56124
60949
60948
60947
60946
60945
60944
60943
25118
56122
25116
25115
25114
25113
25112
25111
25126
25125
25124
25123
56121
25121
25120
25119
56120
25094
25093
25092
25091
25090
25089
25088
25106
25105
25104
25103
25101
25099
25098
56119
60923
56566
60920
60919
25110
25109
25108
56565
56133
56132
60930
60929
60928
60927
60926
60924
25061
56131
25059
56129
56128
56127
25055
25054
25069
25068
25067
25066
25065
25064
25063
56103
25078
25077
56102
25075
25074
25073
25071
25070
25087
56101
25085
25084
25083
56099
56098
25079
25025
25024
25023
25021
25019
25017
25016
25015
25034
25033
25032
25031
25029
56097
56096
25026
25043
25042
56095
25040
25039
25038
56113
25036
25053
25052
25051
25049
25048
56112
25046
25045
24984
56110
56109
56108
24980
24979
24978
24977
24992
24991
24990
56107
24988
56106
24986
24985
25003
25002
25001
25000
56105
56537
24997
56536
25013
25012
25011
25010
25008
25007
25006
25004
24949
24948
24947
56535
56118
56117
24941
24940
24959
24958
24957
24956
24955
24954
24953
56116
24967
56115
24965
24964
24963
56114
24961
56545
24976
56544
24973
24972
56543
56542
24969
24968
56541
56540
24912
24911
56539
24908
56538
56067
24922
24921
24920
24919
24918
24917
24916
56066
56065
24929
56064
56063
24926
24925
24924
24923
24939
24938
24937
24936
24935
24934
56062
56061
60971
56075
60968
60967
60966
60965
60964
60963
60980
60979
56074
56073
60975
60974
56072
60972
24895
56071
24892
24891
24890
24889
24888
24887
24904
24903
56070
24901
56069
24899
24897
24896
56068
24870
24869
24867
24866
24865
24864
24863
24882
24881
56083
24877
24876
56082
24874
24873
60954
60953
56081
56080
24886
24885
24884
24883
60962
60961
60960
60959
60958
60957
60956
60955
56079
24834
24833
24832
24831
24830
24828
24827
24845
24844
24842
24841
24840
24839
24838
24836
24853
24852
24851
24850
24849
24848
24847
24846
24862
24861
24860
24859
24858
24857
24856
56078
24798
24797
24796
24795
56077
24793
24792
24791
24809
24808
24806
24805
56076
24803
24802
24799
24817
24816
24815
24814
24813
24812
24811
24810
24826
24825
24824
24823
24822
24821
24820
24818
24765
24764
24763
24762
24761
24760
24759
24758
24773
24772
24771
24770
24769
56094
24767
24766
24781
24780
24779
24778
24777
24776
24775
24774
56093
24789
24788
24787
24786
24784
24783
24782
24730
24729
24728
24727
24726
24723
24722
24721
24739
24738
24736
24735
24734
24733
56092
24731
24748
24747
24746
24745
24744
24742
24741
24740
24757
24756
24755
24754
24752
56090
24750
24749
24692
24691
24690
24689
24688
24687
24686
24685
24701
24700
24699
56088
56087
24696
24694
24693
24709
56086
24707
24706
24705
24704
24703
56084
24719
24718
24716
24714
24713
24712
24711
56033
24656
24655
24654
24653
56032
24651
24650
24649
24667
24665
24664
56031
24662
24661
24660
24659
24675
24674
24673
56030
24671
24670
24669
24668
24684
24683
24681
56029
24679
24678
24677
24676
61004
61003
61002
61001
61000
60998
56028
60995
24632
24631
56026
61012
56025
61009
61006
61005
24640
24639
24638
24637
24636
24635
24634
24633
24648
24647
24646
24645
24644
24643
24642
24641
24616
24615
24614
24612
24611
24610
24609
24608
24624
24623
24622
24621
24620
24619
24618
24617
60986
60985
60983
24630
24629
24628
24626
24625
60994
60993
60992
60991
56042
60989
60988
60987
24581
24580
56041
24578
56040
56039
24574
56038
24589
24588
24587
24586
24585
24584
24583
24582
24598
24596
24595
24594
56037
24592
24591
24590
56035
24606
56034
24604
24603
24602
24601
24599
24541
24540
24539
56051
24537
24536
24535
24534
24550
24549
24547
24546
24545
24544
24543
56050
24561
24560
56049
24556
24555
56048
24553
24552
24569
24568
24567
24566
24565
24564
24563
24562
24509
24508
24507
24506
24504
24503
24502
24501
24517
24516
56047
24514
24513
24512
24511
24510
24525
24524
24523
24522
56046
24520
24519
24518
24533
24532
24531
24530
56045
24528
24527
24526
24469
24468
24465
24464
24463
24462
24461
56044
24479
24478
24477
24476
24475
24472
24471
56059
24489
56058
24487
24486
24485
24484
24481
24480
24500
24499
24498
24497
24496
24494
24492
56057
61039
61038
61037
61036
61035
61034
61033
61032
24440
24439
56056
61045
61044
61043
61042
61040
24449
24448
24446
24445
24444
24443
24442
24441
24458
24457
24456
24455
24454
24453
24452
24450
24427
24425
56055
24422
24421
56054
24419
24418
24437
24436
24435
24434
24433
56053
24430
24428
61021
61020
61019
61018
61017
61016
61015
24438
61031
61030
61029
61028
61026
61024
61023
61022
24389
24388
24387
24386
24385
24384
24383
24381
24397
24396
56052
55995
24393
24392
24391
24390
24407
55994
24405
24403
24402
24401
24399
24398
55993
24416
55992
24413
24412
24411
24410
24408
24354
24353
24352
24351
24350
24349
24347
24346
24363
24361
24360
55991
24358
24357
24356
24355
24372
24371
24370
24369
24367
24366
24365
24364
24380
24379
24378
24377
24376
24375
24374
24373
24319
24318
24317
55989
24314
55987
24312
24311
56005
24326
24325
24324
24323
24322
24321
24320
24336
24335
56004
24333
24332
56003
24329
24328
24345
24344
24343
24342
56002
56001
24338
24337
24279
24278
24277
24276
24275
24274
24273
24271
24289
24287
24286
24285
24284
24283
24282
24280
56000
24298
24297
24296
24295
24294
24293
24291
24310
24309
24308
24307
24304
55997
24301
24300
24244
24242
24241
24240
24239
24238
24237
24236
24252
24251
24250
24249
24248
24247
24246
24245
24261
24260
24259
24258
24257
24256
24255
24253
24270
24269
24268
24267
56014
24265
24264
24262
24206
24205
24204
24203
24202
24201
56012
24199
24216
24215
24214
24213
24212
24210
24209
24207
24226
24225
24224
24223
24221
24220
24219
24218
56011
24234
24232
56010
24230
24229
56009
24227
61067
61066
61065
61064
56008
61061
61060
61059
61075
61074
61073
56007
61071
61070
61069
61068
24188
24187
24186
24185
24183
61078
61077
61076
24198
24196
24194
24193
24192
24191
24190
24189
24167
24166
24165
56006
24163
56024
24159
24158
24178
24176
24175
24174
24173
24172
24171
24170
61050
61049
61048
61047
24182
24181
24180
24179
61058
61057
61056
61055
61054
61053
61052
61051
56023
24129
24128
24127
24126
56021
24123
24122
56020
24137
56019
24135
24134
24133
56018
24131
24149
56017
24147
24146
24144
24143
24142
24141
24157
24156
24155
24154
24153
24152
24151
24150
56016
24091
24090
24087
24086
24085
24084
24082
55960
24100
24099
55959
24097
24096
24095
24093
24111
24110
24109
24108
24106
55958
24103
24102
24121
24120
24119
24116
55957
24114
24113
24112
24053
24052
24051
24050
55955
55954
55952
24046
24063
24062
24061
24060
24059
24056
24055
24054
55951
24070
24069
24068
24067
24066
24065
24064
55969
24079
24078
24077
24076
24075
24074
24073
55968
61101
61100
61099
61098
61096
61095
61093
55967
24024
24023
61110
61109
61108
61107
61105
24034
24033
24032
24031
55966
55964
24028
55963
24045
24042
24040
24039
24038
24037
24036
24035
24008
24007
24006
24005
24004
24003
24002
24001
24016
24015
24014
24013
24012
24011
24010
24009
61082
61080
24022
24021
24020
24019
24018
24017
61090
61089
61088
61087
61086
61085
61084
61083
23973
23972
23970
23969
23968
23967
23966
23964
55962
23980
23979
23978
23977
23976
23975
23974
23992
23989
23988
55961
23986
23985
23984
23983
55977
55976
23998
23997
23996
23995
23994
23993
55975
23931
23930
23929
23927
23926
23925
23924
55974
23941
23940
23939
23938
55973
23935
23933
23953
23952
23951
55972
23948
23947
23946
23944
23962
23961
23959
23958
23957
23956
55971
23954
23898
23897
23896
23895
23894
23893
23892
23891
23907
23906
23905
55970
23902
23901
55985
23899
23915
23914
23913
23912
23911
23910
23909
23908
55984
23922
23921
23920
23919
23918
23917
23916
23862
23861
23860
23859
23857
23856
23855
23853
23870
23869
23868
55983
55982
23865
23864
23863
23881
23880
55981
23877
23876
23873
23872
23871
23890
23889
23888
23887
23886
23885
23883
23882
61137
61135
61134
55980
61132
61131
61130
55979
23833
55978
23831
61142
61141
56590
61139
61138
56589
56588
23840
23839
23838
56586
23835
23834
23852
23851
23850
23849
23847
23846
23845
56584
23816
23815
23814
23813
23811
23810
23808
23807
23830
23829
23828
23826
23824
23823
23818
23817
61120
61119
61117
61116
61115
61114
61112
61111
61128
61127
61126
61125
61124
61123
61122
61121
23779
23777
23776
23775
23774
23773
23772
23771
23787
23786
23785
23784
23783
23782
23781
23780
56583
23795
23794
23793
23791
23790
23789
23788
23806
23805
23804
23803
23802
23800
23798
23797
23744
23743
23742
23741
23740
23739
23738
23737
23752
23751
23750
23749
23748
23747
23746
23745
23761
23760
23759
23758
23757
23756
23755
23753
23770
23769
23767
23766
23765
23764
23763
23762
23709
23708
23707
23706
23705
56581
23703
55930
23719
23718
23717
23716
23715
23714
23712
23711
23727
23726
23725
23724
23723
55929
23721
23720
23736
23735
23734
23732
23731
55927
23729
23728
23672
23671
23670
23669
23668
23667
23666
23665
23682
56598
23679
23678
23677
23676
23675
23673
23692
23691
23690
23689
23687
23686
23684
23683
23701
23700
23699
56595
23697
23696
23695
23694
23636
23635
23634
23633
23631
23630
23629
23628
23646
23645
23644
23643
23642
23640
23639
23637
23656
23655
23653
23652
23650
23649
23648
23647
56594
23663
55942
55941
23660
55939
23658
23657
23598
23596
23595
23594
23593
23592
55937
23590
23606
23605
55934
23603
23602
23601
23600
23599
23618
23617
23614
23612
23611
55933
23609
23607
23627
23625
23624
23623
23622
23621
23620
23619
61162
55949
61159
61158
61157
61156
61155
61153
55948
61169
61168
61167
61166
61165
61164
61163
23579
55947
23577
23576
61174
61173
61172
61171
23589
23587
23586
23585
23584
23583
23581
23580
55945
23556
23553
23552
23551
55944
23549
55943
23567
23566
23565
23564
23562
23561
23560
23558
61144
61143
23574
23572
23571
23570
23569
23568
61152
61151
61150
61149
61148
61147
61146
61145
55914
23518
23517
23516
23515
23514
23513
23512
23529
23528
55913
23525
23523
55910
23521
23520
23539
23537
23536
55909
23534
23532
23531
23530
23547
23546
23545
23544
23543
23542
23541
23540
23485
23484
23483
23482
23481
23480
55908
23478
23495
23494
23493
23492
55907
23489
23488
55906
23503
23502
55905
23500
23499
23498
23497
23496
23511
55923
23509
23508
23507
23506
23505
23504
23452
23451
55922
55921
23448
23447
55920
23445
55919
23460
23458
23457
23456
23455
23454
23453
23469
23468
23467
23466
23465
23464
23463
23462
23477
23476
23475
23474
23473
23472
23471
23470
23419
23418
23417
23416
23414
55917
23412
23410
23427
23426
23425
55916
55915
23422
23421
23420
23435
23434
23433
56571
23431
23430
23429
23428
23443
23442
23441
23440
23439
23438
23437
23436
23380
23379
23378
23377
23376
23375
23372
23371
23390
56570
56567
23386
23385
23384
23383
23382
23401
23400
23398
23397
23396
23395
23392
23391
23409
23408
23407
23406
23405
23404
23403
23402
23343
23342
23341
23340
23339
23338
55926
23336
23353
23352
23351
23350
55925
23346
23345
55924
56580
23360
23359
23358
23357
23356
23355
56579
23370
23369
23368
23367
23365
23364
23363
23362
23311
23310
23309
23308
23307
23306
23305
56578
23319
23318
23317
23316
23315
23314
23313
23312
23327
23326
23325
23324
23323
23322
23321
23320
23335
23334
23333
23332
23331
23330
23329
23328
23277
23276
23275
23273
23272
23271
56577
23268
23286
23285
23284
56576
56575
23281
23280
23279
23295
23294
23293
23292
23291
56574
23288
23287
23303
23302
56572
23300
23299
55877
23297
23296
23242
23241
23240
23239
23238
23236
23235
23234
23251
23250
23249
23248
23247
23246
23244
55876
23259
23258
23257
23256
23255
23254
23253
23252
23267
23266
23265
23264
23263
23262
23261
23260
61193
55874
61191
61190
61189
61188
61187
61186
61201
61200
61199
61198
61197
61196
61195
61194
23225
55873
23223
61206
61205
61204
61203
61202
23233
23232
23231
23230
23229
23228
23227
23226
55872
23206
23205
23204
23203
23202
23201
23199
23215
55871
23213
23212
23211
23210
23209
23208
61176
61175
23222
23221
23220
23219
23218
23217
61185
61184
61183
61182
61181
61180
61179
61178
23171
23170
23169
23168
23166
23165
23164
23163
23181
23179
23178
23177
23176
55870
23174
23173
23189
23188
23187
23186
23185
23184
23183
23182
55869
23197
23196
23195
23194
23193
23192
23190
23135
23134
23133
55887
23129
23128
23127
23126
23145
55886
23143
23142
55885
23140
23139
23138
23154
23153
23152
23150
23149
23148
23147
23146
23162
55884
23160
55883
55882
23157
23156
23155
23098
23097
23095
23094
23093
23092
23091
23090
23107
23106
55880
23104
23103
23102
23101
23100
23115
23114
23113
23112
23111
23110
55878
23108
55896
23124
23122
23121
23120
55894
23117
23116
23059
23058
23057
23056
23055
23053
23052
23051
23071
23069
23068
23067
23066
23064
23063
23062
23080
23079
23078
23077
23076
23075
23074
23073
23089
23087
23086
23085
23084
23083
23082
23081
23025
23023
23021
23020
23019
55893
23017
23016
23033
23032
23031
23030
23029
23028
23027
23026
23042
23041
23040
23039
23038
23037
23036
23034
23050
23049
23048
23047
23046
23045
23044
23043
22987
22986
22985
22984
55892
22982
22981
22980
55891
22995
22994
22993
22992
55890
22989
22988
23006
23004
23003
23002
55904
23000
22998
22997
23015
23014
23013
23012
23011
23010
23008
23007
55903
22953
22952
22951
22950
22949
22948
22947
22962
22961
22960
22959
22958
22957
22956
22955
22971
22970
22969
22968
22966
22965
55902
22963
55901
22978
22977
55900
22975
22974
22973
22972
61225
61224
61223
61222
61221
61220
61219
61218
61233
61232
55898
61230
61229
61228
61227
61226
22938
22936
22935
61238
61237
55837
61235
61234
22946
22945
22944
22943
55836
55835
22940
22939
22920
22919
22918
22917
22916
22914
22913
55834
22928
22927
22926
22925
22924
22923
55833
22921
61209
61208
61207
22934
22933
22932
22930
22929
61217
61216
61215
61214
61213
61212
61211
61210
22877
22876
22875
22874
22873
55832
22871
22870
22886
22884
22883
22882
22881
22880
22879
22878
55831
22893
22892
22891
55830
22889
22888
22887
22903
22902
22901
55848
22898
22897
22896
22895
22843
22842
22841
22840
22839
22838
55845
22836
22851
22850
55843
22848
22847
22846
22845
22844
22860
22858
22857
22856
22855
22854
22853
22852
22869
22867
22866
22865
22864
22863
22862
22861
22809
22808
22807
22806
22805
22804
22803
22801
22817
22816
22815
22814
22813
22812
22811
22810
22826
55842
22824
22822
22821
22820
22819
55841
22835
22834
22832
22831
22830
22829
22828
22827
22775
22774
22773
22772
22771
55840
22769
22768
22783
22782
22781
22780
55838
22778
22777
22776
55856
22791
22790
22789
55855
22787
22785
22784
22800
22799
22798
55854
22796
22795
22794
55853
22737
22734
22733
22732
22731
22730
22729
22728
22748
22747
22746
22745
22743
55852
22739
22738
55851
22757
22755
55850
22752
22751
22750
22749
22767
22766
22765
22764
22763
22762
55849
22760
61262
61261
61260
61259
61258
61257
61256
61255
61270
61269
61268
55867
61266
61265
61264
61263
22718
22717
22716
55866
22714
22713
22712
22711
22727
22726
55865
22724
22723
22722
22721
22719
22699
22694
22693
22692
22691
22690
22689
22688
22709
22708
22707
22706
22705
22704
22703
22702
61245
61244
61243
61242
61241
61240
61239
22710
61254
61253
61252
61251
61249
61248
61247
55863
22662
22661
55862
22659
22658
22657
22656
22655
22670
22669
22668
22667
55859
22665
22664
22663
22679
22678
22677
22676
22674
22673
22672
55857
22687
22686
22685
22684
22683
22682
22681
22680
22628
22627
22626
22624
22623
22621
22620
55804
22637
22636
22635
22634
22633
22632
22631
22630
55802
22644
22643
22642
22641
22640
55801
22638
22654
22653
22652
22651
22650
22649
22648
55800
22593
22592
22591
22590
22589
22588
22587
22586
22602
22601
22600
55799
55798
22597
22596
55796
22610
22609
22608
22607
22606
22605
22604
22603
22618
22617
22616
55795
22614
22613
55813
22611
22559
22558
22557
22556
22555
22554
22553
22552
22567
22566
22565
22564
22563
22562
22561
55812
22575
22574
22573
22572
22571
22570
22569
22568
22585
22584
55811
22581
22579
22578
22577
55808
22522
22521
22520
22519
22518
22517
22516
22515
22530
22529
55807
22527
22526
22525
22524
22523
22540
22539
22537
22536
22535
22533
22532
22531
55806
22550
22549
22546
22545
22543
22542
22541
22488
55805
55821
55820
22483
22482
55819
22480
22497
22496
22495
22494
22492
22491
22490
55818
22506
22505
22504
22503
22502
22500
22499
55817
22514
22513
22512
22511
22510
22509
22508
22507
22452
22451
22450
55816
22448
55815
55814
22445
22460
22459
22458
55829
22456
22455
22454
22453
55828
22467
22466
22465
22464
22463
22462
22461
55827
55825
22476
55824
22474
22472
22471
22470
22420
22419
22418
22415
22414
22413
22412
22411
22428
22427
55823
22425
22424
55822
22422
55765
22436
22435
22434
22433
22432
55764
22430
22429
22444
22443
22442
22441
22440
22439
22438
22437
61292
61291
61290
55763
55762
55761
61286
61285
61301
55760
61298
61297
61296
61295
61294
61293
22400
22399
22398
55759
22396
22395
55758
22392
55775
22408
22407
22406
22405
22404
22403
22402
22375
22373
22371
22370
22368
22367
22366
22365
22385
22384
22383
22382
22380
22379
22377
22376
61275
61274
61273
61272
61271
22390
22387
22386
61284
61283
61282
61281
61280
61279
61278
61277
55774
22329
22328
55772
55769
22323
22321
22320
22341
22340
22339
22338
22337
22335
55768
22332
22351
22349
22348
22346
55767
22344
22343
22342
22364
22363
55782
22357
22356
22355
22354
55781
61328
61326
61325
55780
61323
61322
61321
61320
22297
22296
22295
61334
61333
61332
61331
61329
22309
22307
22305
22304
22303
22300
22299
22298
22317
22316
22315
22314
22313
22312
22311
22310
22284
22283
22281
22280
22279
22278
22277
22276
22292
22291
22290
22289
22288
22287
22286
55779
61309
61308
61307
61306
61305
61303
22294
22293
61317
61316
55777
61314
61313
61312
61311
61310
55793
22245
22244
22243
55791
22240
22239
22238
22255
55790
22252
22251
22250
22249
22248
22247
22263
22262
22261
22260
22259
22258
22257
22256
22275
22273
22271
22270
22269
55789
22266
55787
22208
22207
55786
22205
22204
22203
22202
22201
22217
22216
55785
22214
22213
22211
22210
22209
22228
22226
22225
22222
22221
22220
22219
22218
22237
22236
22235
22234
22233
22232
22230
56626
22174
22173
22172
22171
22170
22169
22168
22165
22183
22182
22181
22180
22179
22178
22177
22176
22191
22190
22189
22188
22187
22186
22185
22184
22200
22199
22198
22197
22196
22194
22193
22192
22137
22136
22135
22134
22133
22131
22130
22129
22145
22144
22143
56625
22141
22140
22139
22138
22153
56624
22151
22150
22149
22148
22147
22146
22164
22163
22162
56623
22160
56622
22157
22155
22101
22100
22098
22096
22095
22094
22093
22092
22110
56617
22108
22106
55738
22104
22103
22102
22120
22119
22118
22116
22115
22114
22112
55737
22128
22127
22126
22125
22124
22123
22122
22121
55736
22062
22061
22059
22058
22057
22056
55735
56630
22074
22073
22072
22068
22067
22066
22065
22083
22082
22081
22080
22079
22078
22077
22076
22091
22090
22089
22088
22087
22086
22085
22084
22030
22029
56629
22027
56628
22025
22024
22023
22038
22037
22036
22035
22034
22033
22032
22031
22046
22045
55747
22043
22042
22041
22040
22039
22054
55746
22052
22051
55745
55744
55743
55742
21998
21996
21995
21994
21993
21992
21990
21989
22006
22005
22004
22003
22002
22001
22000
21999
22014
22013
22012
22011
22010
22009
22008
22007
22022
22021
55740
22019
22018
22017
22016
22015
55757
61353
61352
55756
61350
61349
61348
61347
61362
61361
55753
61359
61358
55751
61356
61355
21980
21978
21977
21976
21975
61366
61365
61363
21988
21987
21986
21985
21984
55750
21982
21981
21962
55749
21960
55748
55720
21957
21956
21954
21970
21969
21968
21967
21966
55719
21964
21963
61338
55717
61336
61335
21974
21973
21972
21971
61346
61345
61344
61343
61342
61341
61340
61339
21927
55716
21925
55713
21923
21922
21921
21920
21935
21934
21933
21932
21931
21930
21929
21928
21943
21942
55712
21940
21939
21938
21937
21936
21953
21952
21950
21949
21947
21946
21945
21944
21891
21890
21889
21888
21887
21886
21885
21884
21901
21900
21899
21898
21897
21896
21893
21892
21910
21909
21908
21907
21905
21904
21903
21902
21919
21918
21917
21916
21915
21914
21913
21912
21858
55730
21856
21855
21854
55729
21852
21851
21867
21866
21865
55727
21862
21861
21860
21859
21875
21874
21873
21872
21871
21870
21869
21868
21883
21882
55726
21880
55723
21878
21877
21876
21821
21819
21818
21817
21816
21815
21814
21813
21832
21830
21829
21827
21826
21824
21823
21822
21841
21840
55722
21838
21837
21836
21834
21833
21849
21848
21847
21846
21845
21844
21843
21842
21781
55721
21779
21778
21777
56602
21774
21773
21791
21790
21789
21788
21787
21786
21785
21782
21801
21800
21799
21798
21797
21795
21794
21793
21812
21811
21809
21808
21807
21806
21803
21802
56601
21742
21741
21740
21738
21736
21735
21734
21754
21752
21751
21750
21749
21748
21747
21745
21763
21762
21761
21760
21759
21758
21757
21755
21772
21771
21770
21769
21768
21767
21766
21764
61389
61388
61387
56600
61385
61384
61383
61382
61397
61396
61395
61394
61393
61392
61391
61390
21725
21724
21723
21722
21721
21720
21719
61398
21733
21732
21731
21730
21729
21728
21727
21726
21705
56599
21703
21701
21700
21699
21698
21697
21715
21714
21713
21712
21711
55734
21709
55733
61372
61371
61370
61369
61368
61367
55732
21717
61381
61380
61379
61378
61377
61376
61375
61374
56612
21668
21665
21663
21662
21661
21660
21659
21678
21677
21676
21675
21673
21672
21671
21670
21687
21686
21685
21684
21683
21682
21681
21679
21696
21695
21694
21693
21692
21690
21689
21688
21633
21632
56610
21630
21629
21628
21627
21626
21641
56608
21639
21638
21637
21636
21635
21634
21649
21648
21647
21646
56607
21644
21643
21642
56606
21656
21655
21654
21653
21652
21651
21650
21600
21599
21598
56605
21596
21595
21594
21593
21608
21607
21606
21605
21604
21603
56604
21601
21617
21615
21614
21613
21612
21611
21610
21609
21625
21624
21623
21622
21621
56603
21619
21618
21565
21564
21563
21562
21561
21559
21558
21557
21573
55687
21571
21570
21569
21568
21567
21566
21583
21582
21580
21579
21578
21577
55686
21574
21592
21590
21589
21588
21587
21586
21585
21584
21526
21525
21524
21523
21522
21521
21520
21519
55685
21537
21535
21533
21532
21531
21530
21529
21547
55684
21545
21544
21543
21542
21540
21539
21556
21555
21553
21552
21551
21550
21549
21548
61429
55683
61427
61426
61425
61424
61423
61420
21501
21500
21499
21498
21497
21496
21495
61430
21509
21508
21507
21506
21505
21504
21503
21502
21518
21517
21516
21515
21514
21513
21512
21511
21485
21484
21482
21481
21480
21479
21478
21475
21493
21492
21491
21490
55681
21488
21487
21486
61407
61406
55680
55694
61403
61400
61399
21494
61418
55693
61416
61415
55692
61411
61410
61409
21446
21445
55691
21443
21442
21441
21440
21439
55690
21453
21452
21451
21450
21449
21448
21447
21464
21462
21461
21460
21459
21457
55689
21455
55688
21472
21471
21470
21469
21468
21467
21465
21411
21410
21409
55703
21406
21405
21404
21403
21420
21419
21418
21417
21416
21415
21414
21413
21430
21429
21426
21425
21424
21423
21422
21421
21438
21437
21436
21435
21434
21433
21432
21431
21375
21374
21373
21372
21370
21369
21368
21367
21383
55702
21381
55701
55700
21378
21377
21376
21392
21391
21390
21388
21387
21386
21385
21384
55699
21401
21400
55698
21398
21397
21395
21394
21339
21338
21336
21335
21334
21333
55697
55696
21348
21347
21346
21345
21343
21342
55711
21340
21357
21356
21355
21354
21352
21351
21350
21349
21366
55710
21364
55709
21362
21361
21360
21359
21303
21302
21301
21300
21298
21297
21296
21295
21313
21312
21311
21310
21309
21306
21305
21304
21321
21320
21319
21318
21317
21316
21315
21314
21330
21328
21327
21326
21325
21324
21323
21322
21266
21265
21264
21263
21262
21261
21260
21259
55708
55707
21273
21272
21271
21270
21268
21267
21286
21283
21282
21281
21280
21279
21278
21277
21294
21293
21292
21291
21290
21289
21288
21287
21232
21231
21230
21229
21228
21227
55706
21225
21240
21239
21238
21237
21236
21235
21234
21233
21249
21248
21246
21245
21244
21243
55705
21241
21258
21257
21256
55704
21254
21253
21252
21250
61452
61451
55652
61449
61447
61446
61445
61444
61461
61460
61459
61458
61457
61455
61454
61453
55651
21214
55649
21212
21209
21208
21207
55648
21224
21223
21222
21221
21220
21218
21217
21216
21190
21189
21188
21187
21185
21184
21183
21182
21200
21199
55647
21196
21195
21194
21192
55645
61434
61432
61431
21206
21205
55642
55660
21202
61442
61441
61440
61439
61438
61437
61436
61435
21156
55658
21154
55657
21151
21150
21149
21148
21165
21164
21162
21161
21160
21159
21158
21157
21173
55656
21171
21170
21169
21168
55655
21166
21181
21180
21179
21178
21177
21176
21175
55654
21120
21119
21117
21116
21115
21114
21113
55653
21129
21128
21126
21125
21124
21123
21122
21121
55670
21136
21135
21134
21133
55669
21131
21130
21147
21146
55667
21143
21141
21140
55665
21138
21085
21083
21082
21081
55663
21079
21078
21077
21094
21092
21091
21090
21089
21088
21087
21086
21102
21101
21100
21099
21098
21097
21096
55662
21111
21110
21109
21108
21107
21106
55679
21103
21049
21048
21047
21046
21045
21044
21043
21042
21059
21058
21057
21056
21055
21052
21051
21050
21068
21067
55678
21065
55676
55675
21061
21060
21076
21075
21074
21073
21072
21071
55674
21069
21015
21014
21013
21012
21011
21010
21009
21008
21023
21022
21021
21020
21019
21018
21017
21016
21032
21031
21029
21028
21027
21026
21025
21024
21041
21040
21039
21038
21036
21035
21034
21033
20977
20975
20974
20973
20972
20971
20970
20969
20988
20986
20985
20983
20982
20981
20980
20979
20999
55672
20997
20996
20995
20994
20993
20992
21007
21006
21005
21004
21003
21002
55671
21000
20942
20941
20940
20939
20938
20937
20936
20935
20950
20949
20948
20947
20946
20945
20944
20943
20960
20959
20958
20957
20956
20954
20953
55610
20968
20967
20966
20965
20964
20963
20962
20961
20908
20907
20906
20905
20904
20902
20901
20900
20916
20915
20914
20913
20912
20911
55609
20909
20925
20924
20923
20922
20921
20920
55608
55606
20934
20933
20932
20931
20929
20928
20927
20926
61481
55605
61479
61478
61477
61475
61474
61473
61489
61488
61487
61486
61485
61484
61483
61482
55604
20888
20887
61494
61493
61492
61491
61490
20898
20897
20895
20894
20893
20892
20891
20890
20871
20870
20869
20867
20866
20865
20864
20862
20880
20879
20878
20877
20876
20874
20873
20872
61464
61463
20886
55603
20884
20883
20882
20881
61472
61471
61470
61469
61468
61467
61466
61465
20834
20833
20831
20829
20828
55622
20826
20825
20843
20841
20840
20839
20838
20837
20836
20835
20853
20852
20851
20850
20849
20848
20847
20844
20861
20860
20859
55621
20857
20856
55620
20854
20797
20796
20795
20794
55619
20792
20791
20790
20807
20806
20805
20803
20801
20800
20799
20798
20815
20814
20813
20812
20811
20810
55618
20808
55616
20823
20822
20821
20820
20819
20818
20816
20760
20759
20758
55615
20756
20755
20754
20753
20769
55613
20767
20766
20765
20764
20763
20761
20778
20777
20776
20775
20774
20773
20771
20770
20789
20787
20784
20783
20782
20781
55630
20779
20725
20724
20723
20722
55629
20720
20719
20718
20734
55627
20732
20730
55626
20728
20727
20726
20744
55625
20741
20740
20739
20738
20736
20735
20752
20751
20750
20749
20748
20747
20746
20745
20691
20690
20689
20688
20687
20685
20684
20683
20700
20699
20698
20697
20696
20695
20693
20692
20708
20707
20706
55624
20704
20703
20702
20701
20717
55623
20715
20714
20713
20712
20711
20710
55641
20656
55640
20654
20652
20651
20650
20649
20665
20664
20663
20662
20661
20660
20659
20658
20674
20672
20671
20670
20669
20668
20667
20666
20682
20681
20680
20679
20678
20677
20676
20675
61517
55639
61514
61513
55638
61511
61510
61509
61526
61525
61523
61522
61521
61520
61519
61518
55637
20638
20637
20636
20635
20634
20632
20631
20648
20647
20646
20645
20644
20643
20642
20641
20615
20614
20613
20612
20611
20610
20609
20608
20623
20622
20621
20620
20619
20618
20617
20616
61499
61497
20630
20628
55636
20626
20625
20624
61508
61507
61506
61505
55632
61503
61502
61500
55631
20576
20575
55578
55577
20572
20571
20570
20587
20586
20585
20584
20581
20580
20579
20578
20596
20595
20593
20592
20591
20590
20589
20588
20607
20604
55576
20602
55575
55574
20598
20597
20545
55572
20543
20542
20541
20540
20539
20538
20553
55571
20551
20550
20549
20548
20547
20546
20561
20560
20559
20558
20557
20556
20555
20554
20569
20568
55586
55585
20565
20564
20563
20562
20512
20511
20510
20508
20507
20506
20505
20504
20521
20520
55584
20517
20516
20515
55582
20513
20529
20528
20527
20526
20525
20524
20523
20522
20537
20536
20535
20534
20533
20532
55581
20530
55594
20474
20473
20472
20470
20469
20468
20467
20485
20484
20483
20482
20480
20479
20478
20477
55593
20494
20493
20492
20489
20488
20487
20486
55592
20502
20501
20500
20499
20498
20497
20496
20439
20438
55591
20436
20435
20434
20433
20432
20449
20448
20447
20445
20444
20443
20441
20440
20457
20456
20455
55590
20453
20452
20451
20450
20465
20464
20463
20462
20461
20460
20459
20458
20403
20402
20400
20399
20396
20394
20393
20392
20414
20413
55588
20411
20409
20408
20406
20404
20422
20421
20420
20419
20418
20417
20416
20415
20431
20429
20428
55587
55602
20425
20424
20423
61547
61546
61545
61544
61543
61541
61540
61539
55601
61554
55600
61552
61551
61550
61549
61548
55599
20378
20377
20376
20375
61558
61557
61556
20391
20390
20387
20386
20385
20384
20383
20382
20360
20359
55598
20357
20356
20355
20354
20353
20368
20367
20366
20365
20364
20363
20362
20361
61529
61528
61527
20374
20373
20372
20371
20369
61538
55597
61535
61534
61533
61532
61531
61530
20325
20324
20322
20321
20320
20319
20318
20317
20333
20332
20331
20330
55595
20328
20327
20326
20343
20342
20341
20340
20339
20338
20337
20335
20352
20351
55545
20349
20348
20347
20346
20345
55544
20288
20287
20286
20285
20284
20283
20282
20297
20296
20295
20294
20293
20292
20291
55543
20306
20305
20304
20303
20301
20300
20299
20298
20316
20315
20313
20312
55540
20309
20308
20307
20256
20255
20254
20252
20251
20250
20249
20248
55539
20263
20262
20261
20260
20259
20258
20257
20272
20271
55538
20269
20268
20267
20266
20265
20281
20280
20279
20278
20277
55553
20275
20273
20220
55552
20218
20217
20216
20215
20214
20213
20228
20227
20226
20225
20224
20223
20222
20221
20237
20236
20234
20233
55551
20231
20230
20229
20247
20245
55550
20243
55549
20241
20239
20238
20183
20182
20181
20180
20179
20178
20177
20176
20194
20193
20190
20189
20188
20187
20186
20184
20202
20201
20200
55548
20198
20197
55547
55546
20212
20211
20210
20208
20207
20206
20205
20204
61585
61583
61582
61581
55561
55560
61574
61573
20155
20154
20153
20152
20151
61590
61588
61587
20166
20165
20164
20163
20162
20160
20158
20157
55559
20174
20172
55558
55557
20169
20168
20167
20135
20134
20133
20132
20131
20130
20128
55556
20144
55554
20142
20141
55570
20138
20137
20136
61562
61561
55569
20150
20148
20147
20146
20145
61572
61571
55568
61569
61568
61567
61566
61563
55567
20100
20099
20098
20097
20096
20095
20094
20109
20108
20107
20106
20105
55566
20103
20102
20117
20116
20115
20114
20113
20112
20111
20110
20126
20125
20124
20123
20121
20120
20119
20118
20063
20062
20061
20060
55564
20057
20056
20055
20074
20070
20069
20068
20067
20066
20065
20064
20083
20082
55563
20079
20078
20077
20076
20075
20092
20091
20090
20089
20088
20087
20086
20085
20027
20026
55562
20024
20023
20022
20020
20018
20037
20035
20033
20032
20031
55512
20029
20028
20046
20045
20044
20043
20042
20040
20039
20038
20054
55511
20052
20051
20050
55507
20048
55505
19988
55504
19986
19985
19984
19983
19982
19981
19997
19996
19995
19993
19992
19991
19990
19989
20008
20007
20005
55503
20003
55521
19999
19998
20017
20016
55520
55519
20012
20011
20010
20009
55518
55516
19952
19951
19950
55515
19948
19947
19962
19961
19960
19959
19958
19957
19956
19955
19972
19970
55514
55529
19967
19966
19965
19963
19980
19979
19978
19977
19976
19975
19974
19973
61616
55528
61613
61612
61611
61610
61609
61607
19929
19928
19927
61622
61621
61619
55527
55526
19937
19936
19935
19934
19933
19932
19931
19930
19946
19945
19944
19942
19941
19940
19939
19938
19913
19911
19910
19909
19907
19906
19905
19904
19922
19921
19920
19919
19918
55525
19916
19915
61597
61595
61593
61591
19926
19925
19924
19923
61606
61604
61603
61602
61601
61600
61599
61598
19877
19876
55524
19874
19873
19872
55523
19870
19886
19885
19884
19883
19881
55522
19879
19878
19894
19893
19892
19891
19890
19889
19888
19887
19903
19902
19901
19900
19898
19897
19896
55536
19841
19840
19839
19838
19837
19834
19833
19832
19851
19850
19849
19848
19847
19846
19844
19843
19861
19860
19859
19858
19856
55535
19853
19852
19869
19868
19867
19866
19865
19864
19863
19862
19804
19803
19802
19800
19799
19797
19796
19795
19812
19811
19810
19809
19808
19807
19806
19805
19820
55534
19818
19817
55533
19815
19814
19813
19831
19830
19827
19826
19825
19824
19823
19822
19765
19764
19762
19761
19760
19759
19758
19757
19774
19773
55532
19771
19769
19768
19767
19766
19783
55531
19781
55530
19778
19777
19776
19775
19793
55475
55474
19788
19787
19786
55473
19784
19732
19730
19729
19727
19726
55472
19724
19723
19740
19739
19738
19737
19736
55471
19734
19733
19748
19747
55470
19745
19744
19743
55469
19741
55468
19755
19754
19753
19752
19751
19750
19749
19695
19694
19693
19692
19691
19690
55484
19685
19704
19703
19702
19700
19699
19698
19697
19696
19712
55482
19710
19709
19708
19707
19706
19705
19722
19721
19720
19719
55481
19715
19714
19713
61641
61640
61639
61638
61637
55480
61635
55479
55478
61648
61647
61646
55477
61644
61643
55493
55492
19673
19672
19671
61654
61653
61652
61650
55490
19682
55489
19680
19679
19678
19676
19675
19656
19655
19654
55488
19651
19648
19647
19646
55486
19664
19663
19662
19661
19660
19658
19657
61625
61624
61623
19670
19669
55485
19667
19666
61633
61632
61631
61630
55502
61628
61627
61626
55501
55500
19619
55499
19616
19615
19614
19613
19629
19628
19627
19626
19625
55498
19623
55497
19637
19636
19635
19634
19633
19632
55496
19630
19645
19644
19643
19642
19641
55494
19639
19638
56655
56654
19578
19577
19576
19575
19574
19573
56653
19590
19588
19586
19585
19584
19583
56652
19602
19601
19599
19596
19595
56651
19593
19592
19612
19611
19610
19609
19608
56649
19604
19603
19544
19543
19541
19540
19539
19538
19537
19536
56648
19553
19552
19551
19549
19548
56647
19545
19563
19562
19561
19559
19558
19557
19556
19555
19571
19570
19569
19568
19567
19566
19565
19564
19510
19509
19508
19507
19506
55447
19504
19503
19518
19517
56662
19515
19514
19513
19512
19511
19526
19525
19524
19523
19522
19521
19520
56661
19534
19533
19532
19531
19530
19529
19528
56660
19476
19475
19474
19473
19472
19471
19470
19469
19485
19484
19483
19482
19481
19480
19478
19477
19494
19493
19492
19491
19490
19489
19488
56659
19502
19501
19500
19499
19498
19497
19496
19495
19439
19437
19436
19435
19434
19433
19431
19430
19449
19446
19445
19444
19443
19442
19441
19440
19460
19459
19458
19457
19456
19455
56658
19452
19468
19467
19466
19465
19464
19463
19462
19461
61673
61672
61671
61670
61669
56657
56656
61666
61683
61682
61681
61680
61679
61677
61676
61674
19421
19420
55456
19418
19417
19415
61686
61684
19429
55455
55454
19426
19425
19424
19423
19422
19399
55453
19397
19396
19395
19394
19393
19392
19408
19407
19406
19405
19404
19403
55452
19400
61656
55451
55450
19413
19412
19411
19410
19409
55449
61663
61662
61661
61660
61659
61658
61657
19363
19362
19361
19360
19359
55467
19357
19356
19373
19372
19371
19368
19367
19366
55465
19364
19381
19380
19379
19378
19377
19376
19375
55464
55463
19389
19387
19386
19385
19384
19383
19382
19328
19327
19325
19324
19322
19321
19319
19318
19337
19336
55460
55459
19332
19331
19330
19329
19346
19345
19344
19343
19342
19341
19340
19338
19355
19354
19353
55458
19351
19350
19348
19347
55457
19290
19289
19288
19287
19286
19285
19284
19299
19298
19297
19296
19295
19294
55432
55431
19309
19308
19305
19304
19303
19302
19301
19300
19317
19316
19315
55430
19313
19312
19311
19310
19258
19257
19256
19255
19252
19251
19250
19249
19266
19265
19264
19263
19262
19261
19260
19259
19274
55429
19272
19271
19270
19269
19268
19267
19282
19281
19280
19279
19278
19277
19276
19275
19223
19222
19221
19220
19219
19218
19217
19216
19232
19231
19230
19229
19228
19227
19226
19225
19240
55428
19238
19237
19236
19235
19234
19233
19248
55427
19246
19245
19244
19243
19242
55426
19186
19185
19184
19183
19182
19181
19180
19179
19196
19195
19194
19193
19192
19191
19190
19188
55425
19204
19203
55442
19200
19199
19198
19197
19215
19213
19212
55440
19210
19208
19207
19206
19153
19152
19151
19150
19149
19148
19147
19146
19161
19160
19159
19158
19157
19156
19155
19154
55439
19168
19167
19166
19165
19164
19163
19162
19178
19177
19176
55437
19174
55436
19172
19171
61708
61707
61706
61705
61704
61703
61702
55435
19129
19128
19127
61718
61713
61712
61711
61710
19137
19136
19135
19134
19133
19132
55433
19130
19145
19144
19143
19142
19141
19140
19139
19138
19111
19110
19109
19108
19107
19106
56635
19104
56632
19119
19118
19117
19116
19115
19113
19112
56631
61688
61687
19126
19124
19123
55446
19121
61700
61697
55444
61694
61693
56646
61691
56645
19078
19077
19076
19075
19074
19071
19070
19069
19086
19085
19084
56644
56643
19081
19080
19079
19095
19094
19093
19092
19091
19090
19088
19087
19103
19102
56642
19100
19099
19098
19097
19096
19042
19041
19040
19039
19038
19037
19036
19034
19051
19050
19049
19048
19047
19046
19045
19043
19059
19058
19057
19056
19055
19054
19053
19052
19068
19067
19066
19065
19064
19063
19061
19060
56639
19002
19000
18999
18998
18997
18996
18995
19013
19012
19011
19010
19009
19008
19006
19005
19022
19020
19019
19018
19017
19016
19015
19014
19033
19032
19031
19030
19029
19027
19025
19024
18970
18969
18968
18967
18966
18965
18964
18963
18978
18977
18976
18975
18974
18973
18972
18971
18986
18985
18984
18983
56637
18981
18980
18979
18994
18993
55398
18991
55397
18989
18988
55396
18936
18935
18934
18933
18932
18931
18930
18929
18944
18943
18942
55395
18940
18939
18938
18937
18953
18952
18950
18949
18948
18947
18946
18945
18962
18961
18960
18959
18958
18957
18956
18955
18903
55393
18901
18900
18899
18898
18897
18896
18912
18911
18910
18909
18908
18907
18906
18905
18920
18919
18918
18917
18916
18915
18914
18913
18928
18927
18926
18925
18924
18923
18922
18921
18869
18868
18867
18866
18865
18864
18863
18861
18877
18876
18875
18874
55392
18872
18871
18870
18885
18884
18883
55390
18881
18880
18879
18878
18895
18894
18892
18891
18890
18889
18888
18887
18831
18830
18829
18828
18827
18826
55406
55405
18841
18840
18839
18836
18835
18834
55404
18832
18850
18849
18848
18847
18846
18845
18844
18843
18860
18859
55403
18855
18854
18853
18852
18851
55402
61742
61741
61740
61739
61738
61737
61736
18807
61750
61749
61748
61747
55401
61745
61744
18815
18814
55399
55416
18811
18810
18809
18808
18823
18822
18821
18820
18819
18818
18817
18816
55413
18796
18795
18794
18793
18792
55412
18790
18806
18804
55411
55409
18801
18800
18799
18798
61727
55408
61725
61724
61722
61721
61720
61719
61735
61734
61733
61732
61731
55407
61729
61728
18756
18755
18754
18752
18751
18750
18748
18747
18766
18765
18764
18763
18761
18760
18759
18758
18775
18774
18773
18772
55424
55423
18769
18768
18789
18788
18787
18785
18782
18781
18780
18776
55422
18716
18715
18714
18713
18711
18710
18709
18727
18726
18724
55421
18721
18720
18719
18718
18735
18734
18733
18732
18731
18730
18729
18728
18746
18745
18742
18741
55420
18738
18737
18736
18679
18678
18677
18676
18675
55419
18673
18672
18689
18688
18687
18686
18685
18684
18682
18681
18698
18697
18696
18695
18694
18693
18691
18690
18708
18707
18706
18705
18704
18703
18702
18701
18644
18643
18642
18641
18640
18639
55418
18637
18652
55417
18650
18649
18648
18647
18646
18645
55364
18661
18660
18659
18658
18657
18654
18653
18671
18670
18668
18667
55363
55362
18664
18663
18611
18610
18609
18608
18607
18606
18605
18603
18619
18618
18617
18616
18615
18614
55361
18612
18627
18626
18625
18624
18623
18622
18621
18620
18636
18635
18634
18633
18632
18630
55360
18628
61772
61771
61770
61769
61768
61767
61766
61765
61781
61779
61778
61777
61776
55359
61774
61773
18589
55358
18587
18586
18585
18584
18583
61782
18601
18600
18599
55357
18596
18592
18591
18590
18568
18567
18566
18565
18564
18563
18561
18560
18577
18576
18575
18574
18573
18572
18570
18569
61753
61752
61751
18582
18581
18580
18579
18578
55372
55371
61762
61759
61758
61756
61755
61754
18533
18532
18531
18528
18527
18526
55370
18524
18542
18541
18540
18539
18538
18537
18536
18535
18550
18549
18548
18547
18546
18545
18544
18543
55369
18557
18556
18555
18554
18553
18552
18551
55368
18495
18494
18493
18492
18491
18490
18488
55367
55366
18502
18501
18500
18499
18498
18497
18515
18514
18513
18512
18511
18510
18509
18508
18523
18522
18521
18520
55365
55380
55379
18516
18453
18452
18450
55378
18448
18447
18446
18445
18463
55377
18461
18459
18458
55376
18455
55375
18475
18473
18472
18470
18469
18468
18467
18464
18487
18485
18484
18483
18482
18481
18479
18477
61803
61802
61801
61800
61799
61796
61795
61794
61814
61813
61812
61811
61810
55374
61805
61804
18434
18432
55373
18429
18428
18426
18424
18423
18443
18442
18441
18440
55389
18437
18436
18435
18408
55388
18405
18404
18403
18402
18401
18400
18417
18416
18414
18413
18412
18411
55386
18409
61785
61784
61783
18422
18421
18420
18419
18418
61793
61792
61791
55385
61789
61788
61787
61786
18371
18370
18369
18367
18366
55384
18363
55383
55382
18378
18377
55381
18375
18374
18373
18372
18388
18387
18386
18385
18384
55329
18381
18380
18399
55326
18397
55322
55321
18391
18390
18389
18335
18334
18333
18332
18331
18330
18328
18327
55320
18343
18342
18341
55338
18338
18337
18336
18352
18351
55336
18349
55334
18347
55333
18345
55332
18360
18359
18358
18357
18356
18355
18354
18299
18297
18296
18294
18293
18292
18291
18290
18308
18306
18305
18304
18303
18302
18301
18300
18317
18316
18315
18314
18312
18311
18310
18309
18326
18325
18324
18323
18322
18320
18319
18318
18264
18263
55330
18261
18260
18259
18258
55347
55346
18272
18271
18269
18268
18267
18266
18265
55344
18280
18279
18278
18277
18276
18275
18274
18289
18288
18287
18286
18285
18284
18283
18282
61841
61840
61839
61838
61837
61835
61834
61833
55343
18234
18232
18231
61845
61844
61843
61842
18243
18242
18241
18240
18239
18238
18237
18236
18256
55342
18251
18250
18249
18247
55341
18244
18219
18218
18217
18216
18214
55340
18212
18209
55339
18226
18225
18224
18223
18222
18221
18220
61821
61820
61819
61818
61816
61815
18230
55356
61832
61831
61829
61828
61827
61826
61825
61822
18182
18181
18180
18179
18178
18176
18175
18174
18190
18189
18188
18187
18186
18185
18184
18183
18199
18198
18197
18196
18195
18194
18193
18192
18208
18206
18205
18204
18203
18202
18201
55355
18146
18145
18144
18143
18142
55353
18139
18138
18154
18153
18152
18151
18150
18149
18148
18147
18162
18161
18160
18159
18158
18157
18156
55352
18172
18171
18170
18169
18167
18165
18164
55351
18105
18104
18103
18101
18100
18099
18098
18097
18116
18114
18113
18112
18109
18108
55348
18106
18125
18123
18122
18121
18120
18119
55292
18117
18136
55290
55288
18132
18129
18128
18127
18126
18071
18070
18068
18067
18066
18065
18064
18063
18080
18079
18078
18077
18076
18074
55287
18072
18088
18087
18086
18085
18084
18083
18082
18081
18096
18095
18094
18093
18092
18091
18090
18089
18035
18034
55286
18032
18031
18030
55284
18027
55300
18045
18043
18042
18041
18039
18037
18036
18054
18053
18052
18051
18050
55298
18048
18047
18062
18061
18060
55297
18058
18057
18056
18055
61869
61868
61867
61866
61865
61863
61862
55296
61878
61876
61875
61874
61873
61872
61871
61870
55295
18017
18016
18013
18012
18011
55294
18008
18026
18025
18024
18023
18022
18021
18020
18019
17992
17991
17990
17989
17988
55293
17986
17985
18001
17999
17998
55310
17996
17995
17994
17993
61849
61848
55309
18006
18005
18004
18003
18002
61860
61859
61858
61857
61855
55306
61851
61850
17958
17957
17954
17953
17952
55303
17948
17947
17966
17965
17964
17963
17962
17961
17960
17959
17976
55319
17972
55318
17970
17969
55317
17967
55316
17983
55315
17981
17980
17979
17978
17977
17913
17912
17911
17910
17909
17908
55314
17906
17924
17923
17921
55313
17917
55312
17915
17914
17935
17934
17932
17931
55257
17927
17926
17925
55256
17943
17942
17941
17939
17938
17937
17936
55255
17872
17871
17870
55254
17868
17866
17865
55253
17882
17881
17880
17878
17877
55252
55250
17896
17894
55249
55266
17891
17890
55265
17884
17905
17904
17903
17902
17901
17899
17898
17897
61899
61898
61897
61896
61895
61894
61893
61892
61908
61907
55264
61904
61903
55263
61901
61900
17856
17855
17854
17850
17848
17847
61910
61909
17864
17863
17862
17861
55261
17859
17858
55260
17833
17832
17831
17830
17829
17828
17827
17826
17841
17840
17839
17838
17837
17836
17835
17834
61882
61881
61880
61879
17846
55258
17844
17842
61891
61890
61889
61887
61886
61885
61884
61883
17799
17798
17797
17796
17795
17794
55274
17792
17807
17806
17805
17804
17803
17802
17801
17800
17815
17814
17813
55272
55271
17810
17809
17808
17825
17824
17823
17820
17819
17818
17817
17816
17760
17759
17758
17757
55270
55269
17752
17751
17774
17772
17771
17767
17765
17764
17763
55268
17783
17782
55267
55281
17779
17778
17777
17775
17791
55280
17789
55278
17787
55276
17785
17784
17723
17722
17721
17720
17719
55275
17717
55220
55219
17731
17730
17729
17728
17727
17725
17724
17741
55218
17739
17737
17736
17735
17734
17733
17750
17749
17748
17747
17746
17745
55217
17742
17684
55216
17682
55215
17679
17678
17677
17676
17695
17694
17693
17692
17690
17688
17686
55213
55229
17704
17703
17701
17700
17699
55228
17696
17714
55227
17712
17711
17710
17709
17708
17707
61935
61934
61933
61932
61928
61927
61926
61922
17657
17656
17655
61942
61941
61939
61938
61937
17666
17665
17664
17663
17662
17661
17659
17658
17675
17674
17673
55226
17671
17670
17668
17667
17638
17637
17636
17635
17634
17633
17632
17631
17648
17647
17646
17645
17644
17642
17641
17639
61912
61911
17654
17653
17652
17651
17650
17649
61921
61920
61918
61917
61916
61915
61914
55225
17605
17604
55224
17601
17600
17599
17598
17597
17614
17613
17612
17611
55222
17609
17608
17607
55221
17621
17620
17619
17618
17617
17616
55240
17630
17629
17628
17627
55239
17625
17624
55238
17569
17567
17566
55236
17564
55233
17562
17560
17580
17579
17578
17576
17575
17574
55232
17571
55231
17587
17586
17585
17584
17583
17582
17581
17596
17595
17594
17593
55230
17591
17590
17589
17531
17530
17529
17528
17527
17526
17525
17524
17539
17538
17537
17536
17535
17534
17533
17532
17549
17548
55247
17546
17545
17544
55246
17542
55245
17558
17557
17556
17555
17553
17552
17551
55244
17494
17492
17491
55243
17489
17488
55242
17505
17504
17503
17501
17500
17499
17498
17497
17513
17512
55241
17510
17509
17508
17507
17506
17523
17522
17521
17519
17518
17516
17515
17514
17461
17460
17459
55185
17455
17454
55184
17451
17469
17468
17467
55183
17465
55182
17463
17462
17478
17477
55181
17475
55180
17473
17472
17470
17486
17485
17484
17483
17482
17481
17480
17479
55179
55178
55193
17420
17419
17418
17417
17416
17432
17431
55192
17429
17427
55191
17425
17424
17442
17441
17440
17438
17436
17435
17434
17433
17450
17449
17448
17447
17446
17445
17444
17443
61962
61961
61960
61959
61958
55190
61956
55188
61973
61972
61969
61968
61967
61966
61964
55187
17406
55186
17404
17402
17401
17400
55202
61974
55201
55200
55199
17411
17410
17409
17408
55196
17382
17380
17379
17378
17377
55195
17375
17373
17391
17390
17389
17388
17386
17385
17384
17383
61945
61944
61943
17397
17396
17394
17393
17392
61954
61953
61952
61951
61950
61949
61948
61946
55194
17344
17342
17341
17340
17338
17337
17336
17355
17352
17351
17350
17349
17348
17347
55211
17364
17362
17361
55210
17359
17358
17357
17356
17372
17371
17370
17369
17368
17367
17366
17365
17307
17306
17303
55209
17298
55208
17296
17295
55207
17317
17316
17314
17313
55204
17310
17308
17326
17325
55203
17323
17322
56684
17320
17319
17335
17334
17333
17331
56682
17329
17328
17327
17266
17265
56680
17263
17262
17261
56679
17258
17275
17274
17273
17271
17270
17269
17268
17267
17286
17284
17283
17282
17281
17279
17277
17276
17294
17293
56677
17291
56675
17289
17288
17287
61995
61994
61993
61992
61991
61990
61989
61988
62005
62004
62003
62001
62000
61999
56674
61996
17248
17247
17246
17245
17243
17242
17241
17239
17257
17255
56692
17253
17252
56691
17250
17249
17223
17222
17221
17220
17219
17218
56690
17216
56688
17233
17232
17231
17230
17229
17225
17224
61979
56687
61977
61975
17238
17237
17236
17235
61987
56686
61985
61984
61983
61982
61981
61980
17186
17184
17183
17181
17179
17178
17177
17176
17194
17193
17192
17191
17190
55168
17188
55166
55165
17205
17204
17203
17202
17200
17199
55164
17215
17214
17213
17212
17211
17210
55163
17207
17148
17147
17146
55162
55161
17143
17142
17141
17157
17156
17155
17154
17152
17151
17150
17149
17166
17165
17164
17163
17161
17160
17159
56694
17175
17174
17173
17172
17171
55176
17168
17167
17113
17112
17111
17110
17109
17108
17107
55175
17123
17122
17121
17118
17117
17116
17115
17114
17132
17131
17129
17128
17127
17126
17125
17124
55174
17139
17138
17137
17136
17135
17134
17133
55173
17079
17078
55171
55170
17075
17074
17073
17089
17088
17087
17086
17085
17084
17082
17081
17097
17096
17095
17094
17093
17092
17091
17090
17105
55169
55141
17102
17101
17100
17099
17098
17041
17040
17039
17038
55138
17036
17035
17034
17053
55137
17051
17049
17048
55136
17043
17042
17063
17062
17061
17060
17059
55135
17056
55134
17072
17071
17070
17069
17068
17067
17065
17064
62027
62026
62025
62024
62023
62022
62021
62020
62037
62036
62035
62034
62033
62031
55133
62028
17022
17020
17019
17018
55132
55149
17015
62038
55148
17032
17031
17030
17029
17028
17026
17025
17000
16998
16997
16996
16995
55147
16993
16991
55146
17007
17006
17005
17004
55145
17002
17001
62011
62010
62008
62007
17014
17013
17011
17010
62019
62018
62017
55144
62015
62014
55143
62012
55142
16965
56665
16963
16962
16961
16960
16959
16974
16973
16972
16971
16970
56664
16968
16967
16982
16981
16980
16979
16978
16977
16976
16975
56663
55158
16988
16987
55156
16985
16984
16983
16931
16930
16929
16928
16927
16926
16925
16924
16940
16939
16938
16937
16936
16935
16934
16933
16948
16947
16946
16945
16944
16943
16942
16941
16958
16957
16956
16955
16954
55155
16952
16949
55152
55150
16891
16890
16889
16888
56673
16886
56672
16902
56671
56670
16899
16898
56669
16895
16913
16912
56668
16909
16908
16907
16906
16904
16923
16921
16920
16919
16917
16916
16915
16914
16858
16857
56667
16853
16852
16851
16850
16849
16867
16865
16864
16863
16862
56666
16860
16859
55104
55103
16873
16872
16871
16870
55102
16868
16885
16884
16883
16882
55101
16880
16879
16878
16816
16815
55100
16813
16812
55099
16810
16809
55098
16824
16823
55097
16820
16819
16818
16817
16837
55114
55113
16834
16833
16831
16829
16826
16847
16846
16844
55112
16842
16841
16840
55110
55109
62060
62059
62058
62057
62056
62054
62053
62070
62069
62068
62067
62066
55106
62064
62063
16798
16797
55105
16795
16794
16793
16792
16791
16808
16807
16806
16805
16802
16801
16800
16799
55122
55121
16767
16766
16765
16764
16763
55120
55119
16777
16776
55118
55117
16772
16771
55116
62041
55115
16790
16789
55131
16785
16784
16783
62052
62050
62049
62048
62047
62046
55130
62044
16731
16730
16729
16728
16727
16726
16725
16724
16742
16741
16740
16739
16738
16737
16735
16732
55129
16751
16750
16749
16748
16747
16746
16743
16761
55128
16759
16758
16757
16756
55127
16753
16697
16696
16691
55125
16689
16688
16686
16685
16705
16704
16703
16702
55123
55067
16699
16698
16713
16712
55066
16710
16709
16708
16707
55064
55063
16722
16720
16718
16717
16716
16715
16714
16656
16655
16653
55062
16651
16650
16649
16648
16666
16665
55060
16662
16661
16660
16659
16657
16675
16674
16673
16672
16671
16670
16669
16668
55058
16682
16681
16680
16679
55078
55076
16676
62093
62092
62091
62090
62089
62088
62087
62085
62101
62100
62099
62098
62097
62096
62095
62094
16637
16636
16635
16634
16633
16632
16631
62102
16647
16646
16644
16642
16641
55073
16639
55072
16618
16617
55071
16615
55069
16612
16610
16609
16626
16625
16624
16623
16622
16621
16620
16619
62075
62074
62072
62071
16630
16629
16628
16627
62084
62083
62082
55068
62080
62079
62078
62077
55087
16575
16574
16573
16572
16571
16570
16568
16587
16586
55086
16584
16583
16582
16581
16580
16598
16597
55085
16595
16593
16592
16591
16589
55083
16606
16605
16604
16603
16602
55082
16599
16539
16538
16537
16535
16534
16533
16532
16531
16547
16546
16545
55081
16543
16542
16541
16540
16558
16557
16556
16554
16551
16550
16549
16548
16567
16566
55080
16564
16562
16561
16560
16559
16501
55079
16498
55096
55095
16495
16494
55093
16511
16510
16509
16508
55092
16506
16505
16504
16520
16519
16518
16517
16516
55091
16513
16512
16530
55090
16528
16526
16525
16524
16522
16521
62126
62125
62124
62123
62122
62121
62119
62118
62134
62133
62132
62131
62130
62129
62128
62127
55088
16478
55030
55028
55027
16473
16472
55026
16491
16489
16488
16487
16485
16483
55025
16480
16458
16456
16454
16453
16452
16451
16450
16449
16469
16468
16467
16466
55023
16463
16462
16461
62109
62108
62107
62106
62105
62104
62103
16470
62117
62116
62115
62114
62113
62112
62111
62110
16418
16417
55038
55037
16412
16411
16410
16409
16427
16426
16425
16424
16423
16422
55036
16419
16435
16434
55035
16432
16431
16430
16429
16428
55034
16443
16442
16441
16440
16439
55033
16436
16378
16377
16376
16375
16373
16372
16371
16370
16390
16389
16387
16386
16384
16383
16380
16379
16400
55032
16397
55031
16394
16393
16392
16391
16408
16407
16406
16405
55048
16403
16402
16401
16341
16339
16338
16337
16336
16333
16332
16330
16350
16349
16348
16347
16346
16345
55045
16342
16358
16357
16356
55044
16354
55042
16352
55041
16367
16366
55040
16364
16363
55039
16360
16359
62158
55057
62156
62155
62154
62153
62152
62151
62166
55056
62164
62163
62162
62161
62160
62159
55055
16318
55054
16315
16314
16313
16312
16311
16329
16328
16327
16326
16325
16324
16322
16320
16294
16293
55052
16291
16289
16288
16287
16285
16303
16301
16300
55051
16298
16297
16296
16295
62140
62137
16310
16309
16308
55050
54994
16305
62149
62148
62147
62145
62144
62143
62142
62141
16255
16253
54992
16250
54991
16248
16247
16246
16264
16263
16262
16260
16259
54990
16257
16256
16274
16273
16272
16271
16268
16267
54988
16265
16284
16283
16282
16280
16278
16277
16276
54985
16215
16214
16212
16211
16209
16208
16207
16206
16227
16226
54984
16224
16223
16222
16218
16217
16237
16234
16233
16232
16231
16230
16229
16228
55002
55001
16243
16242
16241
16240
55000
16238
16177
16176
16175
16173
16172
16171
16170
16169
16185
16184
16183
16182
16181
16180
16179
16178
16197
16196
16195
16191
16190
16189
16187
16186
54999
16204
54998
16202
16201
16200
16199
16198
62185
62184
62183
62182
62181
62180
62179
62178
62194
62193
62192
62191
62190
62189
62187
62186
16158
16156
16155
16154
16151
62197
62196
62195
16168
16167
16166
16165
16162
16161
16160
16159
16134
54997
16131
16130
16129
16128
16127
16125
16143
16142
16141
16139
16138
16137
16136
16135
62169
62168
54996
16149
16148
54995
16145
16144
62177
62176
62175
62174
62173
62172
62171
62170
16095
16094
16093
55012
16090
16089
55011
16087
16105
16104
16103
16102
55010
16100
16099
16096
16113
16112
16111
16110
16109
16108
16107
16106
55009
16122
55008
16119
16118
16117
16115
16114
16061
16060
16059
16058
16057
16056
16055
16054
16070
16069
16068
16067
16066
16064
16063
16062
16078
16077
16076
16075
16074
16073
16072
16071
16086
16085
16084
16083
16082
16081
16080
16079
16021
16019
55007
16017
16016
16015
16014
16013
16031
16029
16028
16027
16026
16025
16024
16023
16041
16040
55006
16036
16035
16034
16033
16032
16053
16052
16050
16049
16048
16045
16044
16043
15984
15983
15982
15981
15980
15979
15978
15977
15995
15992
15991
15990
15989
15988
15987
15985
16003
55005
16001
16000
15999
55021
15997
15996
16012
16011
16010
16008
55020
16006
16005
16004
15951
15950
55019
15948
15947
15946
15945
15944
15959
15958
15957
15956
15955
15954
15953
15952
15967
15966
15965
15964
15963
55018
15961
15960
15976
15975
15974
15973
15972
15971
55017
55016
62220
62219
62218
62217
62216
62215
62214
62213
62228
62227
62226
62225
62224
62223
55014
55013
15934
56718
15932
56717
15930
15929
56716
62230
15943
15942
15941
15940
15939
15937
56715
15935
15913
15912
15911
15910
15909
56714
15907
56713
15922
15920
15919
15918
15917
15916
15915
15914
62204
62203
62202
62201
15926
56712
15924
15923
62212
62211
62210
62209
62208
62207
56711
62205
15876
56726
15874
56724
15872
15870
15869
15868
15884
15883
15882
15881
15880
15879
15878
15877
15895
15893
15891
15890
15889
15888
15887
15886
56723
15903
15902
15901
15900
56722
15898
15896
15843
15842
15841
15840
15839
15838
15837
15836
15851
15850
15849
15848
15847
15846
15845
15844
15859
15858
15857
15856
15855
15854
15853
15852
15867
15866
15865
15864
15863
15862
15861
15860
15810
15809
15808
15807
15806
15805
15804
56721
15818
15817
15816
15815
56720
15813
15812
15811
15827
54974
15825
15824
54973
15822
15821
15820
54972
54971
15833
15832
15831
15830
15829
15828
15774
54970
54969
15771
15770
15769
15767
15766
15782
15781
15780
15779
15778
15777
15776
15775
15793
15792
54968
15789
15788
54983
15786
15784
54982
15801
54981
15799
15798
15797
15796
15795
15736
15735
54980
15733
15732
15731
15730
15729
15745
15744
15743
15741
15740
15739
15738
15737
15756
15755
15753
15752
15751
15749
15747
15746
15765
15764
15762
54979
15760
15759
15758
15757
15704
15703
15702
54978
15698
15697
15696
15695
15712
54977
15710
15709
15708
15707
15706
15705
15720
15719
54976
15717
54950
54948
15714
15713
15728
15727
15726
54947
15724
15723
15722
15721
15667
15666
15665
15663
15662
15661
15660
15659
54946
15674
15673
15672
15671
15670
15669
15668
15684
15683
15682
15681
15680
15679
15678
15676
15694
15693
15691
15690
15689
15688
15686
15685
15630
15629
15628
15627
15626
15625
15624
15623
15640
15639
15638
15637
15636
15635
15634
15631
54945
15648
15647
15646
15644
15643
15642
15641
15658
15657
15656
15655
15654
15653
15652
15650
62251
62250
62247
62246
62245
62244
62243
62242
62259
54944
62257
62256
62255
62254
62253
62252
15611
15610
54961
15608
54960
62262
62261
62260
15621
15620
15619
15618
54958
15616
15614
15613
15592
15591
15590
15588
15587
15586
15585
15584
15600
15599
15598
15597
15596
15595
15594
15593
62232
62231
15606
15605
15604
15603
15602
15601
62241
62240
62239
62238
62237
62236
54956
62233
15555
54954
15553
54953
54952
15550
56700
56699
15565
15564
15563
15562
15561
15560
15559
56696
15574
15573
15572
56695
15570
15569
15568
15566
15583
15582
15581
15580
15579
15578
15577
15576
54966
54964
15519
15518
15517
15516
15515
15514
15530
15529
15528
15527
15526
15525
15524
15523
15539
15538
15537
15536
15535
15534
15532
15531
54963
15546
15545
15544
15543
15542
15541
15540
15486
54962
15484
15482
56710
15480
15479
15478
15495
15494
56709
56708
15491
15490
15488
15487
15504
15503
15502
56706
15499
56703
15497
15496
15513
56702
15511
15510
15508
15507
15506
15505
15446
56701
15444
15443
15442
15441
15440
15438
15455
15454
15453
15452
15451
15450
15448
15447
15468
15467
15465
15462
15461
15458
15457
15456
15477
15475
15474
15473
15472
15471
15470
15469
15406
15405
15404
15403
15402
15401
15400
15399
15417
54914
15415
15414
15413
15412
15411
15407
15427
15426
54912
54911
15423
15422
15420
15419
54910
15436
54906
15434
54905
15431
15429
15428
62284
54903
62282
62281
62280
62279
62278
62277
62294
62293
62292
62289
62288
54922
62286
62285
15390
15389
15388
15387
15386
15385
15384
15383
54921
15397
15396
15395
15394
15393
15392
15391
15369
15368
15367
15365
15364
15363
54920
15361
15377
15376
15375
15374
15373
15372
15371
15370
62266
62264
54919
15382
15381
15380
15379
15378
62276
62275
62274
62273
62272
62271
62270
62269
15329
15328
15327
15326
54918
15324
15323
15321
15343
15340
15339
15336
15335
15333
15332
15331
15351
15350
15349
15348
15347
15346
15345
15344
15360
15359
15358
15357
15356
15355
15353
15352
15294
15293
15292
15291
15290
15289
15288
15287
15302
15301
54917
15299
15298
15297
15296
54916
15311
15310
15309
15308
15307
15306
15305
15304
15320
15319
15318
15317
15315
54915
15313
15312
15257
15256
15255
15254
15252
15251
15250
15249
15266
15265
15264
15263
15262
15260
15259
15258
15276
15275
15274
15273
15272
15271
54931
15269
15286
54930
15284
54928
54927
15280
15278
15277
15220
15219
15218
15217
54926
15215
54924
15212
15232
15230
15228
15227
15225
15224
15223
15222
15240
15239
15238
15237
15236
15235
15234
54923
15248
15247
15246
15245
15244
54943
15242
15241
15183
15182
54942
15180
54940
15177
15176
15175
54939
15191
15190
15189
54938
15186
15185
15184
15202
15199
54936
15197
15196
54932
15194
15193
15211
15210
54876
15207
15206
15205
54875
15203
62313
62312
62311
62310
54874
62307
62306
62305
62322
62321
62319
62318
62317
62316
62315
62314
15164
15163
15161
15160
54873
62325
62324
62323
15174
15173
15172
15171
15170
15169
15168
54872
54869
15143
15142
15141
15140
15139
15138
15137
15152
54884
54882
15149
15148
15147
15146
15145
62296
62295
15158
15157
15156
15155
54880
15153
62304
62303
54879
62301
62300
62299
62298
62297
15109
15108
15107
15106
15105
15104
15103
15102
15117
15116
15115
15114
15113
15112
15111
15110
15126
15125
15124
54878
15121
15120
15119
15118
15135
15133
15132
15131
15130
15129
15128
15127
15071
15070
15069
15068
15067
15066
15065
54877
15079
15078
15077
15076
15075
15074
15073
15072
15090
15089
15088
15087
15086
15083
15081
54894
15099
15098
15097
15095
15094
54893
54892
15091
54891
15037
15036
15035
15034
15033
15032
54889
54886
54885
15044
15043
15042
15041
15040
15039
15054
15053
54902
15051
15050
15049
15048
54900
15063
15062
15061
15060
15058
15057
15056
15055
54899
15000
14999
14998
14997
54898
14995
14993
15010
15009
54897
15006
54896
15004
54895
15002
15020
15019
54838
15017
15016
15014
15013
15011
15029
15028
15027
15026
54836
15024
15023
54835
14965
14964
14963
14962
14961
14960
14959
14958
14974
14973
14972
14971
14970
14969
14967
14966
14983
14982
14981
14980
14979
14978
14977
14976
14992
14991
14990
14988
14987
14986
14985
14984
14932
14931
14930
14929
14928
54834
54833
54832
14940
14939
14938
14937
14936
14935
14934
14933
14948
14947
54831
14945
14944
54849
14942
14941
14957
14956
54848
54844
14953
14952
14951
14950
14896
14895
14894
54843
14892
14891
14890
14889
14906
14905
14904
54842
14900
14899
54841
14897
54860
14914
14913
14912
14911
14910
14908
14907
14923
14922
14921
14920
14919
14918
14917
14916
14862
14861
14860
14859
14858
14857
14856
14854
14871
14870
14869
14868
14866
14865
14864
14863
14879
14878
14877
14876
14875
14874
14873
14872
14888
14887
14886
14885
14884
14883
14882
14880
62347
54857
62344
62343
62342
62341
54856
62339
62356
62355
62353
62352
62351
62350
62349
54855
14844
14843
14842
14841
14840
14839
62358
54854
14853
14852
14851
14850
14849
14847
14846
54851
14823
14822
14821
14820
54850
14817
14816
14815
14832
14831
14830
14829
14828
54868
14825
14824
62328
62327
14838
14837
14836
14835
14834
14833
62338
62337
62336
62335
54867
62333
62332
62330
14789
14788
14787
14786
14785
54865
14782
14781
14797
14796
14795
14794
14793
14792
14791
14790
14805
14804
14803
14802
14801
14800
14799
14798
14814
14813
14812
14811
54864
14808
14807
14806
54863
14754
14753
14752
14751
14749
14748
14747
14763
14762
14761
54862
14759
14758
54861
14756
14771
14770
14769
14768
14767
14766
14765
14764
14780
14778
14777
14776
14775
14774
14773
14772
14720
14719
14718
14717
14716
14715
14714
14713
14728
14727
14726
14725
14724
14723
14722
54804
14736
14735
14734
14733
14732
14731
54803
14729
14746
54801
14744
14743
14742
14739
14738
14737
14681
14680
14679
14678
14677
14676
14675
14674
14689
14688
14687
14686
14685
14684
14683
14682
14700
14698
14697
54800
14693
14692
14691
14690
14710
14709
54799
14706
14705
14703
14702
14701
14645
14644
14643
14642
14641
14640
14639
14638
14657
14656
14654
14652
14651
14648
14647
14646
14665
14664
14663
14662
14661
14660
14659
14658
14673
14672
14671
14670
14669
14668
14667
14666
14609
54797
14607
14604
14603
14601
14600
54796
14618
14617
14616
14614
14613
14612
54812
14610
14628
14627
14626
14625
14624
14623
14622
14620
14637
54811
14635
14633
14632
14631
14630
14629
62380
62379
62378
54810
62376
62375
62374
62373
62388
54809
62386
62385
62384
62383
62382
62381
14590
14587
14586
14585
14584
14583
62390
62389
14598
14597
14596
14595
14594
14593
14592
14591
14568
14567
14566
14565
54808
14563
14561
14560
14576
14575
14574
14573
14572
14571
14570
14569
62361
54807
14582
14581
14580
14579
14578
14577
62372
62370
54806
62368
62367
62366
62365
62364
14534
14533
14532
54805
14530
14529
14528
54821
14542
54818
14540
54817
14538
14537
14536
54816
14550
54815
54814
14547
14546
14545
14544
14543
14559
14558
14557
14556
14555
14554
14553
14551
14501
14500
14499
14498
14497
14496
54830
14494
54829
14508
14507
14506
14505
14504
54828
14502
14517
14516
14515
14514
14513
14512
54827
14510
14525
14524
14523
14522
54825
14520
14519
14518
14467
54823
54822
14462
14461
14459
14458
14454
54768
14476
14475
14474
14472
14471
54767
14469
14485
14484
54766
14482
54763
14480
14479
14478
14493
14492
54761
14490
14489
14488
14487
14486
14427
14426
14425
14424
14423
14422
14421
14420
54760
14434
14433
14432
14431
14430
14429
54759
14444
14443
14442
14441
14440
14438
14437
14436
14452
14451
14450
14449
14448
14447
54777
14445
14391
54776
14389
14388
14387
14386
14384
14383
14400
14399
14398
14397
54775
14395
14394
14393
14410
54774
54773
14407
14406
14404
14403
14402
54772
14417
14416
54770
14414
14413
54769
14411
14353
14352
14351
14350
14349
14348
14347
14346
14362
14361
14360
14359
14358
14356
14355
14354
14372
14371
14370
14367
14366
14365
14364
14363
14382
14381
14380
54786
14378
14377
14376
14373
62414
62413
62412
62410
62409
54785
62407
62406
14327
62422
54784
62420
62419
62418
62416
62415
14337
14335
14334
14333
54783
14330
54782
14328
14345
54779
14343
14342
14341
14340
54778
14338
54794
14312
14311
14310
14309
14308
14307
14306
14322
14321
14320
14319
14318
14316
14315
14314
54793
62394
62393
62392
62391
14326
14325
14323
62405
62404
62403
62402
62400
62399
62398
62397
14277
14276
14275
14274
14273
14272
14271
14270
14285
14284
54792
14282
54791
14280
14279
14278
14296
14294
14291
54790
14289
14288
14287
14286
14305
14304
14303
14301
14300
54789
14298
14297
14239
14238
14237
14236
54788
14234
14233
14232
14250
14249
14247
14246
54787
14243
14242
14240
14259
14258
14257
14256
56747
14254
14253
14251
14268
14267
14266
14265
14264
56745
14262
14260
14206
14205
14203
14201
14200
14199
14197
14196
14214
14213
14212
14211
14210
14209
14208
14207
14223
14222
14221
14220
14219
14217
14216
14215
14231
14230
14229
14228
14227
14226
14225
14224
14171
14170
14169
14168
14164
14163
14161
14160
14179
14178
14177
14176
14175
14174
14173
14172
14187
56744
14185
14184
56743
14182
14181
14180
14195
14194
14193
56742
14191
14190
14189
14188
14132
14131
14130
14129
14126
14124
14123
14122
14140
14139
14138
14137
14136
14135
14134
56741
14149
14148
56740
14146
14145
14143
56739
14141
14158
14157
14156
56755
14154
14153
14152
14150
14093
14091
14090
14089
14088
14087
14086
14085
14103
14101
14100
14098
14097
14096
14095
14094
56754
14111
14109
14108
56753
14106
14105
14104
14121
14120
14119
14118
14117
14116
14114
14113
14059
56752
14057
14056
14055
14054
14053
14052
14067
14066
14065
14064
14063
14062
14061
14060
14075
14074
14073
14072
14071
14070
14069
14068
14083
14082
14081
14080
14079
14078
14077
14076
62442
62441
62440
62439
56751
62437
62436
62435
62450
62449
56750
62447
62446
62445
62444
56749
14043
14042
14041
14040
14039
62454
62452
62451
14051
14050
14049
14048
14047
14046
14045
14044
14023
14022
54749
54748
14019
14018
14017
14016
14032
14031
14030
14029
14028
14027
54746
14024
62426
62425
62424
62423
14038
14037
14034
14033
62434
62433
62432
62431
62430
62429
62428
62427
13985
54745
13982
13981
13980
13978
13977
13975
13993
13992
54743
13990
13989
13988
13987
13986
14004
14002
14001
13999
56758
13997
13996
13995
14015
14014
14013
14012
14010
14009
14008
14005
13950
56757
13948
13946
13945
13944
13943
13942
13958
13957
13956
13955
13954
13953
13952
13951
13966
13965
13964
56756
13962
54758
13960
13959
13974
13973
13972
54757
13970
13969
13968
13967
13916
13914
13913
13912
13911
13910
13909
13908
13925
13924
13923
13922
13921
13920
13919
13918
13933
13932
13931
13930
13929
13928
13927
13926
13941
54755
13939
13938
13937
13936
13935
54754
13883
13882
13881
13880
13879
13878
13877
13876
13891
13890
13889
13888
13887
13886
13885
13884
13899
13898
13897
13896
13895
13894
13893
13892
13907
13906
13905
13904
13903
13902
13901
13900
13850
13848
13845
13844
13842
13841
13840
54753
54752
13857
13856
13855
13854
13853
13852
13851
13867
13865
13864
13863
13862
13861
13860
13859
54751
13874
13873
54723
13871
13870
13869
13868
54722
13808
13806
13805
13804
13803
13802
13801
13820
13819
13818
13817
13816
13815
54721
13811
54720
13829
13827
13826
13824
13823
13822
13821
13838
13837
13836
13835
13834
13833
54719
13831
13772
13771
13770
13769
13768
13767
54718
13765
13780
13779
13778
13777
13776
54717
54734
13773
54733
13791
13789
13788
13787
13786
13783
13781
13800
13799
13798
13797
13796
54732
13794
13793
62473
62472
62471
62470
62469
62468
62466
62465
62481
62480
62479
62478
62477
62476
62475
62474
13754
54730
54729
13751
62486
62485
54728
62482
13763
13762
13761
13760
13759
13757
13756
13755
13730
54725
56729
13726
13725
13722
13721
13718
13741
13740
56728
13737
13736
13735
13734
13731
62456
62455
13750
13749
13748
56727
54742
13743
62464
62463
62462
62461
54741
62459
54740
62457
54738
54737
13688
13687
13686
13685
13684
13683
13699
13698
13697
13696
13695
13694
13693
13692
13708
13707
13706
13704
13703
13702
56738
13700
13717
13716
56737
13714
13713
13712
13711
13710
13655
13654
13653
13652
13651
13650
13649
13648
13664
13663
13661
13660
13659
13658
13657
13656
56734
13672
13671
13670
13669
13667
13666
13665
13682
13681
13680
13679
13678
13677
13676
13675
13621
13620
56732
13618
13617
13616
13615
13614
13629
13628
13627
13626
13625
13624
13623
13622
13638
56730
13636
13635
13634
13633
13632
13631
13647
13646
54685
54682
13642
13641
13640
13639
13582
13581
13580
13579
13578
13577
13576
13575
13597
13596
13594
54681
13592
54680
54679
13584
13605
13604
13603
13602
13601
13600
13599
13598
13613
54678
13611
13610
13609
13608
13607
13606
62508
62507
54692
62504
62503
62502
62501
62500
62516
62515
62514
54689
62512
62511
62510
62509
13565
13564
13563
13562
13561
13560
62518
62517
54688
13573
13572
13571
54687
13569
13567
13566
54686
13536
13535
13534
13533
54706
13531
54705
13550
13547
13546
13545
13544
13543
54703
13539
54698
62488
62487
13558
13556
13555
13554
13552
62499
62498
62497
62496
62495
62494
54697
62491
13500
13499
13498
13497
13496
13495
13494
13492
13511
13510
13509
13507
13506
13505
13504
13503
13520
54716
54715
13517
13515
13514
13513
13512
13529
13528
13527
13525
54714
13523
13522
13521
13464
54713
13462
54710
13460
13459
13456
13455
13473
13472
13470
13469
13468
54709
13466
13465
13482
13481
13480
13479
54708
13477
13476
54649
13491
54647
13489
13488
13487
13486
13485
13483
13429
13426
54646
13424
13423
13422
13418
13417
54645
13436
13435
54644
13433
13432
13431
54643
13446
13445
13444
54642
13441
13440
13439
13438
13454
13453
13452
13451
13450
54640
13448
13447
62539
54659
62537
62536
62535
62534
62533
62532
62550
62549
62547
62545
54657
62543
62542
62540
13407
13406
13405
54655
13403
13401
13400
13399
13416
13415
13414
54654
13411
13410
13409
13408
13380
13378
13376
13375
13373
13372
13371
13370
13389
13388
13387
13386
13385
13384
13383
13382
62520
62519
13398
54652
13394
13392
13391
13390
62530
62528
62527
62526
62525
62524
62523
62522
13338
13337
13336
13335
13334
13333
13332
13331
13346
13345
13344
13343
13342
54651
13340
13339
13358
54650
13356
13353
13352
13349
13348
13347
13369
13367
13366
13365
13363
13362
13361
13360
13301
13300
13299
54669
13295
54664
13293
13292
13311
13310
13308
13307
13305
54663
13303
13302
13320
13319
54661
13317
13316
13315
13314
13312
13330
13329
13327
54660
13324
13323
13322
13321
13262
13261
13260
13259
13258
13257
54677
13255
54676
54673
13270
13269
13268
13266
13264
13263
13283
13282
13281
13280
13279
13278
13276
13275
13291
13290
13289
13288
13287
13286
13285
13284
13229
13228
13227
13226
13225
13224
13223
13222
13237
13236
13235
13234
13233
54672
13231
13230
13245
13244
54671
13242
13241
13240
13239
13238
13254
13253
13252
13251
13250
54670
13248
54610
62573
62572
62571
62570
62569
62568
62567
62566
62581
62580
62579
62578
62577
62576
62575
62574
13213
13212
13211
13210
54608
54607
13207
62582
13221
13220
13219
13218
54606
13216
54604
13214
13195
13194
13193
13192
13190
13189
54603
13186
54602
13202
13201
13200
54619
13198
13197
13196
62555
62554
62553
54618
62551
13206
13205
13204
62565
62564
62562
62561
54617
62558
62557
62556
13155
13154
13153
13152
54616
13150
13149
13148
13163
54615
13161
13160
13159
13158
13157
13156
13174
13172
13170
13169
13168
13167
13166
13164
13185
13183
13182
13180
13179
13178
13177
13176
13114
13113
13112
13110
13109
54614
54613
13106
13124
13123
13122
13121
13119
13117
13116
13115
13135
54612
13131
13130
13129
13128
13127
13125
13147
13146
13143
13141
13140
13139
13137
13136
62609
62608
62607
62606
62604
62603
62602
62601
13081
13080
13079
62614
62613
54627
62611
62610
13092
13091
13090
13089
13088
13087
13083
13082
13105
13104
13101
13100
13097
13096
13095
13093
13064
13063
13062
13061
13060
13059
13058
13057
13073
13072
54626
13069
13068
54625
13066
13065
62589
62588
62584
62583
13078
13077
13076
54624
62598
54622
62596
62595
54638
54637
62591
54636
13030
54635
13027
13026
13025
13024
13023
13022
13039
13037
13036
13035
13034
13033
13032
13031
13047
13046
13045
13044
54633
13042
13041
13040
54632
13054
13053
54631
13051
13050
13049
13048
12996
12995
12994
56777
12992
12991
12990
12989
13005
13004
13003
13002
13001
12999
56776
12997
13013
13012
13011
13010
13009
13008
13007
56775
13021
13020
13019
13018
13017
13016
13015
13014
12961
12959
12958
56773
12956
12954
12953
12952
12969
12968
12967
12966
12965
12964
12963
12962
56772
12977
12976
12975
12974
12972
12971
12970
12988
12987
12986
12985
12984
12982
12981
12979
12925
56771
12922
12921
12920
12919
12918
12917
12933
12932
12931
12930
12929
12928
12927
12926
12941
12940
12939
12938
12937
12936
12935
12934
12950
12949
12948
12947
12946
12944
56770
12942
12889
12888
12887
56788
12884
12883
12882
12880
12897
12896
12895
12894
12893
12892
12891
12890
12906
12905
12904
12903
12902
12901
12900
12898
12916
12915
12914
12913
12912
12910
56787
12907
12848
12847
12846
12845
12844
12843
12842
12841
12858
12857
56785
12855
12854
12852
12851
56783
12869
12868
12867
12863
12862
12861
12860
12859
12879
56780
12877
12875
12873
56779
12871
12870
62634
62633
62631
54590
62629
54589
62627
62626
62643
62642
54588
62639
62638
62637
62636
62635
12830
12829
12826
12824
12823
62646
54585
62644
12840
12839
54584
12837
12836
12835
54583
56790
12806
12805
12804
12803
54600
12801
12800
12799
12815
12814
54599
12812
12811
12809
12808
12807
62616
62615
12822
12820
12819
12818
12817
12816
62625
54597
62623
62622
62620
62619
54594
62617
12768
12767
12765
12764
12763
12762
12761
12760
12779
12777
12776
12775
12773
12772
12770
12769
12789
12788
12787
12785
12783
12782
12781
54593
12798
12797
12796
54592
12794
12792
12791
12790
12731
54563
12728
12727
12726
12724
12723
12722
12743
12742
12741
54561
12738
54560
12733
12732
12751
12750
12749
12748
12747
54559
12745
12744
12759
12758
54558
12756
12755
12754
12753
12752
12696
12695
12694
12693
12692
12691
12690
12689
12704
12703
12702
12701
12700
12699
12698
12697
12713
12712
12711
12710
12709
12708
12706
12705
12721
54555
12719
12718
12717
54554
12715
12714
12659
12658
12657
12656
12655
12654
54573
12652
12668
12666
12665
12664
12663
12662
12661
54571
12676
54570
12674
12673
12672
12671
12670
12669
12688
12683
12682
12681
12680
12679
12678
12677
12622
12621
12620
12619
12618
12617
12616
12615
54569
12631
12629
12628
12626
12625
12624
12623
12643
12642
12641
12640
12637
12636
54568
12633
12651
12650
12649
12648
12647
12646
12645
12644
62666
62665
62664
62663
62662
62661
62660
62658
62676
62675
54567
62673
62672
62671
62670
62667
12605
12604
12603
12601
12600
12599
62678
62677
56761
56759
12612
12611
12610
12609
54581
12606
12585
54580
12582
54579
12580
12579
12578
12577
12593
12592
12591
54578
12589
12588
12587
12586
62649
62648
62647
12598
12597
12596
12595
12594
62657
62656
62655
62654
62653
62652
62651
62650
12548
54575
12546
12545
56769
12543
12542
12541
12557
56768
12555
12554
12553
12551
12550
12549
12566
12565
12564
12563
12562
12561
12560
12559
12574
12573
12572
12571
12570
12569
12568
12567
12512
12511
12510
12509
12508
12507
12506
12505
12520
12519
12518
12517
12516
12515
12514
12513
12529
12528
56765
12526
12525
12524
12523
12521
12540
12539
12538
12537
56764
12535
12534
12533
12477
12476
12475
56763
12473
56762
12470
12469
12487
12486
12483
12482
12481
12480
12479
12478
12495
12494
12493
12492
12491
12490
12489
12488
12504
12503
12502
12501
12500
12499
12498
12496
12437
54526
54523
12434
12433
12432
12431
12430
12448
12447
12446
54522
12443
12442
12440
12439
12456
12455
12454
54521
12452
12451
12450
54520
54519
12467
12466
12465
12464
12462
12461
12458
12400
12399
12398
12397
12396
12395
12394
12392
12408
12407
12406
12405
12404
12403
12402
12401
12419
12418
12417
54518
12412
12411
12410
12409
12429
12428
12427
12425
12424
12423
12422
12420
12366
12363
12362
12360
12359
12358
12357
12356
12374
12373
12372
12371
12370
12369
12368
12367
12383
12382
12381
12380
12379
12377
12376
12375
12391
12390
12389
12388
12387
12386
12385
12384
62697
62696
62695
62694
62693
62692
62691
62690
62705
62704
62703
62702
62701
62700
62699
62698
12346
12345
12344
62710
62709
62708
62707
62706
12355
12354
54535
12352
12350
12349
12348
12347
12324
12323
54533
54532
12318
12317
12316
12315
12333
12332
12331
12330
54531
12327
12326
12325
62681
62679
12341
12340
12338
12336
54530
54528
62689
54527
62687
62686
62685
62684
62683
62682
12288
12287
12286
12285
12284
12283
12281
12280
54543
12295
12294
12293
12292
12291
12290
12289
12304
12303
12302
12301
12300
12299
12298
12297
12313
12312
12311
12310
12309
12308
12307
12306
12250
12249
12247
12245
12243
12242
12240
12239
12260
12259
12258
12255
54542
12253
12252
12251
12269
12268
12266
12265
12264
12263
12262
54541
12279
12278
54540
12276
12275
12274
12273
12270
12212
12211
12210
12209
12207
12206
12205
12204
12220
12219
12218
12217
12216
12215
12214
12213
54538
12228
12227
12226
12225
12224
12222
12221
12238
12237
54537
12235
12233
12232
12231
12230
54536
12175
12174
12173
12172
12171
12170
12169
12185
54553
12183
12182
54552
12180
12178
12177
12194
54549
12191
12190
12189
12188
54548
54547
12203
12202
12201
54546
54544
12198
12196
12195
62732
62731
62730
54488
54487
62727
62726
62725
54486
62742
54483
62739
54481
62736
62735
62733
12159
12158
12157
12156
12155
12154
12153
12152
12168
12167
12166
12165
12164
12162
12161
12160
12138
12137
12135
12134
12133
12132
12131
12130
12148
12147
12146
12145
12144
12143
12142
12139
62716
54480
62714
62713
62712
62711
12150
12149
62724
62723
62722
62721
62720
62719
62718
54479
12099
12098
12097
12096
12095
12093
12091
12090
12108
54496
54495
12104
12103
12102
54494
12100
12118
12116
12115
54492
12113
54491
54490
12109
12128
12127
12124
12123
12122
12121
12120
12119
12062
12060
12059
12058
12057
12056
12055
12054
12072
54489
54507
12067
54505
12065
12064
12063
12081
12080
12079
12078
12077
12076
12075
12074
12089
12088
12087
12086
12085
12084
12083
12082
12025
12024
12023
12022
12021
12020
12019
12018
12035
12033
54504
12030
12029
54502
12027
12026
12043
12042
12041
12040
12039
12038
12037
12036
12053
12052
12049
12048
54501
12046
12045
12044
11991
11990
11989
11988
11987
11986
11985
11984
11999
11998
11997
11996
11995
11994
11993
11992
12007
12006
12005
12004
12003
12002
12001
12000
12015
12014
12013
12012
12011
12010
12009
12008
11957
11956
11955
11953
11952
11951
54499
54498
11966
11965
11964
11963
11962
11961
11960
11958
54497
11974
54516
11972
11971
54515
11968
54514
11983
11982
11981
54513
11979
11978
11977
11976
11924
54512
11922
11921
11920
11919
11918
11917
11932
11931
11930
11929
11928
11927
11926
11925
11940
11939
11938
11937
11936
11935
11934
54510
11948
54509
11946
54508
11944
11943
11942
11941
11888
11887
54448
11884
11883
11881
11880
11878
54447
11896
11895
11893
11892
54446
11890
11889
11905
54445
11903
11902
11901
11900
11899
11898
11916
11915
11914
11912
54444
11908
11907
11906
62761
62760
62759
62758
62757
62756
62755
62754
62771
62770
62769
62768
62767
62765
62764
62762
11868
11866
11865
11864
11863
62774
62773
62772
54442
11876
11874
11873
11872
11871
11870
11869
11846
11845
11844
11843
11842
11841
11840
11839
11855
11854
11853
54458
11851
11850
54457
11848
62744
62743
11862
11861
11860
11859
11858
11856
62753
62752
62750
62749
62748
62747
62746
62745
54456
11811
11809
11808
11807
11806
11805
54455
11821
54454
54453
11818
11817
11816
11815
11813
11829
11828
11827
11826
54451
11824
54450
11822
11838
54464
11836
11835
11834
11833
11832
54463
11775
11773
54462
11770
11768
11767
11766
11765
11784
11783
54461
11780
11779
11778
11777
11776
11794
11793
54460
54459
11789
11788
11786
54478
11803
11802
11800
11799
11798
11797
11796
11795
11740
11739
11738
54473
11736
11735
11734
11732
11748
11747
11746
11745
11744
11743
11742
11741
11756
11755
11754
11753
11752
11751
11750
11749
11764
11763
11762
11761
11760
54472
11758
54471
54469
54467
11695
11694
11692
11691
11690
11689
11707
56810
11704
11703
11702
11700
11699
11698
11718
11717
11716
11714
11713
11711
11709
11708
11730
11729
11728
11727
56809
11724
56807
11721
11661
11660
11659
56806
11657
11656
11655
11653
11669
11668
11667
56805
11665
11664
11663
11662
11679
56804
11677
11676
11674
11673
11672
11671
11688
56803
11686
11685
11684
11683
11681
11680
11626
11625
11624
11623
11622
11621
11620
11619
56821
11634
56819
11632
56817
11630
11629
11627
11644
11643
56816
11641
11640
11639
56814
11637
11652
11651
11650
11649
11648
11647
11646
11645
62793
62792
62791
62790
62789
62788
62787
62786
56813
62800
62799
62798
54430
62796
62795
62794
11610
54429
11608
11607
62805
62804
62803
62802
11618
11617
11616
54428
54426
11613
11612
11611
11591
11590
11589
11588
54424
11586
11585
11584
11600
11599
11598
56822
11595
11594
11593
11592
62777
62776
62775
11605
11604
11603
11602
11601
62785
62784
62783
62782
62781
62780
62779
62778
11555
11554
11553
11552
11551
11550
54441
11548
11564
54440
11562
11561
11560
11559
11557
11556
11573
11572
54439
11570
11569
11568
11567
11565
11583
54435
11580
11579
11577
11576
11575
54434
11522
54433
11520
54432
11518
11517
11516
54431
11530
11529
11528
11527
11526
11525
11524
54405
54402
54399
11537
11536
11535
11534
11533
11532
11547
11546
11545
11544
54398
11542
11541
11540
11487
11486
11485
11484
11481
11480
11479
11477
11495
11494
11493
11492
11491
11490
11489
11488
11504
11502
11501
11500
11499
11498
11497
11496
11514
11512
54397
11510
11509
11507
11506
11505
11444
11443
11442
11441
11440
11439
11438
11437
11456
11455
11453
11452
11451
11448
11447
11446
11464
11463
54396
11461
11460
11459
11458
11457
11476
11475
11473
11471
11470
54395
11467
11465
62832
62831
62830
62829
62828
62826
54415
62823
11416
11415
62838
62837
62836
62835
62834
54414
11426
11425
11424
11423
11421
11420
11419
11418
11435
11434
11432
54413
11430
11429
11428
11427
11399
11397
11396
11393
11392
11391
11390
11389
11408
11407
11406
11405
11404
11403
54408
11400
62810
62809
62808
54407
11414
11412
56793
11409
62822
62821
62818
62817
56792
54422
62812
62811
11362
11361
11360
11359
11358
11357
11356
11355
11370
11369
11368
11367
11366
11365
54420
11363
11380
11378
11377
11376
11375
54417
11373
11371
11388
11387
11386
11385
11384
11383
56802
56801
56799
11325
11324
11323
11322
11321
11320
11319
11335
11334
56798
11332
11331
11329
56797
11327
11345
11344
11343
11341
11340
56796
11338
11336
11354
11352
11351
11350
11349
11348
11347
11346
11290
11289
11288
11286
11285
11284
11282
11281
56795
11297
56794
11295
11294
54369
11292
11291
11308
11306
11305
11304
11303
11302
11300
11299
11318
11317
11316
11315
11314
11312
54366
11310
11252
11251
11249
11248
11247
11246
11245
11244
11261
11260
11259
11258
11257
11256
11255
11254
11269
11268
11267
11266
11265
11264
11263
11262
11279
11278
11276
11275
54364
11273
11272
11270
11216
54363
11214
11213
11212
11211
11210
11209
11224
11223
11222
11221
11220
54362
11218
11217
54361
11233
54360
11229
11228
54378
11226
11225
11243
11242
11241
11240
54377
54376
11237
11236
11180
11179
54375
11177
11176
11175
11174
11173
11192
11191
11190
11185
11184
11183
11182
11181
11200
11199
11198
11197
11196
11195
11194
11193
54374
11207
11206
11205
11204
11203
11202
11201
54372
62857
62856
62855
62854
62853
62852
62851
62866
62865
62864
62863
62862
62861
62860
62859
11162
11161
54371
11159
62870
62869
62868
62867
11172
11171
11170
11168
11167
11166
11165
54385
11142
11141
11140
11139
11138
11137
11136
11135
11151
11150
11149
11148
11146
11145
11144
11143
62840
62839
11158
11157
11156
11155
11154
11153
62850
62849
62847
54384
62845
62844
62842
62841
11109
11107
11106
11105
11104
11103
11102
11101
11117
11116
54382
11114
11113
11112
11111
54381
54380
11124
11123
11122
11121
11120
54379
11118
11134
54394
11132
11131
11129
11128
11127
11126
11074
11073
11072
11071
11070
11069
11068
11067
11082
11081
11080
11079
11078
11077
11076
11075
11090
11089
11088
11087
11086
11085
11084
11083
11099
54393
11097
11096
11095
11094
11093
11091
11036
11035
11034
11033
11032
11031
11030
11029
11045
11044
11043
11042
11041
11039
11038
11037
54392
11056
11054
11053
54391
11050
11047
11046
11066
11065
11064
11063
11062
11060
11059
11058
10997
10996
10995
10993
10992
10991
10989
10988
11007
11006
11005
11004
54390
11000
10999
10998
11017
54389
11015
54388
11011
54387
11009
54326
11028
11026
11024
11023
11022
11020
11019
11018
10963
10962
10961
10960
10959
10958
10957
10956
10971
10970
54325
10968
10967
10966
10965
10964
54324
10978
10977
10976
10975
10974
10973
10972
10987
10986
54339
10984
10983
54337
10981
10980
10931
10930
10929
10928
10926
10925
10924
10923
10939
10938
10937
10936
10935
10934
10933
10932
10947
10946
10945
10944
10943
10942
10941
10940
10955
10954
10953
10952
10951
10950
10949
10948
62891
62890
62889
62888
62886
62885
62884
62883
54336
10904
10903
62902
62898
62897
54335
62892
10914
10913
10912
10911
10910
10909
10908
10906
10922
10921
10920
10919
10918
10917
10916
10915
10888
10887
10886
10885
54334
10883
54333
10881
54332
10896
54350
10893
10892
10891
10890
10889
62874
54349
62871
10902
10901
10900
10899
10898
62882
62881
54345
62879
62878
62877
62876
62875
10853
10852
10851
10849
54344
54342
10846
10845
10861
10860
10859
10858
10857
10856
10855
10854
10870
54341
10868
10866
10865
10864
10863
10862
10879
10878
10877
10876
10874
10873
10872
10871
10813
10812
54340
10810
54359
10808
10807
10806
10821
10820
10819
10818
10817
54358
10815
54357
10834
10833
10832
10831
10828
10826
10825
10822
54356
10843
10842
10841
10840
10839
10836
10835
10779
10778
10777
10776
54355
10774
54354
10772
10787
10786
10785
10784
10783
10782
10781
10780
10795
10794
10793
10792
10791
10790
54295
10788
10805
10804
10803
10802
10800
10798
10797
10796
10743
10742
10741
10740
10738
10737
10736
10735
10751
10750
10749
54294
10747
10746
10745
10744
54293
10759
10758
10757
10756
10754
10753
10752
10771
10770
10768
10767
10765
10764
10763
10762
54292
10708
10707
10706
10705
10702
54291
10700
10718
10717
10716
10714
10713
10712
10711
10710
10726
10725
10724
10723
54290
10721
10720
10719
10734
54289
54288
10731
10730
54304
10728
10727
10671
54303
10669
10667
10665
54301
10663
10662
10679
10678
10677
10676
10675
10674
10673
10672
54300
10689
10687
54299
10684
10683
10682
10680
10699
54298
10696
10695
10694
10693
10692
54297
62924
62923
62922
62921
54296
54313
62917
62916
62932
62931
62930
62929
54311
62927
62926
62925
54310
10652
10651
10650
10648
10647
62934
54309
10661
10660
10659
10658
10657
10656
10655
10654
10633
10631
54307
10629
10628
54306
10625
10624
10642
10641
10640
10638
54305
54321
10635
10634
62907
62906
62904
62903
10646
10645
10644
10643
62915
62914
62913
62912
62911
62910
62909
62908
10593
10592
10591
10590
10589
10588
10587
54320
10603
10602
10600
10598
10597
10596
54319
10594
10613
10612
10611
10610
10608
10607
10606
10604
10623
10622
10619
10618
10617
10616
10615
10614
10555
10554
10553
54318
10551
10550
10549
10548
10565
10563
10562
10561
10560
10559
10558
10557
10577
10576
54317
10573
54316
10571
10569
10566
10585
10584
10583
10582
54315
10580
10579
10578
10522
10521
10520
10519
10518
10517
10516
54314
10530
10529
10528
10527
54260
10525
10524
10523
54259
10538
10537
10536
10535
10534
10533
10531
10547
10546
10545
10544
10543
10542
10541
10540
10487
10486
10485
10484
10483
10482
10481
10480
10497
10496
10494
10493
10492
54257
10490
10489
54253
10504
10503
10502
10501
54252
10499
10498
10513
10512
10511
10510
10509
10508
10507
10506
10453
10452
10451
10450
10449
10448
10447
10446
10463
10462
10461
10460
10457
10456
10455
10454
10471
10470
10469
10468
10467
10466
10465
10464
10479
10478
10477
10476
10475
10474
10473
10472
62960
54249
62958
54269
62956
62952
62950
62949
10426
10425
54268
62965
62964
54267
62962
54266
10435
10434
10433
10432
10431
54265
10428
10427
10445
10444
10443
10442
10440
10439
10438
10437
10408
10407
10406
10405
10404
10402
10401
10400
10417
10416
10415
10414
10412
10411
10410
10409
62937
62936
62935
10422
10421
54264
10419
10418
62948
62947
54262
62945
62944
62943
62940
62938
10374
10373
10372
54261
10369
10368
10366
10365
10383
54278
10380
10379
10378
10377
10376
10375
10391
10390
10389
10388
10387
10386
10385
10384
10399
10398
10397
54277
10395
10394
10393
10392
54276
10335
10334
54275
10331
10330
10328
10327
10346
10345
54273
10343
54272
10341
10340
54271
10355
54270
54287
10352
10350
10349
10348
10347
10364
10363
10362
10361
10360
10359
10358
10356
10295
10294
10293
10292
10291
10290
10288
10287
10306
10305
10304
10303
10301
54286
10297
54284
10318
10317
10315
10313
10311
10310
10309
10308
54283
10325
10324
10323
10322
10321
10320
10319
10256
10255
10254
10253
10252
10251
10248
10247
10268
10267
10266
10265
10264
10262
10259
10257
10276
10275
10274
10273
54282
10271
10270
10269
10285
10284
10283
10282
10281
10280
10279
10277
62990
62989
62988
62987
62986
62985
54281
62983
62998
62997
62996
62995
62994
62993
62992
62991
10238
56845
10236
10235
10234
10233
10232
10231
56844
10245
10244
10243
10242
10241
10240
10239
10215
10214
10213
10212
10211
10210
10209
10208
10225
10224
56842
56841
10220
10218
10217
10216
56839
62969
62968
10230
10229
10228
10227
10226
62982
62981
62980
62978
62977
62976
62975
62974
10180
10179
10178
10177
10176
10175
10174
10173
10188
10187
10186
10185
10184
10183
10182
56837
10196
10195
10194
10193
10192
56854
10190
56853
10206
10204
10203
10202
10201
10200
10199
10197
10145
56852
56849
10142
10141
56848
10139
10138
10155
10154
10152
10151
10150
10149
56847
56846
10164
10163
10161
10160
10159
54239
10157
10156
10172
10171
54238
10169
10168
10167
10166
10165
54237
10110
10109
10108
10107
10106
10105
10104
10120
10119
10118
10117
10116
10115
10114
54235
10129
10128
54234
10125
10124
10123
10122
10121
10137
10136
10135
10134
10133
10132
10131
10130
54231
10076
10075
10074
10073
10071
10070
10068
10085
10084
10083
10082
10081
10080
10079
10078
10094
10093
10092
54247
10090
10089
10088
10087
10103
54246
10101
54245
10099
10097
10096
10095
10041
10040
10038
10037
10036
10034
10033
10032
10050
10049
10048
10046
10045
10044
10043
10042
10059
54244
54243
10056
10055
10053
10052
10051
10067
10066
10065
10064
10063
10062
10061
10060
10000
9999
9998
9997
9996
9994
54242
9991
10009
10008
10007
54241
10005
10004
10002
10001
10020
10019
10017
10016
10015
10014
10013
10010
10031
10030
10029
10025
10024
54240
10022
10021
63019
63018
63017
63016
63015
63013
63012
63011
63028
63027
54214
63025
63024
54212
63021
63020
9981
9980
54211
9978
9976
9975
63030
63029
9990
9989
9987
9986
9985
9984
54210
9982
9960
54209
9957
9956
9955
54205
9953
9951
9968
9967
9966
9965
9964
9963
9962
54203
63001
63000
62999
9973
9972
9971
9970
54224
63010
63009
63008
63007
63006
63005
63004
63003
9920
54223
9918
9917
9916
9915
9914
9913
9929
9928
9927
9926
54222
9923
9922
9921
9938
9937
9936
9935
9933
9932
9931
9930
9950
9945
54221
9943
9942
9941
9940
54220
9885
9884
9883
9882
9881
9880
54217
9877
9894
9892
54216
9890
9889
9888
9887
9886
9904
9903
9902
9901
9900
9899
9898
9895
9912
9911
9910
9909
9908
9907
9906
9905
9849
9848
9847
9846
9845
9844
9843
9842
9859
9857
56827
9855
9854
9853
9852
9851
9867
9866
9865
9864
9863
9862
56826
9860
9876
9875
9874
9872
9871
9870
56825
9868
9816
9815
9814
9813
9812
9811
9809
9808
9824
9823
9822
9821
9820
9819
9818
9817
9832
9831
9830
9829
9828
9827
9826
9825
9841
9840
9839
9838
9837
9836
9835
9833
9781
9780
9779
9778
9777
9776
9774
9772
9790
9789
9787
9786
9785
9784
9783
9782
9799
9798
9797
9795
9794
9793
9792
9791
56823
9806
9805
9804
9803
9802
9801
9800
9742
9741
9740
9739
9738
9736
9733
9732
9752
9751
9750
9749
9747
54230
9744
9743
9763
9762
9761
9760
9759
9756
9755
9754
54228
9770
9769
9768
9767
9766
9765
9764
63049
63047
63046
63045
63044
63043
63042
54226
63058
63056
63055
56835
63053
63052
63051
63050
9723
9722
9720
9719
63062
63061
63060
63059
9731
9730
9729
9728
9727
9726
9725
9724
9702
9701
9700
9699
9697
9696
9695
9694
9710
9709
9708
56834
56833
9705
9704
9703
63032
63031
9716
56831
9714
9713
9712
9711
63040
63039
63038
63037
63036
63035
63034
63033
56829
9665
56828
9663
9662
9661
9660
9659
9675
9674
9673
9671
9670
9669
9668
9667
9684
9683
9682
9680
9679
54175
9677
9676
9693
9692
9691
9690
9689
9688
9687
9685
9626
9625
9624
9623
9622
9621
9620
9619
9634
9633
9632
9631
9630
9629
54174
54173
9646
9644
9643
9642
9641
9640
9639
54171
9657
9656
9655
9654
9652
9651
9650
9647
9593
9592
9591
9590
9589
9588
9587
9586
9601
9600
9599
54169
9597
9596
9595
9594
9610
9609
54168
9606
9605
9604
54167
9602
9618
9617
9616
54183
9614
9613
9612
9611
9557
9556
9555
9554
9553
9552
9551
54182
9565
9564
9563
9562
9561
9560
9559
9558
9574
9573
9571
9570
9569
9568
9567
9566
9585
9581
9580
9579
9578
9577
9576
9575
9523
9522
9521
9520
9519
54181
9515
54180
9531
54179
54178
9528
9527
9526
54177
9524
54176
9539
9538
54193
9536
54192
9533
9532
9549
9548
54191
9546
9545
9544
9543
9541
9488
9487
9486
9485
9484
9483
9482
9481
9496
9495
9494
9493
9492
9491
9490
54190
54189
9504
9503
9502
9501
9500
9499
54188
9513
9512
9511
9510
9509
9508
54185
9506
9456
9455
9453
9452
9451
9450
9449
9448
9464
9463
9462
9461
9460
9459
54184
9457
9472
9471
9470
9469
9468
9467
9466
9465
9480
9479
9478
9477
9476
9475
9474
9473
63085
63084
63083
63081
63080
63079
63078
63077
63094
63093
63092
63091
63090
63089
54202
63087
9438
9437
54201
9435
9434
9433
9432
9431
9447
9446
9444
9443
54200
9441
9440
9439
9419
9418
9417
9416
9415
9414
9413
9412
9428
9427
9426
9425
9424
9423
9422
9420
63068
63067
54199
63065
63064
54198
9430
9429
63076
63075
63074
63073
54197
63071
63070
63069
9381
9380
9379
9378
9376
9375
9374
9373
9390
9389
9388
9387
9385
9384
9383
54196
9399
9398
9397
9396
9395
9394
9393
9391
9411
9410
9409
9405
9404
9403
9401
9400
9346
9345
9344
9343
9342
9340
9339
9338
9354
9353
9352
9351
54194
9349
9348
9347
9362
9361
54138
9359
9358
9357
9356
9355
9372
9371
9369
9368
9367
54137
54136
9363
9313
9312
9311
54135
9309
9307
9306
54134
9321
9320
54133
9318
9317
9316
9315
9314
9329
9328
9327
9326
9325
54132
9323
9322
9337
9336
9335
9334
9333
54131
9331
9330
9277
9276
54146
9273
9272
9271
9270
54145
9285
9284
9283
9282
9281
54144
9279
9278
9294
54143
9292
9291
9289
9288
9287
9286
9304
9303
9302
9301
9299
9298
9297
9295
54142
9239
9238
9237
9235
9234
9233
9232
9248
9247
9246
9245
9244
9243
9242
9241
9257
9256
9255
9254
9253
9252
9251
9249
9268
9267
9266
9265
9264
9262
54141
9259
9205
9204
9203
9202
9201
9200
9199
9198
9213
54140
9211
9210
9209
54139
54157
54156
9222
9220
9219
9218
9217
9216
54155
9214
9231
9230
9228
9227
9226
9225
9224
9223
9170
9169
9167
9166
9165
9164
9163
9162
9178
9177
9176
9175
54151
9173
9172
54150
9187
9186
9185
9184
9183
9182
9181
9180
9197
9196
9193
9192
9191
9190
9189
9188
9136
9135
54147
9132
54165
9130
9129
9128
9144
9143
54164
9141
9140
9139
9138
9137
9153
9152
9151
9150
9148
9147
54163
9145
9161
9160
54161
9158
9157
9156
54160
9154
9100
9099
9097
9096
9095
54159
9093
9092
9109
9108
9107
9106
9104
9103
9102
9101
9118
9117
9116
9114
9113
9112
9111
9110
9127
9126
9125
9124
9123
9122
9121
9119
63114
63113
63112
63111
63110
63109
63108
63107
63122
63121
63120
63119
63118
63117
63116
63115
9082
9081
9080
9079
63126
63125
63124
63123
9091
9090
9089
9088
9087
9086
9084
9083
9063
9062
54102
54101
9059
9058
9057
9056
9071
9070
9069
9068
9067
9066
9065
9064
63096
63095
9077
9076
54099
9074
9073
9072
63106
63105
54098
54097
63102
63100
63098
54096
9030
9028
9027
9026
9025
9024
9023
54095
9038
9037
9036
9035
9034
9033
9032
9031
9046
9045
9044
9043
9042
9041
9040
54094
9055
9054
9052
54110
9050
9049
9048
9047
8994
8993
8992
8991
8990
8988
8987
54108
9002
9001
9000
8999
8998
8997
8996
8995
9010
9009
9008
9007
9006
9005
9004
9003
9021
9020
54107
9017
9016
9015
9012
9011
8959
8957
54106
8955
8954
8953
8952
8951
8968
8967
8966
8964
8963
8962
8961
8960
8976
54105
8974
8973
8972
8971
8970
8969
8985
8984
8983
8982
54104
8979
8978
8977
8926
8925
8924
8923
8922
8921
8920
8919
8934
8933
8932
54103
8930
8929
8928
54120
8942
8941
8940
8939
8938
8937
8936
8935
8950
8949
8948
8947
54117
8945
8944
54116
8893
8892
54115
8890
8889
8888
8887
8886
8901
8900
8899
8898
54114
8896
8895
8894
8909
8908
54113
8906
8905
8904
8903
8902
8918
8917
8916
8914
8913
8912
8911
8910
8859
8858
8857
8856
54112
8854
54130
8852
54128
8866
54127
54126
8863
8862
8861
8860
8876
8874
8873
8872
8871
8870
54125
8868
8885
8884
8883
8882
8880
8879
8878
8877
8826
8825
8824
8823
8822
8821
8820
8819
8834
8833
8832
54124
8830
8829
8828
54123
8843
8842
8841
8840
8839
8838
8836
8835
8851
8850
8849
8848
8847
8846
54121
8844
8792
8791
8790
8789
8788
8787
8786
8785
8801
8799
8798
8797
8796
8795
8794
8793
8810
8809
8808
8806
8805
8804
8803
8802
8818
8817
8816
8815
8814
8813
8812
8811
8755
8753
8752
8751
8750
8749
8748
54066
8764
8763
54065
8760
8759
8758
8757
8756
8772
8771
8770
8769
8768
8767
8766
8765
8784
8783
8779
8778
8777
8776
8775
8774
8722
8721
8719
8718
8717
8716
8715
8714
8730
54064
8728
8727
8726
54063
8724
8723
8738
8737
8736
8735
8734
8733
8732
8731
8746
54062
8744
54061
8742
8741
8740
8739
63149
63148
63147
63146
63145
63143
54060
54059
63158
63156
63155
63154
63153
63152
63151
63150
8703
8701
8700
8699
8698
8697
8696
8695
8713
8712
8710
8709
8708
8707
8706
8704
8681
8680
8679
54075
8677
8676
8675
8674
8689
8688
8687
8686
8685
8684
8683
8682
63129
54073
63127
8694
8693
8692
8691
8690
63139
54071
63137
63136
63134
63133
63132
63131
8645
8643
8642
8641
8640
8639
8638
8637
8654
54070
8652
8651
8650
8649
8648
8647
8663
8661
8660
8659
8658
54069
8656
8655
8673
8672
8669
8668
8667
8666
8665
8664
8609
8608
8607
54068
8605
8604
8602
8601
8618
8616
8615
8614
54067
8612
8611
8610
8627
8625
54085
8623
54082
8621
8620
8619
8636
8635
8634
8633
8632
8631
8629
54081
8574
8572
8571
8570
8569
8568
8567
8566
8582
8581
8580
8579
8578
8577
8576
8575
8592
8591
8590
8589
54080
8585
8584
8583
8600
8599
8598
8597
8596
8595
8594
8593
8536
8535
8533
8532
8528
8527
8526
8525
8545
54079
8543
8542
8541
54078
54077
8537
8557
54093
8553
8552
54092
8549
54091
8546
8565
8564
8563
8562
8561
8560
8559
8558
8498
54090
8495
8494
8493
8492
8491
8490
8506
8505
8504
8503
8502
54089
8500
8499
8514
8513
8512
8511
8510
8509
8508
8507
54088
8522
8520
8519
8518
8517
8516
8515
8461
8460
8459
8457
8456
8455
8454
54087
8469
54086
8467
8466
8465
8464
8463
54031
8479
8478
8477
54030
8474
8473
8472
8471
8489
8487
8485
8484
8483
8482
8481
8480
63178
54029
63175
63174
63173
63172
63171
63170
63187
63186
54028
63184
63183
63182
63180
63179
8444
8443
8442
8441
8440
8439
63190
63188
8452
54027
8450
8449
8448
8447
8446
54026
8420
8419
54025
8417
8416
8413
8412
8411
8431
8430
8428
8427
8426
54024
8423
8422
63161
63160
63159
8438
8437
54039
8433
8432
63169
63168
63167
54038
63165
63164
63163
63162
8383
54037
8381
8380
8378
8377
8376
8375
54036
8392
8391
8390
8389
8388
8387
54035
8402
8401
8400
54034
8398
8397
8396
54033
8410
8409
8408
8407
8406
8405
8404
8403
54048
8346
8345
8342
8340
8339
8338
8337
8356
8355
8354
8353
8352
8351
54047
8348
8364
8363
8362
8361
8360
8359
54046
8357
8374
8372
8371
8370
8369
8367
8366
54043
8310
8308
8307
54041
8303
54040
8301
8300
8319
8318
8317
8316
8315
8313
8312
8311
8327
8326
8325
8324
8323
8322
8321
8320
8336
8335
54056
8333
8332
8331
8329
8328
8274
8273
8272
8271
8270
8269
8268
8267
8282
8281
8280
8279
8278
8277
8276
8275
8290
8289
54055
8287
8286
8285
8284
8283
8299
8297
8296
8295
8294
8293
8292
8291
8242
54054
8240
8239
8238
54052
8236
8235
8250
8249
8248
8247
8246
8245
8244
8243
8258
8257
8256
8255
8254
8253
54051
8251
8266
8265
8264
8263
8262
8261
8260
8259
8209
8208
8207
54050
8205
8204
8203
8202
8217
8216
8215
8214
56875
56874
8211
8210
8225
8224
8223
8222
8221
8220
8219
8218
8234
8233
8232
8230
8229
8228
8227
56873
63211
56871
63208
63207
63206
63204
63203
63202
63220
63219
63218
63217
63216
63215
63214
63212
8190
8189
8188
8186
8185
8184
56870
63221
56869
8200
8199
8195
8194
8193
8192
8191
8165
8164
8163
56884
8161
8160
8159
8158
8175
8174
8171
8170
56883
8168
8167
8166
63192
63191
8182
8181
8180
8178
8177
8176
63201
63199
63198
63197
63196
63195
63194
63193
8128
8126
8125
8124
8123
8122
8121
8120
8138
8137
8136
56881
8132
8131
8130
8129
8148
8146
8145
8144
8143
56879
8141
8140
8157
8156
8155
8154
8153
56878
56877
8149
8092
8091
8090
8089
8088
8086
8084
8083
8101
8099
8098
8097
8096
8095
8094
8093
8110
8109
8108
8107
8106
8104
8103
8102
54014
8118
54013
8116
8115
8114
8113
8111
8055
8054
8053
8052
8051
54012
8049
8048
8065
8064
8063
8060
8059
8058
54010
8056
8074
8073
8072
8070
8069
8068
8067
8066
8082
8081
8080
54007
8078
8077
8076
8075
8022
8021
8020
8019
56886
8016
8015
8014
8030
8029
8028
8027
8026
8025
8024
8023
54022
8037
8036
8035
54021
8033
8032
8031
8047
8046
8045
8044
8043
8042
8041
54020
7983
7982
7981
7980
7979
7976
7975
7974
7993
7991
7990
54017
7987
7986
7985
7984
8004
8003
7999
7998
7997
7996
7995
7994
8013
8012
8011
8010
8008
8007
8006
8005
63242
63241
63240
63239
63238
63237
63236
63235
63251
63250
63249
63247
63246
54016
63244
63243
7965
7964
7963
7962
7961
7960
63254
63253
7973
7972
7971
7970
7969
54015
7967
7966
7944
7943
7942
7941
7940
7939
7938
53991
7953
7952
7950
7949
7948
7947
7946
7945
63226
63225
63224
63223
7958
53990
7956
7954
63234
63233
63232
63231
63230
63229
53989
63227
7910
7909
7908
7907
7906
53987
7904
7903
7918
7917
7916
7915
7914
7913
53986
7911
7928
7926
7925
7923
7922
7921
7920
7919
53985
53984
7934
7933
7932
7931
54002
7929
7872
7870
7869
7868
7867
7866
7865
7864
7884
7883
7881
54001
7879
7878
7876
7874
7892
7891
53999
7889
53996
7887
7886
7885
53995
7900
53994
7898
53992
7896
7895
7894
7838
7837
7836
7835
7834
7833
7832
7831
56858
7845
7844
7843
7842
7841
56857
7839
7854
7853
7852
7851
7850
7849
56856
56855
7863
7861
7860
7859
54006
7857
7856
7855
7804
7803
7802
54005
7800
7799
7798
7797
7814
7813
7811
7810
7808
7807
7806
7805
7822
7821
7820
7819
7818
7817
7816
7815
7830
7829
7828
7827
7826
7825
7824
7823
54004
7764
7763
7762
7761
7760
7759
7758
54003
7774
7773
7771
7770
7769
7768
7767
7786
7785
7784
7783
7782
7781
7780
7778
7796
7795
7794
7793
7792
7791
7790
7789
7732
7731
56868
7729
7728
7727
7726
7725
7741
7740
7739
7738
7737
7736
7735
7733
7749
7748
7747
7746
7745
7744
7743
7742
7757
7756
7755
7754
7753
7752
7751
7750
7697
7696
7695
7694
7693
7692
56867
7690
7706
7705
7704
56862
7702
7701
7699
7698
7716
56861
7714
7713
56860
7710
7709
7708
7724
7723
7722
56859
7720
7719
7718
7717
7661
7660
7659
7658
7657
7656
7655
7654
53955
7669
7668
7667
7666
7665
53954
7662
7680
53951
7678
7677
7676
53950
7674
7672
7688
7687
7686
7685
53949
7683
7682
7681
63274
63273
63272
63271
63270
63269
63268
63267
63282
63281
63280
63279
63278
53948
63276
63275
7643
7642
7640
7639
63286
63285
63284
63283
7653
7651
7650
7649
7648
53947
7645
7644
7623
7622
7621
7619
7618
53964
7616
7615
7632
7631
7629
7628
7627
53963
7625
7624
63258
63257
63256
53962
7638
7637
7634
7633
63266
63265
63264
63263
63262
63261
63260
53959
7583
7582
53958
7580
7579
7578
7577
7575
7593
7592
7591
7589
7588
7586
7585
7584
7603
7602
7601
7599
7598
7597
7596
7595
7614
7613
7612
53956
7608
7607
7605
7604
7546
7545
7544
7543
53973
7541
7540
7539
53971
7555
7554
7553
7552
7551
7550
7549
7565
53969
7563
7562
7561
7560
7559
7558
7574
7572
7571
7570
7569
7568
53968
7566
7509
7508
7507
7506
7504
7503
53967
53966
7517
7516
7515
7514
7513
7512
7511
7510
7527
7526
7525
7524
53965
7522
7521
7518
7538
7537
7536
7535
7533
7532
7529
7528
7474
7473
7472
7471
7470
7469
7468
7467
7483
7482
7481
7480
7479
7478
7476
7475
7492
7491
7490
7488
7487
7486
7485
7484
7500
7499
7498
7497
7496
7495
7494
7493
53983
63311
63310
63309
63308
63307
63306
63305
53981
7447
63318
63317
63316
63315
63314
63313
7456
7455
7454
7453
7452
7451
7450
7449
7466
7465
7464
7463
7462
53980
7458
7457
53979
7431
53978
7427
7426
7425
7423
7422
7445
53977
7442
7441
7440
7439
7438
53976
53975
63293
63292
63291
63290
63289
63288
53918
63303
63302
63301
63300
63298
63297
63296
63295
7396
7395
53917
7393
7392
7390
7389
7388
7405
7403
7402
7401
7400
7399
53915
7397
7413
7412
7411
7410
53913
7408
7407
7406
7421
7420
7419
7418
7417
7416
7415
7414
7361
7360
7359
7358
7357
7356
7355
7354
7370
7369
7368
7367
7366
53912
7363
7362
7379
7378
7377
53927
7374
53926
7372
7371
7387
7386
7385
7384
7383
7382
7381
7380
7325
7324
53925
7322
7321
7319
7318
7317
7334
7333
7331
7330
7329
7328
7327
7326
7344
7343
7341
7340
53924
7337
7336
7335
7353
53923
7351
7350
7349
7348
7346
7345
7290
7289
7288
7287
7286
7284
7283
7281
53922
7298
7297
7296
7295
7294
53921
7292
7307
7306
7305
7304
7303
7302
7301
7300
7315
7314
7313
7312
7311
7310
7309
7308
7253
7252
7251
53919
7249
7248
7247
7245
7261
53938
53936
53934
7257
7256
7255
7254
7270
7269
7267
7266
7265
7264
7263
7262
7280
7279
7278
7277
7276
7275
7274
7272
7217
7216
7215
7214
7213
7212
7211
7209
7227
7226
53933
7223
7222
7220
7219
7218
7235
7234
7233
7232
7231
7230
7229
7228
7244
7242
7241
7240
7239
7238
7237
7236
63341
63340
63339
63338
63337
63336
63335
63334
63350
53931
63347
63346
63345
63344
53945
63342
7199
7198
7196
7195
7194
7193
7192
53944
7208
7207
7206
7205
7204
7203
7201
53941
7174
7173
7172
7170
7169
7168
7167
7164
7184
7182
7181
7180
7179
7178
7177
7176
63323
53940
63321
63320
7189
7188
7186
7185
63333
63332
63331
63330
63328
63326
63325
63324
7138
7136
53939
7134
7133
7132
7131
7130
7146
7145
7144
7143
7142
7141
7140
53885
7155
7153
7152
7151
53883
53882
7148
7147
7163
7162
7161
7160
7159
7158
7157
7156
7103
7102
7101
53878
7099
7098
7097
7096
7112
7111
7109
7108
53877
7106
7105
53876
7121
53875
7119
7118
7117
7116
7115
7114
7129
7128
53893
7126
7125
53892
7123
7122
7068
7066
53891
53890
7063
7062
7061
7060
7077
7076
7075
7074
7073
7071
7070
7069
53888
7086
7085
7084
7082
7081
7080
53887
7095
7094
7093
7092
7091
7090
7089
7088
7032
7031
7029
7028
7027
7026
7024
7023
7040
7039
7038
53902
7036
7035
7034
7033
7051
7050
7049
7048
7046
7044
7042
7041
7059
53901
7057
53900
7055
7054
53899
7052
6996
6995
6994
6992
6991
6990
6989
53898
7005
7004
7003
7002
53897
7000
6998
6997
7014
7013
7012
7010
7009
7008
7007
7006
7022
7021
7020
7019
7018
7017
7016
7015
63374
63372
63371
63370
63369
63368
53895
63366
53910
63381
63380
63379
63378
53908
63376
63375
6976
6974
6973
6972
6971
6969
6968
6967
6985
6984
6982
6981
6980
6979
6978
53907
6952
6951
53906
6948
6947
53905
6945
6944
53904
6960
6959
53903
6956
6955
6954
6953
63353
63352
63351
6966
6965
6964
6963
6962
63362
63361
63360
53849
63358
63357
63356
63354
6914
6912
6911
6910
6908
6907
6905
53848
53847
6925
6923
6921
6920
6919
6917
6916
53846
53845
6932
6931
6930
6929
6928
6927
6943
6942
6940
6939
6938
6937
6936
6935
53844
6876
6875
6874
6873
6872
6871
53843
53842
53857
6884
6883
6882
53856
6879
6878
6894
6893
6892
6891
53854
6889
53853
6887
6902
6901
6900
6899
53852
53851
6896
6895
6844
6843
6842
6839
6838
6837
6836
6835
6853
6852
6851
6849
6848
53850
53864
6845
6861
6860
6859
6858
53863
6856
53862
6854
6869
6868
6867
6866
6865
6864
53861
6862
6805
6804
6801
6800
6799
53860
6796
6795
53859
6813
6812
6811
6809
53858
6807
6806
6824
6823
53874
6821
6820
6819
6817
6816
6834
53873
6832
6830
6829
6828
6827
6825
63405
63404
63402
63401
63399
63398
63397
63396
6775
63414
63413
63412
63411
53872
63407
53871
6784
53870
6782
6780
6779
6778
6777
53869
6794
6793
6792
6791
6789
6788
6787
6785
6759
6758
6755
6754
6753
6752
6751
6750
53868
53866
6765
6764
6763
6762
53816
6760
63384
63383
53814
6773
6772
6770
6769
6768
63394
63393
63392
63391
63389
63387
63386
63385
6723
6722
53813
6720
6719
6717
6716
6715
6732
6730
6729
6728
6727
6726
6725
6724
6740
6739
6738
6737
6736
6735
53812
6733
6749
6748
6747
6746
6745
6743
6742
53811
6687
6686
6685
6684
6682
6680
6679
6678
6696
6695
6694
6693
6692
6691
6690
6688
6705
6703
6702
53810
6700
6699
6698
6697
53808
6713
6712
6711
6710
6709
6708
6706
6651
6650
6649
6648
6647
6646
6645
6644
6659
6658
6657
6656
6655
6654
6653
6652
6667
6666
6665
6664
6663
6662
6661
6660
6677
6676
6675
6674
53807
6671
6670
6668
6613
6612
6611
6610
6609
53824
53823
6606
6622
6621
6620
6619
53822
6616
6615
6614
53821
6633
6630
6628
6627
6625
6624
6623
6643
6642
6641
6640
6639
53820
6636
6635
6579
53819
6576
53818
6573
6572
6570
53817
6588
6587
6586
6585
6584
6583
6581
6580
6596
6595
6594
6593
6592
6591
6590
53833
6605
6604
6603
6602
6601
6600
6599
6598
63437
53832
63434
63433
63431
63429
63428
63427
63446
63445
63444
63443
63442
63441
63440
63438
6558
6557
6556
6555
6554
6553
6552
6551
6568
6566
6565
53831
6562
6561
6560
6559
6535
6534
6533
6532
6531
6529
6528
6527
6545
6543
53829
6541
53828
6538
53827
6536
63417
63416
63415
6550
6549
6548
6547
6546
63426
63425
63424
63423
63422
63420
63419
63418
6497
6496
6495
6494
6493
6492
6491
6490
53826
6504
6503
6502
6501
6500
6499
53841
6514
6513
6512
6511
53840
6508
6507
6506
6526
6524
6523
53839
6520
6519
53838
6515
53837
53836
6461
6460
6459
6458
6457
6456
6472
6471
6470
6469
6468
6467
6466
53835
6480
6479
6478
6477
53834
6475
6474
6473
6489
53780
6487
6486
6484
6483
6482
6481
6427
6426
6425
6422
6421
6420
6419
6418
6436
6435
6433
6432
6431
6430
6429
6428
6444
6443
53779
53777
6440
6439
6438
6437
6454
6453
6452
53776
6449
53775
6447
6446
53773
6384
6383
6382
6381
6380
6379
6378
6394
6393
53771
53770
53788
53787
6387
53786
6407
6404
6403
53785
6401
6400
6398
6396
6417
6416
6415
6412
6411
6410
6409
6408
6350
6349
6348
6346
6345
6343
6342
6341
6360
6359
6358
6357
6356
6355
6354
6351
6368
6367
6366
6365
6364
6363
53783
6361
6377
6376
6374
6373
6372
6371
6370
6369
63466
63465
63464
53782
63462
63461
63460
63459
63475
63474
63472
63471
63470
63469
63468
63467
6331
6330
6329
6328
6327
63478
63477
63476
6340
6339
6338
6337
6336
6335
6333
6332
53781
6308
6307
6306
53797
6304
53796
6302
6320
6318
6316
53795
6314
6313
6312
6311
63449
53794
63447
6326
6324
6323
6322
53792
63458
63457
63456
53791
53790
63452
63451
63450
6275
6274
6273
6272
6271
6270
6269
6268
6284
6283
6281
53789
6279
6278
6277
6276
6292
6291
6290
6289
6288
6287
6286
6285
53806
6300
6299
6298
6297
6296
53805
6294
6243
53804
6241
6239
6238
53803
6236
6235
6251
6250
6249
6248
6247
6246
6245
6244
6259
6258
6257
6256
6255
6254
6253
6252
6267
6266
6265
6264
6263
6262
53802
6260
6209
6208
6207
6206
6205
53801
6203
6202
6218
6217
6216
6215
6214
6213
6212
53799
6226
6225
6224
53798
6222
6221
6220
6219
6234
6233
6232
6231
6230
6229
6228
6227
6173
6172
6171
6170
6169
6168
6167
53743
6181
6180
6179
53742
6177
6176
6175
6174
6191
6190
6188
6186
53741
6184
6183
6182
6201
6200
6199
6197
6195
6194
6193
53740
6139
6138
6137
6136
6134
6132
6131
6130
6147
6146
53739
6144
6143
6142
6141
6140
6155
6154
53738
6152
6151
6150
6149
6148
6165
6163
6162
6161
6160
6159
6157
6156
6104
6103
6102
6101
6100
6099
6098
6097
6113
6112
6111
6110
6109
6107
53737
6105
6121
6120
6119
6118
6117
6116
6115
6114
53736
53752
53750
6126
6125
6124
6123
6122
6069
6068
6067
6066
6065
6064
6063
6062
6079
6078
6076
6075
6074
6073
6071
53749
6088
6086
6085
6084
6083
6082
6081
6080
6096
6095
6094
53748
6092
6091
53747
6089
6030
6029
6028
6027
6025
6024
6023
6022
6039
6038
53746
6035
6034
6033
6032
6031
6050
6047
6046
6045
6043
6042
6041
53745
6061
6060
6059
6058
6057
53744
6053
6051
63499
63498
63497
63496
63495
63494
63493
63492
63508
63507
63506
63505
63504
63503
63501
63500
6013
6012
6011
6009
6008
6007
63510
63509
6021
6020
6019
6018
6017
6016
6015
6014
53760
5988
5986
5984
5983
5982
5981
5980
6000
5999
5998
53759
5994
5993
5992
5991
63480
63479
6006
6005
6004
6003
6002
6001
63491
63490
63488
63487
63486
63485
63482
63481
5945
5944
5943
5942
5941
5940
5939
53758
5955
5954
5953
5952
5950
5949
5947
5946
5968
5966
5964
5963
5962
5960
5958
53757
5978
5976
5975
5974
5972
53756
5970
5969
5910
5909
5908
5907
5906
5905
5902
5901
5918
5917
5916
5915
5914
5913
5912
5911
5927
5926
53754
5924
53753
5922
5920
5919
53769
5936
5935
53768
5931
5930
5929
5928
5870
5869
5868
5867
53767
5865
5864
5863
5880
5879
5878
5876
5875
5873
5872
5871
5891
5890
5888
5885
53766
5883
5882
5881
53765
5898
5897
5896
53764
5894
5893
5892
63534
63533
63531
63530
63529
63528
63527
63526
63542
63541
63540
63539
63538
53763
63536
63535
5854
5853
5852
53762
5850
5849
5848
5847
5862
5861
5860
5859
5858
5857
5856
5855
5833
5832
5831
5830
5829
5828
5827
5826
5843
5841
5840
5839
5837
5836
5835
5834
63516
63515
63514
63513
63512
63511
5845
5844
63525
63524
63522
63521
63520
63519
63518
63517
5797
5796
5795
5794
5793
5792
5791
5790
5806
5805
56910
5803
56908
5801
56907
5798
5815
5814
5813
5812
5811
5809
56906
5807
5825
5824
5823
5821
5820
5818
5817
5816
5762
5761
5760
5759
5758
5757
5756
5755
5770
5769
5768
56905
5766
5765
5764
5763
5780
5779
5778
5777
56903
5774
5772
5771
5788
5787
5786
5785
5784
5783
5782
5781
5727
5726
5725
5724
5722
5721
5720
5719
5736
5735
5734
5733
5732
5730
5729
56902
5744
5743
5742
5741
5740
5739
5738
5737
5752
5751
5750
5749
5748
5747
5746
56918
5691
5690
5689
5688
5686
5685
5684
5683
5701
5700
5699
5698
5696
56917
5694
5692
5709
5708
5707
5706
5705
5704
56916
5702
5718
5717
5716
5715
5713
5712
5711
5710
5656
5655
5654
5653
5652
5651
5650
5649
5664
5663
5662
5661
56915
5659
5658
5657
56914
5671
5670
5669
56913
5667
5666
56912
5682
5681
5680
5679
56911
5675
5674
5673
5620
5618
5617
5616
53726
5614
5613
5612
5628
5627
5626
5625
5624
5623
5622
5621
5637
5636
5635
5634
5633
5632
5630
53725
5648
5647
5646
53724
5642
5641
53723
5638
5582
5581
5580
5579
5578
53722
5576
5575
5593
53721
5590
53720
5587
5586
5585
5583
5601
5600
5599
5598
5597
5596
5595
5594
53719
5609
5608
5607
5606
5605
5603
5602
5548
5547
53735
5545
5544
5543
53733
5541
5556
5555
5554
5553
5552
5551
5550
5549
5565
5564
5563
5561
5560
5559
5558
53730
5574
5573
5572
5570
5569
5568
5567
5566
63562
63561
63560
63559
63558
63557
53729
63555
63571
63570
53728
63568
63567
63565
63564
63563
5532
5531
5530
5529
5528
5527
63574
63573
5540
5539
5538
5537
53727
5535
5534
5533
5512
5511
5510
5509
5508
5507
53706
5505
5521
5520
5519
5518
5516
53701
53700
53699
63546
63545
63544
53698
5526
53696
5523
5522
63554
63553
63552
63551
63550
63549
63548
63547
5477
5476
5475
5474
5473
53695
5471
5470
5486
5485
5484
5483
5482
5481
5480
5478
5494
53715
5492
5491
5490
5489
5488
5487
5503
5501
53714
5499
53713
53711
5496
5495
5440
5437
5435
5433
5432
5431
5430
5429
5449
5448
53710
5446
5445
5444
5443
5441
5459
5458
5457
5456
5455
5453
53709
5451
5468
5467
5466
5465
5464
5462
5461
53708
5401
5400
5399
5398
5397
5396
5394
5393
5411
5410
56890
5408
5407
5404
5403
5402
5420
5419
5418
5416
5415
5414
5413
5412
5428
5427
5426
5425
5424
5423
5422
5421
5366
5365
5364
5363
5362
5361
5360
5359
5374
5373
5372
5371
56889
5369
5368
5367
5384
5383
5381
5380
5379
5377
5376
5375
56888
5391
5390
5389
56887
5387
5386
5385
5332
5331
5330
5329
53718
5327
5326
5325
5340
5339
5338
5337
5336
5335
53717
5333
5350
5349
5348
5346
5344
5343
5342
5341
5358
5357
5356
5355
5354
5353
5352
5351
5299
53716
5295
5294
5293
5292
5291
5290
5308
5307
56901
5305
5304
5303
5301
5300
5316
5315
5314
5313
5312
5311
56900
5309
5324
5323
5322
5321
56899
5319
5318
5317
63599
56898
63597
56897
63595
63594
63593
63591
5271
63606
63605
63604
56895
63602
63601
63600
5279
56894
53666
5276
5275
5274
5273
5272
5289
5288
5286
5285
5284
5282
5281
53665
5257
5255
5254
53664
5251
5250
5249
5248
5267
5266
5264
5263
5262
5261
5260
5259
63579
53662
53660
63576
63575
5270
5269
5268
63589
63587
63586
63585
63583
63582
63581
53659
5222
5220
5219
5218
5216
5215
5214
53676
5230
5229
5228
53675
5226
53674
5224
5223
5238
53673
53672
5235
53671
5233
5232
5231
5247
5246
5245
5244
5243
5242
5241
5239
5183
5182
5181
5179
5178
5177
5176
5175
5193
5192
5191
5189
5188
5187
5185
5184
5202
5201
5200
5199
53669
5197
5195
5194
5212
5211
5210
5209
5207
5205
5204
5203
5145
5144
5143
5142
5141
5140
5139
5138
5155
5154
53684
5152
5149
5148
5147
5146
5166
5163
5162
5160
5159
5158
5157
5156
5174
5173
5172
5171
5170
53682
53681
53679
5111
5110
5109
53678
5107
5105
5102
5101
5120
5119
5118
5117
5116
5114
5113
5112
53677
5127
5126
5125
5124
5123
5122
5121
5137
5136
5135
5134
5133
5132
5131
5129
63632
63631
63630
63629
63628
63627
63626
63625
53694
5080
5079
63638
63636
63635
63634
63633
5090
53693
5088
5087
5086
5084
53691
5082
5100
5099
5098
53690
5095
5094
5093
5092
5067
53689
5065
5064
5063
5061
5060
5059
63607
5078
5076
53688
5073
5071
53687
5068
63615
63614
63613
63612
63611
63610
63609
63608
63624
63623
63622
63621
63620
63619
63617
63616
5026
5025
5024
5023
5022
5021
5020
5019
5036
5035
5034
5033
5031
5029
5028
5027
5046
53627
5043
5042
5040
5039
53626
5037
5056
53625
5054
53623
5050
53622
5048
5047
4988
4987
4986
4985
4984
53621
4982
4981
4998
4997
4995
4993
4992
4991
4990
4989
5008
5007
5006
5005
5002
5001
5000
4999
5018
5017
5016
5015
5014
5013
5011
53639
63668
63667
63666
63664
63663
63662
63660
53635
4960
4959
4958
4957
4956
4952
53634
63670
4969
4968
53633
4966
4965
4964
4963
4961
4980
4979
4978
4977
53631
4973
4972
4970
4939
4938
4937
4936
4935
4932
4931
4930
63639
4949
4948
4947
4945
53630
53629
4941
63650
63649
63648
63646
63645
63644
63643
53648
63658
63657
63656
63655
63654
63653
63652
63651
4895
4894
53647
4892
4891
4890
4889
53646
4906
4905
53645
53644
4902
4900
4899
4897
4918
4917
53643
4914
4912
4911
4910
4908
53642
4926
4925
4924
53641
4922
4921
4919
53658
4855
53657
53653
4851
4850
4849
4848
53652
4867
4866
4865
4864
4863
4861
53651
4878
4877
4876
4875
4874
4872
53650
4870
4887
4886
4885
4884
4883
4882
4881
4879
53649
63697
63694
63693
63692
63691
63690
63689
53592
4827
4826
4825
4824
4823
63702
63700
4839
4837
4836
4835
4834
4833
4832
53590
4847
4846
4845
4844
4843
4842
4841
4840
4810
4807
4805
4803
4802
4800
4799
4798
63671
4822
4821
4820
53589
53587
4814
4812
63680
63679
63678
63677
63676
63675
53586
63673
63688
63687
63686
63685
63684
53585
63682
63681
4768
4766
53584
53601
4762
53600
4760
4759
4778
53598
4776
53597
4773
4772
4771
4769
4789
4788
4787
53596
4783
4782
4781
4779
4797
53595
4795
4794
4793
4792
4791
4790
4727
4726
4724
4723
4722
4721
4720
53594
4738
4737
4736
4734
4732
4731
4729
4728
4748
53593
4746
4744
4743
4742
4740
4739
4758
4757
4756
4755
4754
4753
53611
4749
4686
4685
4684
4683
4682
53610
4678
53609
4697
4696
4695
4694
53606
4691
4690
4689
53605
4707
4706
4705
4702
4701
4700
4698
4718
4717
4716
4715
4714
4712
4711
4710
63722
63721
63720
53604
63718
63717
63716
63715
63731
63730
63729
63728
63726
63725
63724
63723
4667
53603
4665
4664
4663
63734
63733
53602
4675
4674
4673
4672
53620
4670
53619
4668
4648
4647
53617
53616
53615
4639
4638
4637
4658
4657
4655
4654
4653
4652
4651
4649
63706
63705
63704
63703
4662
4661
4660
4659
63714
63713
53614
63711
63710
63709
63708
63707
4607
4606
4605
4604
4603
4602
4601
4600
4619
4618
4616
4615
53613
4612
4611
4609
4628
4627
4626
4625
4624
4623
4622
4620
4636
4635
4634
4633
4632
4631
53612
4629
4573
4572
53554
4570
4569
4566
4565
4564
4581
53553
4579
4578
4577
4576
4575
4574
4590
4589
4588
4586
53552
4584
4583
4582
4598
4597
4596
4595
4594
4593
4592
4591
4532
4530
4529
4528
4527
4526
4525
4524
53551
4539
4538
4537
4536
4535
4534
4533
4552
53550
4546
4545
4544
4543
4542
4541
4562
4561
4558
4557
4556
4555
4554
4553
63760
63759
63757
63756
53549
63754
63753
63752
4504
4503
63766
63765
63764
53547
63762
63761
4512
4511
4510
4509
4508
4507
4506
4505
4523
4522
4521
4520
4516
4515
4514
4513
53546
4491
4489
4488
4487
4486
4483
4481
53563
4501
4500
4499
4498
4496
4495
4494
63742
63741
63740
63739
63738
63737
63736
53562
63750
63749
63748
63747
63746
63745
63744
63743
53561
4441
4440
4439
4438
4437
4435
4434
4452
4451
4450
4449
53559
4446
4445
4444
4465
53558
53557
4460
4456
4455
4454
4453
4480
4479
53556
4476
53555
4474
53571
4467
4401
4400
4399
4397
4396
4395
4394
4393
4411
53570
4409
4408
4406
4404
4403
4402
4420
4419
4418
53569
4415
4414
4413
4412
53568
4431
4429
4428
4427
4424
4423
53567
63789
63787
63786
63785
53565
63782
63781
63780
63798
63797
63796
63795
63794
63793
63791
63790
4384
4383
4382
4381
53564
4377
4376
4375
4392
4391
4390
4389
4388
4387
4386
4385
4357
4355
4353
4351
4350
4348
4347
4346
4367
4365
4364
4363
4362
4361
53583
53582
63770
63769
63768
63767
4373
4372
53581
4368
63779
63778
63777
63775
63774
63773
63772
63771
4319
4318
4317
4316
53579
4313
4311
4310
53577
4326
4325
4324
4323
4322
4321
4320
53576
4334
4333
53574
53573
53519
53518
4328
4345
4344
4342
4341
4340
4339
4338
53517
53516
4278
4277
4276
4275
4274
4273
4272
4291
4289
4288
4287
4285
4283
4282
4280
53512
4298
4297
4296
4295
4294
4293
4292
4309
4308
4307
4306
4303
4302
4301
4300
4242
4241
53511
53528
4237
4236
4235
4234
4252
4251
53527
4248
4247
4246
4245
4243
4263
4261
4260
4259
4258
4257
4255
4254
4271
53526
53525
4268
4267
4266
53524
4264
63821
63820
63819
63818
63817
63816
63815
63814
63829
63828
63827
63826
63825
63824
63823
63822
4223
4222
4221
4219
4218
53523
4215
63830
4233
4232
4231
4230
53521
4226
4225
4224
4198
53520
4195
4194
4193
4192
53536
4190
4210
4209
53535
4205
4204
4202
4200
4199
63804
63803
63802
63801
53534
4214
4213
4212
63813
63812
63811
63809
63808
63807
53533
63805
4164
4162
4161
4160
4159
4158
4156
4155
4172
4171
4170
4169
4168
4167
53532
4165
4181
4179
4178
4177
4176
53531
4174
4173
4189
4188
4187
4186
4185
53530
4183
4182
4128
4127
4126
53529
4124
4122
4121
4120
4137
4136
4135
4134
4133
4132
4130
4129
4146
4145
4144
4143
53544
4141
4140
4138
4154
4153
4152
53543
4150
4149
4148
4147
4094
53542
53541
4091
4090
4089
4088
4087
4103
4102
4101
4099
4098
4097
4096
4095
4111
4110
4109
4108
4107
4106
4105
53540
4119
4118
4117
4116
4115
4114
4113
4112
53538
4055
4054
4053
4052
4051
4050
4048
4064
4063
4062
4061
4060
4059
53537
4057
4076
4075
4073
4070
4069
4067
4066
4065
4086
4085
4083
4082
4081
4079
4078
4077
4019
4018
4017
4016
4015
4014
4013
4012
4029
4028
4026
4025
4023
4022
4021
4020
4038
4037
4036
4035
4034
4033
4032
56940
4047
4045
4044
4043
4042
4041
4040
4039
56939
3982
3981
3980
3979
3978
3977
3976
3993
3991
3990
3988
3987
3986
3985
56938
4001
4000
3999
56936
3997
3996
56935
3994
4011
4010
4009
4008
4007
4005
4004
4003
3949
3948
3947
3946
3945
3944
3943
3942
3958
3957
3956
3955
3954
3953
3952
3950
3967
3965
3964
3963
3962
3961
3960
3959
3975
3974
3973
3972
3971
56934
3969
3968
3915
3914
3913
3912
3911
3910
3909
3908
56948
3922
3921
3920
3919
3918
3917
3916
3932
3931
3930
56947
3928
3927
3926
3924
3941
3940
56946
3938
3937
3935
3934
3933
63849
56945
63847
63846
63845
63844
63843
63842
63858
63857
63856
63855
63853
63852
63851
56944
3899
3898
3897
3896
63862
63861
63860
63859
3907
3906
3905
3904
3903
56943
3901
3900
3876
3875
3874
3873
3872
3871
3870
3869
3888
3886
3885
56942
3883
3880
3878
3877
63833
63832
3894
3893
3892
3891
3890
56941
63841
63840
63839
63838
63837
63836
63835
63834
3841
3840
3839
3838
3837
3836
3835
3834
3850
3848
3847
53501
3845
3844
3843
3842
3860
53500
53499
3857
3855
3853
3852
53498
3868
3867
3866
3865
3864
53497
3862
3861
3803
3802
3801
3800
3799
3798
3797
3796
3812
3810
3809
3808
3807
3806
3805
3804
3824
3823
3822
3821
3819
3818
3817
3816
3833
53495
3831
3829
56950
3827
3826
3825
3767
3766
56949
3764
3763
53510
3761
3760
3776
3775
3774
3773
3772
53509
3769
3768
3784
3783
53508
3781
3780
3779
53507
3777
3794
3793
3792
3791
3790
3788
3787
3786
3730
3729
3728
3727
3726
3724
3723
3722
3738
3737
3736
3735
3734
3733
3732
3731
3750
3749
3748
3746
3744
3743
3740
3739
3759
3758
3757
3756
3755
3753
3752
3751
63882
63880
63879
63878
63877
53505
63875
63874
53504
53503
63892
63888
63887
63885
63884
63883
3711
3710
3709
3708
3707
3706
3705
53502
3720
3719
3718
3717
3716
3715
3714
53480
3685
3684
3683
3682
3681
3680
3679
3678
3696
3694
3693
3692
3691
53479
3689
3687
63865
63863
3702
3701
3700
53478
3698
3697
63873
63872
63871
63870
63869
63868
63867
53477
3649
3648
3647
53476
3645
3644
3643
3642
3659
3658
3657
3656
3654
3652
3651
3650
3667
3666
3665
3664
3663
3662
3661
3660
53473
3674
3673
53472
53471
3670
3669
3668
3613
3612
3610
3609
3608
3607
3606
3605
3625
3624
3622
3619
3618
3617
3616
3614
3633
3632
53488
3630
3629
3628
3627
3626
53486
3640
3639
3638
3637
3636
3635
3634
3575
3574
3572
3571
3570
3569
3568
3567
3583
3582
3581
3580
3579
3578
3577
3576
3595
53485
3593
3592
3590
3588
3587
3584
3604
3603
53484
3600
3599
3598
3597
3596
3538
3537
3536
3535
53483
3533
3532
3531
3547
3546
3545
3543
3542
3541
3540
3539
3557
3556
3554
3553
3552
3551
3550
3549
3566
3564
3563
53482
53481
3560
3559
3558
3503
3502
3501
3500
3499
3497
3496
3495
3512
3511
3510
3509
3507
3506
56923
3504
3520
3519
3518
3517
3516
3515
3514
3513
3530
3529
3528
3525
3524
3523
3522
3521
63916
63915
63914
63913
63912
63911
63910
63909
63924
56920
56919
63921
63920
63919
63918
63917
3484
3483
3482
3481
3480
53494
63926
53492
3494
3493
3491
53491
3489
3488
3487
3486
3464
3463
3462
3461
3460
3458
3457
3456
3473
3471
3470
3469
3468
3467
3466
3465
63897
63896
63895
3478
3477
3476
3475
3474
63908
63907
63906
63905
63904
53490
63900
63899
3429
3428
3427
3426
3425
3424
3423
3422
3437
3436
3435
3434
3433
3432
3431
3430
3446
3445
3444
3443
3442
3441
3439
3438
53489
3454
3453
3452
3451
3450
3448
3447
3396
3395
3392
3390
3389
3388
56932
3386
3405
3404
3402
56931
3400
3399
3398
3397
3413
3412
3411
3410
3409
3408
3407
3406
3421
3420
3419
3418
3417
3416
3415
3414
3359
3358
3356
3355
3354
3353
3352
3351
56930
3366
3365
3364
3363
3362
3361
3360
3376
3375
3374
3373
3372
3371
3370
3368
3385
3384
3382
3381
3380
3379
3378
3377
3322
3321
3320
56929
3317
3316
3315
3314
3330
3329
3328
3327
3326
3325
3324
3323
3338
3337
3336
3335
3334
3333
3332
3331
3350
56927
3345
3343
3342
3341
3340
3339
3286
3285
3284
3283
3282
3280
3279
3278
3295
56926
3292
3291
3290
3289
3288
3287
3305
3303
56925
3301
3300
3298
3297
3296
3313
3312
3311
56924
53442
3308
3307
3306
3251
53441
3249
3248
3247
3246
53440
3244
3261
3259
3258
3256
3255
3254
3253
53438
3269
3268
53437
3266
53436
3264
3263
3262
3277
3276
53434
3274
3273
3272
3271
3270
53433
63948
63946
63945
63944
63943
63942
63941
63958
63957
63956
63955
63954
63952
63951
53450
3233
3232
3231
3229
3228
3227
3225
3223
3243
53448
3241
3239
3238
3236
3235
53447
3206
3205
3204
3203
3202
3201
3200
3199
3217
3216
53446
3214
3212
3211
3208
3207
63931
53445
63928
63927
3222
3220
3219
3218
63940
63939
63938
63937
63936
63935
63934
63932
3172
3171
3170
3169
3168
3167
53444
3164
3181
3180
3179
53443
53460
3175
3174
3173
3190
3189
3188
3187
3186
3185
3183
3182
3198
3197
3196
3195
3194
3193
53459
3191
3137
3135
3133
3132
3131
3130
3129
3128
3145
3144
3143
3142
3141
3140
3139
3138
3155
3154
53458
3150
3149
3148
3147
53457
3163
3162
3161
3160
3159
3158
3157
3156
3103
3102
3101
3100
3099
3098
3095
3094
3111
3110
3109
3108
3107
3106
3105
3104
3119
3118
3117
3116
3115
3114
3113
3112
53456
3126
3125
3124
3123
3122
3121
3120
3064
3062
3061
3060
3059
3058
3056
3055
3073
3072
3071
53453
3068
3067
3066
3065
53451
3083
3082
3081
3078
53468
3075
53466
3093
3092
3091
3090
3089
3088
3087
3086
63987
63985
63984
63983
63981
63980
63979
53465
53461
3036
3035
3034
53405
3032
3031
63988
3046
53404
3044
3043
3042
3041
3040
3039
3054
3053
3052
3051
53403
3049
3048
3047
3017
3016
3015
3014
3013
3012
3010
3009
3028
3027
3024
3023
53402
3021
3020
53401
63965
63964
63963
63962
63961
63960
63959
3029
63975
53400
63972
63971
63970
63969
63968
63967
2978
2977
2976
2975
2974
2973
2972
53399
2987
53398
2984
2983
2982
2981
2980
2979
2999
2998
53413
2996
2995
2994
53412
2991
3008
3007
3006
3004
3003
3002
3001
3000
53409
2943
2942
2941
2940
2939
2938
2937
2952
2951
2950
2949
2948
2947
2946
2945
2961
2960
53408
2958
2957
53407
2955
2953
53406
2969
2968
2967
2966
53423
2964
2963
2904
53422
2902
2901
2900
2899
2898
2897
2912
2911
2910
2909
2908
2907
2906
2905
2924
2923
2922
2921
2920
2918
2916
2914
2935
2934
2933
2932
2931
2928
2927
2925
2869
2868
2866
2865
53421
2863
2862
2861
2879
2878
2877
2876
2875
2873
2871
2870
2887
2886
2885
2884
2883
2882
2881
2880
2896
2895
2894
2893
2892
53420
2890
2888
64013
64012
64011
64010
64009
64008
64007
64006
2839
64021
53419
64019
64018
64017
64016
64014
2847
2846
2845
2844
53418
2842
2841
2840
2860
2859
2858
2857
2856
2852
2851
2848
53417
2820
53416
2818
2816
2815
2811
53432
53431
53429
2829
2828
2827
2825
2824
2823
63992
63991
2838
2837
2835
2834
2833
2832
64005
64004
64003
64001
64000
63999
63998
63997
2781
2780
2779
2778
2777
2776
2775
53428
2790
2789
53427
2786
2785
2784
2783
2782
2800
2798
2797
2796
2794
53426
2792
53425
2809
2808
2807
2806
2805
53424
2802
2801
53370
53369
2746
2745
2744
2743
2741
2738
2757
2755
2754
53368
2752
2751
2750
53367
2765
53366
2763
2762
2761
2760
2759
2758
53365
2772
2771
2770
2769
2768
53364
2766
2710
2709
2708
2707
2706
2705
2704
2702
2718
2717
53363
2715
53378
2713
2712
2711
53377
2725
53376
2723
2722
2721
53375
2719
2737
2736
53374
2734
2733
2732
2731
2728
2674
2673
53373
2671
2670
2669
53372
2667
2684
2683
2682
2680
53371
2678
2677
2675
2692
2691
2690
53388
2688
2687
2686
2685
2701
2700
53387
2698
2697
2695
2694
2693
53385
64047
64046
64045
64043
64041
64040
64039
2649
2648
2647
64054
64053
64052
64051
64050
2658
2657
2656
2655
53384
53383
53382
2650
53381
2665
2664
2663
2662
2661
2660
2659
2629
2628
2627
2626
2625
2624
2623
2622
2639
53379
2637
2636
2635
2634
2632
2630
64030
53397
53396
64025
53395
2643
2642
2640
64038
64037
64036
53394
64034
64033
64032
53393
2595
2594
2593
2592
2590
2589
2588
2586
2603
2602
2601
2600
2599
2598
2597
2596
53392
2611
2610
2609
2608
2607
2606
2604
2621
2620
2619
2618
2617
2616
2615
2614
2559
2557
2556
2555
53391
2552
2551
2550
2568
2567
2566
2565
2564
2563
2561
2560
2577
2576
2575
2574
2573
2572
2570
2569
2585
2584
53389
2582
53332
2580
2579
53330
2522
2521
2520
2519
2518
53328
2516
2515
53327
2529
2528
2527
2526
2525
2524
2523
53325
2539
2537
2535
2534
2533
2532
2531
2549
2548
2547
2546
2545
2544
2543
2541
2485
2483
2481
2479
2478
2476
2475
2474
2494
2493
2492
2491
2490
2488
2487
2486
2504
2503
2502
2501
53324
53322
2496
2495
2514
2513
2512
2511
2509
2508
2506
53343
64075
64073
64072
64071
64070
64069
64068
64067
2455
64086
64085
64084
64082
64080
64079
64077
2463
2462
2461
2460
2459
2458
2457
2456
53341
2471
2469
2468
2467
2466
2465
2464
2438
2437
2436
2435
53340
2432
53339
2430
2447
2446
2445
2444
2443
2442
2441
2440
64057
64056
64055
2454
2453
2452
2450
53338
64066
64065
53336
64062
53335
64060
53333
64058
2402
2401
2400
2399
2398
2397
2396
2395
2410
2409
2408
53352
2406
2405
2404
2403
2418
2417
2416
2415
2414
2413
2412
2411
2429
2428
2425
2423
2422
2421
2420
2419
2367
2366
2365
2364
2363
53351
2360
2359
2378
2375
2374
2373
53350
53349
2369
2368
2386
2385
2384
2383
2382
53348
2380
2379
2394
2393
2392
2391
2390
2389
2388
2387
2333
2332
2331
2330
2329
2328
2327
2326
2341
2340
2339
2338
2337
2336
2335
2334
2350
2349
2348
53347
2345
53345
2343
2342
2358
2357
2356
53344
2354
2353
2352
2351
2299
2298
2297
2296
2295
2294
2293
2292
2307
53362
2305
2304
2303
2302
2301
53359
2316
2315
2314
2313
2312
2311
2310
2309
2325
2324
2323
2321
2320
2319
2318
2317
2267
2266
2265
53357
2263
53356
2261
53355
2275
2274
2273
2272
2271
53354
2269
53353
2283
2282
2281
2280
2279
2278
2277
2276
2291
2290
2289
2288
53296
2286
2285
2284
2230
53295
53293
2227
2226
2225
2224
2222
2239
2237
2236
2235
2234
2233
2232
2231
2251
2248
2247
2246
2245
2244
53291
2241
53290
2258
2257
2256
2255
2254
2253
2252
2193
2192
2191
2190
2189
2188
2187
53289
2203
2202
53304
2200
2199
2197
2195
2194
2212
2211
2210
2208
2207
53303
2205
2204
2221
2220
2219
2218
2217
2216
2215
2213
2158
2157
2156
2155
2154
2153
2152
2151
2166
2165
53302
2163
2162
2161
2160
2159
2176
2175
2173
2172
2171
2170
2169
2167
2185
2184
2183
2182
2181
2180
2179
2178
64106
53301
64104
64103
64102
64101
64100
64098
64115
64114
64113
64112
64111
64109
64108
64107
2141
2140
2139
2137
2136
2135
64117
64116
2150
2148
2147
2146
53299
53298
2143
53312
2117
2114
2113
2112
2111
2109
2108
2107
2129
2128
2127
2124
2123
2122
2119
2118
64089
64088
64087
2134
2133
2132
53309
2130
64097
53308
64095
64094
64093
64092
64091
64090
2076
2075
2074
53307
53306
2068
2067
53321
53320
2083
2082
2081
2080
2079
2078
2077
2094
2092
2091
2090
2089
2088
2086
2085
2106
2105
2103
2102
53318
2098
2097
2096
64144
64143
64142
64141
53317
64139
64138
64137
2042
53316
64150
64149
64148
64147
64146
64145
2051
53315
2049
2048
2046
53314
2044
2043
2063
2061
2060
2059
2056
2054
53313
2052
2026
2025
2024
2023
2022
2021
2017
2016
2036
56973
2034
2033
2030
2029
2028
56972
64128
64127
56971
64125
64121
64120
64119
2038
56970
64135
64134
64133
56969
64131
64130
56968
1989
1988
1987
1986
1985
1984
1982
1981
1997
1996
1995
1994
1993
1992
1991
1990
2005
2004
2003
2002
2001
2000
1999
1998
2015
2014
2013
2012
2011
2009
2007
2006
1952
1947
1946
1945
56967
1941
1939
1937
1963
1960
1959
1958
53272
53271
1955
1954
1971
1970
1969
1968
1967
1966
56982
1964
1980
56978
1978
1977
1976
1975
1974
1973
1907
56977
56976
1904
1903
1902
1901
1900
1920
1919
1918
1917
1913
1912
1909
1908
1928
1927
1926
1925
1924
1923
1922
1921
1936
56974
53280
1933
53279
1931
53278
1929
64173
64170
64169
64168
64167
64166
64165
64164
1879
64182
64181
64180
64179
64178
64177
64175
53277
1887
1886
53276
1884
1883
53275
1880
53274
1898
1897
53273
1894
1893
1891
1890
1865
1863
1862
1861
1859
1858
1857
1856
1873
1872
1871
1870
1869
53288
1867
1866
64153
64152
64151
53287
1877
53285
1875
1874
64163
64162
64160
53284
64157
64156
64155
64154
1826
1825
1824
53282
53281
1820
1819
1818
1838
1837
1833
1832
1830
53255
1828
1827
1846
1845
1844
1843
1842
53254
1840
1839
1855
1854
1853
1852
1851
1850
1849
1848
1789
1788
53253
1786
1785
1784
53252
1782
1799
1797
1796
1795
1793
1792
1791
1790
1808
1807
1805
53251
1803
1802
1801
1800
1817
1816
1814
1813
1812
1811
1810
1809
1752
1751
1750
1749
1748
1747
1746
1745
1761
1760
1759
1757
1756
1755
53250
1753
1771
1770
1769
53248
1766
1765
1764
1762
53247
53265
1779
1778
1777
1775
1773
1772
1716
1715
1714
1712
1711
1710
1709
1708
1725
53264
1722
1721
1720
1719
1718
1717
1734
1733
1732
1731
1729
1728
1727
53263
53260
1743
1742
1741
1740
1738
1737
1735
64205
53259
53258
64202
64201
64200
64199
64198
1687
64214
53256
64211
56955
64209
56953
56952
1698
1696
1695
1693
1692
56951
1689
1688
1707
1706
1705
1704
1702
1701
1700
1699
1673
1672
1671
1670
1668
1667
1666
1665
1681
1680
1679
1678
1677
1676
1675
1674
64187
53270
64184
53268
1686
1685
1683
1682
64197
64194
64193
53267
56964
64190
64189
64188
1634
1633
1632
1631
1630
1629
1628
1627
56963
1641
1640
1639
1638
1637
1636
1635
1652
1650
56962
1648
1647
1646
56961
1643
1662
1661
1659
1658
1657
1655
1654
1653
1599
1598
1597
1596
1594
1593
56960
56959
1608
1607
1606
1604
1603
1602
1601
1600
1617
1616
1615
1614
1613
1612
1611
1610
1626
1625
56958
1623
1622
1621
1619
1618
1566
1565
1563
1562
1561
1560
1559
1558
1574
1573
1572
1571
1570
1569
1568
1567
1582
1581
1580
1579
1578
1577
1576
1575
1590
1589
1588
1587
1586
1585
1584
1583
1527
1526
1525
1524
1523
1522
56957
53219
1537
1535
1534
1533
1532
1530
1529
1528
1547
1546
1545
1543
1542
1541
53218
1539
1557
1556
1553
53217
1551
1550
53216
53215
53213
1492
1491
1488
1487
1486
1485
53212
1503
1502
1501
1500
1499
1497
1496
1495
1511
1510
53229
53228
1507
1506
53227
1504
1519
1518
1517
53226
1515
1514
1513
1512
1458
1457
1456
53225
53223
1452
1451
1450
1466
1465
1464
1463
1462
1461
1460
1459
1474
1473
1472
1471
1470
1469
1468
1467
1483
1482
1481
1480
1479
1478
1477
1475
1422
1421
1420
1419
1418
1417
1416
1415
1431
1430
1429
1428
1427
1426
1425
1423
1440
1439
1438
1437
1435
1434
53222
1432
1449
1448
1446
1445
1444
1443
1442
1441
64235
64234
64233
64232
53221
64230
64229
64228
64244
64243
53238
64240
64239
64238
64237
64236
1405
1404
1403
1402
1401
1400
1399
64245
1414
53237
1412
1411
53234
1408
1407
53232
1383
1381
1380
1379
53230
1377
1376
1375
1392
1391
1390
1389
1387
1386
1385
1384
64216
53246
53245
1397
53244
1395
1394
1393
64226
64223
64222
64221
64220
64219
64218
64217
1349
1347
1346
1345
1344
1343
1342
1341
1358
1357
1356
1355
1354
1352
1351
1350
1366
1365
1364
1363
1362
53243
1360
1359
1374
1373
1372
1371
1370
1369
1368
1367
1313
1311
1310
1309
1308
1307
1306
1305
1321
53242
1319
53241
1317
1316
1315
1314
1331
1330
1329
53240
1326
1325
1324
1323
1340
1339
53239
1337
1336
1335
1334
1332
1273
1272
1271
1270
1269
1268
1267
1266
1283
1282
1280
1279
1278
1277
1276
1274
1296
1295
53184
1292
1291
1289
1287
1284
1304
1303
1302
1301
53183
1299
1298
1297
1237
1236
1235
1234
1233
1232
1230
1229
53182
1244
1243
1242
1241
1240
1239
1238
1255
1254
1253
1251
1250
1249
1248
1247
1264
1263
1262
1260
1259
1258
1257
1256
1199
1198
1197
1196
1195
53179
1193
1192
1208
53178
1205
53192
1203
1202
1201
1200
1219
1217
1215
1214
1212
1211
1210
1209
1228
1227
53191
1224
1223
53190
1221
1220
53189
64266
64265
53188
64263
64262
64261
64260
64276
64275
64274
64273
64272
64270
64269
64268
1181
1180
1179
1178
1177
1176
53187
64278
1191
1190
1189
1187
1186
1185
1183
1182
1159
1158
1157
1156
1155
1154
1153
1152
1168
1167
1166
1165
1164
1163
1162
1161
53186
64247
1174
1173
53185
1171
1170
53201
64258
53200
64256
53199
64253
64252
64251
64250
1115
1114
1113
1112
1111
1109
1108
1107
1127
1124
53198
1122
1121
1118
1117
1116
1137
1136
1135
53197
53196
53195
1131
1128
1151
1150
53193
53210
1145
1141
1140
1139
1081
1080
1079
1078
1077
1076
1075
1074
1090
1089
1088
53209
53208
1084
1083
1082
1098
1097
1096
1095
1094
1093
1092
1091
1106
1105
1104
1103
1102
1101
1100
1099
1046
1045
1044
1042
1041
1040
1037
1036
1054
1053
1052
1051
1050
1049
1048
1047
1063
1061
1060
1059
1058
53206
1056
1055
1073
1072
1070
1069
1068
1067
1066
1064
1006
1005
1004
1003
1002
1001
1000
999
1018
1017
53205
1012
1011
1010
1009
1008
1027
1026
1025
1023
1022
53204
1020
1019
1035
1034
1033
1032
53203
1030
1029
1028
64298
64297
64296
64295
64294
64293
64292
64291
64306
64305
64304
64303
64302
64301
64300
53202
988
987
986
985
53150
64309
64308
64307
998
997
996
994
993
992
53149
989
967
966
965
964
963
962
53148
958
977
976
975
974
973
971
970
969
64282
64281
64280
53147
982
980
979
978
64290
64289
64288
64287
64286
64285
64284
64283
931
53146
929
928
927
926
925
924
940
939
938
53145
936
934
933
932
948
947
946
945
944
943
942
941
957
956
955
953
952
951
950
53144
895
894
893
892
53142
53159
53158
53156
53155
903
901
900
899
898
897
896
915
914
913
912
911
910
53154
908
923
922
921
920
53152
918
917
916
859
858
857
856
855
854
853
852
867
53151
865
864
863
862
861
860
876
875
874
873
872
871
870
868
884
53167
882
881
880
879
878
877
824
823
822
821
818
816
53166
812
834
832
831
830
828
827
826
825
842
841
840
839
838
837
836
835
851
53165
849
53164
847
846
845
843
783
53163
781
780
779
778
777
776
794
793
791
53162
788
787
785
784
803
802
801
800
799
798
796
795
811
810
809
808
807
806
805
804
53161
64330
64329
64328
53160
64326
64325
53175
64339
64338
53173
64336
64335
64334
64333
64332
765
764
763
53172
760
759
64342
64341
53170
774
773
771
770
768
767
766
739
738
737
736
735
734
733
731
750
749
748
747
744
53169
742
53168
64313
64312
64311
758
757
53112
753
53111
64323
64321
64320
64318
64317
64316
64315
53110
700
699
698
53109
696
695
53107
691
711
53106
707
706
705
704
702
53105
719
718
717
716
715
714
713
712
729
728
726
724
723
722
721
720
663
662
53121
660
658
657
656
654
671
670
669
668
667
666
665
664
681
53119
53117
676
675
674
673
672
690
53116
688
687
53114
684
683
682
625
622
621
620
619
618
617
616
634
633
632
631
630
629
628
627
645
644
642
53113
53132
637
636
635
653
652
651
650
53131
53129
647
646
588
53128
586
585
584
583
582
581
597
596
53127
53124
53123
591
590
589
605
53122
53141
602
601
53140
599
598
53138
612
611
610
609
608
607
606
53137
64360
64359
53136
64357
64356
64355
64354
64369
64368
64367
64366
64365
64364
53075
64362
53072
569
568
64374
64373
64372
64371
53071
579
578
577
576
574
573
572
571
546
545
543
542
541
540
539
53070
557
555
553
552
551
550
53068
548
64344
53067
564
562
561
560
559
53066
64353
64352
64351
53083
53082
53080
53079
64346
509
508
507
53078
505
504
502
501
519
518
53077
514
513
512
511
510
528
527
526
525
524
523
53076
520
537
53095
535
534
53093
531
530
53092
473
472
471
470
469
468
467
466
481
480
53091
478
477
476
475
474
489
488
487
486
485
484
53088
482
499
498
53086
494
493
492
491
490
437
436
53084
433
53104
53103
427
426
447
446
445
443
442
441
439
438
455
454
453
452
451
450
449
448
465
53102
463
53099
53096
459
458
456
57005
400
57004
398
397
395
394
393
409
408
407
57003
405
404
403
402
417
416
415
414
413
412
411
410
425
424
423
422
421
420
57002
418
64398
64397
64396
64394
64393
64392
64391
57001
64406
64405
64404
64403
64402
64401
64400
64399
382
381
380
379
378
377
376
375
392
391
390
389
387
386
384
383
360
358
57000
355
354
353
352
351
370
369
56999
367
57013
363
362
361
64379
64378
64376
64375
374
57012
372
371
64389
64388
64386
64384
64383
57011
64381
64380
324
57010
322
57008
320
319
57007
317
333
332
331
330
329
327
326
325
341
340
339
338
337
336
335
334
350
349
348
347
346
345
344
342
288
57006
286
285
284
283
282
281
297
296
295
294
292
291
290
289
305
304
303
302
301
300
299
298
316
314
313
312
53054
309
307
306
254
53053
252
251
250
249
248
247
262
261
260
53051
258
257
256
255
270
269
268
267
266
265
264
263
279
278
277
276
275
274
273
272
220
219
53050
217
216
215
214
213
229
228
227
53049
225
224
223
222
237
236
235
234
233
232
231
230
246
245
243
242
241
240
239
238
53048
185
184
183
182
57014
180
179
196
194
193
192
191
190
189
188
204
203
202
201
53065
53063
198
197
212
211
210
209
208
207
206
205
150
53062
147
146
145
144
143
142
159
157
156
155
154
153
152
151
53061
167
166
165
164
163
161
160
178
177
176
175
174
53060
171
169
114
113
112
111
110
109
108
107
122
121
120
53057
118
117
116
115
130
129
128
127
126
125
124
123
141
140
139
138
137
135
134
132
15
14
13
12
10
53056
8
7
87
22
21
20
19
18
17
16
96
95
94
93
92
91
89
88
106
105
104
103
102
100
99
97
75
74
73
72
71
70
69
64472
84
83
82
80
79
78
77
76
53055
64411
53029
64409
64408
64407
86
85
6
5
4
3
1
64448
64415
64469
39
38
37
36
35
64440
33
64470
47
46
45
64477
43
42
64478
40
64449
54
64473
64475
51
64476
49
48
67
66
65
64447
53028
64443
64442
64466
