6003
26300
4160
8238
16818
18569
3513
26112
26327
26217
11019
2220
16446
419
26241
887
26538
12250
18116
402
8897
6313
7510
7778
2713
349
1751
12576
9257
9398
18119
9574
15624
5384
18553
13474
8438
364
10510
11599
4506
18108
15667
329
15338
12060
13068
3423
11960
26649
12584
9094
17043
5940
12809
10161
10697
26705
16796
6738
5661
18149
7769
1437
604
26648
16529
54
26526
8129
3578
5521
274
19697
16184
11969
26923
23921
16514
5412
10144
7746
3248
12733
4070
179
368
22478
5238
11837
11797
8629
2833
7119
26331
17713
12989
19698
13120
12498
520
17088
408
6296
21649
11711
16388
9431
6312
7139
22517
3809
5024
8194
3908
16268
16806
26230
26694
6311
3887
9252
12588
7384
18398
11643
308
11809
26535
8711
4487
10933
26640
1434
7387
4129
539
16229
494
16290
26659
15306
879
10809
26194
18131
26350
10549
15531
16244
18548
9149
465
26267
7211
5375
342
10540
1041
12784
26537
10026
11138
13113
4198
9906
333
6297
9733
11058
4243
16744
8713
3269
16803
17614
1324
5653
15638
9900
26642
26652
6281
17117
3573
15510
26430
19300
6431
511
10238
15724
15686
6429
7037
26079
18310
19499
16526
12259
17971
23989
4113
313
24820
16632
3745
4503
16560
396
12934
1728
15947
26184
17899
7398
9913
525
12269
15449
12281
8084
4474
888
1169
5974
17237
4003
10033
17703
16350
12315
12571
8314
10806
18393
16829
3964
16189
1158
26703
6548
375
15878
119
180
10155
15341
26823
14059
4040
7511
18577
9870
26891
158
2790
16414
10032
10231
12424
17636
16151
10339
351
16177
17084
9996
3038
16787
13856
4124
11669
21933
7361
13079
17537
23999
60
372
15440
7319
3767
4127
14369
2960
3930
2829
15911
17110
8614
4479
3329
18419
17071
2837
26237
15634
360
13513
3214
26517
15437
8538
17089
24577
11060
15319
4139
7859
16838
26668
16748
23494
15912
7633
109
4158
1146
3938
26141
8444
3707
393
2823
26487
3498
22169
26390
26111
7409
521
6938
17438
17074
6552
183
3741
7308
11230
3967
90
7333
5614
574
10061
5531
11627
26957
17106
3708
26713
13519
26384
4159
4234
9427
4114
98
9921
7596
401
10333
17830
16445
12998
6930
4123
16111
13757
7743
334
12818
2794
10444
13264
341
22470
1153
5291
7388
21944
8107
9012
188
15694
10234
9615
1690
10781
589
2969
15874
17826
17618
19151
11036
5958
6437
6321
18199
26614
15484
5373
15907
8549
884
11832
24498
12094
3274
1031
4670
13746
10941
10785
12580
26421
11586
24649
4130
7661
24291
7847
8639
26104
7548
3522
1719
3541
518
17233
5945
9613
3764
2827
26690
13620
26374
10548
7231
8990
3941
123
12994
16197
23950
17957
13478
8075
12499
2233
3121
8913
17225
13737
7557
10264
26409
10153
5417
18528
23927
9251
3589
16188
3577
24816
23911
5091
10146
209
10230
15438
4496
7131
19088
7571
883
26336
16626
10025
13633
20839
5053
11237
8527
3703
4117
94
3218
15733
26564
11819
24282
11683
16779
26913
19037
3150
411
12255
19333
5298
15491
3911
1165
4477
12791
5370
26105
10049
7714
15558
7759
371
5080
12933
15537
3254
15629
5968
26650
891
15768
16364
365
3806
12137
18871
24603
3948
10649
3574
11858
15913
389
5069
4834
3694
26666
10502
4121
338
12602
17120
10506
4000
9575
24708
7774
13753
2953
461
11676
8226
3951
15717
16790
5034
4471
16327
1503
5669
3914
6913
9439
12810
2419
16670
26514
3582
3837
8234
23713
19341
13
2957
3733
26715
15315
3591
14390
5538
4230
11410
5418
21910
3338
9911
5388
25323
21993
15394
26644
3
12251
197
2747
3610
10638
6737
11164
15726
5764
6273
10370
16343
2944
17525
917
11399
18884
9599
529
18011
11658
1023
19436
4009
11684
523
7331
578
19029
22150
18540
16568
7594
15938
11411
26516
5823
3126
5537
20831
16750
11404
3947
16181
10773
5104
9875
5527
14373
26122
9541
5971
9123
3888
2598
3334
1784
25241
19059
6433
3792
49
26494
3486
9356
17078
4259
199
6000
6596
19459
6284
11910
5654
900
24041
10716
16332
13147
18327
13158
6432
10254
13199
10937
16794
13129
5529
23793
3909
2849
514
13934
7750
12708
11884
18155
7748
877
26224
15540
3034
24419
7310
409
9394
9993
13637
1037
4118
10819
17890
8659
18396
3644
10623
1141
4470
7127
9889
26687
1
4485
12318
1474
4115
12579
14101
26369
3819
17891
18531
11841
4697
15354
19458
10894
4482
18891
3770
7623
4740
11744
10
4153
3836
11883
19039
1727
13473
6289
11134
2839
13139
11691
21631
19487
18786
77
15419
875
9518
15421
22484
15030
17087
4155
17351
6271
2370
3084
1716
10008
12299
10038
10692
12425
26883
7619
15608
17082
161
10204
26893
26456
26130
2027
9611
16784
403
6280
10088
5376
3899
13189
18137
17981
16221
4147
7679
10788
5584
193
16212
17352
7559
8091
7338
15429
11807
6319
26678
44
18894
1151
12074
7590
17918
17715
9882
16504
458
7414
8089
23539
4500
13485
1414
16128
17985
24394
26236
13118
3480
26484
6543
11403
5297
26147
5385
938
26088
3288
16558
15477
10019
16349
7744
16211
13850
18416
1030
16617
18372
16331
15508
26288
18876
22144
24338
8082
8431
13482
2014
13119
4019
23914
26674
26697
5867
311
17984
12577
19453
15550
6934
10770
13626
9941
3575
97
227
13242
3300
5494
8687
11650
4354
9918
16267
16811
26264
15433
16630
15876
3788
17674
1029
13649
16120
22000
5539
26297
15737
151
9799
3057
1538
17927
6944
9011
13631
19337
23929
4150
17134
876
10160
6197
10448
15896
41
13937
26150
26987
9912
5930
19153
6287
15848
14110
13169
4677
4478
2831
9908
12274
17837
611
9790
8070
9
9422
9577
880
10450
3716
5099
10508
13009
19023
4796
16949
12573
11378
18041
26490
2030
15334
4484
21737
16984
10791
25559
15764
26358
17983
7293
19145
18380
6956
253
12245
1743
15719
23922
19414
26624
588
13114
10533
6438
4184
5978
569
26667
7626
25534
15679
16324
12779
3768
2940
14293
26138
7533
15480
15312
155
9437
5684
11254
10803
13475
3949
26324
23592
3997
15432
26318
6277
9304
19150
16777
23459
9903
15902
10931
724
7354
26982
17624
13289
16550
7716
17249
10043
22114
11434
26408
162
18111
15918
3110
258
559
3990
7408
873
43
12004
2754
4008
17979
26444
3317
1033
7722
4480
15620
387
7093
15495
359
15698
10559
7030
9630
25728
16637
23940
2009
17361
13743
13483
13489
18919
17989
3641
6288
12585
9330
3698
4128
7572
257
11360
2876
3711
16938
16857
16740
11059
13759
18874
4229
4116
11717
26110
2719
1686
17718
10478
26261
5730
4187
10471
21708
6423
15407
2825
19824
3306
17838
16213
7541
23928
4151
10804
4489
15861
2756
11117
9018
9569
15541
4490
17634
26338
633
26532
3278
11674
606
4774
10783
17823
25234
25750
16174
12703
14099
3960
22003
901
5413
18340
16830
198
26307
12034
17069
24858
3570
11721
17974
15814
7770
1257
11891
16113
24634
17717
11880
11838
24588
12719
26071
1931
3780
5382
1511
3758
11677
12574
5421
10775
400
19031
24641
3714
392
26510
16453
19032
26370
16778
19330
6740
10811
4472
4473
9944
11688
319
6298
23498
13834
12992
394
16788
3977
22184
24408
17234
15329
10988
12966
16083
17324
13924
17220
12543
13188
4031
17354
5411
26193
3580
5943
3249
2900
17970
9604
15544
3804
34
4177
3244
17977
12591
9432
11876
23800
15519
14361
12788
26734
18154
18350
694
13008
9435
11301
558
12900
17638
7796
19248
4137
10174
11069
26231
7294
26198
26417
16430
18881
4476
1774
26833
17988
4247
6227
26168
10715
4145
10923
10683
9877
4511
3304
17991
7598
590
17494
12021
2838
8971
19014
3972
24349
17075
10534
6300
1238
184
18913
11
16511
613
464
5659
12977
15730
15929
8911
3657
23974
1250
5549
7587
517
12739
18359
4122
11168
15847
131
12338
12970
25549
26864
4199
26280
540
16418
16030
10789
26434
2880
16337
3576
9884
5541
12968
26438
15304
4497
17358
5321
16190
12578
3174
16590
18524
23584
17235
12990
13138
11344
6920
17061
522
15754
6276
26242
14024
23733
16780
15423
599
16443
10021
5650
11909
18394
11833
19785
15630
3312
4638
5734
16086
13488
26567
2237
16173
5406
11670
3934
17016
3287
8232
12126
17081
6314
9334
15618
12264
12972
26351
24839
3690
3924
3968
6918
5934
191
21961
26134
26704
5387
23865
9617
3693
15917
25789
1723
9524
6272
17077
26294
3210
8080
8231
13054
9997
10637
10214
5111
12300
26521
3584
9514
1038
16185
26420
10159
12330
7141
10004
15851
26550
11931
4483
5959
26232
17111
15311
1721
15492
386
3959
6275
3918
3581
26158
1337
2040
5711
6253
9133
17023
26530
10023
3979
8721
137
3873
12449
17073
18408
17637
3588
25739
14378
2907
64
5756
3754
17430
603
7399
16176
8537
17241
26664
26670
18334
169
3483
5231
12931
12244
17610
5832
23951
26113
12240
1424
6317
13055
7393
11946
10107
17893
26839
1624
16090
379
2841
4750
26174
59
12019
2832
3993
4131
7609
19778
11034
16333
15818
10728
5374
3994
26427
3919
16799
9797
26190
9317
2717
26284
17238
3421
25294
16783
10084
201
15810
15559
4736
15431
3571
26207
12283
16179
11223
18882
1430
19017
6731
12098
10470
15303
26498
18917
3094
3597
11418
26310
15441
7383
26474
15604
11659
17996
15891
16205
11958
317
15855
9786
26714
23429
19783
26314
9559
26651
12501
12270
21977
897
16170
1049
6301
16175
10499
3261
16812
19033
6430
19517
8118
26121
18338
26541
5504
15843
10474
15915
15693
6038
4491
14036
2951
4498
16
12252
26080
15859
26414
15900
7519
10027
8085
24437
10544
2821
2850
26654
15740
11044
9019
26100
3133
15514
26154
18591
5760
11053
3900
5457
12056
5371
404
15770
3132
23734
7789
22473
13077
19146
23920
17987
16191
1436
26270
10461
3966
3240
6660
16508
15439
6291
3531
11233
2958
16239
13121
16099
10777
4148
4481
26464
17980
6725
1693
17350
1697
7248
4188
26263
26426
17892
1326
26117
10817
24814
4488
15731
524
2055
9005
18521
2010
26897
11264
17231
17276
23537
19791
5574
8074
4629
16298
21749
23939
18638
17103
13758
9888
15509
11340
17978
750
4931
15313
12581
10150
3989
9297
7593
21694
13004
16220
4138
1230
16183
3313
16171
17091
3056
10778
9424
5944
22146
13931
15941
871
11682
3044
12248
5014
9731
9819
5914
4494
15393
3000
26082
643
7799
2861
26091
12598
2946
10519
16410
7608
4475
15836
12334
2959
15944
24559
3998
395
1333
17072
26319
3318
6295
15716
261
3258
22199
1626
7539
10954
17630
7578
17080
4632
16524
17229
24934
570
10330
14045
12557
12284
510
13161
11351
16594
5380
11899
10813
4169
12941
5018
26394
11712
3970
17343
8494
11694
8923
659
17976
24719
910
5113
4857
552
21786
26618
26756
16304
10041
23915
21938
16797
12762
19143
13123
15305
23164
10229
11811
12750
12572
9994
13067
13638
15488
10834
4238
890
13933
1499
11953
16557
12519
906
336
10711
19469
3579
16587
5397
26214
9885
9137
16338
15543
2734
10939
26916
16339
7838
2741
7230
15930
882
17
18379
5118
12948
4937
9570
9127
26250
23441
5
11908
13110
9792
17701
14037
4174
15546
344
15408
24828
18019
634
3344
4637
12618
11839
11790
3971
11348
1782
2706
10977
3696
584
26076
26239
12929
6257
19444
26210
7589
5444
7670
26504
3719
2059
11914
17719
5528
17344
13050
26458
3996
22120
889
9998
11675
17841
16442
24409
17541
15738
181
7321
23798
7830
16101
47
22489
3585
26119
23959
17666
14358
11893
26711
26225
18378
9138
2888
13710
11808
15611
26204
21799
8208
22153
23988
15910
4189
18539
6553
5597
513
5643
11279
4050
24491
10268
528
26352
5327
17669
15530
3769
12670
10693
24499
11526
9634
881
160
13115
26353
11828
18044
24049
24614
1026
24334
11701
9879
8237
13477
2024
26337
9947
7504
5074
3940
24943
5794
25723
12287
16180
13116
18559
9618
48
26881
3874
335
38
3299
12234
6244
15674
12582
67
4074
17345
18017
12278
12919
7
7755
11898
24636
16209
11413
26276
23569
4513
3659
5674
13623
18
3776
6290
548
3356
19259
111
11794
8077
2914
2021
15660
4134
9656
414
22230
7790
9785
15424
3630
10142
19159
1812
934
3933
10137
3843
16588
5369
11310
16230
5533
26984
16203
17498
17975
10003
13490
9934
16802
11849
7385
17232
10938
7436
8078
18123
12516
12631
5055
104
3511
3875
638
11370
12583
26684
6285
26468
26156
17941
6283
874
7031
7241
15749
15870
7834
4213
3824
19819
3011
5377
168
10808
1937
6269
13590
11798
3858
12589
15732
12951
13496
16454
3259
11043
187
17833
5010
18465
11961
587
11810
16534
16520
12587
10810
13053
4219
18068
3009
2807
13124
15395
117
16781
8097
2952
398
13065
13529
5609
17147
14051
18435
3583
390
11190
31
7595
15398
16219
1450
3793
6270
8891
17076
407
6274
7975
9811
26653
4654
4633
19781
18234
4830
24398
12575
10780
7332
10771
23501
12634
3234
26953
1234
3668
9001
11700
9438
24672
1159
13159
12981
1418
26396
17521
25586
26249
6011
17396
11685
8083
10798
12917
330
350
870
13235
171
11680
10007
6305
17022
26460
16322
11156
7788
26901
10044
26977
377
11359
16116
26939
12755
18403
3250
17997
12038
3291
13061
10690
19114
9344
13857
24574
9430
10535
5564
10332
3731
16856
3154
9253
3348
29
10443
270
5948
24359
18040
11651
26636
62
4923
15454
15476
10000
9013
15498
10907
3557
13256
5357
16023
12018
17094
9139
23598
9821
19027
11046
2530
15906
16459
13639
22159
17549
331
7843
12313
18330
15968
3620
2738
19217
17644
11864
24959
26081
18005
5075
7720
26254
17394
15300
17353
200
12942
3950
6282
16650
26090
12792
17533
19136
17651
7766
8239
454
14384
18375
18333
16770
16751
11673
1027
10323
3539
8081
19064
11831
3270
8076
19691
1775
12311
3936
9510
1154
3529
1039
16997
17944
15664
24343
4753
10158
18096
8112
8622
24400
15461
7529
6278
16370
3255
13517
380
3629
16182
1519
3814
12694
7370
7298
15948
108
2729
16676
14018
1477
7400
5383
7500
18094
4518
21648
10140
16084
21911
4032
19030
15404
23759
4017
3986
12246
4069
4120
26707
23509
14119
9130
11829
24484
21634
16718
26343
17456
17879
9530
10784
3141
4623
12995
7099
16810
18018
10639
10289
12764
7568
8650
19513
7729
11850
8079
12257
10847
8090
1294
16199
6546
26738
3784
12141
15888
23748
9612
18101
26710
10830
629
3691
309
11830
3717
22485
2804
10326
17083
23931
9874
5955
10787
9131
8974
532
26102
16937
18520
16674
2954
3030
12910
3732
10039
15887
3701
16633
9014
14376
12961
11715
14375
7841
18918
194
6198
15668
13476
4256
920
3449
12798
10779
4154
15551
26424
13554
648
18090
7710
26637
16661
2824
24348
17922
12266
17051
7745
6656
4196
3821
5610
24823
24848
15778
1331
7718
12964
10106
2858
17990
9820
24551
21913
5999
18354
5798
1332
7268
3638
18634
11801
9603
2930
26457
21948
531
16323
14321
11689
24947
13607
10790
5970
26701
10050
8088
19161
10949
139
12254
22019
16530
10504
24703
8098
3438
4001
17085
79
2950
24439
7761
19775
14370
18512
20237
24396
4143
24948
13219
9930
15545
17031
4519
11804
4205
5391
17052
3224
13170
3098
26106
3572
4757
1649
17221
26931
25439
17346
550
25259
4504
15321
348
4538
11613
13117
19773
9414
12638
19157
25339
8113
10774
20059
21996
10802
24043
7848
19326
10776
24558
6193
153
10550
16759
3961
15584
26577
26835
3290
23704
1631
11941
10630
10924
26610
26411
19038
19020
2970
1244
5523
26186
12920
11679
17655
12793
10414
26533
26677
9296
23718
3931
16664
17895
5059
16641
10713
7300
18875
24937
13234
9739
11897
10030
6425
4517
21
4183
26486
12944
14223
10341
26291
13151
26075
18210
4002
1623
4784
11924
23779
15897
22127
9547
17119
8087
7386
17414
26118
16500
23751
15553
6440
10109
19158
13019
26306
17973
24433
11051
16274
18186
7534
10633
13127
5952
15356
16774
13887
26400
8235
3497
26304
16724
6634
14387
26717
17239
11881
15444
19298
4140
17113
11194
21691
19777
26211
15840
9244
17370
17931
17972
17738
22183
16330
14383
15824
16178
16400
4178
738
17526
14391
9433
7369
10769
4850
16206
3167
19790
5988
410
26730
3230
16574
2924
3350
10459
18243
26578
18518
26160
19294
3590
5219
16926
95
10031
15899
15417
13243
13131
105
19140
17070
18161
18104
10980
6131
9878
17314
15850
18578
20718
3882
656
758
7531
15854
11803
14048
8249
16598
18341
8073
5379
13069
14382
3617
18317
10067
5924
5969
5808
17057
19331
9350
10487
18209
25182
18880
11645
7115
13111
15547
26077
17079
13130
11628
3956
12570
2828
4254
3008
18570
15426
10503
4520
18566
12513
12030
15619
11795
23599
23729
20958
14014
4630
26357
11438
4164
7339
16397
15569
18400
310
19049
25170
10002
26273
24859
26330
6012
367
5490
10338
12433
13001
3596
26747
8115
9554
8703
4621
3808
8699
9619
10213
12727
10757
17523
26561
13811
22480
16198
5937
9135
26240
2065
5607
16377
3723
26638
26361
1637
8701
11531
1935
4248
12319
5667
19784
2835
994
337
10483
0
18888
10469
26078
26233
24589
5646
21994
19690
26554
304
3995
10464
2996
6135
18479
19152
13707
24573
2712
13500
10921
17027
101
16658
12949
15056
7083
25614
1933
356
231
7760
8982
15403
3883
7101
3710
19448
2864
2910
21959
13060
16458
10148
11014
8223
7777
7818
7264
6308
16677
4058
7564
919
16991
10009
10517
19410
2974
19077
1040
16798
1753
13245
9823
26199
10014
16564
17704
17223
21707
4007
25384
1517
9891
5954
8644
3437
11391
26223
13954
15741
913
12017
19319
17270
5050
10505
4179
1778
10782
26083
8071
16329
381
18389
340
3884
13128
18542
527
26696
7751
4644
17504
4018
7518
4142
9938
3852
5396
11887
25717
24679
12979
11678
23809
11040
16667
4349
10259
15391
12495
16527
14385
26661
13154
10844
21633
11824
11821
12329
8233
2324
18109
16314
4181
12569
11374
26070
13830
18872
26892
19308
26177
18613
23944
24033
22158
9590
10154
16556
11823
4182
1949
3799
18517
12497
3527
2057
19144
5030
26072
26700
14074
10513
3926
11750
14070
15728
10143
26238
11671
15301
12290
7536
9544
12488
16933
11318
23736
5757
16654
14069
896
6910
1021
5419
3844
16519
16260
9990
13629
6559
470
15884
18218
3700
7758
11018
18167
6018
13510
24581
24869
22477
8221
26454
17101
19309
15450
7537
11270
12590
4
11944
12731
21733
11030
10556
18133
15554
16509
5534
13248
11764
15390
7309
23772
24694
17531
23493
24827
12597
4838
4067
10379
24284
14118
16200
10151
17098
3987
5530
16091
17668
17289
7218
560
11984
16450
19787
10208
12754
6299
5040
6567
11814
15735
18360
26226
26422
17670
26927
9290
10800
6191
18514
96
11877
15614
25711
9536
25838
18656
18313
19774
16999
12305
17226
11593
3124
11796
5313
17923
13178
15435
12133
7954
7377
26558
6
878
12612
17228
19788
15621
26570
3130
11835
6008
4161
17700
16616
7157
26655
12973
9243
9827
5372
16678
16391
343
6017
4175
3709
4166
156
22008
18516
2870
17374
17434
6294
1713
5936
16490
16554
11314
17994
10452
7297
7540
911
3921
4290
26744
10298
15688
18034
18038
12119
26413
7153
11539
7098
3247
4014
17300
26919
15723
18031
9857
26518
8901
734
18589
12594
22121
11840
4910
12978
11240
3246
7380
15499
8531
24941
16817
13294
4005
17369
649
21918
11042
22491
24651
12874
9880
16264
23434
19503
4854
320
1025
133
9129
13940
18903
17019
10926
3978
25548
9587
11598
19021
577
18583
14117
11713
25744
24677
26293
10020
10034
9606
18387
26706
74
1874
18107
9245
303
25309
16834
10481
10070
5390
26480
12967
2018
12595
149
3285
19470
1788
10114
15769
1445
12641
1771
24844
16452
11387
6742
11406
14034
3917
1032
26089
16159
12599
8222
7337
22130
7754
11774
3237
7229
15308
1620
457
6574
3750
7349
11350
7574
10518
3310
5381
26540
26074
3738
2834
15701
7542
15858
17706
12974
14388
5429
26574
22189
15687
18546
3279
12303
7551
15680
3435
7747
10537
15613
16082
388
4125
23917
5738
17897
24874
3810
17678
16517
14113
13177
9723
13664
26719
7453
5804
8718
11231
7303
12704
15350
22481
12938
11010
24411
12258
3281
18550
3913
7549
9917
16093
22475
25799
16081
7740
6279
10256
17021
4111
19811
12769
8028
9141
3904
12230
21919
26404
18169
18998
1515
11357
26164
10890
16755
19343
17982
13249
21571
16196
26958
18873
26346
23586
7665
19789
11160
14327
1934
7727
4194
11108
2718
17099
10337
15845
16210
9246
10294
6732
15524
13521
21578
19771
26167
6421
9338
13503
26258
1349
7812
363
3064
22746
26712
13518
6133
15464
26834
1144
12104
26085
9426
9003
7579
10488
8983
4530
3737
10091
13630
13938
16813
18367
3014
16215
13628
2222
12301
26660
252
4004
13886
3426
18304
17658
10964
185
23918
10686
19686
9250
18910
12996
2889
17357
7118
17653
7290
5532
11681
10928
19452
26976
18284
16049
15866
7326
13122
10152
16496
18523
10812
13071
3594
2961
26928
18255
22758
26679
8111
14130
17650
1502
25538
15561
102
13470
2730
26277
4758
21941
3705
11358
13859
2107
22054
22113
10012
18139
3068
5658
18551
4689
617
2700
12698
18889
13261
9730
17138
9578
16325
5604
25500
6597
479
4217
7625
13932
13062
7535
7128
24689
3965
9915
7600
16192
10136
7836
13150
6555
3786
6721
10454
3587
3598
9813
16767
2897
16131
5645
5910
6558
18253
299
4152
24544
4167
16610
9749
21949
15600
9597
12260
26144
11221
14103
9609
17118
13136
8106
10028
26120
9000
17550
13680
15839
7752
5048
3991
16584
10818
154
3870
12940
13838
15869
26341
11114
4617
10458
10970
25593
8241
22476
9871
13259
3135
18534
12993
7753
26450
11800
11770
2945
24393
9241
13070
3881
1410
24569
10011
9126
18890
24829
7301
16026
6243
18588
12518
26344
12664
4035
15877
17090
11719
23738
18510
11537
3245
15864
13003
5759
10698
12013
15617
18527
5526
13152
3789
2054
18098
535
14380
16538
10076
11805
15959
11619
13174
5389
18558
5051
18603
1174
23519
24034
11950
7234
2817
10509
17951
25319
11008
10220
25243
26531
16586
438
19440
14010
21703
2997
3251
5106
7577
15420
12296
24813
15903
4844
13144
8521
167
7049
564
15552
11597
5951
18587
18164
17534
9638
17097
10029
10037
22139
16098
4939
16234
11653
3639
19169
1339
23741
3433
15689
5283
23710
3605
15875
23507
21573
12439
12709
15318
903
3647
11345
11844
17280
16631
4289
12130
1347
16932
15310
24693
16623
16187
11959
18417
15934
5036
16122
26758
4639
10723
18911
23796
26103
9902
4707
15908
5839
19035
7508
4930
15317
17340
13471
8831
15671
12723
19447
9128
19844
1323
17561
10058
5054
397
24379
24378
24377
24376
24375
24374
24373
24372
24371
24370
24369
24368
24367
24366
24365
24364
24363
24362
24361
24360
24358
24357
24356
24355
24354
24353
24352
24351
24350
24347
24346
24345
24344
24342
24341
24340
24339
24337
24336
24335
24333
24332
24331
24330
24329
24328
24327
24326
24325
24324
24323
24322
24321
24320
24319
24318
24317
24316
24315
24314
24313
24312
24311
24310
24309
24308
24307
24306
24305
24304
24303
24302
24301
24300
24299
24298
24297
24296
24295
24294
24293
24292
24290
24289
24288
24287
24286
24285
24283
24281
24280
24279
24278
24277
24276
24275
24274
24273
24272
24271
24270
24269
24268
24267
24266
24265
24264
24263
24262
24261
24260
24259
24258
24257
24256
24255
24254
24253
24252
24251
24250
24249
24248
24247
24246
24245
24244
24243
24242
24241
24240
24239
24238
24237
24236
24235
24234
24233
24232
24231
24230
24229
24228
24227
24226
24225
24224
24223
24222
24221
24220
24219
24218
24217
24216
24215
24214
24213
24212
24211
24210
24209
24208
24207
24206
24205
24204
24203
24202
24201
24200
24199
24198
24197
24196
24195
24194
24193
24192
24191
24190
24189
24188
24187
24186
24185
24184
24183
24182
24181
24180
24179
24178
24177
24176
24175
24174
24173
24172
24171
24170
24169
24168
24167
24166
24165
24164
24163
24162
24161
24160
24159
24158
24157
24156
24155
24154
24153
24152
24151
24150
24149
24148
24147
24146
24145
24144
24143
24142
24141
24140
24139
24138
24137
24136
24135
24134
24133
24132
24131
24130
24129
24128
24127
24126
24125
24124
24123
24122
24121
24120
24119
24118
24117
24116
24115
24114
24113
24112
24111
24110
24109
24108
24107
24106
24105
24104
24103
24102
24101
24100
24099
24098
24097
24096
24095
24094
24093
24092
24091
24090
24089
24088
24087
24086
24085
24084
24083
24082
24081
24080
24079
24078
24077
24076
24075
24074
24073
24072
24071
24070
24069
24068
24067
24066
24065
24064
24063
24062
24061
24060
24059
24058
24057
24056
24055
24054
24053
24052
24051
24050
24048
24047
24046
24045
24044
24042
24040
24039
24038
24037
24036
24035
24032
24031
24030
24029
24028
24027
24026
24025
24024
24023
24022
24021
24020
24019
24018
24017
24016
24015
24014
24013
24012
24011
24010
24009
24008
24007
24006
24005
24004
24003
24002
24001
24000
23998
23997
23996
23995
23994
23993
23992
23991
23990
23987
23986
23985
23984
23983
23982
23981
23980
23979
23978
23977
23976
23975
23973
23972
23971
23970
23969
23968
23967
23966
23965
23964
23963
23962
23961
23960
23958
23957
23956
23955
23954
23953
23952
23949
23948
23947
23946
23945
23943
23942
23941
23938
23937
23936
23935
23934
23933
23932
23930
23926
23925
23924
23923
23919
23916
23913
23912
23910
23909
23908
23907
23906
23905
23904
23903
23902
23901
23900
23899
23898
23897
23896
23895
23894
23893
23892
23891
23890
23889
23888
23887
23886
23885
23884
23883
23882
23881
23880
23879
23878
23877
23876
23875
23874
23873
23872
23871
23870
23869
23868
23867
23866
23864
23863
23862
23861
23860
23859
23858
23857
23856
23855
23854
23853
23852
23851
23850
23849
23848
23847
23846
23845
23844
23843
23842
23841
23840
23839
23838
23837
23836
23835
23834
23833
23832
23831
23830
23829
23828
23827
23826
23825
23824
23823
23822
23821
23820
23819
23818
23817
23816
23815
23814
23813
23812
23811
23810
23808
23807
23806
23805
23804
23803
23802
23801
23799
23797
23795
23794
23792
23791
23790
23789
23788
23787
23786
23785
23784
23783
23782
23781
23780
23778
23777
23776
23775
23774
23773
23771
23770
23769
23768
23767
23766
23765
23764
23763
23762
23761
23760
23758
23757
23756
23755
23754
23753
23752
23750
23749
23747
23746
23745
23744
23743
23742
23740
23739
23737
23735
23732
23731
23730
23728
23727
23726
23725
23724
23723
23722
23721
23720
23719
23717
23716
23715
23714
23712
23711
23709
23708
23707
23706
23705
23703
23702
23701
23700
23699
23698
23697
23696
23695
23694
23693
23692
23691
23690
23689
23688
23687
23686
23685
23684
23683
23682
23681
23680
23679
23678
23677
23676
23675
23674
23673
23672
23671
23670
23669
23668
23667
23666
23665
23664
23663
23662
23661
23660
23659
23658
23657
23656
23655
23654
23653
23652
23651
23650
23649
23648
23647
23646
23645
23644
23643
23642
23641
23640
23639
23638
23637
23636
23635
23634
23633
23632
23631
23630
23629
23628
23627
23626
23625
23624
23623
23622
23621
23620
23619
23618
23617
23616
23615
23614
23613
23612
23611
23610
23609
23608
23607
23606
23605
23604
23603
23602
23601
23600
23597
23596
23595
23594
23593
23591
23590
23589
23588
23587
23585
23583
23582
23581
23580
23579
23578
23577
23576
23575
23574
23573
23572
23571
23570
23568
23567
23566
23565
23564
23563
23562
23561
23560
23559
23558
23557
23556
23555
23554
23553
23552
23551
23550
23549
23548
23547
23546
23545
23544
23543
23542
23541
23540
23538
23536
23535
23534
23533
23532
23531
23530
23529
23528
23527
23526
23525
23524
23523
23522
23521
23520
23518
23517
23516
23515
23514
23513
23512
23511
23510
23508
23506
23505
23504
23503
23502
23500
23499
23497
23496
23495
23492
23491
23490
23489
23488
23487
23486
23485
23484
23483
23482
23481
23480
23479
23478
23477
23476
23475
23474
23473
23472
23471
23470
23469
23468
23467
23466
23465
23464
23463
23462
23461
23460
23458
23457
23456
23455
23454
23453
23452
23451
23450
23449
23448
23447
23446
23445
23444
23443
23442
23440
23439
23438
23437
23436
23435
23433
23432
23431
23430
23428
23427
23426
23425
23424
23423
23422
23421
23420
23419
23418
23417
23416
23415
23414
23413
23412
23411
23410
23409
23408
23407
23406
23405
23404
23403
23402
23401
23400
23399
23398
23397
23396
23395
23394
23393
23392
23391
23390
23389
23388
23387
23386
23385
23384
23383
23382
23381
23380
23379
23378
23377
23376
23375
23374
23373
23372
23371
23370
23369
23368
23367
23366
23365
23364
23363
23362
23361
23360
23359
23358
23357
23356
23355
23354
23353
23352
23351
23350
23349
23348
23347
23346
23345
23344
23343
23342
23341
23340
23339
23338
23337
23336
23335
23334
23333
23332
23331
23330
23329
23328
23327
23326
23325
23324
23323
23322
23321
23320
23319
23318
23317
23316
23315
23314
23313
23312
23311
23310
23309
23308
23307
23306
23305
23304
23303
23302
23301
23300
23299
23298
23297
23296
23295
23294
23293
23292
23291
23290
23289
23288
23287
23286
23285
23284
23283
23282
23281
23280
23279
23278
23277
23276
23275
23274
23273
23272
23271
23270
23269
23268
23267
23266
23265
23264
23263
23262
23261
23260
23259
23258
23257
23256
23255
23254
23253
23252
23251
23250
23249
23248
23247
23246
23245
23244
23243
23242
23241
23240
23239
23238
23237
23236
23235
23234
23233
23232
23231
23230
23229
23228
23227
23226
23225
23224
23223
23222
23221
23220
23219
23218
23217
23216
23215
23214
23213
23212
23211
23210
23209
23208
23207
23206
23205
23204
23203
23202
23201
23200
23199
23198
23197
23196
23195
23194
23193
23192
23191
23190
23189
23188
23187
23186
23185
23184
23183
23182
23181
23180
23179
23178
23177
23176
23175
23174
23173
23172
23171
23170
23169
23168
23167
23166
23165
23163
23162
23161
23160
23159
23158
23157
23156
23155
23154
23153
23152
23151
23150
23149
23148
23147
23146
23145
23144
23143
23142
23141
23140
23139
23138
23137
23136
23135
23134
23133
23132
23131
23130
23129
23128
23127
23126
23125
23124
23123
23122
23121
23120
23119
23118
23117
23116
23115
23114
23113
23112
23111
23110
23109
23108
23107
23106
23105
23104
23103
23102
23101
23100
23099
23098
23097
23096
23095
23094
23093
23092
23091
23090
23089
23088
23087
23086
23085
23084
23083
23082
23081
23080
23079
23078
23077
23076
23075
23074
23073
23072
23071
23070
23069
23068
23067
23066
23065
23064
23063
23062
23061
23060
23059
23058
23057
23056
23055
23054
23053
23052
23051
23050
23049
23048
23047
23046
23045
23044
23043
23042
23041
23040
23039
23038
23037
23036
23035
23034
23033
23032
23031
23030
23029
23028
23027
23026
23025
23024
23023
23022
23021
23020
23019
23018
23017
23016
23015
23014
23013
23012
23011
23010
23009
23008
23007
23006
23005
23004
23003
23002
23001
23000
22999
22998
22997
22996
22995
22994
22993
22992
22991
22990
22989
22988
22987
22986
22985
22984
22983
22982
22981
22980
22979
22978
22977
22976
22975
22974
22973
22972
22971
22970
22969
22968
22967
22966
22965
22964
22963
22962
22961
22960
22959
22958
22957
22956
22955
22954
22953
22952
22951
22950
22949
22948
22947
22946
22945
22944
22943
22942
22941
22940
22939
22938
22937
22936
22935
22934
22933
22932
22931
22930
22929
22928
22927
22926
22925
22924
22923
22922
22921
22920
22919
22918
22917
22916
22915
22914
22913
22912
22911
22910
22909
22908
22907
22906
22905
22904
22903
22902
22901
22900
22899
22898
22897
22896
22895
22894
22893
22892
22891
22890
22889
22888
22887
22886
22885
22884
22883
22882
22881
22880
22879
22878
22877
22876
22875
22874
22873
22872
22871
22870
22869
22868
22867
22866
22865
22864
22863
22862
22861
22860
22859
22858
22857
22856
22855
22854
22853
22852
22851
22850
22849
22848
22847
22846
22845
22844
22843
22842
22841
22840
22839
22838
22837
22836
22835
22834
22833
22832
22831
22830
22829
22828
22827
22826
22825
22824
22823
22822
22821
22820
22819
22818
22817
22816
22815
22814
22813
22812
22811
22810
22809
22808
22807
22806
22805
22804
22803
22802
22801
22800
22799
22798
22797
22796
22795
22794
22793
22792
22791
22790
22789
22788
22787
22786
22785
22784
22783
22782
22781
22780
22779
22778
22777
22776
22775
22774
22773
22772
22771
22770
22769
22768
22767
22766
22765
22764
22763
22762
22761
22760
22759
22757
22756
22755
22754
22753
22752
22751
22750
22749
22748
22747
22745
22744
22743
22742
22741
22740
22739
22738
22737
22736
22735
22734
22733
22732
22731
22730
22729
22728
22727
22726
22725
22724
22723
22722
22721
22720
22719
22718
22717
22716
22715
22714
22713
22712
22711
22710
22709
22708
22707
22706
22705
22704
22703
22702
22701
22700
22699
22698
22697
22696
22695
22694
22693
22692
22691
22690
22689
22688
22687
22686
22685
22684
22683
22682
22681
22680
22679
22678
22677
22676
22675
22674
22673
22672
22671
22670
22669
22668
22667
22666
22665
22664
22663
22662
22661
22660
22659
22658
22657
22656
22655
22654
22653
22652
22651
22650
22649
22648
22647
22646
22645
22644
22643
22642
22641
22640
22639
22638
22637
22636
22635
22634
22633
22632
22631
22630
22629
22628
22627
22626
22625
22624
22623
22622
22621
22620
22619
22618
22617
22616
22615
22614
22613
22612
22611
22610
22609
22608
22607
22606
22605
22604
22603
22602
22601
22600
22599
22598
22597
22596
22595
22594
22593
22592
22591
22590
22589
22588
22587
22586
22585
22584
22583
22582
22581
22580
22579
22578
22577
22576
22575
22574
22573
22572
22571
22570
22569
22568
22567
22566
22565
22564
22563
22562
22561
22560
22559
22558
22557
22556
22555
22554
22553
22552
22551
22550
22549
22548
22547
22546
22545
22544
22543
22542
22541
22540
22539
22538
22537
22536
22535
22534
22533
22532
22531
22530
22529
22528
22527
22526
22525
22524
22523
22522
22521
22520
22519
22518
22516
22515
22514
22513
22512
22511
22510
22509
22508
22507
22506
22505
22504
22503
22502
22501
22500
22499
22498
22497
22496
22495
22494
22493
22492
22490
22488
22487
22486
22483
22482
22479
22474
22472
22471
22469
22468
22467
22466
22465
22464
22463
22462
22461
22460
22459
22458
22457
22456
22455
22454
22453
22452
22451
22450
22449
22448
22447
22446
22445
22444
22443
22442
22441
22440
22439
22438
22437
22436
22435
22434
22433
22432
22431
22430
22429
22428
22427
22426
22425
22424
22423
22422
22421
22420
22419
22418
22417
22416
22415
22414
22413
22412
22411
22410
22409
22408
22407
22406
22405
22404
22403
22402
22401
22400
22399
22398
22397
22396
22395
22394
22393
22392
22391
22390
22389
22388
22387
22386
22385
22384
22383
22382
22381
22380
22379
22378
22377
22376
22375
22374
22373
22372
22371
22370
22369
22368
22367
22366
22365
22364
22363
22362
22361
22360
22359
22358
22357
22356
22355
22354
22353
22352
22351
22350
22349
22348
22347
22346
22345
22344
22343
22342
22341
22340
22339
22338
22337
22336
22335
22334
22333
22332
22331
22330
22329
22328
22327
22326
22325
22324
22323
22322
22321
22320
22319
22318
22317
22316
22315
22314
22313
22312
22311
22310
22309
22308
22307
22306
22305
22304
22303
22302
22301
22300
22299
22298
22297
22296
22295
22294
22293
22292
22291
22290
22289
22288
22287
22286
22285
22284
22283
22282
22281
22280
22279
22278
22277
22276
22275
22274
22273
22272
22271
22270
22269
22268
22267
22266
22265
22264
22263
22262
22261
22260
22259
22258
22257
22256
22255
22254
22253
22252
22251
22250
22249
22248
22247
22246
22245
22244
22243
22242
22241
22240
22239
22238
22237
22236
22235
22234
22233
22232
22231
22229
22228
22227
22226
22225
22224
22223
22222
22221
22220
22219
22218
22217
22216
22215
22214
22213
22212
22211
22210
22209
22208
22207
22206
22205
22204
22203
22202
22201
22200
22198
22197
22196
22195
22194
22193
22192
22191
22190
22188
22187
22186
22185
22182
22181
22180
22179
22178
22177
22176
22175
22174
22173
22172
22171
22170
22168
22167
22166
22165
22164
22163
22162
22161
22160
22157
22156
22155
22154
22152
22151
22149
22148
22147
22145
22143
22142
22141
22140
22138
22137
22136
22135
22134
22133
22132
22131
22129
22128
22126
22125
22124
22123
22122
22119
22118
22117
22116
22115
22112
22111
22110
22109
22108
22107
22106
22105
22104
22103
22102
22101
22100
22099
22098
22097
22096
22095
22094
22093
22092
22091
22090
22089
22088
22087
22086
22085
22084
22083
22082
22081
22080
22079
22078
22077
22076
22075
22074
22073
22072
22071
22070
22069
22068
22067
22066
22065
22064
22063
22062
22061
22060
22059
22058
22057
22056
22055
22053
22052
22051
22050
22049
22048
22047
22046
22045
22044
22043
22042
22041
22040
22039
22038
22037
22036
22035
22034
22033
22032
22031
22030
22029
22028
22027
22026
22025
22024
22023
22022
22021
22020
22018
22017
22016
22015
22014
22013
22012
22011
22010
22009
22007
22006
22005
22004
22002
22001
21999
21998
21997
21995
21992
21991
21990
21989
21988
21987
21986
21985
21984
21983
21982
21981
21980
21979
21978
21976
21975
21974
21973
21972
21971
21970
21969
21968
21967
21966
21965
21964
21963
21962
21960
21958
21957
21956
21955
21954
21953
21952
21951
21950
21947
21946
21945
21943
21942
21940
21939
21937
21936
21935
21934
21932
21931
21930
21929
21928
21927
21926
21925
21924
21923
21922
21921
21920
21917
21916
21915
21914
21912
21909
21908
21907
21906
21905
21904
21903
21902
21901
21900
21899
21898
21897
21896
21895
21894
21893
21892
21891
21890
21889
21888
21887
21886
21885
21884
21883
21882
21881
21880
21879
21878
21877
21876
21875
21874
21873
21872
21871
21870
21869
21868
21867
21866
21865
21864
21863
21862
21861
21860
21859
21858
21857
21856
21855
21854
21853
21852
21851
21850
21849
21848
21847
21846
21845
21844
21843
21842
21841
21840
21839
21838
21837
21836
21835
21834
21833
21832
21831
21830
21829
21828
21827
21826
21825
21824
21823
21822
21821
21820
21819
21818
21817
21816
21815
21814
21813
21812
21811
21810
21809
21808
21807
21806
21805
21804
21803
21802
21801
21800
21798
21797
21796
21795
21794
21793
21792
21791
21790
21789
21788
21787
21785
21784
21783
21782
21781
21780
21779
21778
21777
21776
21775
21774
21773
21772
21771
21770
21769
21768
21767
21766
21765
21764
21763
21762
21761
21760
21759
21758
21757
21756
21755
21754
21753
21752
21751
21750
21748
21747
21746
21745
21744
21743
21742
21741
21740
21739
21738
21736
21735
21734
21732
21731
21730
21729
21728
21727
21726
21725
21724
21723
21722
21721
21720
21719
21718
21717
21716
21715
21714
21713
21712
21711
21710
21709
21706
21705
21704
21702
21701
21700
21699
21698
21697
21696
21695
21693
21692
21690
21689
21688
21687
21686
21685
21684
21683
21682
21681
21680
21679
21678
21677
21676
21675
21674
21673
21672
21671
21670
21669
21668
21667
21666
21665
21664
21663
21662
21661
21660
21659
21658
21657
21656
21655
21654
21653
21652
21651
21650
21647
21646
21645
21644
21643
21642
21641
21640
21639
21638
21637
21636
21635
21632
21630
21629
21628
21627
21626
21625
21624
21623
21622
21621
21620
21619
21618
21617
21616
21615
21614
21613
21612
21611
21610
21609
21608
21607
21606
21605
21604
21603
21602
21601
21600
21599
21598
21597
21596
21595
21594
21593
21592
21591
21590
21589
21588
21587
21586
21585
21584
21583
21582
21581
21580
21579
21577
21576
21575
21574
21572
21570
21569
21568
21567
21566
21565
21564
21563
21562
21561
21560
21559
21558
21557
21556
21555
21554
21553
21552
21551
21550
21549
21548
21547
21546
21545
21544
21543
21542
21541
21540
21539
21538
21537
21536
21535
21534
21533
21532
21531
21530
21529
21528
21527
21526
21525
21524
21523
21522
21521
21520
21519
21518
21517
21516
21515
21514
21513
21512
21511
21510
21509
21508
21507
21506
21505
21504
21503
21502
21501
21500
21499
21498
21497
21496
21495
21494
21493
21492
21491
21490
21489
21488
21487
21486
21485
21484
21483
21482
21481
21480
21479
21478
21477
21476
21475
21474
21473
21472
21471
21470
21469
21468
21467
21466
21465
21464
21463
21462
21461
21460
21459
21458
21457
21456
21455
21454
21453
21452
21451
21450
21449
21448
21447
21446
21445
21444
21443
21442
21441
21440
21439
21438
21437
21436
21435
21434
21433
21432
21431
21430
21429
21428
21427
21426
21425
21424
21423
21422
21421
21420
21419
21418
21417
21416
21415
21414
21413
21412
21411
21410
21409
21408
21407
21406
21405
21404
21403
21402
21401
21400
21399
21398
21397
21396
21395
21394
21393
21392
21391
21390
21389
21388
21387
21386
21385
21384
21383
21382
21381
21380
21379
21378
21377
21376
21375
21374
21373
21372
21371
21370
21369
21368
21367
21366
21365
21364
21363
21362
21361
21360
21359
21358
21357
21356
21355
21354
21353
21352
21351
21350
21349
21348
21347
21346
21345
21344
21343
21342
21341
21340
21339
21338
21337
21336
21335
21334
21333
21332
21331
21330
21329
21328
21327
21326
21325
21324
21323
21322
21321
21320
21319
21318
21317
21316
21315
21314
21313
21312
21311
21310
21309
21308
21307
21306
21305
21304
21303
21302
21301
21300
21299
21298
21297
21296
21295
21294
21293
21292
21291
21290
21289
21288
21287
21286
21285
21284
21283
21282
21281
21280
21279
21278
21277
21276
21275
21274
21273
21272
21271
21270
21269
21268
21267
21266
21265
21264
21263
21262
21261
21260
21259
21258
21257
21256
21255
21254
21253
21252
21251
21250
21249
21248
21247
21246
21245
21244
21243
21242
21241
21240
21239
21238
21237
21236
21235
21234
21233
21232
21231
21230
21229
21228
21227
21226
21225
21224
21223
21222
21221
21220
21219
21218
21217
21216
21215
21214
21213
21212
21211
21210
21209
21208
21207
21206
21205
21204
21203
21202
21201
21200
21199
21198
21197
21196
21195
21194
21193
21192
21191
21190
21189
21188
21187
21186
21185
21184
21183
21182
21181
21180
21179
21178
21177
21176
21175
21174
21173
21172
21171
21170
21169
21168
21167
21166
21165
21164
21163
21162
21161
21160
21159
21158
21157
21156
21155
21154
21153
21152
21151
21150
21149
21148
21147
21146
21145
21144
21143
21142
21141
21140
21139
21138
21137
21136
21135
21134
21133
21132
21131
21130
21129
21128
21127
21126
21125
21124
21123
21122
21121
21120
21119
21118
21117
21116
21115
21114
21113
21112
21111
21110
21109
21108
21107
21106
21105
21104
21103
21102
21101
21100
21099
21098
21097
21096
21095
21094
21093
21092
21091
21090
21089
21088
21087
21086
21085
21084
21083
21082
21081
21080
21079
21078
21077
21076
21075
21074
21073
21072
21071
21070
21069
21068
21067
21066
21065
21064
21063
21062
21061
21060
21059
21058
21057
21056
21055
21054
21053
21052
21051
21050
21049
21048
21047
21046
21045
21044
21043
21042
21041
21040
21039
21038
21037
21036
21035
21034
21033
21032
21031
21030
21029
21028
21027
21026
21025
21024
21023
21022
21021
21020
21019
21018
21017
21016
21015
21014
21013
21012
21011
21010
21009
21008
21007
21006
21005
21004
21003
21002
21001
21000
20999
20998
20997
20996
20995
20994
20993
20992
20991
20990
20989
20988
20987
20986
20985
20984
20983
20982
20981
20980
20979
20978
20977
20976
20975
20974
20973
20972
20971
20970
20969
20968
20967
20966
20965
20964
20963
20962
20961
20960
20959
20957
20956
20955
20954
20953
20952
20951
20950
20949
20948
20947
20946
20945
20944
20943
20942
20941
20940
20939
20938
20937
20936
20935
20934
20933
20932
20931
20930
20929
20928
20927
20926
20925
20924
20923
20922
20921
20920
20919
20918
20917
20916
20915
20914
20913
20912
20911
20910
20909
20908
20907
20906
20905
20904
20903
20902
20901
20900
20899
20898
20897
20896
20895
20894
20893
20892
20891
20890
20889
20888
20887
20886
20885
20884
20883
20882
20881
20880
20879
20878
20877
20876
20875
20874
20873
20872
20871
20870
20869
20868
20867
20866
20865
20864
20863
20862
20861
20860
20859
20858
20857
20856
20855
20854
20853
20852
20851
20850
20849
20848
20847
20846
20845
20844
20843
20842
20841
20840
20838
20837
20836
20835
20834
20833
20832
20830
20829
20828
20827
20826
20825
20824
20823
20822
20821
20820
20819
20818
20817
20816
20815
20814
20813
20812
20811
20810
20809
20808
20807
20806
20805
20804
20803
20802
20801
20800
20799
20798
20797
20796
20795
20794
20793
20792
20791
20790
20789
20788
20787
20786
20785
20784
20783
20782
20781
20780
20779
20778
20777
20776
20775
20774
20773
20772
20771
20770
20769
20768
20767
20766
20765
20764
20763
20762
20761
20760
20759
20758
20757
20756
20755
20754
20753
20752
20751
20750
20749
20748
20747
20746
20745
20744
20743
20742
20741
20740
20739
20738
20737
20736
20735
20734
20733
20732
20731
20730
20729
20728
20727
20726
20725
20724
20723
20722
20721
20720
20719
20717
20716
20715
20714
20713
20712
20711
20710
20709
20708
20707
20706
20705
20704
20703
20702
20701
20700
20699
20698
20697
20696
20695
20694
20693
20692
20691
20690
20689
20688
20687
20686
20685
20684
20683
20682
20681
20680
20679
20678
20677
20676
20675
20674
20673
20672
20671
20670
20669
20668
20667
20666
20665
20664
20663
20662
20661
20660
20659
20658
20657
20656
20655
20654
20653
20652
20651
20650
20649
20648
20647
20646
20645
20644
20643
20642
20641
20640
20639
20638
20637
20636
20635
20634
20633
20632
20631
20630
20629
20628
20627
20626
20625
20624
20623
20622
20621
20620
20619
20618
20617
20616
20615
20614
20613
20612
20611
20610
20609
20608
20607
20606
20605
20604
20603
20602
20601
20600
20599
20598
20597
20596
20595
20594
20593
20592
20591
20590
20589
20588
20587
20586
20585
20584
20583
20582
20581
20580
20579
20578
20577
20576
20575
20574
20573
20572
20571
20570
20569
20568
20567
20566
20565
20564
20563
20562
20561
20560
20559
20558
20557
20556
20555
20554
20553
20552
20551
20550
20549
20548
20547
20546
20545
20544
20543
20542
20541
20540
20539
20538
20537
20536
20535
20534
20533
20532
20531
20530
20529
20528
20527
20526
20525
20524
20523
20522
20521
20520
20519
20518
20517
20516
20515
20514
20513
20512
20511
20510
20509
20508
20507
20506
20505
20504
20503
20502
20501
20500
20499
20498
20497
20496
20495
20494
20493
20492
20491
20490
20489
20488
20487
20486
20485
20484
20483
20482
20481
20480
20479
20478
20477
20476
20475
20474
20473
20472
20471
20470
20469
20468
20467
20466
20465
20464
20463
20462
20461
20460
20459
20458
20457
20456
20455
20454
20453
20452
20451
20450
20449
20448
20447
20446
20445
20444
20443
20442
20441
20440
20439
20438
20437
20436
20435
20434
20433
20432
20431
20430
20429
20428
20427
20426
20425
20424
20423
20422
20421
20420
20419
20418
20417
20416
20415
20414
20413
20412
20411
20410
20409
20408
20407
20406
20405
20404
20403
20402
20401
20400
20399
20398
20397
20396
20395
20394
20393
20392
20391
20390
20389
20388
20387
20386
20385
20384
20383
20382
20381
20380
20379
20378
20377
20376
20375
20374
20373
20372
20371
20370
20369
20368
20367
20366
20365
20364
20363
20362
20361
20360
20359
20358
20357
20356
20355
20354
20353
20352
20351
20350
20349
20348
20347
20346
20345
20344
20343
20342
20341
20340
20339
20338
20337
20336
20335
20334
20333
20332
20331
20330
20329
20328
20327
20326
20325
20324
20323
20322
20321
20320
20319
20318
20317
20316
20315
20314
20313
20312
20311
20310
20309
20308
20307
20306
20305
20304
20303
20302
20301
20300
20299
20298
20297
20296
20295
20294
20293
20292
20291
20290
20289
20288
20287
20286
20285
20284
20283
20282
20281
20280
20279
20278
20277
20276
20275
20274
20273
20272
20271
20270
20269
20268
20267
20266
20265
20264
20263
20262
20261
20260
20259
20258
20257
20256
20255
20254
20253
20252
20251
20250
20249
20248
20247
20246
20245
20244
20243
20242
20241
20240
20239
20238
20236
20235
20234
20233
20232
20231
20230
20229
20228
20227
20226
20225
20224
20223
20222
20221
20220
20219
20218
20217
20216
20215
20214
20213
20212
20211
20210
20209
20208
20207
20206
20205
20204
20203
20202
20201
20200
20199
20198
20197
20196
20195
20194
20193
20192
20191
20190
20189
20188
20187
20186
20185
20184
20183
20182
20181
20180
20179
20178
20177
20176
20175
20174
20173
20172
20171
20170
20169
20168
20167
20166
20165
20164
20163
20162
20161
20160
20159
20158
20157
20156
20155
20154
20153
20152
20151
20150
20149
20148
20147
20146
20145
20144
20143
20142
20141
20140
20139
20138
20137
20136
20135
20134
20133
20132
20131
20130
20129
20128
20127
20126
20125
20124
20123
20122
20121
20120
20119
20118
20117
20116
20115
20114
20113
20112
20111
20110
20109
20108
20107
20106
20105
20104
20103
20102
20101
20100
20099
20098
20097
20096
20095
20094
20093
20092
20091
20090
20089
20088
20087
20086
20085
20084
20083
20082
20081
20080
20079
20078
20077
20076
20075
20074
20073
20072
20071
20070
20069
20068
20067
20066
20065
20064
20063
20062
20061
20060
20058
20057
20056
20055
20054
20053
20052
20051
20050
20049
20048
20047
20046
20045
20044
20043
20042
20041
20040
20039
20038
20037
20036
20035
20034
20033
20032
20031
20030
20029
20028
20027
20026
20025
20024
20023
20022
20021
20020
20019
20018
20017
20016
20015
20014
20013
20012
20011
20010
20009
20008
20007
20006
20005
20004
20003
20002
20001
20000
19999
19998
19997
19996
19995
19994
19993
19992
19991
19990
19989
19988
19987
19986
19985
19984
19983
19982
19981
19980
19979
19978
19977
19976
19975
19974
19973
19972
19971
19970
19969
19968
19967
19966
19965
19964
19963
19962
19961
19960
19959
19958
19957
19956
19955
19954
19953
19952
19951
19950
19949
19948
19947
19946
19945
19944
19943
19942
19941
19940
19939
19938
19937
19936
19935
19934
19933
19932
19931
19930
19929
19928
19927
19926
19925
19924
19923
19922
19921
19920
19919
19918
19917
19916
19915
19914
19913
19912
19911
19910
19909
19908
19907
19906
19905
19904
19903
19902
19901
19900
19899
19898
19897
19896
19895
19894
19893
19892
19891
19890
19889
19888
19887
19886
19885
19884
19883
19882
19881
19880
19879
19878
19877
19876
19875
19874
19873
19872
19871
19870
19869
19868
19867
19866
19865
19864
19863
19862
19861
19860
19859
19858
19857
19856
19855
19854
19853
19852
19851
19850
19849
19848
19847
19846
19845
19843
19842
19841
19840
19839
19838
19837
19836
19835
19834
19833
19832
19831
19830
19829
19828
19827
19826
19825
19823
19822
19821
19820
19818
19817
19816
19815
19814
19813
19812
19810
19809
19808
19807
19806
19805
19804
19803
19802
19801
19800
19799
19798
19797
19796
19795
19794
19793
19792
19786
19782
19780
19779
19776
19772
19770
19769
19768
19767
19766
19765
19764
19763
19762
19761
19760
19759
19758
19757
19756
19755
19754
19753
19752
19751
19750
19749
19748
19747
19746
19745
19744
19743
19742
19741
19740
19739
19738
19737
19736
19735
19734
19733
19732
19731
19730
19729
19728
19727
19726
19725
19724
19723
19722
19721
19720
19719
19718
19717
19716
19715
19714
19713
19712
19711
19710
19709
19708
19707
19706
19705
19704
19703
19702
19701
19700
19699
19696
19695
19694
19693
19692
19689
19688
19687
19685
19684
19683
19682
19681
19680
19679
19678
19677
19676
19675
19674
19673
19672
19671
19670
19669
19668
19667
19666
19665
19664
19663
19662
19661
19660
19659
19658
19657
19656
19655
19654
19653
19652
19651
19650
19649
19648
19647
19646
19645
19644
19643
19642
19641
19640
19639
19638
19637
19636
19635
19634
19633
19632
19631
19630
19629
19628
19627
19626
19625
19624
19623
19622
19621
19620
19619
19618
19617
19616
19615
19614
19613
19612
19611
19610
19609
19608
19607
19606
19605
19604
19603
19602
19601
19600
19599
19598
19597
19596
19595
19594
19593
19592
19591
19590
19589
19588
19587
19586
19585
19584
19583
19582
19581
19580
19579
19578
19577
19576
19575
19574
19573
19572
19571
19570
19569
19568
19567
19566
19565
19564
19563
19562
19561
19560
19559
19558
19557
19556
19555
19554
19553
19552
19551
19550
19549
19548
19547
19546
19545
19544
19543
19542
19541
19540
19539
19538
19537
19536
19535
19534
19533
19532
19531
19530
19529
19528
19527
19526
19525
19524
19523
19522
19521
19520
19519
19518
19516
19515
19514
19512
19511
19510
19509
19508
19507
19506
19505
19504
19502
19501
19500
19498
19497
19496
19495
19494
19493
19492
19491
19490
19489
19488
19486
19485
19484
19483
19482
19481
19480
19479
19478
19477
19476
19475
19474
19473
19472
19471
19468
19467
19466
19465
19464
19463
19462
19461
19460
19457
19456
19455
19454
19451
19450
19449
19446
19445
19443
19442
19441
19439
19438
19437
19435
19434
19433
19432
19431
19430
19429
19428
19427
19426
19425
19424
19423
19422
19421
19420
19419
19418
19417
19416
19415
19413
19412
19411
19409
19408
19407
19406
19405
19404
19403
19402
19401
19400
19399
19398
19397
19396
19395
19394
19393
19392
19391
19390
19389
19388
19387
19386
19385
19384
19383
19382
19381
19380
19379
19378
19377
19376
19375
19374
19373
19372
19371
19370
19369
19368
19367
19366
19365
19364
19363
19362
19361
19360
19359
19358
19357
19356
19355
19354
19353
19352
19351
19350
19349
19348
19347
19346
19345
19344
19342
19340
19339
19338
19336
19335
19334
19332
19329
19328
19327
19325
19324
19323
19322
19321
19320
19318
19317
19316
19315
19314
19313
19312
19311
19310
19307
19306
19305
19304
19303
19302
19301
19299
19297
19296
19295
19293
19292
19291
19290
19289
19288
19287
19286
19285
19284
19283
19282
19281
19280
19279
19278
19277
19276
19275
19274
19273
19272
19271
19270
19269
19268
19267
19266
19265
19264
19263
19262
19261
19260
19258
19257
19256
19255
19254
19253
19252
19251
19250
19249
19247
19246
19245
19244
19243
19242
19241
19240
19239
19238
19237
19236
19235
19234
19233
19232
19231
19230
19229
19228
19227
19226
19225
19224
19223
19222
19221
19220
19219
19218
19216
19215
19214
19213
19212
19211
19210
19209
19208
19207
19206
19205
19204
19203
19202
19201
19200
19199
19198
19197
19196
19195
19194
19193
19192
19191
19190
19189
19188
19187
19186
19185
19184
19183
19182
19181
19180
19179
19178
19177
19176
19175
19174
19173
19172
19171
19170
19168
19167
19166
19165
19164
19163
19162
19160
19156
19155
19154
19149
19148
19147
19142
19141
19139
19138
19137
19135
19134
19133
19132
19131
19130
19129
19128
19127
19126
19125
19124
19123
19122
19121
19120
19119
19118
19117
19116
19115
19113
19112
19111
19110
19109
19108
19107
19106
19105
19104
19103
19102
19101
19100
19099
19098
19097
19096
19095
19094
19093
19092
19091
19090
19089
19087
19086
19085
19084
19083
19082
19081
19080
19079
19078
19076
19075
19074
19073
19072
19071
19070
19069
19068
19067
19066
19065
19063
19062
19061
19060
19058
19057
19056
19055
19054
19053
19052
19051
19050
19048
19047
19046
19045
19044
19043
19042
19041
19040
19036
19034
19028
19026
19025
19024
19022
19019
19018
19016
19015
19013
19012
19011
19010
19009
19008
19007
19006
19005
19004
19003
19002
19001
19000
18999
18997
18996
18995
18994
18993
18992
18991
18990
18989
18988
18987
18986
18985
18984
18983
18982
18981
18980
18979
18978
18977
18976
18975
18974
18973
18972
18971
18970
18969
18968
18967
18966
18965
18964
18963
18962
18961
18960
18959
18958
18957
18956
18955
18954
18953
18952
18951
18950
18949
18948
18947
18946
18945
18944
18943
18942
18941
18940
18939
18938
18937
18936
18935
18934
18933
18932
18931
18930
18929
18928
18927
18926
18925
18924
18923
18922
18921
18920
18916
18915
18914
18912
18909
18908
18907
18906
18905
18904
18902
18901
18900
18899
18898
18897
18896
18895
18893
18892
18887
18886
18885
18883
18879
18878
18877
18870
18869
18868
18867
18866
18865
18864
18863
18862
18861
18860
18859
18858
18857
18856
18855
18854
18853
18852
18851
18850
18849
18848
18847
18846
18845
18844
18843
18842
18841
18840
18839
18838
18837
18836
18835
18834
18833
18832
18831
18830
18829
18828
18827
18826
18825
18824
18823
18822
18821
18820
18819
18818
18817
18816
18815
18814
18813
18812
18811
18810
18809
18808
18807
18806
18805
18804
18803
18802
18801
18800
18799
18798
18797
18796
18795
18794
18793
18792
18791
18790
18789
18788
18787
18785
18784
18783
18782
18781
18780
18779
18778
18777
18776
18775
18774
18773
18772
18771
18770
18769
18768
18767
18766
18765
18764
18763
18762
18761
18760
18759
18758
18757
18756
18755
18754
18753
18752
18751
18750
18749
18748
18747
18746
18745
18744
18743
18742
18741
18740
18739
18738
18737
18736
18735
18734
18733
18732
18731
18730
18729
18728
18727
18726
18725
18724
18723
18722
18721
18720
18719
18718
18717
18716
18715
18714
18713
18712
18711
18710
18709
18708
18707
18706
18705
18704
18703
18702
18701
18700
18699
18698
18697
18696
18695
18694
18693
18692
18691
18690
18689
18688
18687
18686
18685
18684
18683
18682
18681
18680
18679
18678
18677
18676
18675
18674
18673
18672
18671
18670
18669
18668
18667
18666
18665
18664
18663
18662
18661
18660
18659
18658
18657
18655
18654
18653
18652
18651
18650
18649
18648
18647
18646
18645
18644
18643
18642
18641
18640
18639
18637
18636
18635
18633
18632
18631
18630
18629
18628
18627
18626
18625
18624
18623
18622
18621
18620
18619
18618
18617
18616
18615
18614
18612
18611
18610
18609
18608
18607
18606
18605
18604
18602
18601
18600
18599
18598
18597
18596
18595
18594
18593
18592
18590
18586
18585
18584
18582
18581
18580
18579
18576
18575
18574
18573
18572
18571
18568
18567
18565
18564
18563
18562
18561
18560
18557
18556
18555
18554
18552
18549
18547
18545
18544
18543
18541
18538
18537
18536
18535
18533
18532
18530
18529
18526
18525
18522
18519
18515
18513
18511
18509
18508
18507
18506
18505
18504
18503
18502
18501
18500
18499
18498
18497
18496
18495
18494
18493
18492
18491
18490
18489
18488
18487
18486
18485
18484
18483
18482
18481
18480
18478
18477
18476
18475
18474
18473
18472
18471
18470
18469
18468
18467
18466
18464
18463
18462
18461
18460
18459
18458
18457
18456
18455
18454
18453
18452
18451
18450
18449
18448
18447
18446
18445
18444
18443
18442
18441
18440
18439
18438
18437
18436
18434
18433
18432
18431
18430
18429
18428
18427
18426
18425
18424
18423
18422
18421
18420
18418
18415
18414
18413
18412
18411
18410
18409
18407
18406
18405
18404
18402
18401
18399
18397
18395
18392
18391
18390
18388
18386
18385
18384
18383
18382
18381
18377
18376
18374
18373
18371
18370
18369
18368
18366
18365
18364
18363
18362
18361
18358
18357
18356
18355
18353
18352
18351
18349
18348
18347
18346
18345
18344
18343
18342
18339
18337
18336
18335
18332
18331
18329
18328
18326
18325
18324
18323
18322
18321
18320
18319
18318
18316
18315
18314
18312
18311
18309
18308
18307
18306
18305
18303
18302
18301
18300
18299
18298
18297
18296
18295
18294
18293
18292
18291
18290
18289
18288
18287
18286
18285
18283
18282
18281
18280
18279
18278
18277
18276
18275
18274
18273
18272
18271
18270
18269
18268
18267
18266
18265
18264
18263
18262
18261
18260
18259
18258
18257
18256
18254
18252
18251
18250
18249
18248
18247
18246
18245
18244
18242
18241
18240
18239
18238
18237
18236
18235
18233
18232
18231
18230
18229
18228
18227
18226
18225
18224
18223
18222
18221
18220
18219
18217
18216
18215
18214
18213
18212
18211
18208
18207
18206
18205
18204
18203
18202
18201
18200
18198
18197
18196
18195
18194
18193
18192
18191
18190
18189
18188
18187
18185
18184
18183
18182
18181
18180
18179
18178
18177
18176
18175
18174
18173
18172
18171
18170
18168
18166
18165
18163
18162
18160
18159
18158
18157
18156
18153
18152
18151
18150
18148
18147
18146
18145
18144
18143
18142
18141
18140
18138
18136
18135
18134
18132
18130
18129
18128
18127
18126
18125
18124
18122
18121
18120
18118
18117
18115
18114
18113
18112
18110
18106
18105
18103
18102
18100
18099
18097
18095
18093
18092
18091
18089
18088
18087
18086
18085
18084
18083
18082
18081
18080
18079
18078
18077
18076
18075
18074
18073
18072
18071
18070
18069
18067
18066
18065
18064
18063
18062
18061
18060
18059
18058
18057
18056
18055
18054
18053
18052
18051
18050
18049
18048
18047
18046
18045
18043
18042
18039
18037
18036
18035
18033
18032
18030
18029
18028
18027
18026
18025
18024
18023
18022
18021
18020
18016
18015
18014
18013
18012
18010
18009
18008
18007
18006
18004
18003
18002
18001
18000
17999
17998
17995
17993
17992
17986
17969
17968
17967
17966
17965
17964
17963
17962
17961
17960
17959
17958
17956
17955
17954
17953
17952
17950
17949
17948
17947
17946
17945
17943
17942
17940
17939
17938
17937
17936
17935
17934
17933
17932
17930
17929
17928
17926
17925
17924
17921
17920
17919
17917
17916
17915
17914
17913
17912
17911
17910
17909
17908
17907
17906
17905
17904
17903
17902
17901
17900
17898
17896
17894
17889
17888
17887
17886
17885
17884
17883
17882
17881
17880
17878
17877
17876
17875
17874
17873
17872
17871
17870
17869
17868
17867
17866
17865
17864
17863
17862
17861
17860
17859
17858
17857
17856
17855
17854
17853
17852
17851
17850
17849
17848
17847
17846
17845
17844
17843
17842
17840
17839
17836
17835
17834
17832
17831
17829
17828
17827
17825
17824
17822
17821
17820
17819
17818
17817
17816
17815
17814
17813
17812
17811
17810
17809
17808
17807
17806
17805
17804
17803
17802
17801
17800
17799
17798
17797
17796
17795
17794
17793
17792
17791
17790
17789
17788
17787
17786
17785
17784
17783
17782
17781
17780
17779
17778
17777
17776
17775
17774
17773
17772
17771
17770
17769
17768
17767
17766
17765
17764
17763
17762
17761
17760
17759
17758
17757
17756
17755
17754
17753
17752
17751
17750
17749
17748
17747
17746
17745
17744
17743
17742
17741
17740
17739
17737
17736
17735
17734
17733
17732
17731
17730
17729
17728
17727
17726
17725
17724
17723
17722
17721
17720
17716
17714
17712
17711
17710
17709
17708
17707
17705
17702
17699
17698
17697
17696
17695
17694
17693
17692
17691
17690
17689
17688
17687
17686
17685
17684
17683
17682
17681
17680
17679
17677
17676
17675
17673
17672
17671
17667
17665
17664
17663
17662
17661
17660
17659
17657
17656
17654
17652
17649
17648
17647
17646
17645
17643
17642
17641
17640
17639
17635
17633
17632
17631
17629
17628
17627
17626
17625
17623
17622
17621
17620
17619
17617
17616
17615
17613
17612
17611
17609
17608
17607
17606
17605
17604
17603
17602
17601
17600
17599
17598
17597
17596
17595
17594
17593
17592
17591
17590
17589
17588
17587
17586
17585
17584
17583
17582
17581
17580
17579
17578
17577
17576
17575
17574
17573
17572
17571
17570
17569
17568
17567
17566
17565
17564
17563
17562
17560
17559
17558
17557
17556
17555
17554
17553
17552
17551
17548
17547
17546
17545
17544
17543
17542
17540
17539
17538
17536
17535
17532
17530
17529
17528
17527
17524
17522
17520
17519
17518
17517
17516
17515
17514
17513
17512
17511
17510
17509
17508
17507
17506
17505
17503
17502
17501
17500
17499
17497
17496
17495
17493
17492
17491
17490
17489
17488
17487
17486
17485
17484
17483
17482
17481
17480
17479
17478
17477
17476
17475
17474
17473
17472
17471
17470
17469
17468
17467
17466
17465
17464
17463
17462
17461
17460
17459
17458
17457
17455
17454
17453
17452
17451
17450
17449
17448
17447
17446
17445
17444
17443
17442
17441
17440
17439
17437
17436
17435
17433
17432
17431
17429
17428
17427
17426
17425
17424
17423
17422
17421
17420
17419
17418
17417
17416
17415
17413
17412
17411
17410
17409
17408
17407
17406
17405
17404
17403
17402
17401
17400
17399
17398
17397
17395
17393
17392
17391
17390
17389
17388
17387
17386
17385
17384
17383
17382
17381
17380
17379
17378
17377
17376
17375
17373
17372
17371
17368
17367
17366
17365
17364
17363
17362
17360
17359
17356
17355
17349
17348
17347
17342
17341
17339
17338
17337
17336
17335
17334
17333
17332
17331
17330
17329
17328
17327
17326
17325
17323
17322
17321
17320
17319
17318
17317
17316
17315
17313
17312
17311
17310
17309
17308
17307
17306
17305
17304
17303
17302
17301
17299
17298
17297
17296
17295
17294
17293
17292
17291
17290
17288
17287
17286
17285
17284
17283
17282
17281
17279
17278
17277
17275
17274
17273
17272
17271
17269
17268
17267
17266
17265
17264
17263
17262
17261
17260
17259
17258
17257
17256
17255
17254
17253
17252
17251
17250
17248
17247
17246
17245
17244
17243
17242
17240
17236
17230
17227
17224
17222
17219
17218
17217
17216
17215
17214
17213
17212
17211
17210
17209
17208
17207
17206
17205
17204
17203
17202
17201
17200
17199
17198
17197
17196
17195
17194
17193
17192
17191
17190
17189
17188
17187
17186
17185
17184
17183
17182
17181
17180
17179
17178
17177
17176
17175
17174
17173
17172
17171
17170
17169
17168
17167
17166
17165
17164
17163
17162
17161
17160
17159
17158
17157
17156
17155
17154
17153
17152
17151
17150
17149
17148
17146
17145
17144
17143
17142
17141
17140
17139
17137
17136
17135
17133
17132
17131
17130
17129
17128
17127
17126
17125
17124
17123
17122
17121
17116
17115
17114
17112
17109
17108
17107
17105
17104
17102
17100
17096
17095
17093
17092
17086
17068
17067
17066
17065
17064
17063
17062
17060
17059
17058
17056
17055
17054
17053
17050
17049
17048
17047
17046
17045
17044
17042
17041
17040
17039
17038
17037
17036
17035
17034
17033
17032
17030
17029
17028
17026
17025
17024
17020
17018
17017
17015
17014
17013
17012
17011
17010
17009
17008
17007
17006
17005
17004
17003
17002
17001
17000
16998
16996
16995
16994
16993
16992
16990
16989
16988
16987
16986
16985
16983
16982
16981
16980
16979
16978
16977
16976
16975
16974
16973
16972
16971
16970
16969
16968
16967
16966
16965
16964
16963
16962
16961
16960
16959
16958
16957
16956
16955
16954
16953
16952
16951
16950
16948
16947
16946
16945
16944
16943
16942
16941
16940
16939
16936
16935
16934
16931
16930
16929
16928
16927
16925
16924
16923
16922
16921
16920
16919
16918
16917
16916
16915
16914
16913
16912
16911
16910
16909
16908
16907
16906
16905
16904
16903
16902
16901
16900
16899
16898
16897
16896
16895
16894
16893
16892
16891
16890
16889
16888
16887
16886
16885
16884
16883
16882
16881
16880
16879
16878
16877
16876
16874
16873
16872
16871
16870
16869
16868
16867
16866
16865
16864
16863
16862
16861
16860
16859
16858
16855
16854
16853
16852
16851
16850
16849
16848
16847
16846
16845
16844
16843
16842
16841
16840
16839
16837
16836
16835
16833
16832
16831
16828
16827
16826
16825
16824
16823
16822
16821
16820
16819
16816
16815
16814
16809
16808
16807
16805
16804
16801
16800
16795
16793
16792
16791
16789
16786
16785
16782
16776
16775
16773
16772
16771
16769
16768
16766
16765
16764
16763
16762
16761
16760
16758
16757
16756
16754
16753
16752
16749
16747
16746
16745
16743
16742
16741
16739
16738
16737
16736
16735
16734
16733
16732
16731
16730
16729
16728
16727
16726
16725
16723
16722
16721
16720
16719
16717
16716
16715
16714
16713
16712
16711
16710
16709
16708
16707
16706
16705
16704
16703
16702
16701
16700
16699
16698
16697
16696
16695
16694
16693
16692
16691
16690
16689
16688
16687
16686
16685
16684
16683
16682
16681
16680
16679
16675
16673
16672
16671
16669
16668
16666
16665
16663
16662
16660
16659
16657
16656
16655
16653
16652
16651
16649
16648
16647
16646
16645
16644
16643
16642
16640
16639
16638
16636
16635
16634
16629
16628
16627
16625
16624
16622
16621
16620
16619
16618
16615
16614
16613
16612
16611
16609
16608
16607
16606
16605
16604
16603
16602
16601
16600
16599
16597
16596
16595
16593
16592
16591
16589
16585
16583
16582
16581
16580
16579
16578
16577
16576
16575
16573
16572
16571
16570
16569
16567
16566
16565
16563
16562
16561
16559
16555
16553
16552
16551
16549
16548
16547
16546
16545
16544
16543
16542
16541
16540
16539
16537
16536
16535
16533
16532
16531
16528
16525
16523
16522
16521
16518
16516
16515
16513
16512
16510
16507
16506
16505
16503
16502
16501
16499
16498
16497
16495
16494
16493
16492
16491
16489
16488
16487
16486
16485
16484
16483
16482
16481
16480
16479
16478
16477
16476
16475
16474
16473
16472
16471
16470
16469
16468
16467
16466
16465
16464
16463
16462
16461
16460
16457
16456
16455
16451
16449
16448
16447
16444
16441
16440
16439
16438
16437
16436
16435
16434
16433
16432
16431
16429
16428
16427
16426
16425
16424
16423
16422
16421
16420
16419
16417
16416
16415
16413
16412
16411
16409
16408
16407
16406
16405
16404
16403
16402
16401
16399
16398
16396
16395
16394
16393
16392
16390
16389
16387
16386
16385
16384
16383
16382
16381
16380
16379
16378
16376
16375
16374
16373
16372
16371
16369
16368
16367
16366
16365
16363
16362
16361
16360
16359
16358
16357
16356
16355
16354
16353
16352
16351
16348
16347
16346
16345
16344
16342
16341
16340
16336
16335
16334
16328
16326
16321
16320
16319
16318
16317
16316
16315
16313
16312
16311
16310
16309
16308
16307
16306
16305
16303
16302
16301
16300
16299
16297
16296
16295
16294
16293
16292
16291
16289
16288
16287
16286
16285
16284
16283
16282
16281
16280
16279
16278
16277
16276
16275
16273
16272
16271
16270
16269
16266
16265
16263
16262
16261
16259
16258
16257
16256
16255
16254
16253
16252
16251
16250
16249
16248
16247
16246
16245
16243
16242
16241
16240
16238
16237
16236
16235
16233
16232
16231
16228
16227
16226
16225
16224
16223
16222
16218
16217
16216
16214
16208
16207
16204
16202
16201
16195
16194
16193
16186
16172
16169
16168
16167
16166
16165
16164
16163
16162
16161
16160
16158
16157
16156
16155
16154
16153
16152
16150
16149
16148
16147
16146
16145
16144
16143
16142
16141
16140
16139
16138
16137
16136
16135
16134
16133
16132
16130
16129
16127
16126
16125
16124
16123
16121
16119
16118
16117
16115
16114
16112
16110
16109
16108
16107
16106
16105
16104
16103
16102
16100
16097
16096
16095
16094
16092
16089
16088
16087
16085
16080
16079
16078
16077
16076
16075
16074
16073
16072
16071
16070
16069
16068
16067
16066
16065
16064
16063
16062
16061
16060
16059
16058
16057
16056
16055
16054
16053
16052
16051
16050
16048
16047
16046
16045
16044
16043
16042
16041
16040
16039
16038
16037
16036
16035
16034
16033
16032
16031
16029
16028
16027
16025
16024
16022
16021
16020
16019
16018
16017
16016
16015
16014
16013
16012
16011
16010
16009
16008
16007
16006
16005
16004
16003
16002
16001
16000
15999
15998
15997
15996
15995
15994
15993
15992
15991
15990
15989
15988
15987
15986
15985
15984
15983
15982
15981
15980
15979
15978
15977
15976
15975
15974
15973
15972
15971
15970
15969
15967
15966
15965
15964
15963
15962
15961
15960
15958
15957
15956
15955
15954
15953
15952
15951
15950
15949
15946
15945
15943
15942
15940
15939
15937
15936
15935
15933
15932
15931
15928
15927
15926
15925
15924
15923
15922
15921
15920
15919
15916
15914
15909
15905
15904
15901
15898
15895
15894
15893
15892
15890
15889
15886
15885
15883
15882
15881
15880
15879
15873
15872
15871
15868
15867
15865
15863
15862
15860
15857
15856
15853
15852
15849
15846
15844
15842
15841
15838
15837
15835
15834
15833
15832
15831
15830
15829
15828
15827
15826
15825
15823
15822
15821
15820
15819
15817
15816
15815
15813
15812
15811
15809
15808
15807
15806
15805
15804
15803
15802
15801
15800
15799
15798
15797
15796
15795
15794
15793
15792
15791
15790
15789
15788
15787
15786
15785
15784
15783
15782
15781
15780
15779
15777
15776
15775
15774
15773
15772
15771
15767
15766
15765
15763
15762
15761
15760
15759
15758
15757
15756
15755
15753
15752
15751
15750
15748
15747
15746
15745
15744
15743
15742
15739
15736
15734
15729
15727
15725
15722
15721
15720
15718
15715
15714
15713
15712
15711
15710
15709
15708
15707
15706
15705
15704
15703
15702
15700
15699
15697
15696
15695
15692
15691
15690
15685
15684
15683
15682
15681
15678
15677
15676
15675
15673
15672
15670
15669
15666
15665
15663
15662
15661
15659
15658
15657
15656
15655
15654
15653
15652
15651
15650
15649
15648
15647
15646
15645
15644
15643
15642
15641
15640
15639
15637
15636
15635
15633
15632
15631
15628
15627
15626
15625
15623
15622
15616
15615
15612
15610
15609
15607
15606
15605
15603
15602
15601
15599
15598
15597
15596
15595
15594
15593
15592
15591
15590
15589
15588
15587
15586
15585
15583
15582
15581
15580
15579
15578
15577
15576
15575
15574
15573
15572
15571
15570
15568
15567
15566
15565
15564
15563
15562
15560
15557
15556
15555
15549
15548
15542
15539
15538
15536
15535
15534
15533
15532
15529
15528
15527
15526
15525
15523
15522
15521
15520
15518
15517
15516
15515
15513
15512
15511
15507
15506
15505
15504
15503
15502
15501
15500
15497
15496
15494
15493
15490
15489
15487
15486
15485
15483
15482
15481
15479
15478
15475
15474
15473
15472
15471
15470
15469
15468
15467
15466
15465
15463
15462
15460
15459
15458
15457
15456
15455
15453
15452
15451
15448
15447
15446
15445
15443
15442
15436
15434
15430
15428
15427
15425
15422
15418
15416
15415
15414
15413
15412
15411
15410
15409
15406
15405
15402
15401
15400
15399
15397
15396
15392
15389
15388
15387
15386
15385
15384
15383
15382
15381
15380
15379
15378
15377
15376
15375
15374
15373
15372
15371
15370
15369
15368
15367
15366
15365
15364
15363
15362
15361
15360
15359
15358
15357
15355
15353
15352
15351
15349
15348
15347
15346
15345
15344
15343
15342
15340
15339
15337
15336
15335
15333
15332
15331
15330
15328
15327
15326
15325
15324
15323
15322
15320
15316
15314
15309
15307
15302
15299
15298
15297
15296
15295
15294
15293
15292
15291
15290
15289
15288
15287
15286
15285
15284
15283
15282
15281
15280
15279
15278
15277
15276
15275
15274
15273
15272
15271
15270
15269
15268
15267
15266
15265
15264
15263
15262
15261
15260
15259
15258
15257
15256
15255
15254
15253
15252
15251
15250
15249
15248
15247
15246
15245
15244
15243
15242
15241
15240
15239
15238
15237
15236
15235
15234
15233
15232
15231
15230
15229
15228
15227
15226
15225
15224
15223
15222
15221
15220
15219
15218
15217
15216
15215
15214
15213
15212
15211
15210
15209
15208
15207
15206
15205
15204
15203
15202
15201
15200
15199
15198
15197
15196
15195
15194
15193
15192
15191
15190
15189
15188
15187
15186
15185
15184
15183
15182
15181
15180
15179
15178
15177
15176
15175
15174
15173
15172
15171
15170
15169
15168
15167
15166
15165
15164
15163
15162
15161
15160
15159
15158
15157
15156
15155
15154
15153
15152
15151
15150
15149
15148
15147
15146
15145
15144
15143
15142
15141
15140
15139
15138
15137
15136
15135
15134
15133
15132
15131
15130
15129
15128
15127
15126
15125
15124
15123
15122
15121
15120
15119
15118
15117
15116
15115
15114
15113
15112
15111
15110
15109
15108
15107
15106
15105
15104
15103
15102
15101
15100
15099
15098
15097
15096
15095
15094
15093
15092
15091
15090
15089
15088
15087
15086
15085
15084
15083
15082
15081
15080
15079
15078
15077
15076
15075
15074
15073
15072
15071
15070
15069
15068
15067
15066
15065
15064
15063
15062
15061
15060
15059
15058
15057
15055
15054
15053
15052
15051
15050
15049
15048
15047
15046
15045
15044
15043
15042
15041
15040
15039
15038
15037
15036
15035
15034
15033
15032
15031
15029
15028
15027
15026
15025
15024
15023
15022
15021
15020
15019
15018
15017
15016
15015
15014
15013
15012
15011
15010
15009
15008
15007
15006
15005
15004
15003
15002
15001
15000
14999
14998
14997
14996
14995
14994
14993
14992
14991
14990
14989
14988
14987
14986
14985
14984
14983
14982
14981
14980
14979
14978
14977
14976
14975
14974
14973
14972
14971
14970
14969
14968
14967
14966
14965
14964
14963
14962
14961
14960
14959
14958
14957
14956
14955
14954
14953
14952
14951
14950
14949
14948
14947
14946
14945
14944
14943
14942
14941
14940
14939
14938
14937
14936
14935
14934
14933
14932
14931
14930
14929
14928
14927
14926
14925
14924
14923
14922
14921
14920
14919
14918
14917
14916
14915
14914
14913
14912
14911
14910
14909
14908
14907
14906
14905
14904
14903
14902
14901
14900
14899
14898
14897
14896
14895
14894
14893
14892
14891
14890
14889
14888
14887
14886
14885
14884
14883
14882
14881
14880
14879
14878
14877
14876
14875
14874
14873
14872
14871
14870
14869
14868
14867
14866
14865
14864
14863
14862
14861
14860
14859
14858
14857
14856
14855
14854
14853
14852
14851
14850
14849
14848
14847
14846
14845
14844
14843
14842
14841
14840
14839
14838
14837
14836
14835
14834
14833
14832
14831
14830
14829
14828
14827
14826
14825
14824
14823
14822
14821
14820
14819
14818
14817
14816
14815
14814
14813
14812
14811
14810
14809
14808
14807
14806
14805
14804
14803
14802
14801
14800
14799
14798
14797
14796
14795
14794
14793
14792
14791
14790
14789
14788
14787
14786
14785
14784
14783
14782
14781
14780
14779
14778
14777
14776
14775
14774
14773
14772
14771
14770
14769
14768
14767
14766
14765
14764
14763
14762
14761
14760
14759
14758
14757
14756
14755
14754
14753
14752
14751
14750
14749
14748
14747
14746
14745
14744
14743
14742
14741
14740
14739
14738
14737
14736
14735
14734
14733
14732
14731
14730
14729
14728
14727
14726
14725
14724
14723
14722
14721
14720
14719
14718
14717
14716
14715
14714
14713
14712
14711
14710
14709
14708
14707
14706
14705
14704
14703
14702
14701
14700
14699
14698
14697
14696
14695
14694
14693
14692
14691
14690
14689
14688
14687
14686
14685
14684
14683
14682
14681
14680
14679
14678
14677
14676
14675
14674
14673
14672
14671
14670
14669
14668
14667
14666
14665
14664
14663
14662
14661
14660
14659
14658
14657
14656
14655
14654
14653
14652
14651
14650
14649
14648
14647
14646
14645
14644
14643
14642
14641
14640
14639
14638
14637
14636
14635
14634
14633
14632
14631
14630
14629
14628
14627
14626
14625
14624
14623
14622
14621
14620
14619
14618
14617
14616
14615
14614
14613
14612
14611
14610
14609
14608
14607
14606
14605
14604
14603
14602
14601
14600
14599
14598
14597
14596
14595
14594
14593
14592
14591
14590
14589
14588
14587
14586
14585
14584
14583
14582
14581
14580
14579
14578
14577
14576
14575
14574
14573
14572
14571
14570
14569
14568
14567
14566
14565
14564
14563
14562
14561
14560
14559
14558
14557
14556
14555
14554
14553
14552
14551
14550
14549
14548
14547
14546
14545
14544
14543
14542
14541
14540
14539
14538
14537
14536
14535
14534
14533
14532
14531
14530
14529
14528
14527
14526
14525
14524
14523
14522
14521
14520
14519
14518
14517
14516
14515
14514
14513
14512
14511
14510
14509
14508
14507
14506
14505
14504
14503
14502
14501
14500
14499
14498
14497
14496
14495
14494
14493
14492
14491
14490
14489
14488
14487
14486
14485
14484
14483
14482
14481
14480
14479
14478
14477
14476
14475
14474
14473
14472
14471
14470
14469
14468
14467
14466
14465
14464
14463
14462
14461
14460
14459
14458
14457
14456
14455
14454
14453
14452
14451
14450
14449
14448
14447
14446
14445
14444
14443
14442
14441
14440
14439
14438
14437
14436
14435
14434
14433
14432
14431
14430
14429
14428
14427
14426
14425
14424
14423
14422
14421
14420
14419
14418
14417
14416
14415
14414
14413
14412
14411
14410
14409
14408
14407
14406
14405
14404
14403
14402
14401
14400
14399
14398
14397
14396
14395
14394
14393
14392
14389
14386
14381
14379
14377
14374
14372
14371
14368
14367
14366
14365
14364
14363
14362
14360
14359
14357
14356
14355
14354
14353
14352
14351
14350
14349
14348
14347
14346
14345
14344
14343
14342
14341
14340
14339
14338
14337
14336
14335
14334
14333
14332
14331
14330
14329
14328
14326
14325
14324
14323
14322
14320
14319
14318
14317
14316
14315
14314
14313
14312
14311
14310
14309
14308
14307
14306
14305
14304
14303
14302
14301
14300
14299
14298
14297
14296
14295
14294
14292
14291
14290
14289
14288
14287
14286
14285
14284
14283
14282
14281
14280
14279
14278
14277
14276
14275
14274
14273
14272
14271
14270
14269
14268
14267
14266
14265
14264
14263
14262
14261
14260
14259
14258
14257
14256
14255
14254
14253
14252
14251
14250
14249
14248
14247
14246
14245
14244
14243
14242
14241
14240
14239
14238
14237
14236
14235
14234
14233
14232
14231
14230
14229
14228
14227
14226
14225
14224
14222
14221
14220
14219
14218
14217
14216
14215
14214
14213
14212
14211
14210
14209
14208
14207
14206
14205
14204
14203
14202
14201
14200
14199
14198
14197
14196
14195
14194
14193
14192
14191
14190
14189
14188
14187
14186
14185
14184
14183
14182
14181
14180
14179
14178
14177
14176
14175
14174
14173
14172
14171
14170
14169
14168
14167
14166
14165
14164
14163
14162
14161
14160
14159
14158
14157
14156
14155
14154
14153
14152
14151
14150
14149
14148
14147
14146
14145
14144
14143
14142
14141
14140
14139
14138
14137
14136
14135
14134
14133
14132
14131
14129
14128
14127
14126
14125
14124
14123
14122
14121
14120
14116
14115
14114
14112
14111
14109
14108
14107
14106
14105
14104
14102
14100
14098
14097
14096
14095
14094
14093
14092
14091
14090
14089
14088
14087
14086
14085
14084
14083
14082
14081
14080
14079
14078
14077
14076
14075
14073
14072
14071
14068
14067
14066
14065
14064
14063
14062
14061
14060
14058
14057
14056
14055
14054
14053
14052
14050
14049
14047
14046
14044
14043
14042
14041
14040
14039
14038
14035
14033
14032
14031
14030
14029
14028
14027
14026
14025
14023
14022
14021
14020
14019
14017
14016
14015
14013
14012
14011
14009
14008
14007
14006
14005
14004
14003
14002
14001
14000
13999
13998
13997
13996
13995
13994
13993
13992
13991
13990
13989
13988
13987
13986
13985
13984
13983
13982
13981
13980
13979
13978
13977
13976
13975
13974
13973
13972
13971
13970
13969
13968
13967
13966
13965
13964
13963
13962
13961
13960
13959
13958
13957
13956
13955
13953
13952
13951
13950
13949
13948
13947
13946
13945
13944
13943
13942
13941
13939
13936
13935
13930
13929
13928
13927
13926
13925
13923
13922
13921
13920
13919
13918
13917
13916
13915
13914
13913
13912
13911
13910
13909
13908
13907
13906
13905
13904
13903
13902
13901
13900
13899
13898
13897
13896
13895
13894
13893
13892
13891
13890
13889
13888
13885
13884
13883
13882
13881
13880
13879
13878
13877
13876
13875
13874
13873
13872
13871
13870
13869
13868
13867
13866
13865
13864
13863
13862
13861
13860
13858
13855
13854
13853
13852
13851
13849
13848
13847
13846
13845
13844
13843
13842
13841
13840
13839
13837
13836
13835
13833
13832
13831
13829
13828
13827
13826
13825
13824
13823
13822
13821
13820
13819
13818
13817
13816
13815
13814
13813
13812
13810
13809
13808
13807
13806
13805
13804
13803
13802
13801
13800
13799
13798
13797
13796
13795
13794
13793
13792
13791
13790
13789
13788
13787
13786
13785
13784
13783
13782
13781
13780
13779
13778
13777
13776
13775
13774
13773
13772
13771
13770
13769
13768
13767
13766
13765
13764
13763
13762
13761
13760
13756
13755
13754
13752
13751
13750
13749
13748
13747
13745
13744
13742
13741
13740
13739
13738
13736
13735
13734
13733
13732
13731
13730
13729
13728
13727
13726
13725
13724
13723
13722
13721
13720
13719
13718
13717
13716
13715
13714
13713
13712
13711
13709
13708
13706
13705
13704
13703
13702
13701
13700
13699
13698
13697
13696
13695
13694
13693
13692
13691
13690
13689
13688
13687
13686
13685
13684
13683
13682
13681
13679
13678
13677
13676
13675
13674
13673
13672
13671
13670
13669
13668
13667
13666
13665
13663
13662
13661
13660
13659
13658
13657
13656
13655
13654
13653
13652
13651
13650
13648
13647
13646
13645
13644
13643
13642
13641
13640
13636
13635
13634
13632
13627
13625
13624
13622
13621
13619
13618
13617
13616
13615
13614
13613
13612
13611
13610
13609
13608
13606
13605
13604
13603
13602
13601
13600
13599
13598
13597
13596
13595
13594
13593
13592
13591
13589
13588
13587
13586
13585
13584
13583
13582
13581
13580
13579
13578
13577
13576
13575
13574
13573
13572
13571
13570
13569
13568
13567
13566
13565
13564
13563
13562
13561
13560
13559
13558
13557
13556
13555
13553
13552
13551
13550
13549
13548
13547
13546
13545
13544
13543
13542
13541
13540
13539
13538
13537
13536
13535
13534
13533
13532
13531
13530
13528
13527
13526
13525
13524
13523
13522
13520
13516
13515
13514
13512
13511
13509
13508
13507
13506
13505
13504
13502
13501
16875
13499
13498
13497
26997
13495
13494
13493
13492
13491
26996
26995
26994
13487
13486
26993
13484
26992
26991
13481
13480
13479
26990
26989
26988
26986
26985
26983
13472
26981
26980
13469
13468
13467
13466
13465
13464
13463
13462
13461
13460
13459
13458
13457
13456
13455
13454
13453
13452
13451
13450
13449
13448
13447
13446
13445
13444
13443
13442
13441
13440
13439
13438
13437
13436
13435
13434
13433
13432
13431
13430
13429
13428
13427
13426
13425
13424
13423
13422
13421
13420
13419
13418
13417
13416
13415
13414
13413
13412
13411
13410
13409
13408
13407
13406
13405
13404
13403
13402
13401
13400
13399
13398
13397
13396
13395
13394
13393
13392
13391
13390
13389
13388
13387
13386
13385
13384
13383
13382
13381
13380
13379
13378
13377
13376
13375
13374
13373
13372
13371
13370
13369
13368
13367
13366
13365
13364
13363
13362
13361
13360
13359
13358
13357
13356
13355
13354
13353
13352
13351
13350
13349
13348
13347
13346
13345
13344
13343
13342
13341
13340
13339
13338
13337
13336
13335
13334
13333
13332
13331
13330
13329
13328
13327
13326
13325
13324
13323
13322
13321
13320
13319
13318
13317
13316
13315
13314
13313
13312
13311
13310
13309
13308
13307
13306
13305
13304
13303
13302
13301
13300
13299
13298
13297
13296
13295
26979
13293
13292
13291
13290
26978
13288
13287
13286
13285
13284
13283
13282
13281
13280
13279
13278
13277
13276
13275
13274
13273
13272
13271
13270
13269
13268
13267
13266
13265
56
13263
13262
26944
13260
63
13258
13257
61
13255
13254
13253
13252
13251
13250
58
57
13247
13246
26999
13244
55
53
13241
13240
13239
13238
13237
13236
52
51
13233
13232
13231
13230
13229
13228
13227
13226
13225
13224
13223
13222
13221
13220
50
13218
13217
13216
13215
13214
13213
13212
13211
13210
13209
13208
13207
13206
13205
13204
13203
13202
13201
13200
46
13198
13197
13196
13195
13194
13193
13192
13191
13190
45
42
13187
13186
13185
13184
13183
13182
13181
13180
13179
40
39
13176
13175
37
13173
13172
13171
36
35
13168
13167
13166
13165
13164
13163
13162
33
13160
32
26943
13157
13156
13155
26942
13153
26941
26940
26938
13149
13148
26937
13146
13145
26936
13143
13142
13141
13140
26935
26934
13137
26933
13135
13134
13133
13132
26932
26930
26929
26926
26925
13126
13125
26924
26922
26921
26920
26918
26917
26915
26914
26912
26911
26910
26909
13112
26908
26907
13109
13108
13107
13106
13105
13104
13103
13102
13101
13100
13099
13098
13097
13096
13095
13094
13093
13092
13091
13090
13089
13088
13087
13086
13085
13084
13083
13082
13081
13080
26906
13078
26905
13076
13075
13074
13073
13072
26904
26903
26902
26900
26899
13066
26898
13064
13063
26896
26895
26894
13059
13058
13057
13056
26890
26889
26888
13052
13051
26887
13049
13048
13047
13046
13045
13044
13043
13042
13041
13040
13039
13038
13037
13036
13035
13034
13033
13032
13031
13030
13029
13028
13027
13026
13025
13024
13023
13022
13021
13020
26886
13018
13017
13016
13015
13014
13013
13012
13011
13010
26885
26884
13007
13006
13005
26882
26880
13002
26879
13000
12999
26878
12997
26877
26876
26875
26874
26873
12991
26872
26871
12988
12987
12986
12985
12984
12983
12982
26870
12980
26869
26868
26867
12976
12975
26866
26865
26863
12971
26862
12969
26861
26860
26859
12965
26858
12963
12962
26857
12960
12959
12958
12957
12956
12955
12954
12953
12952
26856
12950
26855
26854
12947
12946
12945
26853
12943
26852
26851
26850
12939
26849
12937
12936
12935
26848
26847
12932
26846
12930
26845
12928
12927
12926
12925
12924
12923
12922
12921
26844
26843
12918
26842
12916
12915
12914
12913
12912
12911
26841
12909
12908
12907
12906
12905
12904
12903
12902
12901
26840
12899
12898
12897
12896
12895
12894
12893
12892
12891
12890
12889
12888
12887
12886
12885
12884
12883
12882
12881
12880
12879
12878
12877
12876
12875
26838
12873
12872
12871
12870
12869
12868
12867
12866
12865
12864
12863
12862
12861
12860
12859
12858
12857
12856
12855
12854
12853
12852
12851
12850
12849
12848
12847
12846
12845
12844
12843
12842
12841
12840
12839
12838
12837
12836
12835
12834
12833
12832
12831
12830
12829
12828
12827
12826
12825
12824
12823
12822
12821
12820
12819
26837
12817
12816
12815
12814
12813
12812
12811
26836
26832
12808
12807
12806
12805
12804
12803
12802
12801
12800
12799
26831
12797
12796
12795
12794
26830
26829
26828
12790
12789
26827
12787
12786
12785
26826
12783
12782
12781
12780
26825
12778
12777
12776
12775
12774
12773
12772
12771
12770
26824
12768
12767
12766
12765
26822
12763
26821
12761
12760
12759
12758
12757
12756
26820
26819
12753
12752
12751
26818
12749
12748
12747
12746
12745
12744
12743
12742
12741
12740
26817
12738
12737
12736
12735
12734
26816
12732
26815
12730
12729
12728
26814
12726
12725
12724
26813
12722
12721
12720
26812
12718
12717
12716
12715
12714
12713
12712
12711
12710
26811
26810
12707
12706
12705
26809
26808
12702
12701
12700
12699
26807
12697
12696
12695
26806
12693
12692
12691
12690
12689
12688
12687
12686
12685
12684
12683
12682
12681
12680
12679
12678
12677
12676
12675
12674
12673
12672
12671
26805
12669
12668
12667
12666
12665
26804
12663
12662
12661
12660
12659
12658
12657
12656
12655
12654
12653
12652
12651
12650
12649
12648
12647
12646
12645
12644
12643
12642
26803
12640
12639
26802
12637
12636
12635
26801
12633
12632
26800
12630
12629
12628
12627
12626
12625
12624
12623
12622
12621
12620
12619
26799
12617
12616
12615
12614
12613
26798
12611
12610
12609
12608
12607
12606
12605
12604
12603
26797
12601
12600
26796
26795
26794
12596
26793
26792
12593
12592
26791
26790
26789
26788
26787
12586
26786
26785
26784
26783
26782
26781
26780
26779
26778
26777
26776
26775
26774
26773
26772
26771
26770
12568
12567
12566
12565
12564
12563
12562
12561
12560
12559
12558
26769
12556
12555
12554
12553
12552
12551
12550
12549
12548
12547
12546
12545
12544
26768
12542
12541
12540
12539
12538
12537
12536
12535
12534
12533
12532
12531
12530
12529
12528
12527
12526
12525
12524
12523
12522
12521
12520
26767
26766
12517
26765
12515
12514
26764
12512
12511
12510
12509
12508
12507
12506
12505
12504
12503
12502
26763
12500
26762
26761
26760
12496
26759
12494
12493
12492
12491
12490
12489
26757
12487
12486
12485
12484
12483
12482
12481
12480
12479
12478
12477
12476
12475
12474
12473
12472
12471
12470
12469
12468
12467
12466
12465
12464
12463
12462
12461
12460
12459
12458
12457
12456
12455
12454
12453
12452
12451
12450
26755
12448
12447
12446
12445
12444
12443
12442
12441
12440
26754
12438
12437
12436
12435
12434
26753
12432
12431
12430
12429
12428
12427
12426
26752
26751
12423
12422
12421
12420
12419
12418
12417
12416
12415
12414
12413
12412
12411
12410
12409
12408
12407
12406
12405
12404
12403
12402
12401
12400
12399
12398
12397
12396
12395
12394
12393
12392
12391
12390
12389
12388
12387
12386
12385
12384
12383
12382
12381
12380
12379
12378
12377
12376
12375
12374
12373
12372
12371
12370
12369
12368
12367
12366
12365
12364
12363
12362
12361
12360
12359
12358
12357
12356
12355
12354
12353
12352
12351
12350
12349
12348
12347
12346
12345
12344
12343
12342
12341
12340
12339
26750
12337
12336
12335
26749
12333
12332
12331
26748
26746
12328
12327
12326
12325
12324
12323
12322
12321
12320
26745
26743
12317
12316
26742
12314
26741
12312
26740
12310
12309
12308
12307
12306
26739
12304
26737
12302
26736
26735
26733
12298
12297
26732
12295
12294
12293
12292
12291
26731
12289
12288
26729
12286
12285
26728
26727
12282
26726
12280
12279
26725
12277
12276
12275
26724
12273
12272
12271
26723
26722
12268
12267
26721
12265
26720
12263
12262
12261
26718
26716
26709
26708
12256
26702
26699
12253
26698
26695
26693
12249
26692
12247
26691
26689
26688
12243
12242
12241
26686
12239
12238
12237
12236
12235
26685
12233
12232
12231
26683
12229
12228
12227
12226
12225
12224
12223
12222
12221
12220
12219
12218
12217
12216
12215
12214
12213
12212
12211
12210
12209
12208
12207
12206
12205
12204
12203
12202
12201
12200
12199
12198
12197
12196
12195
12194
12193
12192
12191
12190
12189
12188
12187
12186
12185
12184
12183
12182
12181
12180
12179
12178
12177
12176
12175
12174
12173
12172
12171
12170
12169
12168
12167
12166
12165
12164
12163
12162
12161
12160
12159
12158
12157
12156
12155
12154
12153
12152
12151
12150
12149
12148
12147
12146
12145
12144
12143
12142
26682
12140
12139
12138
26681
12136
12135
12134
26680
12132
12131
26676
12129
12128
12127
26675
12125
12124
12123
12122
12121
12120
26673
12118
12117
12116
12115
12114
12113
12112
12111
12110
12109
12108
12107
12106
12105
26672
12103
12102
12101
12100
12099
26671
12097
12096
12095
26669
12093
12092
12091
12090
12089
12088
12087
12086
12085
12084
12083
12082
12081
12080
12079
12078
12077
12076
12075
26665
12073
12072
12071
12070
12069
12068
12067
12066
12065
12064
12063
12062
12061
26663
12059
12058
12057
26662
12055
12054
12053
12052
12051
12050
12049
12048
12047
12046
12045
12044
12043
12042
12041
12040
12039
26658
12037
12036
12035
26657
12033
12032
12031
26656
12029
12028
12027
12026
12025
12024
12023
12022
26647
12020
26646
26645
26643
12016
12015
12014
26641
12012
12011
12010
12009
12008
12007
12006
12005
26639
12003
12002
12001
12000
11999
11998
11997
11996
11995
11994
11993
11992
11991
11990
11989
11988
11987
11986
11985
26635
11983
11982
11981
11980
11979
11978
11977
11976
11975
11974
11973
11972
11971
11970
26634
11968
11967
11966
11965
11964
11963
11962
26633
26632
26631
26630
11957
11956
11955
11954
26629
11952
11951
26628
11949
11948
11947
26627
11945
26626
11943
11942
26625
11940
11939
11938
11937
11936
11935
11934
11933
11932
26623
11930
11929
11928
11927
11926
11925
26622
11923
11922
11921
11920
11919
11918
11917
11916
11915
26621
11913
11912
11911
26620
26619
26617
11907
11906
11905
11904
11903
11902
11901
11900
26616
26615
26613
11896
11895
11894
26612
11892
26611
11890
11889
11888
26609
11886
11885
26608
26607
11882
26606
26605
11879
11878
26604
26603
11875
11874
11873
11872
11871
11870
11869
11868
11867
11866
11865
26602
11863
11862
11861
11860
11859
26601
11857
11856
11855
11854
11853
11852
11851
26600
26599
11848
11847
11846
11845
26598
11843
11842
26597
26596
26595
26594
26593
11836
26592
11834
26591
26590
26589
26588
26587
26586
11827
11826
11825
26585
26584
11822
26583
11820
26582
11818
11817
11816
11815
26581
11813
11812
26580
26579
26576
26575
26573
11806
26572
26571
26569
11802
26568
26566
11799
26565
26563
26562
26560
26559
11793
11792
11791
26557
11789
11788
11787
11786
11785
11784
11783
11782
11781
11780
11779
11778
11777
11776
11775
26556
11773
11772
11771
26555
11769
11768
11767
11766
11765
26553
11763
11762
11761
11760
11759
11758
11757
11756
11755
11754
11753
11752
11751
26552
11749
11748
11747
11746
11745
26551
11743
11742
11741
11740
11739
11738
11737
11736
11735
11734
11733
11732
11731
11730
11729
11728
11727
11726
11725
11724
11723
11722
26549
11720
26548
11718
26547
11716
26546
11714
26545
26544
26543
11710
11709
11708
11707
11706
11705
11704
11703
11702
26542
26539
11699
11698
11697
11696
11695
26536
11693
11692
26534
11690
26529
26528
11687
11686
26527
26525
26524
26523
26522
26520
26519
26515
26513
26512
26511
26509
26508
11672
26507
26506
26505
11668
11667
11666
11665
11664
11663
11662
11661
11660
26503
26502
11657
11656
11655
11654
26501
11652
26500
26499
11649
11648
11647
11646
26497
11644
26496
11642
11641
11640
11639
11638
11637
11636
11635
11634
11633
11632
11631
11630
11629
26495
26493
11626
11625
11624
11623
11622
11621
11620
26492
11618
11617
11616
11615
11614
26491
11612
11611
11610
11609
11608
11607
11606
11605
11604
11603
11602
11601
11600
26489
26488
26485
11596
11595
11594
26483
11592
11591
11590
11589
11588
11587
26482
11585
11584
11583
11582
11581
11580
11579
11578
11577
11576
11575
11574
11573
11572
11571
11570
11569
11568
11567
11566
11565
11564
11563
11562
11561
11560
11559
11558
11557
11556
11555
11554
11553
11552
11551
11550
11549
11548
11547
11546
11545
11544
11543
11542
11541
11540
26481
11538
26479
11536
11535
11534
11533
11532
26478
11530
11529
11528
11527
26477
11525
11524
11523
11522
11521
11520
11519
11518
11517
11516
11515
11514
11513
11512
11511
11510
11509
11508
11507
11506
11505
11504
11503
11502
11501
11500
11499
11498
11497
11496
11495
11494
11493
11492
11491
11490
11489
11488
11487
11486
11485
11484
11483
11482
11481
11480
11479
11478
11477
11476
11475
11474
11473
11472
11471
11470
11469
11468
11467
11466
11465
11464
11463
11462
11461
11460
11459
11458
11457
11456
11455
11454
11453
11452
11451
11450
11449
11448
11447
11446
11445
11444
11443
11442
11441
11440
11439
26476
11437
11436
11435
26475
11433
11432
11431
11430
11429
11428
11427
11426
11425
11424
11423
11422
11421
11420
11419
26473
11417
11416
11415
11414
26472
11412
26471
26470
11409
11408
11407
26469
11405
26467
26466
11402
11401
11400
26465
11398
11397
11396
11395
11394
11393
11392
26463
11390
11389
11388
26462
11386
11385
11384
11383
11382
11381
11380
11379
26461
11377
11376
11375
26459
11373
11372
11371
26455
11369
11368
11367
11366
11365
11364
11363
11362
11361
26453
26452
26451
26449
11356
11355
11354
11353
11352
26448
26447
11349
26446
11347
11346
26445
26443
11343
11342
11341
26442
11339
11338
11337
11336
11335
11334
11333
11332
11331
11330
11329
11328
11327
11326
11325
11324
11323
11322
11321
11320
11319
26441
11317
11316
11315
26440
11313
11312
11311
26439
11309
11308
11307
11306
11305
11304
11303
11302
26437
11300
11299
11298
11297
11296
11295
11294
11293
11292
11291
11290
11289
11288
11287
11286
11285
11284
11283
11282
11281
11280
26436
11278
11277
11276
11275
11274
11273
11272
11271
26435
11269
11268
11267
11266
11265
26433
11263
11262
11261
11260
11259
11258
11257
11256
11255
26432
11253
11252
11251
11250
11249
11248
11247
11246
11245
11244
11243
11242
11241
26431
11239
11238
26429
11236
11235
11234
26428
11232
26425
26423
11229
11228
11227
11226
11225
11224
26419
11222
26418
11220
11219
11218
11217
11216
11215
11214
11213
11212
11211
11210
11209
11208
11207
11206
11205
11204
11203
11202
11201
11200
11199
11198
11197
11196
11195
26416
11193
11192
11191
26415
11189
11188
11187
11186
11185
11184
11183
11182
11181
11180
11179
11178
11177
11176
11175
11174
11173
11172
11171
11170
11169
26412
11167
11166
11165
26410
11163
11162
11161
26407
11159
11158
11157
26406
11155
11154
11153
11152
11151
11150
11149
11148
11147
11146
11145
11144
11143
11142
11141
11140
11139
26405
11137
11136
11135
26403
11133
11132
11131
11130
11129
11128
11127
11126
11125
11124
11123
11122
11121
11120
11119
11118
26402
11116
11115
26401
11113
11112
11111
11110
11109
26399
11107
11106
11105
11104
11103
11102
11101
11100
11099
11098
11097
11096
11095
11094
11093
11092
11091
11090
11089
11088
11087
11086
11085
11084
11083
11082
11081
11080
11079
11078
11077
11076
11075
11074
11073
11072
11071
11070
26398
11068
11067
11066
11065
11064
11063
11062
11061
26397
26395
26393
11057
11056
11055
11054
26392
11052
26391
11050
11049
11048
11047
26389
11045
26388
26387
26386
11041
26385
11039
11038
11037
26383
11035
26382
11033
11032
11031
26381
11029
11028
11027
11026
11025
11024
11023
11022
11021
11020
26380
26379
11017
11016
11015
26378
11013
11012
11011
26377
11009
26376
11007
11006
11005
11004
11003
11002
11001
11000
10999
10998
10997
10996
10995
10994
10993
10992
10991
10990
10989
26375
10987
10986
10985
10984
10983
10982
10981
26373
10979
10978
26372
10976
10975
10974
10973
10972
10971
26371
10969
10968
10967
10966
10965
26368
10963
10962
10961
10960
10959
10958
10957
10956
10955
26367
10953
10952
10951
10950
26366
10948
10947
10946
10945
10944
10943
10942
26365
10940
26364
26363
26362
10936
10935
10934
26360
10932
26359
10930
10929
26356
10927
26355
10925
26354
26349
10922
26348
10920
10919
10918
10917
10916
10915
10914
10913
10912
10911
10910
10909
10908
26347
10906
10905
10904
10903
10902
10901
10900
10899
10898
10897
10896
10895
26345
10893
10892
10891
26342
10889
10888
10887
10886
10885
10884
10883
10882
10881
10880
10879
10878
10877
10876
10875
10874
10873
10872
10871
10870
10869
10868
10867
10866
10865
10864
10863
10862
10861
10860
10859
10858
10857
10856
10855
10854
10853
10852
10851
10850
10849
10848
26340
10846
10845
26339
10843
10842
10841
10840
10839
10838
10837
10836
10835
26335
10833
10832
10831
26334
10829
10828
10827
10826
10825
10824
10823
10822
10821
10820
26333
26332
26329
10816
10815
10814
26328
26326
26325
26323
26322
26321
10807
26320
10805
26317
26316
26315
10801
26313
10799
26312
10797
10796
10795
10794
10793
10792
26311
26309
26308
26305
26303
10786
26302
26301
26299
26298
26296
26295
26292
26290
26289
26287
26286
26285
26283
10772
26282
26281
26279
10768
10767
10766
10765
10764
10763
10762
10761
10760
10759
10758
26278
10756
10755
10754
10753
10752
10751
10750
10749
10748
10747
10746
10745
10744
10743
10742
10741
10740
10739
10738
10737
10736
10735
10734
10733
10732
10731
10730
10729
26275
10727
10726
10725
10724
26274
10722
10721
10720
10719
10718
10717
26272
26271
10714
26269
10712
26268
10710
10709
10708
10707
10706
10705
10704
10703
10702
10701
10700
10699
26266
26265
10696
10695
10694
26262
26260
10691
26259
10689
10688
10687
26257
10685
10684
26256
10682
10681
10680
10679
10678
10677
10676
10675
10674
10673
10672
10671
10670
10669
10668
10667
10666
10665
10664
10663
10662
10661
10660
10659
10658
10657
10656
10655
10654
10653
10652
10651
10650
26255
10648
10647
10646
10645
10644
10643
10642
10641
10640
26253
26252
26251
10636
10635
10634
26248
10632
10631
26247
10629
10628
10627
10626
10625
10624
26246
10622
10621
10620
10619
10618
10617
10616
10615
10614
10613
10612
10611
10610
10609
10608
10607
10606
10605
10604
10603
10602
10601
10600
10599
10598
10597
10596
10595
10594
10593
10592
10591
10590
10589
10588
10587
10586
10585
10584
10583
10582
10581
10580
10579
10578
10577
10576
10575
10574
10573
10572
10571
10570
10569
10568
10567
10566
10565
10564
10563
10562
10561
10560
26245
10558
10557
26244
10555
10554
10553
10552
10551
26243
26235
26234
10547
10546
10545
26229
10543
10542
10541
26228
10539
10538
26227
10536
26222
26221
26220
10532
10531
10530
10529
10528
10527
10526
10525
10524
10523
10522
10521
10520
26219
26218
26216
10516
10515
10514
26215
10512
10511
26213
26212
26209
10507
26208
26206
26205
26203
26202
10501
10500
26201
10498
10497
10496
10495
10494
10493
10492
10491
10490
10489
26200
26197
10486
10485
10484
26196
10482
26195
10480
10479
26192
10477
10476
10475
26191
10473
10472
26189
26188
26187
10468
10467
10466
10465
26185
10463
10462
26183
10460
26182
26181
10457
10456
10455
26180
10453
26179
10451
26178
10449
26176
10447
10446
10445
26175
26173
10442
10441
10440
10439
10438
10437
10436
10435
10434
10433
10432
10431
10430
10429
10428
10427
10426
10425
10424
10423
10422
10421
10420
10419
10418
10417
10416
10415
26172
10413
10412
10411
10410
10409
10408
10407
10406
10405
10404
10403
10402
10401
10400
10399
10398
10397
10396
10395
10394
10393
10392
10391
10390
10389
10388
10387
10386
10385
10384
10383
10382
10381
10380
26171
10378
10377
10376
10375
10374
10373
10372
10371
26170
10369
10368
10367
10366
10365
10364
10363
10362
10361
10360
10359
10358
10357
10356
10355
10354
10353
10352
10351
10350
10349
10348
10347
10346
10345
10344
10343
10342
26169
10340
26166
26165
26163
10336
10335
10334
26162
26161
10331
26159
10329
10328
10327
26157
10325
10324
26155
10322
10321
10320
10319
10318
10317
10316
10315
10314
10313
10312
10311
10310
10309
10308
10307
10306
10305
10304
10303
10302
10301
10300
10299
26153
10297
10296
10295
26152
10293
10292
10291
10290
26151
10288
10287
10286
10285
10284
10283
10282
10281
10280
10279
10278
10277
10276
10275
10274
10273
10272
10271
10270
10269
26149
10267
10266
10265
26148
10263
10262
10261
10260
26146
10258
10257
26145
10255
26143
10253
10252
10251
10250
10249
10248
10247
10246
10245
10244
10243
10242
10241
10240
10239
26142
10237
10236
10235
26140
10233
10232
26139
26137
26136
10228
10227
10226
10225
10224
10223
10222
10221
26135
10219
10218
10217
10216
10215
26133
26132
10212
10211
10210
10209
26131
10207
10206
10205
26129
10203
10202
10201
10200
10199
10198
10197
10196
10195
10194
10193
10192
10191
10190
10189
10188
10187
10186
10185
10184
10183
10182
10181
10180
10179
10178
10177
10176
10175
26128
10173
10172
10171
10170
10169
10168
10167
10166
10165
10164
10163
10162
26127
26126
26125
26124
10157
10156
26123
26116
26115
26114
26109
26108
10149
26107
10147
26101
10145
26099
26098
26097
10141
26096
10139
10138
26095
26094
10135
10134
10133
10132
10131
10130
10129
10128
10127
10126
10125
10124
10123
10122
10121
10120
10119
10118
10117
10116
10115
26093
10113
10112
10111
10110
26092
10108
26087
26086
10105
10104
10103
10102
10101
10100
10099
10098
10097
10096
10095
10094
10093
10092
26084
10090
10089
26073
10087
10086
10085
26069
10083
10082
10081
10080
10079
10078
10077
26068
10075
10074
10073
10072
10071
26067
10069
10068
26066
10066
10065
10064
10063
10062
26065
10060
10059
26064
10057
10056
10055
10054
10053
10052
10051
26063
26062
10048
10047
10046
10045
26061
26060
10042
26059
10040
26058
26057
26056
10036
10035
26055
26054
26053
26052
26051
26050
26049
26048
26047
26046
10024
26045
10022
26044
26043
26042
10018
10017
10016
10015
26041
10013
26040
26039
10010
26038
26037
26036
10006
10005
26035
26034
26033
10001
26032
9999
26031
26030
26029
9995
26028
26027
9992
9991
26026
9989
9988
9987
9986
9985
9984
9983
9982
9981
9980
9979
9978
9977
9976
9975
9974
9973
9972
9971
9970
9969
9968
9967
9966
9965
9964
9963
9962
9961
9960
9959
9958
9957
9956
9955
9954
9953
9952
9951
9950
9949
9948
26025
9946
9945
26024
9943
9942
26023
9940
9939
26022
9937
9936
9935
26021
9933
9932
9931
26020
9929
9928
9927
9926
9925
9924
9923
9922
26019
9920
9919
26018
26017
9916
26016
9914
26015
26014
26013
9910
9909
26012
9907
26011
9905
9904
26010
26009
9901
26008
9899
9898
9897
9896
9895
9894
9893
9892
26007
9890
26006
26005
9887
9886
26004
26003
9883
26002
9881
26001
26000
25999
25998
9876
25997
25996
9873
9872
25995
25994
9869
9868
9867
9866
9865
9864
9863
9862
9861
9860
9859
9858
25993
9856
9855
9854
9853
9852
9851
9850
9849
9848
9847
9846
9845
9844
9843
9842
9841
9840
9839
9838
9837
9836
9835
9834
9833
9832
9831
9830
9829
9828
25992
9826
9825
9824
25991
9822
25990
25989
25988
9818
9817
9816
9815
9814
25987
9812
25986
9810
9809
9808
9807
9806
9805
9804
9803
9802
9801
9800
25985
9798
25984
9796
9795
9794
9793
25983
9791
25982
9789
9788
9787
25981
25980
9784
9783
9782
9781
9780
9779
9778
9777
9776
9775
9774
9773
9772
9771
9770
9769
9768
9767
9766
9765
9764
9763
9762
9761
9760
9759
9758
9757
9756
9755
9754
9753
9752
9751
9750
25979
9748
9747
9746
9745
9744
9743
9742
9741
9740
25978
9738
9737
9736
9735
9734
25977
9732
25976
25975
9729
9728
9727
9726
9725
9724
25974
9722
9721
9720
9719
9718
9717
9716
9715
9714
9713
9712
9711
9710
9709
9708
9707
9706
9705
9704
9703
9702
9701
9700
9699
9698
9697
9696
9695
9694
9693
9692
9691
9690
9689
9688
9687
9686
9685
9684
9683
9682
9681
9680
9679
9678
9677
9676
9675
9674
9673
9672
9671
9670
9669
9668
9667
9666
9665
9664
9663
9662
9661
9660
9659
9658
9657
25973
9655
9654
9653
9652
9651
9650
9649
9648
9647
9646
9645
9644
9643
9642
9641
9640
9639
25972
9637
9636
9635
25971
9633
9632
9631
25970
9629
9628
9627
9626
9625
9624
9623
9622
9621
9620
25969
25968
25967
9616
25966
9614
25965
25964
25963
9610
25962
9608
9607
25961
9605
25960
25959
9602
9601
9600
25958
9598
25957
9596
9595
9594
9593
9592
9591
25956
9589
9588
25955
9586
9585
9584
9583
9582
9581
9580
9579
25954
25953
9576
25952
25951
9573
9572
9571
25950
25949
9568
9567
9566
9565
9564
9563
9562
9561
9560
25948
9558
9557
9556
9555
25947
9553
9552
9551
9550
9549
9548
25946
9546
9545
25945
9543
9542
25944
9540
9539
9538
9537
25943
9535
9534
9533
9532
9531
25942
9529
9528
9527
9526
9525
25941
9523
9522
9521
9520
9519
25940
9517
9516
9515
25939
9513
9512
9511
25938
9509
9508
9507
9506
9505
9504
9503
9502
9501
9500
9499
9498
9497
9496
9495
9494
9493
9492
9491
9490
9489
9488
9487
9486
9485
9484
9483
9482
9481
9480
9479
9478
9477
9476
9475
9474
9473
9472
9471
9470
9469
9468
9467
9466
9465
9464
9463
9462
9461
9460
9459
9458
9457
9456
9455
9454
9453
9452
9451
9450
9449
9448
9447
9446
9445
9444
9443
9442
9441
9440
25937
25936
25935
9436
25934
9434
25933
25932
25931
25930
9429
9428
25929
25928
9425
25927
9423
25926
9421
9420
9419
9418
9417
9416
9415
25925
9413
9412
9411
9410
9409
9408
9407
9406
9405
9404
9403
9402
9401
9400
9399
25924
9397
9396
9395
25923
9393
9392
9391
9390
9389
9388
9387
9386
9385
9384
9383
9382
9381
9380
9379
9378
9377
9376
9375
9374
9373
9372
9371
9370
9369
9368
9367
9366
9365
9364
9363
9362
9361
9360
9359
9358
9357
25922
9355
9354
9353
9352
9351
25921
9349
9348
9347
9346
9345
25920
9343
9342
9341
9340
9339
25919
9337
9336
9335
25918
9333
9332
9331
25917
9329
9328
9327
9326
9325
9324
9323
9322
9321
9320
9319
9318
25916
9316
9315
9314
9313
9312
9311
9310
9309
9308
9307
9306
9305
25915
9303
9302
9301
9300
9299
9298
25914
25913
9295
9294
9293
9292
9291
25912
9289
9288
9287
9286
9285
9284
9283
9282
9281
9280
9279
9278
9277
9276
9275
9274
9273
9272
9271
9270
9269
9268
9267
9266
9265
9264
9263
9262
9261
9260
9259
9258
25911
9256
9255
9254
25910
25909
25908
25907
9249
9248
9247
25906
25905
25904
25903
9242
25902
9240
9239
9238
9237
9236
9235
9234
9233
9232
9231
9230
9229
9228
9227
9226
9225
9224
9223
9222
9221
9220
9219
9218
9217
9216
9215
9214
9213
9212
9211
9210
9209
9208
9207
9206
9205
9204
9203
9202
9201
9200
9199
9198
9197
9196
9195
9194
9193
9192
9191
9190
9189
9188
9187
9186
9185
9184
9183
9182
9181
9180
9179
9178
9177
9176
9175
9174
9173
9172
9171
9170
9169
9168
9167
9166
9165
9164
9163
9162
9161
9160
9159
9158
9157
9156
9155
9154
9153
9152
9151
9150
25901
9148
9147
9146
9145
9144
9143
9142
25900
9140
25899
25898
25897
9136
25896
9134
25895
9132
25894
25893
25892
25891
25890
25889
9125
9124
25888
9122
9121
9120
9119
9118
9117
9116
9115
9114
9113
9112
9111
9110
9109
9108
9107
9106
9105
9104
9103
9102
9101
9100
9099
9098
9097
9096
9095
25887
9093
9092
9091
9090
9089
9088
9087
9086
9085
9084
9083
9082
9081
9080
9079
9078
9077
9076
9075
9074
9073
9072
9071
9070
9069
9068
9067
9066
9065
9064
9063
9062
9061
9060
9059
9058
9057
9056
9055
9054
9053
9052
9051
9050
9049
9048
9047
9046
9045
9044
9043
9042
9041
9040
9039
9038
9037
9036
9035
9034
9033
9032
9031
9030
9029
9028
9027
9026
9025
9024
9023
9022
9021
9020
25886
25885
9017
9016
9015
25884
25883
25882
25881
9010
9009
9008
9007
9006
25880
9004
25879
9002
25878
25877
8999
8998
8997
8996
8995
8994
8993
8992
8991
25876
8989
8988
8987
8986
8985
8984
25875
25874
8981
8980
8979
8978
8977
8976
8975
25873
8973
8972
25872
8970
8969
8968
8967
8966
8965
8964
8963
8962
8961
8960
8959
8958
8957
8956
8955
8954
8953
8952
8951
8950
8949
8948
8947
8946
8945
8944
8943
8942
8941
8940
8939
8938
8937
8936
8935
8934
8933
8932
8931
8930
8929
8928
8927
8926
8925
8924
25871
8922
8921
8920
8919
8918
8917
8916
8915
8914
25870
8912
25869
8910
8909
8908
8907
8906
8905
8904
8903
8902
25868
8900
8899
8898
25867
8896
8895
8894
8893
8892
25866
8890
8889
8888
8887
8886
8885
8884
8883
8882
8881
8880
8879
8878
8877
8876
8875
8874
8873
8872
8871
8870
8869
8868
8867
8866
8865
8864
8863
8862
8861
8860
8859
8858
8857
8856
8855
8854
8853
8852
8851
8850
8849
8848
8847
8846
8845
8844
8843
8842
8841
8840
8839
8838
8837
8836
8835
8834
8833
8832
25865
8830
8829
8828
8827
8826
8825
8824
8823
8822
8821
8820
8819
8818
8817
8816
8815
8814
8813
8812
8811
8810
8809
8808
8807
8806
8805
8804
8803
8802
8801
8800
8799
8798
8797
8796
8795
8794
8793
8792
8791
8790
8789
8788
8787
8786
8785
8784
8783
8782
8781
8780
8779
8778
8777
8776
8775
8774
8773
8772
8771
8770
8769
8768
8767
8766
8765
8764
8763
8762
8761
8760
8759
8758
8757
8756
8755
8754
8753
8752
8751
8750
8749
8748
8747
8746
8745
8744
8743
8742
8741
8740
8739
8738
8737
8736
8735
8734
8733
8732
8731
8730
8729
8728
8727
8726
8725
8724
8723
8722
25864
8720
8719
25863
8717
8716
8715
8714
25862
8712
25861
8710
8709
8708
8707
8706
8705
8704
25860
8702
25859
8700
25858
8698
8697
8696
8695
8694
8693
8692
8691
8690
8689
8688
25857
8686
8685
8684
8683
8682
8681
8680
8679
8678
8677
8676
8675
8674
8673
8672
8671
8670
8669
8668
8667
8666
8665
8664
8663
8662
8661
8660
25856
8658
8657
8656
8655
8654
8653
8652
8651
25855
8649
8648
8647
8646
8645
25854
8643
8642
8641
8640
25853
8638
8637
8636
8635
8634
8633
8632
8631
8630
25852
8628
8627
8626
8625
8624
8623
25851
8621
8620
8619
8618
8617
8616
8615
25850
8613
8612
8611
8610
8609
8608
8607
8606
8605
8604
8603
8602
8601
8600
8599
8598
8597
8596
8595
8594
8593
8592
8591
8590
8589
8588
8587
8586
8585
8584
8583
8582
8581
8580
8579
8578
8577
8576
8575
8574
8573
8572
8571
8570
8569
8568
8567
8566
8565
8564
8563
8562
8561
8560
8559
8558
8557
8556
8555
8554
8553
8552
8551
8550
25849
8548
8547
8546
8545
8544
8543
8542
8541
8540
8539
25848
25847
8536
8535
8534
8533
8532
25846
8530
8529
8528
25845
8526
8525
8524
8523
8522
25844
8520
8519
8518
8517
8516
8515
8514
8513
8512
8511
8510
8509
8508
8507
8506
8505
8504
8503
8502
8501
8500
8499
8498
8497
8496
8495
25843
8493
8492
8491
8490
8489
8488
8487
8486
8485
8484
8483
8482
8481
8480
8479
8478
8477
8476
8475
8474
8473
8472
8471
8470
8469
8468
8467
8466
8465
8464
8463
8462
8461
8460
8459
8458
8457
8456
8455
8454
8453
8452
8451
8450
8449
8448
8447
8446
8445
25842
8443
8442
8441
8440
8439
25841
8437
8436
8435
8434
8433
8432
25840
8430
8429
8428
8427
8426
8425
8424
8423
8422
8421
8420
8419
8418
8417
8416
8415
8414
8413
8412
8411
8410
8409
8408
8407
8406
8405
8404
8403
8402
8401
8400
8399
8398
8397
8396
8395
8394
8393
8392
8391
8390
8389
8388
8387
8386
8385
8384
8383
8382
8381
8380
8379
8378
8377
8376
8375
8374
8373
8372
8371
8370
8369
8368
8367
8366
8365
8364
8363
8362
8361
8360
8359
8358
8357
8356
8355
8354
8353
8352
8351
8350
8349
8348
8347
8346
8345
8344
8343
8342
8341
8340
8339
8338
8337
8336
8335
8334
8333
8332
8331
8330
8329
8328
8327
8326
8325
8324
8323
8322
8321
8320
8319
8318
8317
8316
8315
25839
8313
8312
8311
8310
8309
8308
8307
8306
8305
8304
8303
8302
8301
8300
8299
8298
8297
8296
8295
8294
8293
8292
8291
8290
8289
8288
8287
8286
8285
8284
8283
8282
8281
8280
8279
8278
8277
8276
8275
8274
8273
8272
8271
8270
8269
8268
8267
8266
8265
8264
8263
8262
8261
8260
8259
8258
8257
8256
8255
8254
8253
8252
8251
8250
25837
8248
8247
8246
8245
8244
8243
8242
25836
8240
25835
25834
25833
8236
25832
25831
25830
25829
25828
8230
8229
8228
8227
25827
8225
8224
25826
25825
25824
8220
8219
8218
8217
8216
8215
8214
8213
8212
8211
8210
8209
25823
8207
8206
8205
8204
8203
8202
8201
8200
8199
8198
8197
8196
8195
25822
8193
8192
8191
8190
8189
8188
8187
8186
8185
8184
8183
8182
8181
8180
8179
8178
8177
8176
8175
8174
8173
8172
8171
8170
8169
8168
8167
8166
8165
8164
8163
8162
8161
8160
8159
8158
8157
8156
8155
8154
8153
8152
8151
8150
8149
8148
8147
8146
8145
8144
8143
8142
8141
8140
8139
8138
8137
8136
8135
8134
8133
8132
8131
8130
25821
8128
8127
8126
8125
8124
8123
8122
8121
8120
8119
25820
8117
8116
25819
8114
25818
25817
25816
8110
8109
8108
25815
25814
8105
8104
8103
8102
8101
8100
8099
25813
25812
8096
8095
8094
8093
8092
25811
25810
25809
25808
25807
8086
25806
25805
25804
25803
25802
25801
25800
25798
25797
25796
25795
25794
25793
8072
25792
25791
8069
8068
8067
8066
8065
8064
8063
8062
8061
8060
8059
8058
8057
8056
8055
8054
8053
8052
8051
8050
8049
8048
8047
8046
8045
8044
8043
8042
8041
8040
8039
8038
8037
8036
8035
8034
8033
8032
8031
8030
8029
25790
8027
8026
8025
8024
8023
8022
8021
8020
8019
8018
8017
8016
8015
8014
8013
8012
8011
8010
8009
8008
8007
8006
8005
8004
8003
8002
8001
8000
7999
7998
7997
7996
7995
7994
7993
7992
7991
7990
7989
7988
7987
7986
7985
7984
7983
7982
7981
7980
7979
7978
7977
7976
25788
7974
7973
7972
7971
7970
7969
7968
7967
7966
7965
7964
7963
7962
7961
7960
7959
7958
7957
7956
7955
25787
7953
7952
7951
7950
7949
7948
7947
7946
7945
7944
7943
7942
7941
7940
7939
7938
7937
7936
7935
7934
7933
7932
7931
7930
7929
7928
7927
7926
7925
7924
7923
7922
7921
7920
7919
7918
7917
7916
7915
7914
7913
7912
7911
7910
7909
7908
7907
7906
7905
7904
7903
7902
7901
7900
7899
7898
7897
7896
7895
7894
7893
7892
7891
7890
7889
7888
7887
7886
7885
7884
7883
7882
7881
7880
7879
7878
7877
7876
7875
7874
7873
7872
7871
7870
7869
7868
7867
7866
7865
7864
7863
7862
7861
7860
25786
7858
7857
7856
7855
7854
7853
7852
7851
7850
7849
25785
25784
7846
7845
7844
25783
7842
25782
7840
7839
25781
7837
25780
7835
25779
7833
7832
7831
25778
7829
7828
7827
7826
7825
7824
7823
7822
7821
7820
7819
25777
7817
7816
7815
7814
7813
25776
7811
7810
7809
7808
7807
7806
7805
7804
7803
7802
7801
7800
25775
7798
7797
25774
7795
7794
7793
7792
7791
25773
25772
25771
7787
7786
7785
7784
7783
7782
7781
7780
7779
25770
25769
7776
7775
25768
7773
7772
7771
25767
25766
7768
7767
25765
7765
7764
7763
7762
25764
25763
25762
25761
7757
7756
25760
25759
25758
25757
25756
25755
7749
25754
25753
25752
25751
25749
25748
7742
7741
25747
7739
7738
7737
7736
7735
7734
7733
7732
7731
7730
25746
7728
25745
7726
7725
7724
7723
25743
7721
25742
7719
25741
7717
25740
7715
25738
7713
7712
7711
25737
7709
7708
7707
7706
7705
7704
7703
7702
7701
7700
7699
7698
7697
7696
7695
7694
7693
7692
7691
7690
7689
7688
7687
7686
7685
7684
7683
7682
7681
7680
25736
7678
7677
7676
7675
7674
7673
7672
7671
25735
7669
7668
7667
7666
25734
7664
7663
7662
25733
7660
7659
7658
7657
7656
7655
7654
7653
7652
7651
7650
7649
7648
7647
7646
7645
7644
7643
7642
7641
7640
7639
7638
7637
7636
7635
7634
25732
7632
7631
7630
7629
7628
7627
25731
25730
7624
25729
7622
7621
7620
25727
7618
7617
7616
7615
7614
7613
7612
7611
7610
25726
25725
7607
7606
7605
7604
7603
7602
7601
25724
7599
25722
7597
25721
25720
25719
25718
7592
7591
25716
25715
7588
25714
7586
7585
7584
7583
7582
7581
7580
25713
25712
25710
7576
7575
25709
7573
25708
25707
7570
7569
25706
7567
7566
7565
25705
7563
7562
7561
7560
25704
7558
25703
7556
7555
7554
7553
7552
25702
7550
25701
25700
7547
7546
7545
7544
7543
25699
25698
25697
25696
7538
25695
25694
25693
25692
25691
7532
25690
7530
25689
7528
7527
7526
7525
7524
7523
7522
7521
7520
25688
25687
7517
7516
7515
7514
7513
7512
25686
25685
7509
25684
7507
7506
7505
25683
7503
7502
7501
25682
7499
7498
7497
7496
7495
7494
7493
7492
7491
7490
7489
7488
7487
7486
7485
7484
7483
7482
7481
7480
7479
7478
7477
7476
7475
7474
7473
7472
7471
7470
7469
7468
7467
7466
7465
7464
7463
7462
7461
7460
7459
7458
7457
7456
7455
7454
25681
7452
7451
7450
7449
7448
7447
7446
7445
7444
7443
7442
7441
7440
7439
7438
7437
25680
7435
7434
7433
7432
7431
7430
7429
7428
7427
7426
7425
7424
7423
7422
7421
7420
7419
7418
7417
7416
7415
25679
7413
7412
7411
7410
25678
25677
7407
7406
7405
7404
7403
7402
7401
25676
25675
25674
7397
7396
7395
7394
25673
7392
7391
7390
7389
25672
25671
25670
25669
25668
25667
7382
7381
25666
7379
7378
25665
7376
7375
7374
7373
7372
7371
25664
25663
7368
7367
7366
7365
7364
7363
7362
25662
7360
7359
7358
7357
7356
7355
25661
7353
7352
7351
7350
25660
7348
7347
7346
7345
7344
7343
7342
7341
7340
25659
25658
25657
7336
7335
7334
25656
25655
25654
7330
7329
7328
7327
25653
7325
7324
7323
7322
25652
7320
25651
7318
7317
7316
7315
7314
7313
7312
7311
25650
25649
25648
7307
7306
7305
7304
25647
7302
25646
25645
7299
25644
25643
7296
7295
25642
25641
7292
7291
25640
7289
7288
7287
7286
7285
7284
7283
7282
7281
7280
7279
7278
7277
7276
7275
7274
7273
7272
7271
7270
7269
25639
7267
7266
7265
25638
7263
7262
7261
7260
7259
7258
7257
7256
7255
7254
7253
7252
7251
7250
7249
25637
7247
7246
7245
7244
7243
7242
25636
7240
7239
7238
7237
7236
7235
25635
7233
7232
25634
25633
25632
7228
7227
7226
7225
7224
7223
7222
7221
7220
7219
25631
7217
7216
7215
7214
7213
7212
25630
7210
7209
7208
7207
7206
7205
7204
7203
7202
7201
7200
7199
7198
7197
7196
7195
7194
7193
7192
7191
7190
7189
7188
7187
7186
7185
7184
7183
7182
7181
7180
7179
7178
7177
7176
7175
7174
7173
7172
7171
7170
7169
7168
7167
7166
7165
7164
7163
7162
7161
7160
7159
7158
25629
7156
7155
7154
25628
7152
7151
7150
7149
7148
7147
7146
7145
7144
7143
7142
25627
7140
25626
7138
7137
7136
7135
7134
7133
7132
25625
7130
7129
25624
25623
7126
7125
7124
7123
7122
7121
7120
25622
25621
7117
7116
25620
7114
7113
7112
7111
7110
7109
7108
7107
7106
7105
7104
7103
7102
25619
7100
25618
25617
7097
7096
7095
7094
25616
7092
7091
7090
7089
7088
7087
7086
7085
7084
25615
7082
7081
7080
7079
7078
7077
7076
7075
7074
7073
7072
7071
7070
7069
7068
7067
7066
7065
7064
7063
7062
7061
7060
7059
7058
7057
7056
7055
7054
7053
7052
7051
7050
25613
7048
7047
7046
7045
7044
7043
7042
7041
7040
7039
7038
25612
7036
7035
7034
7033
7032
25611
25610
7029
7028
7027
7026
7025
7024
7023
7022
7021
7020
7019
7018
7017
7016
7015
7014
7013
7012
7011
7010
7009
7008
7007
7006
7005
7004
7003
7002
7001
7000
6999
6998
6997
6996
6995
6994
6993
6992
6991
6990
6989
6988
6987
6986
6985
6984
6983
6982
6981
6980
6979
6978
6977
6976
6975
6974
6973
6972
6971
6970
6969
6968
6967
6966
6965
6964
6963
6962
6961
6960
6959
6958
6957
25609
6955
6954
6953
6952
6951
6950
6949
6948
6947
6946
6945
25608
6943
6942
6941
6940
6939
25607
6937
6936
6935
25606
6933
6932
6931
25605
6929
6928
6927
6926
6925
6924
6923
6922
6921
25604
6919
25603
6917
6916
6915
6914
25602
6912
6911
25601
6909
6908
6907
6906
6905
6904
6903
6902
6901
6900
6899
6898
6897
6896
6895
6894
6893
6892
6891
6890
6889
6888
6887
6886
6885
6884
6883
6882
6881
6880
6879
6878
6877
6876
6875
6874
6873
6872
6871
6870
6869
6868
6867
6866
6865
6864
6863
6862
6861
6860
6859
6858
6857
6856
6855
6854
6853
6852
6851
6850
6849
6848
6847
6846
6845
6844
6843
6842
6841
6840
6839
6838
6837
6836
6835
6834
6833
6832
6831
6830
6829
6828
6827
6826
6825
6824
6823
6822
6821
6820
6819
6818
6817
6816
6815
6814
6813
6812
6811
6810
6809
6808
6807
6806
6805
6804
6803
6802
6801
6800
6799
6798
6797
6796
6795
6794
6793
6792
6791
6790
6789
6788
6787
6786
6785
6784
6783
6782
6781
6780
6779
6778
6777
6776
6775
6774
6773
6772
6771
6770
6769
6768
6767
6766
6765
6764
6763
6762
6761
6760
6759
6758
6757
6756
6755
6754
6753
6752
6751
6750
6749
6748
6747
6746
6745
6744
6743
25600
6741
25599
6739
25598
25597
6736
6735
6734
6733
25596
25595
6730
6729
6728
6727
6726
25594
6724
6723
6722
25592
6720
6719
6718
6717
6716
6715
6714
6713
6712
6711
6710
6709
6708
6707
6706
6705
6704
6703
6702
6701
6700
6699
6698
6697
6696
6695
6694
6693
6692
6691
6690
6689
6688
6687
6686
6685
6684
6683
6682
6681
6680
6679
6678
6677
6676
6675
6674
6673
6672
6671
6670
6669
6668
6667
6666
6665
6664
6663
6662
6661
25591
6659
6658
6657
25590
6655
6654
6653
6652
6651
6650
6649
6648
6647
6646
6645
6644
6643
6642
6641
6640
6639
6638
6637
6636
6635
25589
6633
6632
6631
6630
6629
6628
6627
6626
6625
6624
6623
6622
6621
6620
6619
6618
6617
6616
6615
6614
6613
6612
6611
6610
6609
6608
6607
6606
6605
6604
6603
6602
6601
6600
6599
6598
25588
25587
6595
6594
6593
6592
6591
6590
6589
6588
6587
6586
6585
6584
6583
6582
6581
6580
6579
6578
6577
6576
6575
25585
6573
6572
6571
6570
6569
6568
25584
6566
6565
6564
6563
6562
6561
6560
25583
25582
6557
6556
25581
6554
25580
25579
6551
6550
6549
25578
6547
25577
6545
6544
25576
6542
6541
6540
6539
6538
6537
6536
6535
6534
6533
6532
6531
6530
6529
6528
6527
6526
6525
6524
6523
6522
6521
6520
6519
6518
6517
6516
6515
6514
6513
6512
6511
6510
6509
6508
6507
6506
6505
6504
6503
6502
6501
6500
6499
6498
6497
6496
6495
6494
6493
6492
6491
6490
6489
6488
6487
6486
6485
6484
6483
6482
6481
6480
6479
6478
6477
6476
6475
6474
6473
6472
6471
6470
6469
6468
6467
6466
6465
6464
6463
6462
6461
6460
6459
6458
6457
6456
6455
6454
6453
6452
6451
6450
6449
6448
6447
6446
6445
6444
6443
6442
6441
25575
6439
25574
25573
6436
6435
6434
25572
25571
25570
25569
25568
6428
6427
6426
25567
6424
25566
6422
25565
6420
6419
6418
6417
6416
6415
6414
6413
6412
6411
6410
6409
6408
6407
6406
6405
6404
6403
6402
6401
6400
6399
6398
6397
6396
6395
6394
6393
6392
6391
6390
6389
6388
6387
6386
6385
6384
6383
6382
6381
6380
6379
6378
6377
6376
6375
6374
6373
6372
6371
6370
6369
6368
6367
6366
6365
6364
6363
6362
6361
6360
6359
6358
6357
6356
6355
6354
6353
6352
6351
6350
6349
6348
6347
6346
6345
6344
6343
6342
6341
6340
6339
6338
6337
6336
6335
6334
6333
6332
6331
6330
6329
6328
6327
6326
6325
6324
6323
6322
25564
6320
25563
6318
25562
6316
6315
25561
25560
25558
25557
6310
6309
25556
6307
6306
25555
6304
6303
6302
25554
25553
25552
25551
25550
25547
25546
25545
6293
6292
25544
25543
25542
25541
25540
6286
25539
25537
25536
25535
25533
25532
25531
25530
25529
25528
25527
25526
25525
25524
25523
25522
25521
6268
6267
6266
6265
6264
6263
6262
6261
6260
6259
6258
25520
6256
6255
6254
25519
6252
6251
6250
6249
6248
6247
6246
6245
25518
25517
6242
6241
6240
6239
6238
6237
6236
6235
6234
6233
6232
6231
6230
6229
6228
25516
6226
6225
6224
6223
6222
6221
6220
6219
6218
6217
6216
6215
6214
6213
6212
6211
6210
6209
6208
6207
6206
6205
6204
6203
6202
6201
6200
6199
25515
25514
6196
6195
6194
25513
6192
25512
6190
6189
6188
6187
6186
6185
6184
6183
6182
6181
6180
6179
6178
6177
6176
6175
6174
6173
6172
6171
6170
6169
6168
6167
6166
6165
6164
6163
6162
6161
6160
6159
6158
6157
6156
6155
6154
6153
6152
6151
6150
6149
6148
6147
6146
6145
6144
6143
6142
6141
6140
6139
6138
6137
6136
25511
6134
25510
6132
25509
6130
6129
6128
6127
6126
6125
6124
6123
6122
6121
6120
6119
6118
6117
6116
6115
6114
6113
6112
6111
6110
6109
6108
6107
6106
6105
6104
6103
6102
6101
6100
6099
6098
6097
6096
6095
6094
6093
6092
6091
6090
6089
6088
6087
6086
6085
6084
6083
6082
6081
6080
6079
6078
6077
6076
6075
6074
6073
6072
6071
6070
6069
6068
6067
6066
6065
6064
6063
6062
6061
6060
6059
6058
6057
6056
6055
6054
6053
6052
6051
6050
6049
6048
6047
6046
6045
6044
6043
6042
6041
6040
6039
25508
6037
6036
6035
6034
6033
6032
6031
6030
6029
6028
6027
6026
6025
6024
6023
6022
6021
6020
6019
25507
25506
6016
6015
6014
6013
25505
25504
6010
6009
25503
6007
6006
6005
6004
25502
6002
6001
25501
25499
5998
5997
5996
5995
5994
5993
5992
5991
5990
5989
25498
5987
5986
5985
5984
5983
5982
5981
5980
5979
25497
5977
5976
5975
25496
5973
5972
25495
25494
25493
25492
5967
5966
5965
5964
5963
5962
5961
5960
25491
25490
5957
5956
25489
25488
5953
25487
25486
5950
5949
25485
5947
5946
25484
25483
25482
5942
5941
25481
5939
5938
25480
25479
5935
25478
5933
5932
5931
25477
5929
5928
5927
5926
5925
25476
5923
5922
5921
5920
5919
5918
5917
5916
5915
25475
5913
5912
5911
25474
5909
5908
5907
5906
5905
5904
5903
5902
5901
5900
5899
5898
5897
5896
5895
5894
5893
5892
5891
5890
5889
5888
5887
5886
5885
5884
5883
5882
5881
5880
5879
5878
5877
5876
5875
5874
5873
5872
5871
5870
5869
5868
25473
5866
5865
5864
5863
5862
5861
5860
5859
5858
5857
5856
5855
5854
5853
5852
5851
5850
5849
5848
5847
5846
5845
5844
5843
5842
5841
5840
25472
5838
5837
5836
5835
5834
5833
25471
5831
5830
5829
5828
5827
5826
5825
5824
25470
5822
5821
5820
5819
5818
5817
5816
5815
5814
5813
5812
5811
5810
5809
25469
5807
5806
5805
25468
5803
5802
5801
5800
5799
25467
5797
5796
5795
25466
5793
5792
5791
5790
5789
5788
5787
5786
5785
5784
5783
5782
5781
5780
5779
5778
5777
5776
5775
5774
5773
5772
5771
5770
5769
5768
5767
5766
5765
25465
5763
5762
5761
25464
25463
5758
25462
25461
5755
5754
5753
5752
5751
5750
5749
5748
5747
5746
5745
5744
5743
5742
5741
5740
5739
25460
5737
5736
5735
25459
5733
5732
5731
25458
5729
5728
5727
5726
5725
5724
5723
5722
5721
5720
5719
5718
5717
5716
5715
5714
5713
5712
25457
5710
5709
5708
5707
5706
5705
5704
5703
5702
5701
5700
5699
5698
5697
5696
5695
5694
5693
5692
5691
5690
5689
5688
5687
5686
5685
25456
5683
5682
5681
5680
5679
5678
5677
5676
5675
25455
5673
5672
5671
5670
25454
5668
25453
5666
5665
5664
5663
5662
25452
5660
25451
25450
5657
5656
5655
25449
25448
5652
5651
25447
5649
5648
5647
25446
25445
5644
25444
5642
5641
5640
5639
5638
5637
5636
5635
5634
5633
5632
5631
5630
5629
5628
5627
5626
5625
5624
5623
5622
5621
5620
5619
5618
5617
5616
5615
25443
5613
5612
5611
25442
25441
5608
25440
5606
5605
25438
5603
5602
5601
5600
5599
5598
25437
5596
5595
5594
5593
5592
5591
5590
5589
5588
5587
5586
5585
25436
5583
5582
5581
5580
5579
5578
5577
5576
5575
25435
5573
5572
5571
5570
5569
5568
5567
5566
5565
25434
5563
5562
5561
5560
5559
5558
5557
5556
5555
5554
5553
5552
5551
5550
25433
5548
5547
5546
5545
5544
5543
5542
25432
5540
25431
25430
25429
5536
5535
25428
25427
25426
25425
25424
25423
25422
25421
25420
5525
5524
25419
5522
25418
5520
5519
5518
5517
5516
5515
5514
5513
5512
5511
5510
5509
5508
5507
5506
5505
25417
5503
5502
5501
5500
5499
5498
5497
5496
5495
25416
5493
5492
5491
25415
5489
5488
5487
5486
5485
5484
5483
5482
5481
5480
5479
5478
5477
5476
5475
5474
5473
5472
5471
5470
5469
5468
5467
5466
5465
5464
5463
5462
5461
5460
5459
5458
25414
5456
5455
5454
5453
5452
5451
5450
5449
5448
5447
5446
5445
25413
5443
5442
5441
5440
5439
5438
5437
5436
5435
5434
5433
5432
5431
5430
25412
5428
5427
5426
5425
5424
5423
5422
25411
5420
25410
25409
25408
5416
5415
5414
25407
25406
25405
5410
5409
5408
5407
25404
5405
5404
5403
5402
5401
5400
5399
5398
25403
25402
5395
5394
5393
5392
25401
25400
25399
25398
25397
5386
25396
25395
25394
25393
25392
25391
25390
5378
25389
25388
25387
25386
25385
25383
25382
25381
25380
5368
5367
5366
5365
5364
5363
5362
5361
5360
5359
5358
25379
5356
5355
5354
5353
5352
5351
5350
5349
5348
5347
5346
5345
5344
5343
5342
5341
5340
5339
5338
5337
5336
5335
5334
5333
5332
5331
5330
5329
5328
25378
5326
5325
5324
5323
5322
25377
5320
5319
5318
5317
5316
5315
5314
25376
5312
5311
5310
5309
5308
5307
5306
5305
5304
5303
5302
5301
5300
5299
25375
25374
5296
5295
5294
5293
5292
25373
5290
5289
5288
5287
5286
5285
5284
25372
5282
5281
5280
5279
5278
5277
5276
5275
5274
5273
5272
5271
5270
5269
5268
5267
5266
5265
5264
5263
5262
5261
5260
5259
5258
5257
5256
5255
5254
5253
5252
5251
5250
5249
5248
5247
5246
5245
5244
5243
5242
5241
5240
5239
25371
5237
5236
5235
5234
5233
5232
25370
5230
5229
5228
5227
5226
5225
5224
5223
5222
5221
5220
25369
5218
5217
5216
5215
5214
5213
5212
5211
5210
5209
5208
5207
5206
5205
5204
5203
5202
5201
5200
5199
5198
5197
5196
5195
5194
5193
5192
5191
5190
5189
5188
5187
5186
5185
5184
5183
5182
5181
5180
5179
5178
5177
5176
5175
5174
5173
5172
5171
5170
5169
5168
5167
5166
5165
5164
5163
5162
5161
5160
5159
5158
5157
5156
5155
5154
5153
5152
5151
5150
5149
5148
5147
5146
5145
5144
5143
5142
5141
5140
5139
5138
5137
5136
5135
5134
5133
5132
5131
5130
5129
5128
5127
5126
5125
5124
5123
5122
5121
5120
5119
25368
5117
5116
5115
5114
25367
5112
25366
5110
5109
5108
5107
25365
5105
25364
5103
5102
5101
5100
25363
5098
5097
5096
5095
5094
5093
5092
25362
5090
5089
5088
5087
5086
5085
5084
5083
5082
5081
25361
5079
5078
5077
5076
25360
25359
5073
5072
5071
5070
25358
5068
5067
5066
5065
5064
5063
5062
5061
5060
25357
5058
5057
5056
25356
25355
25354
5052
25353
25352
5049
25351
5047
5046
5045
5044
5043
5042
5041
25350
5039
5038
5037
25349
5035
25348
5033
5032
5031
25347
5029
5028
5027
5026
5025
25346
5023
5022
5021
5020
5019
25345
5017
5016
5015
25344
5013
5012
5011
25343
5009
5008
5007
5006
5005
5004
5003
5002
5001
5000
4999
4998
4997
4996
4995
4994
4993
4992
4991
4990
4989
4988
4987
4986
4985
4984
4983
4982
4981
4980
4979
4978
4977
4976
4975
4974
4973
4972
4971
4970
4969
4968
4967
4966
4965
4964
4963
4962
4961
4960
4959
4958
4957
4956
4955
4954
4953
4952
4951
4950
4949
4948
4947
4946
4945
4944
4943
4942
4941
4940
25342
4938
25341
4936
4935
4934
4933
4932
25340
25338
4929
4928
4927
4926
4925
4924
25337
4922
4921
4920
4919
4918
4917
4916
4915
4914
4913
4912
4911
25336
4909
4908
4907
4906
4905
4904
4903
4902
4901
4900
4899
4898
4897
4896
4895
4894
4893
4892
4891
4890
4889
4888
4887
4886
4885
4884
4883
4882
4881
4880
4879
4878
4877
4876
4875
4874
4873
4872
4871
4870
4869
4868
4867
4866
4865
4864
4863
4862
4861
4860
4859
4858
25335
4856
4855
25334
4853
4852
4851
25333
4849
4848
4847
4846
4845
25332
4843
4842
4841
4840
4839
25331
4837
4836
4835
25330
4833
4832
4831
25329
4829
4828
4827
4826
4825
4824
4823
4822
4821
4820
4819
4818
4817
4816
4815
4814
4813
4812
4811
4810
4809
4808
4807
4806
4805
4804
4803
4802
4801
4800
4799
4798
4797
25328
4795
4794
4793
4792
4791
4790
4789
4788
4787
4786
4785
25327
4783
4782
4781
4780
4779
4778
4777
4776
4775
25326
4773
4772
4771
4770
4769
4768
4767
4766
4765
4764
4763
4762
4761
4760
4759
25325
25324
4756
4755
4754
25322
4752
4751
25321
4749
4748
4747
4746
4745
4744
4743
4742
4741
25320
4739
4738
4737
25318
4735
4734
4733
4732
4731
4730
4729
4728
4727
4726
4725
4724
4723
4722
4721
4720
4719
4718
4717
4716
4715
4714
4713
4712
4711
4710
4709
4708
25317
4706
4705
4704
4703
4702
4701
4700
4699
4698
25316
4696
4695
4694
4693
4692
4691
4690
25315
4688
4687
4686
4685
4684
4683
4682
4681
4680
4679
4678
25314
4676
4675
4674
4673
4672
4671
25313
4669
4668
4667
4666
4665
4664
4663
4662
4661
4660
4659
4658
4657
4656
4655
25312
4653
4652
4651
4650
4649
4648
4647
4646
4645
25311
4643
4642
4641
4640
25310
25308
25307
4636
4635
4634
25306
25305
4631
25304
25303
4628
4627
4626
4625
4624
25302
4622
25301
4620
4619
4618
25300
4616
4615
4614
4613
4612
4611
4610
4609
4608
4607
4606
4605
4604
4603
4602
4601
4600
4599
4598
4597
4596
4595
4594
4593
4592
4591
4590
4589
4588
4587
4586
4585
4584
4583
4582
4581
4580
4579
4578
4577
4576
4575
4574
4573
4572
4571
4570
4569
4568
4567
4566
4565
4564
4563
4562
4561
4560
4559
4558
4557
4556
4555
4554
4553
4552
4551
4550
4549
4548
4547
4546
4545
4544
4543
4542
4541
4540
4539
25299
4537
4536
4535
4534
4533
4532
4531
25298
4529
4528
4527
4526
4525
4524
4523
4522
4521
25297
25296
25295
25293
4516
4515
4514
25292
4512
25291
4510
4509
4508
4507
25290
4505
25289
25288
4502
4501
25287
4499
25286
25285
25284
4495
25283
4493
4492
25282
25281
25280
25279
25278
4486
25277
25276
25275
25274
25273
25272
25271
25270
25269
25268
25267
25266
25265
25264
25263
25262
4469
4468
4467
4466
4465
4464
4463
4462
4461
4460
4459
4458
4457
4456
4455
4454
4453
4452
4451
4450
4449
4448
4447
4446
4445
4444
4443
4442
4441
4440
4439
4438
4437
4436
4435
4434
4433
4432
4431
4430
4429
4428
4427
4426
4425
4424
4423
4422
4421
4420
4419
4418
4417
4416
4415
4414
4413
4412
4411
4410
4409
4408
4407
4406
4405
4404
4403
4402
4401
4400
4399
4398
4397
4396
4395
4394
4393
4392
4391
4390
4389
4388
4387
4386
4385
4384
4383
4382
4381
4380
4379
4378
4377
4376
4375
4374
4373
4372
4371
4370
4369
4368
4367
4366
4365
4364
4363
4362
4361
4360
4359
4358
4357
4356
4355
25261
4353
4352
4351
4350
25260
4348
4347
4346
4345
4344
4343
4342
4341
4340
4339
4338
4337
4336
4335
4334
4333
4332
4331
4330
4329
4328
4327
4326
4325
4324
4323
4322
4321
4320
4319
4318
4317
4316
4315
4314
4313
4312
4311
4310
4309
4308
4307
4306
4305
4304
4303
4302
4301
4300
4299
4298
4297
4296
4295
4294
4293
4292
4291
25258
25257
4288
4287
4286
4285
4284
4283
4282
4281
4280
4279
4278
4277
4276
4275
4274
4273
4272
4271
4270
4269
4268
4267
4266
4265
4264
4263
4262
4261
4260
25256
4258
4257
25255
4255
25254
4253
4252
4251
4250
4249
25253
25252
4246
4245
4244
25251
4242
4241
4240
4239
25250
4237
4236
4235
25249
4233
4232
4231
25248
25247
4228
4227
4226
4225
4224
4223
4222
4221
4220
25246
4218
25245
4216
4215
4214
25244
4212
4211
4210
4209
4208
4207
4206
25242
4204
4203
4202
4201
4200
25240
25239
4197
25238
4195
25237
4193
4192
4191
4190
25236
25235
25233
4186
4185
25232
25231
25230
25229
4180
25228
25227
25226
4176
25225
25224
4173
4172
4171
4170
25223
4168
25222
25221
4165
25220
4163
4162
25219
25218
25217
25216
4157
4156
25215
25214
25213
25212
25211
25210
4149
25209
25208
4146
25207
4144
25206
25205
4141
25204
25203
25202
25201
4136
4135
25200
4133
4132
25199
25198
25197
25196
25195
4126
25194
25193
25192
25191
25190
25189
4119
25188
25187
25186
25185
25184
25183
4112
25181
4110
4109
4108
4107
4106
4105
4104
4103
4102
4101
4100
4099
4098
4097
4096
4095
4094
4093
4092
4091
4090
4089
4088
4087
4086
4085
4084
4083
4082
4081
4080
4079
4078
4077
4076
4075
25180
4073
4072
4071
25179
25178
4068
25177
4066
4065
4064
4063
4062
4061
4060
4059
25176
4057
4056
4055
4054
4053
4052
4051
25175
4049
4048
4047
4046
4045
4044
4043
4042
4041
25174
4039
4038
4037
4036
25173
4034
4033
25172
25171
4030
4029
4028
4027
4026
4025
4024
4023
4022
4021
4020
25169
25168
25167
4016
4015
25166
4013
4012
4011
4010
25165
25164
25163
4006
25162
25161
25160
25159
25158
25157
3999
25156
25155
25154
25153
25152
25151
3992
25150
25149
25148
3988
25147
25146
3985
3984
3983
3982
3981
3980
25145
25144
25143
3976
3975
3974
3973
25142
25141
25140
3969
25139
25138
25137
25136
25135
3963
3962
25134
25133
25132
3958
3957
25131
3955
3954
3953
3952
25130
25129
25128
25127
25126
3946
3945
3944
3943
3942
25125
25124
3939
25123
3937
25122
3935
25121
25120
3932
25119
25118
3929
3928
3927
25117
3925
25116
3923
3922
25115
3920
25114
25113
25112
3916
3915
25111
25110
3912
25109
3910
25108
25107
3907
3906
3905
25106
3903
3902
3901
25105
25104
3898
3897
3896
3895
3894
3893
3892
3891
3890
3889
25103
25102
3886
3885
25101
25100
25099
25098
3880
3879
3878
3877
3876
25097
25096
25095
3872
3871
25094
3869
3868
3867
3866
3865
3864
3863
3862
3861
3860
3859
25093
3857
3856
3855
3854
3853
25092
3851
3850
3849
3848
3847
3846
3845
25091
25090
3842
3841
3840
3839
3838
25089
25088
3835
3834
3833
3832
3831
3830
3829
3828
3827
3826
3825
25087
3823
3822
25086
3820
25085
3818
3817
3816
3815
25084
3813
3812
3811
25083
25082
25081
3807
25080
3805
25079
3803
3802
3801
3800
25078
3798
3797
3796
3795
3794
25077
25076
3791
3790
25075
25074
3787
25073
3785
25072
3783
3782
3781
25071
3779
3778
3777
25070
3775
3774
3773
3772
3771
25069
25068
25067
25066
3766
3765
25065
3763
3762
3761
3760
3759
25064
3757
3756
3755
25063
3753
3752
3751
25062
3749
3748
3747
3746
25061
3744
3743
3742
25060
3740
3739
25059
25058
3736
3735
3734
25057
25056
25055
3730
3729
3728
3727
3726
3725
3724
25054
3722
3721
3720
25053
3718
25052
25051
3715
25050
3713
3712
25049
25048
25047
25046
25045
3706
25044
3704
25043
3702
25042
25041
3699
25040
3697
25039
3695
25038
25037
3692
25036
25035
3689
3688
3687
3686
3685
3684
3683
3682
3681
3680
3679
3678
3677
3676
3675
3674
3673
3672
3671
3670
3669
25034
3667
3666
3665
3664
3663
3662
3661
3660
25033
3658
25032
3656
3655
3654
3653
3652
3651
3650
3649
3648
25031
3646
3645
25030
3643
3642
25029
3640
25028
25027
3637
3636
3635
3634
3633
3632
3631
25026
25025
3628
3627
3626
3625
3624
3623
3622
3621
25024
3619
3618
25023
3616
3615
3614
3613
3612
3611
25022
3609
3608
3607
3606
25021
3604
3603
3602
3601
3600
3599
25020
25019
25018
3595
25017
3593
3592
25016
25015
25014
25013
25012
3586
25011
25010
25009
25008
25007
25006
25005
25004
25003
25002
25001
25000
24999
24998
24997
24996
3569
3568
3567
3566
3565
3564
3563
3562
3561
3560
3559
3558
24995
3556
3555
3554
3553
3552
3551
3550
3549
3548
3547
3546
3545
3544
3543
3542
24994
3540
24993
3538
3537
3536
3535
3534
3533
3532
24992
3530
24991
3528
24990
3526
3525
3524
3523
24989
3521
3520
3519
3518
3517
3516
3515
3514
24988
3512
24987
3510
3509
3508
3507
3506
3505
3504
3503
3502
3501
3500
3499
24986
24985
3496
3495
3494
3493
3492
3491
3490
3489
3488
3487
24984
3485
3484
24983
3482
3481
24982
3479
3478
3477
3476
3475
3474
3473
3472
3471
3470
3469
3468
3467
3466
3465
3464
3463
3462
3461
3460
3459
3458
3457
3456
3455
3454
3453
3452
3451
3450
24981
3448
3447
3446
3445
3444
3443
3442
3441
3440
3439
24980
24979
3436
24978
3434
24977
3432
3431
3430
3429
3428
3427
24976
3425
3424
24975
3422
24974
3420
3419
3418
3417
3416
3415
3414
3413
3412
3411
3410
3409
3408
3407
3406
3405
3404
3403
3402
3401
3400
3399
3398
3397
3396
3395
3394
3393
3392
3391
3390
3389
3388
3387
3386
3385
3384
3383
3382
3381
3380
3379
3378
3377
3376
3375
3374
3373
3372
3371
3370
3369
3368
3367
3366
3365
3364
3363
3362
3361
3360
3359
3358
3357
24973
3355
3354
3353
3352
3351
24972
3349
24971
3347
3346
3345
24970
3343
3342
3341
3340
3339
24969
3337
3336
3335
24968
3333
3332
3331
3330
24967
3328
3327
3326
3325
3324
3323
3322
3321
3320
3319
24966
24965
3316
3315
3314
24964
24963
3311
24962
3309
3308
3307
24961
3305
24960
3303
3302
3301
24958
24957
3298
3297
3296
3295
3294
3293
3292
24956
24955
3289
24954
24953
3286
24952
3284
3283
3282
24951
3280
24950
24949
3277
3276
3275
24946
3273
3272
3271
24945
24944
3268
3267
3266
3265
3264
3263
3262
24942
3260
24940
24939
3257
3256
24938
24936
3253
3252
24935
24933
24932
24931
24930
24929
24928
24927
3243
3242
3241
24926
3239
3238
24925
3236
3235
24924
3233
3232
3231
24923
3229
3228
3227
3226
3225
24922
3223
3222
3221
3220
3219
24921
3217
3216
3215
24920
3213
3212
3211
24919
3209
3208
3207
3206
3205
3204
3203
3202
3201
3200
3199
3198
3197
3196
3195
3194
3193
3192
3191
3190
3189
3188
3187
3186
3185
3184
3183
3182
3181
3180
3179
3178
3177
3176
3175
24918
3173
3172
3171
3170
3169
3168
24917
3166
3165
3164
3163
3162
3161
3160
3159
3158
3157
3156
3155
24916
3153
3152
3151
24915
3149
3148
3147
3146
3145
3144
3143
3142
24914
3140
3139
3138
3137
3136
24913
3134
24912
24911
3131
24910
3129
3128
3127
24909
3125
24908
3123
3122
24907
3120
3119
3118
3117
3116
3115
3114
3113
3112
3111
24906
3109
3108
3107
3106
3105
3104
3103
3102
3101
3100
3099
24905
3097
3096
3095
24904
3093
3092
3091
3090
3089
3088
3087
3086
3085
24903
3083
3082
3081
3080
3079
3078
3077
3076
3075
3074
3073
3072
3071
3070
3069
24902
3067
3066
3065
24901
3063
3062
3061
3060
3059
3058
24900
24899
3055
3054
3053
3052
3051
3050
3049
3048
3047
3046
3045
24898
3043
3042
3041
3040
3039
24897
3037
3036
3035
24896
3033
3032
3031
24895
3029
3028
3027
3026
3025
3024
3023
3022
3021
3020
3019
3018
3017
3016
3015
24894
3013
3012
24893
3010
24892
24891
3007
3006
3005
3004
3003
3002
3001
24890
2999
2998
24889
24888
2995
2994
2993
2992
2991
2990
2989
2988
2987
2986
2985
2984
2983
2982
2981
2980
2979
2978
2977
2976
2975
24887
2973
2972
2971
24886
24885
2968
2967
2966
2965
2964
2963
2962
24884
24883
24882
24881
24880
2956
2955
24879
24878
24877
24876
24875
2949
2948
2947
24873
24872
24871
2943
2942
2941
24870
2939
2938
2937
2936
2935
2934
2933
2932
2931
24868
2929
2928
2927
2926
2925
24867
2923
2922
2921
2920
2919
2918
2917
2916
2915
24866
2913
2912
2911
24865
2909
2908
24864
2906
2905
2904
2903
2902
2901
24863
2899
2898
24862
2896
2895
2894
2893
2892
2891
2890
24861
24860
2887
2886
2885
2884
2883
2882
2881
24857
2879
2878
2877
24856
2875
2874
2873
2872
2871
24855
2869
2868
2867
2866
2865
24854
2863
2862
24853
2860
2859
24852
2857
2856
2855
2854
2853
2852
2851
24851
24850
2848
2847
2846
2845
2844
2843
2842
24849
2840
24847
24846
24845
2836
24843
24842
24841
24840
24838
2830
24837
24836
24835
2826
24834
24833
24832
2822
24831
2820
2819
2818
24830
2816
2815
2814
2813
2812
2811
2810
2809
2808
24826
2806
2805
24825
2803
2802
2801
2800
2799
2798
2797
2796
2795
24824
2793
2792
2791
24822
2789
2788
2787
2786
2785
2784
2783
2782
2781
2780
2779
2778
2777
2776
2775
2774
2773
2772
2771
2770
2769
2768
2767
2766
2765
2764
2763
2762
2761
2760
2759
2758
2757
24821
2755
24819
2753
2752
2751
2750
2749
2748
24818
2746
2745
2744
2743
2742
24817
2740
2739
24815
2737
2736
2735
24812
2733
2732
2731
24811
24810
2728
2727
2726
2725
2724
2723
2722
2721
2720
24809
24808
24807
2716
2715
2714
24806
24805
2711
2710
2709
2708
2707
24804
2705
2704
2703
2702
2701
24803
2699
2698
2697
2696
2695
2694
2693
2692
2691
2690
2689
2688
2687
2686
2685
2684
2683
2682
2681
2680
2679
2678
2677
2676
2675
2674
2673
2672
2671
2670
2669
2668
2667
2666
2665
2664
2663
2662
2661
2660
2659
2658
2657
2656
2655
2654
2653
2652
2651
2650
2649
2648
2647
2646
2645
2644
2643
2642
2641
2640
2639
2638
2637
2636
2635
2634
2633
2632
2631
2630
2629
2628
2627
2626
2625
2624
2623
2622
2621
2620
2619
2618
2617
2616
2615
2614
2613
2612
2611
2610
2609
2608
2607
2606
2605
2604
2603
2602
2601
2600
2599
24802
2597
2596
2595
2594
2593
2592
2591
2590
2589
2588
2587
2586
2585
2584
2583
2582
2581
2580
2579
2578
2577
2576
2575
2574
2573
2572
2571
2570
2569
2568
2567
2566
2565
2564
2563
2562
2561
2560
2559
2558
2557
2556
2555
2554
2553
2552
2551
2550
2549
2548
2547
2546
2545
2544
2543
2542
2541
2540
2539
2538
2537
2536
2535
2534
2533
2532
2531
24801
2529
2528
2527
2526
2525
2524
2523
2522
2521
2520
2519
2518
2517
2516
2515
2514
2513
2512
2511
2510
2509
2508
2507
2506
2505
2504
2503
2502
2501
2500
2499
2498
2497
2496
2495
2494
2493
2492
2491
2490
2489
2488
2487
2486
2485
2484
2483
2482
2481
2480
2479
2478
2477
2476
2475
2474
2473
2472
2471
2470
2469
2468
2467
2466
2465
2464
2463
2462
2461
2460
2459
2458
2457
2456
2455
2454
2453
2452
2451
2450
2449
2448
2447
2446
2445
2444
2443
2442
2441
2440
2439
2438
2437
2436
2435
2434
2433
2432
2431
2430
2429
2428
2427
2426
2425
2424
2423
2422
2421
2420
24800
2418
2417
2416
2415
2414
2413
2412
2411
2410
2409
2408
2407
2406
2405
2404
2403
2402
2401
2400
2399
2398
2397
2396
2395
2394
2393
2392
2391
2390
2389
2388
2387
2386
2385
2384
2383
2382
2381
2380
2379
2378
2377
2376
2375
2374
2373
2372
2371
24799
2369
2368
2367
2366
2365
2364
2363
2362
2361
2360
2359
2358
2357
2356
2355
2354
2353
2352
2351
2350
2349
2348
2347
2346
2345
2344
2343
2342
2341
2340
2339
2338
2337
2336
2335
2334
2333
2332
2331
2330
2329
2328
2327
2326
2325
24798
2323
2322
2321
2320
2319
2318
2317
2316
2315
2314
2313
2312
2311
2310
2309
2308
2307
2306
2305
2304
2303
2302
2301
2300
2299
2298
2297
2296
2295
2294
2293
2292
2291
2290
2289
2288
2287
2286
2285
2284
2283
2282
2281
2280
2279
2278
2277
2276
2275
2274
2273
2272
2271
2270
2269
2268
2267
2266
2265
2264
2263
2262
2261
2260
2259
2258
2257
2256
2255
2254
2253
2252
2251
2250
2249
2248
2247
2246
2245
2244
2243
2242
2241
2240
2239
2238
24797
2236
2235
2234
24796
2232
2231
2230
2229
2228
2227
2226
2225
2224
2223
24795
2221
24794
2219
2218
2217
2216
2215
2214
2213
2212
2211
2210
2209
2208
2207
2206
2205
2204
2203
2202
2201
2200
2199
2198
2197
2196
2195
2194
2193
2192
2191
2190
2189
2188
2187
2186
2185
2184
2183
2182
2181
2180
2179
2178
2177
2176
2175
2174
2173
2172
2171
2170
2169
2168
2167
2166
2165
2164
2163
2162
2161
2160
2159
2158
2157
2156
2155
2154
2153
2152
2151
2150
2149
2148
2147
2146
2145
2144
2143
2142
2141
2140
2139
2138
2137
2136
2135
2134
2133
2132
2131
2130
2129
2128
2127
2126
2125
2124
2123
2122
2121
2120
2119
2118
2117
2116
2115
2114
2113
2112
2111
2110
2109
2108
24793
2106
2105
2104
2103
2102
2101
2100
2099
2098
2097
2096
2095
2094
2093
2092
2091
2090
2089
2088
2087
2086
2085
2084
2083
2082
2081
2080
2079
2078
2077
2076
2075
2074
2073
2072
2071
2070
2069
2068
2067
2066
24792
2064
2063
2062
2061
2060
24791
2058
24790
2056
24789
24788
2053
2052
2051
2050
2049
2048
2047
2046
2045
2044
2043
2042
2041
24787
2039
2038
2037
2036
2035
2034
2033
2032
2031
24786
2029
2028
24785
2026
2025
24784
2023
2022
24783
2020
2019
24782
2017
2016
2015
24781
2013
2012
2011
24780
24779
2008
2007
2006
2005
2004
2003
2002
2001
2000
1999
1998
1997
1996
1995
1994
1993
1992
1991
1990
1989
1988
1987
1986
1985
1984
1983
1982
1981
1980
1979
1978
1977
1976
1975
1974
1973
1972
1971
1970
1969
1968
1967
1966
1965
1964
1963
1962
1961
1960
1959
1958
1957
1956
1955
1954
1953
1952
1951
1950
24778
1948
1947
1946
1945
1944
1943
1942
1941
1940
1939
1938
24777
1936
24776
24775
24774
1932
24773
1930
1929
1928
1927
1926
1925
1924
1923
1922
1921
1920
1919
1918
1917
1916
1915
1914
1913
1912
1911
1910
1909
1908
1907
1906
1905
1904
1903
1902
1901
1900
1899
1898
1897
1896
1895
1894
1893
1892
1891
1890
1889
1888
1887
1886
1885
1884
1883
1882
1881
1880
1879
1878
1877
1876
1875
24772
1873
1872
1871
1870
1869
1868
1867
1866
1865
1864
1863
1862
1861
1860
1859
1858
1857
1856
1855
1854
1853
1852
1851
1850
1849
1848
1847
1846
1845
1844
1843
1842
1841
1840
1839
1838
1837
1836
1835
1834
1833
1832
1831
1830
1829
1828
1827
1826
1825
1824
1823
1822
1821
1820
1819
1818
1817
1816
1815
1814
1813
24771
1811
1810
1809
1808
1807
1806
1805
1804
1803
1802
1801
1800
1799
1798
1797
1796
1795
1794
1793
1792
1791
1790
1789
24770
1787
1786
1785
24769
1783
24768
1781
1780
1779
24767
1777
1776
24766
24765
1773
1772
24764
1770
1769
1768
1767
1766
1765
1764
1763
1762
1761
1760
1759
1758
1757
1756
1755
1754
24763
1752
24762
1750
1749
1748
1747
1746
1745
1744
24761
1742
1741
1740
1739
1738
1737
1736
1735
1734
1733
1732
1731
1730
1729
24760
24759
1726
1725
1724
24758
1722
24757
1720
24756
1718
1717
24755
1715
1714
24754
1712
1711
1710
1709
1708
1707
1706
1705
1704
1703
1702
1701
1700
1699
1698
24753
1696
1695
1694
24752
1692
1691
24751
1689
1688
1687
24750
1685
1684
1683
1682
1681
1680
1679
1678
1677
1676
1675
1674
1673
1672
1671
1670
1669
1668
1667
1666
1665
1664
1663
1662
1661
1660
1659
1658
1657
1656
1655
1654
1653
1652
1651
1650
24749
1648
1647
1646
1645
1644
1643
1642
1641
1640
1639
1638
24748
1636
1635
1634
1633
1632
24747
1630
1629
1628
1627
24746
1625
24745
24744
1622
1621
24743
1619
1618
1617
1616
1615
1614
1613
1612
1611
1610
1609
1608
1607
1606
1605
1604
1603
1602
1601
1600
1599
1598
1597
1596
1595
1594
1593
1592
1591
1590
1589
1588
1587
1586
1585
1584
1583
1582
1581
1580
1579
1578
1577
1576
1575
1574
1573
1572
1571
1570
1569
1568
1567
1566
1565
1564
1563
1562
1561
1560
1559
1558
1557
1556
1555
1554
1553
1552
1551
1550
1549
1548
1547
1546
1545
1544
1543
1542
1541
1540
1539
24742
1537
1536
1535
1534
1533
1532
1531
1530
1529
1528
1527
1526
1525
1524
1523
1522
1521
1520
24741
1518
24740
1516
24739
1514
1513
1512
24738
1510
1509
1508
1507
1506
1505
1504
24737
24736
1501
1500
24735
1498
1497
1496
1495
1494
1493
1492
1491
1490
1489
1488
1487
1486
1485
1484
1483
1482
1481
1480
1479
1478
24734
1476
1475
24733
1473
1472
1471
1470
1469
1468
1467
1466
1465
1464
1463
1462
1461
1460
1459
1458
1457
1456
1455
1454
1453
1452
1451
24732
1449
1448
1447
1446
24731
1444
1443
1442
1441
1440
1439
1438
24730
24729
1435
24728
1433
1432
1431
24727
1429
1428
1427
1426
1425
24726
1423
1422
1421
1420
1419
24725
1417
1416
1415
24724
1413
1412
1411
24723
1409
1408
1407
1406
1405
1404
1403
1402
1401
1400
1399
1398
1397
1396
1395
1394
1393
1392
1391
1390
1389
1388
1387
1386
1385
1384
1383
1382
1381
1380
1379
1378
1377
1376
1375
1374
1373
1372
1371
1370
1369
1368
1367
1366
1365
1364
1363
1362
1361
1360
1359
1358
1357
1356
1355
1354
1353
1352
1351
1350
24722
1348
24721
1346
1345
1344
1343
1342
1341
1340
24720
1338
24718
1336
1335
1334
24717
24716
24715
1330
1329
1328
1327
24714
1325
24713
24712
1322
1321
1320
1319
1318
1317
1316
1315
1314
1313
1312
1311
1310
1309
1308
1307
1306
1305
1304
1303
1302
1301
1300
1299
1298
1297
1296
1295
24711
1293
1292
1291
1290
1289
1288
1287
1286
1285
1284
1283
1282
1281
1280
1279
1278
1277
1276
1275
1274
1273
1272
1271
1270
1269
1268
1267
1266
1265
1264
1263
1262
1261
1260
1259
1258
24710
1256
1255
1254
1253
1252
1251
24709
1249
1248
1247
1246
1245
24707
1243
1242
1241
1240
1239
24706
1237
1236
1235
24705
1233
1232
1231
24704
1229
1228
1227
1226
1225
1224
1223
1222
1221
1220
1219
1218
1217
1216
1215
1214
1213
1212
1211
1210
1209
1208
1207
1206
1205
1204
1203
1202
1201
1200
1199
1198
1197
1196
1195
1194
1193
1192
1191
1190
1189
1188
1187
1186
1185
1184
1183
1182
1181
1180
1179
1178
1177
1176
1175
24702
1173
1172
1171
1170
24701
1168
1167
1166
24700
1164
1163
1162
1161
1160
24699
24698
1157
1156
1155
24697
24696
1152
24695
1150
1149
1148
1147
24692
1145
24691
1143
1142
24690
1140
1139
1138
1137
1136
1135
1134
1133
1132
1131
1130
1129
1128
1127
1126
1125
1124
1123
1122
1121
1120
1119
1118
1117
1116
1115
1114
1113
1112
1111
1110
1109
1108
1107
1106
1105
1104
1103
1102
1101
1100
1099
1098
1097
1096
1095
1094
1093
1092
1091
1090
1089
1088
1087
1086
1085
1084
1083
1082
1081
1080
1079
1078
1077
1076
1075
1074
1073
1072
1071
1070
1069
1068
1067
1066
1065
1064
1063
1062
1061
1060
1059
1058
1057
1056
1055
1054
1053
1052
1051
1050
24688
1048
1047
1046
1045
1044
1043
1042
24687
24686
24685
24684
24683
1036
1035
1034
24682
24681
24680
24678
24676
1028
24675
24674
24673
1024
24671
1022
24670
1020
1019
1018
1017
1016
1015
1014
1013
1012
1011
1010
1009
1008
1007
1006
1005
1004
1003
1002
1001
1000
999
998
997
996
995
24669
993
992
991
990
989
988
987
986
985
984
983
982
981
980
979
978
977
976
975
974
973
972
971
970
969
968
967
966
965
964
963
962
961
960
959
958
957
956
955
954
953
952
951
950
949
948
947
946
945
944
943
942
941
940
939
24668
937
936
935
24667
933
932
931
930
929
928
927
926
925
924
923
922
921
24666
24665
918
24664
916
915
914
24663
912
24662
24661
909
908
907
24660
905
904
24659
902
24658
24657
899
898
24656
24655
895
894
893
892
24654
24653
24652
24650
24648
886
885
24647
24646
24645
24644
24643
24642
24640
24639
24638
24637
24635
24633
872
24632
24631
869
868
867
866
865
864
863
862
861
860
859
858
857
856
855
854
853
852
851
850
849
848
847
846
845
844
843
842
841
840
839
838
837
836
835
834
833
832
831
830
829
828
827
826
825
824
823
822
821
820
819
818
817
816
815
814
813
812
811
810
809
808
807
806
805
804
803
802
801
800
799
798
797
796
795
794
793
792
791
790
789
788
787
786
785
784
783
782
781
780
779
778
777
776
775
774
773
772
771
770
769
768
767
766
765
764
763
762
761
760
759
24630
757
756
755
754
753
752
751
24629
749
748
747
746
745
744
743
742
741
740
739
24628
737
736
735
24627
733
732
731
730
729
728
727
726
725
24626
723
722
721
720
719
718
717
716
715
714
713
712
711
710
709
708
707
706
705
704
703
702
701
700
699
698
697
696
695
24625
693
692
691
690
689
688
687
686
685
684
683
682
681
680
679
678
677
676
675
674
673
672
671
670
669
668
667
666
665
664
663
662
661
660
24624
658
657
24623
655
654
653
652
651
650
24622
24621
647
646
645
644
24620
642
641
640
639
24619
637
636
635
24618
24617
632
631
630
24616
628
627
626
625
624
623
622
621
620
619
618
24615
616
615
614
24613
612
24612
610
609
608
607
24611
605
24610
24609
602
601
600
24608
598
597
596
595
594
593
592
591
24607
24606
24605
24604
586
585
24602
583
582
581
580
579
24601
24600
576
575
24599
573
572
571
24598
24597
568
567
566
565
24596
563
562
561
24595
24594
24593
557
556
555
554
553
24592
551
24591
549
24590
547
546
545
544
543
542
541
24587
24586
538
537
536
24585
534
533
24584
24583
530
24582
24580
24579
526
24578
24576
24575
24572
24571
24570
519
24568
24567
516
515
24566
24565
512
24564
24563
509
508
507
506
505
504
503
502
501
500
499
498
497
496
495
24562
493
492
491
490
489
488
487
486
485
484
483
482
481
480
24561
478
477
476
475
474
473
472
471
24560
469
468
467
466
24557
24556
463
462
24555
460
459
24554
24553
456
455
24552
453
452
451
450
449
448
447
446
445
444
443
442
441
440
439
24550
437
436
435
434
433
432
431
430
429
428
427
426
425
424
423
422
421
420
24549
418
417
416
415
24548
413
412
24547
24546
24545
24543
24542
406
405
24541
24540
24539
24538
24537
399
24536
24535
24534
24533
24532
24531
24530
391
24529
24528
24527
24526
24525
385
384
383
382
24524
24523
24522
378
24521
376
24520
374
373
24519
24518
370
369
24517
24516
366
24515
24514
24513
362
361
24512
24511
358
357
24510
355
354
353
352
24509
24508
24507
24506
347
346
345
24505
24504
24503
24502
24501
339
24500
24497
24496
24495
24494
24493
332
24492
24490
24489
328
327
326
325
324
323
322
321
24488
24487
318
24486
316
315
314
24485
312
24483
24482
24481
24480
307
306
305
24479
24478
302
301
300
24477
298
297
296
295
294
293
292
291
290
289
288
287
286
285
284
283
282
281
280
279
278
277
276
275
24476
273
272
271
24475
269
268
267
266
265
264
263
262
24474
260
259
24473
24472
256
255
254
24471
24470
251
250
249
248
247
246
245
244
243
242
241
240
239
238
237
236
235
234
233
232
24469
230
229
228
24468
226
225
224
223
222
221
220
219
218
217
216
215
214
213
212
211
210
24467
208
207
206
205
204
203
202
24466
24465
24464
24463
24462
196
195
24461
24460
192
24459
190
189
24458
24457
186
24456
24455
24454
182
24453
24452
24451
178
177
176
175
174
173
172
24450
170
24449
24448
24447
166
165
164
163
24446
24445
24444
159
24443
157
24442
24441
24440
24438
152
24436
150
24435
148
147
146
145
144
143
142
141
140
24434
138
24432
136
135
134
24431
132
24430
130
129
128
127
126
125
124
24429
122
121
120
24428
118
24427
116
115
114
113
112
24426
110
24425
24424
107
106
24423
24422
103
24421
24420
100
99
24418
24417
24416
24415
24414
93
92
91
24413
89
88
87
86
85
84
83
82
81
80
24412
78
24410
76
75
24407
73
72
71
70
69
68
24406
66
65
24405
24404
30
24403
28
27
26
25
24
23
22
24402
20
19
24401
24399
24397
15
14
24395
12
24392
24391
24390
8
24389
24388
24387
24386
24385
2
24384
24383
26975
26974
26973
26972
26971
26970
26969
26968
26967
26966
26965
26964
26963
26962
26961
26960
26959
24382
24381
26956
26955
26954
24380
26952
26951
26950
26949
26948
26947
26946
26945
26998
